/*******************************************************************************
 * Size: 72 px
 * Bpp: 1
 * Opts: --bpp 1 --size 72 --font /Users/sriramshashank/Desktop/Squareline_studio_project/assets/Rajdhani-Bold.ttf -o /Users/sriramshashank/Desktop/Squareline_studio_project/assets/ui_font_rajdhani.c --format lvgl -r 0x20-0x7f --no-compress --no-prefilter
 ******************************************************************************/

#include "ui.h"

#ifndef UI_FONT_RAJDHANI
#define UI_FONT_RAJDHANI 1
#endif

#if UI_FONT_RAJDHANI

/*-----------------
 *    BITMAPS
 *----------------*/

/*Store the image of the glyphs*/
static LV_ATTRIBUTE_LARGE_CONST const uint8_t glyph_bitmap[] = {
    /* U+0020 " " */
    0x0,

    /* U+0021 "!" */
    0xff, 0xff, 0xff, 0xff, 0xff, 0xff, 0xff, 0xff,
    0xff, 0xff, 0xff, 0xff, 0xff, 0xff, 0xff, 0xff,
    0xff, 0xff, 0xff, 0xff, 0xff, 0xff, 0xff, 0xff,
    0xff, 0xff, 0xff, 0xe7, 0xf9, 0xfe, 0x7f, 0x9f,
    0xe7, 0xf9, 0xfe, 0x7f, 0x8f, 0xc0, 0x0, 0x0,
    0x0, 0x0, 0x0, 0x1, 0xff, 0x7f, 0xdf, 0xf7,
    0xfd, 0xff, 0x7f, 0xdf, 0xf7, 0xfd, 0xff, 0x7f,
    0xdf, 0xf7, 0xfc,

    /* U+0022 "\"" */
    0x7f, 0x87, 0xfb, 0xfc, 0x3f, 0xdf, 0xe1, 0xfe,
    0xfe, 0xf, 0xe7, 0xf0, 0x7f, 0x3f, 0x83, 0xf9,
    0xfc, 0x1f, 0xc7, 0xe0, 0x7e, 0x3f, 0x3, 0xf1,
    0xf8, 0x1f, 0x8f, 0x80, 0xf8, 0x7c, 0x7, 0xc3,
    0xe0, 0x3e, 0x1f, 0x1, 0xf0, 0x78, 0x7, 0x83,
    0x80, 0x38,

    /* U+0023 "#" */
    0x0, 0x0, 0xfe, 0x0, 0xfe, 0x0, 0x0, 0x3f,
    0xc0, 0x3f, 0xc0, 0x0, 0x7, 0xf8, 0x7, 0xf8,
    0x0, 0x0, 0xff, 0x0, 0xfe, 0x0, 0x0, 0x1f,
    0xc0, 0x1f, 0xc0, 0x0, 0x7, 0xf8, 0x7, 0xf8,
    0x0, 0x0, 0xff, 0x0, 0xff, 0x0, 0x0, 0x1f,
    0xe0, 0x1f, 0xc0, 0x0, 0x3, 0xf8, 0x3, 0xf8,
    0x0, 0x0, 0xff, 0x0, 0xff, 0x0, 0x7f, 0xff,
    0xff, 0xff, 0xff, 0x8f, 0xff, 0xff, 0xff, 0xff,
    0xf1, 0xff, 0xff, 0xff, 0xff, 0xfe, 0x3f, 0xff,
    0xff, 0xff, 0xff, 0xc7, 0xff, 0xff, 0xff, 0xff,
    0xf8, 0xff, 0xff, 0xff, 0xff, 0xff, 0x1f, 0xff,
    0xff, 0xff, 0xff, 0xe3, 0xff, 0xff, 0xff, 0xff,
    0xfc, 0x0, 0x7f, 0x80, 0x7f, 0x80, 0x0, 0xf,
    0xf0, 0xf, 0xf0, 0x0, 0x1, 0xfc, 0x1, 0xfc,
    0x0, 0x0, 0x3f, 0x80, 0x7f, 0x80, 0x0, 0xf,
    0xf0, 0xf, 0xf0, 0x0, 0x1, 0xfe, 0x1, 0xfe,
    0x0, 0x0, 0x3f, 0x80, 0x3f, 0x80, 0x0, 0x7,
    0xf0, 0xf, 0xf0, 0x0, 0x1, 0xfe, 0x1, 0xfe,
    0x0, 0x0, 0x3f, 0xc0, 0x3f, 0x80, 0x0, 0x7,
    0xf0, 0x7, 0xf0, 0x1, 0xff, 0xff, 0xff, 0xff,
    0xfe, 0x3f, 0xff, 0xff, 0xff, 0xff, 0xc7, 0xff,
    0xff, 0xff, 0xff, 0xf8, 0xff, 0xff, 0xff, 0xff,
    0xff, 0x1f, 0xff, 0xff, 0xff, 0xff, 0xe3, 0xff,
    0xff, 0xff, 0xff, 0xfc, 0x7f, 0xff, 0xff, 0xff,
    0xff, 0x8f, 0xff, 0xff, 0xff, 0xff, 0xf0, 0x3,
    0xf8, 0x3, 0xf8, 0x0, 0x0, 0xff, 0x0, 0xff,
    0x0, 0x0, 0x1f, 0xe0, 0x1f, 0xe0, 0x0, 0x3,
    0xfc, 0x3, 0xf8, 0x0, 0x0, 0x7f, 0x0, 0x7f,
    0x0, 0x0, 0x1f, 0xe0, 0x1f, 0xe0, 0x0, 0x3,
    0xfc, 0x3, 0xfc, 0x0, 0x0, 0x7f, 0x80, 0x7f,
    0x0, 0x0, 0xf, 0xe0, 0xf, 0xe0, 0x0, 0x1,
    0xfc, 0x1, 0xfc, 0x0, 0x0,

    /* U+0024 "$" */
    0x0, 0xf, 0xe0, 0x0, 0x0, 0x1f, 0xc0, 0x0,
    0x0, 0x3f, 0x80, 0x0, 0x0, 0x7f, 0x0, 0x0,
    0x0, 0xfe, 0x0, 0x0, 0x1, 0xfc, 0x0, 0x0,
    0x3, 0xf8, 0x0, 0x0, 0x7f, 0xff, 0x0, 0x7,
    0xff, 0xff, 0xc0, 0x1f, 0xff, 0xff, 0xc0, 0x7f,
    0xff, 0xff, 0xc1, 0xff, 0xff, 0xff, 0xc7, 0xff,
    0xff, 0xff, 0xcf, 0xff, 0xff, 0xff, 0x9f, 0xff,
    0xff, 0xff, 0x7f, 0xf0, 0x7, 0xff, 0xff, 0xc0,
    0x7, 0xff, 0xff, 0x0, 0x7, 0xff, 0xfe, 0x0,
    0xf, 0xff, 0xfc, 0x0, 0x1f, 0xff, 0xf8, 0x0,
    0x3f, 0xff, 0xf0, 0x0, 0x7f, 0xff, 0xe0, 0x0,
    0x0, 0x7f, 0xc0, 0x0, 0x0, 0xff, 0xc0, 0x0,
    0x1, 0xff, 0xe0, 0x0, 0x3, 0xff, 0xff, 0x80,
    0x3, 0xff, 0xff, 0xf8, 0x7, 0xff, 0xff, 0xfc,
    0x7, 0xff, 0xff, 0xfe, 0xf, 0xff, 0xff, 0xfe,
    0xf, 0xff, 0xff, 0xfc, 0x7, 0xff, 0xff, 0xfc,
    0x3, 0xff, 0xff, 0xf8, 0x0, 0x7f, 0xff, 0xf0,
    0x0, 0x1, 0xff, 0xf0, 0x0, 0x0, 0xff, 0xe0,
    0x0, 0x0, 0xff, 0xc0, 0x0, 0x0, 0xff, 0xff,
    0xc0, 0x1, 0xff, 0xff, 0x80, 0x3, 0xff, 0xff,
    0x0, 0x7, 0xff, 0xfe, 0x0, 0xf, 0xff, 0xfc,
    0x0, 0x1f, 0xff, 0xfc, 0x0, 0x7f, 0xff, 0xfc,
    0x1, 0xff, 0xdf, 0xff, 0xff, 0xff, 0x3f, 0xff,
    0xff, 0xfe, 0x7f, 0xff, 0xff, 0xfc, 0x7f, 0xff,
    0xff, 0xf0, 0x7f, 0xff, 0xff, 0xc0, 0x7f, 0xff,
    0xff, 0x0, 0x7f, 0xff, 0xfc, 0x0, 0x3f, 0xff,
    0xc0, 0x0, 0x3, 0xf8, 0x0, 0x0, 0x7, 0xf0,
    0x0, 0x0, 0xf, 0xe0, 0x0, 0x0, 0x1f, 0xc0,
    0x0, 0x0, 0x3f, 0x80, 0x0, 0x0, 0x7f, 0x0,
    0x0, 0x0, 0xfe, 0x0, 0x0,

    /* U+0025 "%" */
    0xf, 0xfe, 0x0, 0xf, 0xe0, 0x0, 0xff, 0xfe,
    0x0, 0x3f, 0x80, 0x7, 0xff, 0xfc, 0x1, 0xfc,
    0x0, 0x1f, 0xff, 0xf0, 0x7, 0xf0, 0x0, 0xff,
    0xff, 0xe0, 0x1f, 0x80, 0x3, 0xf8, 0x3f, 0x80,
    0xfe, 0x0, 0xf, 0xc0, 0x7e, 0x3, 0xf8, 0x0,
    0x3f, 0x1, 0xf8, 0x1f, 0xc0, 0x0, 0xfc, 0x7,
    0xe0, 0x7f, 0x0, 0x3, 0xf0, 0x1f, 0x81, 0xfc,
    0x0, 0xf, 0xc0, 0x7e, 0xf, 0xe0, 0x0, 0x3f,
    0x1, 0xf8, 0x3f, 0x80, 0x0, 0xfc, 0x7, 0xe0,
    0xfc, 0x0, 0x3, 0xf0, 0x1f, 0x87, 0xf0, 0x0,
    0xf, 0xc0, 0x7e, 0x1f, 0xc0, 0x0, 0x3f, 0x1,
    0xf8, 0xfe, 0x0, 0x0, 0xfe, 0xf, 0xe3, 0xf8,
    0x0, 0x3, 0xff, 0xff, 0x8f, 0xc0, 0x0, 0x7,
    0xff, 0xfc, 0x7f, 0x0, 0x0, 0x1f, 0xff, 0xf1,
    0xfc, 0x0, 0x0, 0x3f, 0xff, 0x8f, 0xe0, 0x0,
    0x0, 0x3f, 0xf8, 0x3f, 0x80, 0x0, 0x0, 0x0,
    0x0, 0xfc, 0x0, 0x0, 0x0, 0x0, 0x7, 0xf0,
    0x0, 0x0, 0x0, 0x0, 0x1f, 0xc0, 0x0, 0x0,
    0x0, 0x0, 0xfe, 0x7, 0xff, 0x0, 0x0, 0x3,
    0xf8, 0x7f, 0xff, 0x0, 0x0, 0xf, 0xc3, 0xff,
    0xfe, 0x0, 0x0, 0x7f, 0xf, 0xff, 0xf8, 0x0,
    0x1, 0xfc, 0x7f, 0xff, 0xf0, 0x0, 0xf, 0xe1,
    0xfc, 0x1f, 0xc0, 0x0, 0x3f, 0x87, 0xe0, 0x3f,
    0x0, 0x0, 0xfe, 0x1f, 0x80, 0xfc, 0x0, 0x7,
    0xf0, 0x7e, 0x3, 0xf0, 0x0, 0x1f, 0xc1, 0xf8,
    0xf, 0xc0, 0x0, 0x7e, 0x7, 0xe0, 0x3f, 0x0,
    0x3, 0xf8, 0x1f, 0x80, 0xfc, 0x0, 0xf, 0xe0,
    0x7e, 0x3, 0xf0, 0x0, 0x7f, 0x1, 0xf8, 0xf,
    0xc0, 0x1, 0xfc, 0x7, 0xe0, 0x3f, 0x0, 0x7,
    0xe0, 0x1f, 0x80, 0xfc, 0x0, 0x3f, 0x80, 0x7f,
    0x7, 0xf0, 0x0, 0xfe, 0x1, 0xff, 0xff, 0xc0,
    0x7, 0xf0, 0x3, 0xff, 0xfe, 0x0, 0x1f, 0xc0,
    0xf, 0xff, 0xf8, 0x0, 0x7e, 0x0, 0x1f, 0xff,
    0xc0, 0x1, 0xf8, 0x0, 0x1f, 0xfc, 0x0,

    /* U+0026 "&" */
    0x0, 0x7, 0xfe, 0x0, 0x0, 0x0, 0x3f, 0xff,
    0x80, 0x0, 0x1, 0xff, 0xff, 0x80, 0x0, 0x7,
    0xff, 0xff, 0x80, 0x0, 0x1f, 0xff, 0xff, 0x80,
    0x0, 0x7f, 0xff, 0xff, 0x80, 0x0, 0xff, 0xff,
    0xff, 0x0, 0x1, 0xff, 0xff, 0xfe, 0x0, 0x7,
    0xff, 0x7, 0xfe, 0x0, 0xf, 0xfc, 0xf, 0xfc,
    0x0, 0x1f, 0xf0, 0xf, 0xf8, 0x0, 0x3f, 0xe0,
    0x1f, 0xf0, 0x0, 0x7f, 0xc0, 0x3f, 0xe0, 0x0,
    0xff, 0x80, 0x7f, 0xc0, 0x1, 0xff, 0x0, 0xff,
    0x80, 0x3, 0xfe, 0x1, 0xff, 0x0, 0x7, 0xfe,
    0x0, 0x0, 0x0, 0x7, 0xfc, 0x0, 0x0, 0x0,
    0xf, 0xfc, 0x0, 0x0, 0x0, 0x1f, 0xfc, 0x0,
    0x0, 0x0, 0x1f, 0xfc, 0x0, 0x0, 0x0, 0x3f,
    0xf8, 0x0, 0x0, 0x1, 0xff, 0xf8, 0x0, 0x0,
    0xf, 0xff, 0xf8, 0x0, 0x0, 0x3f, 0xff, 0xff,
    0xff, 0xfc, 0x7f, 0xff, 0xff, 0xff, 0xf9, 0xff,
    0xff, 0xff, 0xff, 0xf3, 0xff, 0x7f, 0xff, 0xff,
    0xef, 0xfc, 0x7f, 0xff, 0xff, 0xdf, 0xf0, 0x7f,
    0xff, 0xff, 0xbf, 0xe0, 0x7f, 0xff, 0xff, 0x7f,
    0xc0, 0x7f, 0xff, 0xfe, 0xff, 0x80, 0x7f, 0xe0,
    0x1, 0xff, 0x0, 0x7f, 0xe0, 0x3, 0xfe, 0x0,
    0xff, 0xe0, 0x7, 0xfc, 0x0, 0xff, 0xe0, 0xf,
    0xf8, 0x0, 0xff, 0xe0, 0x1f, 0xf8, 0x3, 0xff,
    0xe0, 0x3f, 0xf8, 0xf, 0xff, 0xe0, 0x7f, 0xff,
    0xff, 0xff, 0xc0, 0x7f, 0xff, 0xff, 0xff, 0xc0,
    0xff, 0xff, 0xff, 0xff, 0xc0, 0xff, 0xff, 0xff,
    0xff, 0xc0, 0xff, 0xff, 0xf9, 0xff, 0xc0, 0xff,
    0xff, 0xf1, 0xff, 0xc0, 0xff, 0xff, 0xc1, 0xff,
    0xc0, 0x3f, 0xfc, 0x1, 0xff, 0x80,

    /* U+0027 "'" */
    0xff, 0xff, 0xfe, 0xfe, 0xfe, 0x7e, 0x7e, 0x7c,
    0x7c, 0x7c, 0x3c,

    /* U+0028 "(" */
    0x0, 0x7e, 0x3, 0xfc, 0x1f, 0xf8, 0x7f, 0xf1,
    0xff, 0xe7, 0xff, 0xcf, 0xf8, 0x3f, 0xc0, 0x7f,
    0x0, 0xfe, 0x3, 0xf8, 0x7, 0xf0, 0xf, 0xe0,
    0x1f, 0xc0, 0x3f, 0x80, 0x7f, 0x0, 0xfe, 0x1,
    0xfc, 0x3, 0xf8, 0x7, 0xf0, 0xf, 0xe0, 0x1f,
    0xc0, 0x3f, 0x80, 0x7f, 0x0, 0xfe, 0x1, 0xfc,
    0x3, 0xf8, 0x7, 0xf0, 0xf, 0xe0, 0x1f, 0xc0,
    0x3f, 0x80, 0x7f, 0x0, 0xfe, 0x1, 0xfc, 0x3,
    0xf8, 0x7, 0xf0, 0xf, 0xe0, 0x1f, 0xc0, 0x3f,
    0x80, 0x7f, 0x0, 0xfe, 0x1, 0xfc, 0x3, 0xf8,
    0x3, 0xf8, 0x7, 0xf0, 0xf, 0xf0, 0xf, 0xf8,
    0x1f, 0xff, 0x1f, 0xfe, 0x1f, 0xfc, 0x1f, 0xf8,
    0xf, 0xf0, 0x7, 0xe0,

    /* U+0029 ")" */
    0x7c, 0x1, 0xff, 0x3, 0xff, 0x7, 0xff, 0xf,
    0xff, 0xf, 0xff, 0x3, 0xfe, 0x1, 0xfe, 0x1,
    0xfc, 0x3, 0xf8, 0x3, 0xf8, 0x7, 0xf0, 0xf,
    0xe0, 0x1f, 0xc0, 0x3f, 0x80, 0x7f, 0x0, 0xfe,
    0x1, 0xfc, 0x3, 0xf8, 0x7, 0xf0, 0xf, 0xe0,
    0x1f, 0xc0, 0x3f, 0x80, 0x7f, 0x0, 0xfe, 0x1,
    0xfc, 0x3, 0xf8, 0x7, 0xf0, 0xf, 0xe0, 0x1f,
    0xc0, 0x3f, 0x80, 0x7f, 0x0, 0xfe, 0x1, 0xfc,
    0x3, 0xf8, 0x7, 0xf0, 0xf, 0xe0, 0x1f, 0xc0,
    0x3f, 0x80, 0x7f, 0x0, 0xfe, 0x1, 0xfc, 0x3,
    0xf8, 0xf, 0xe0, 0x1f, 0xc0, 0x7f, 0x83, 0xfe,
    0x3f, 0xfc, 0xff, 0xf1, 0xff, 0xc3, 0xff, 0x7,
    0xfc, 0x7, 0xc0, 0x0,

    /* U+002A "*" */
    0x0, 0x7e, 0x0, 0x0, 0x7e, 0x0, 0x0, 0x7e,
    0x0, 0x0, 0x7e, 0x0, 0x0, 0x7e, 0x0, 0x30,
    0x3e, 0x1c, 0x3c, 0x3c, 0x7e, 0x7f, 0x3c, 0xfe,
    0x7f, 0x9f, 0xfe, 0x7f, 0xdb, 0xfe, 0x7f, 0xef,
    0xfe, 0x7f, 0xff, 0xf8, 0x0, 0x3e, 0x0, 0x0,
    0xff, 0x80, 0x1, 0xff, 0xc0, 0x3, 0xf7, 0xe0,
    0x7, 0xf7, 0xf0, 0xf, 0xe7, 0xf8, 0x1f, 0xe3,
    0xf8, 0xf, 0xc3, 0xf8, 0x7, 0xc1, 0xe0, 0x1,
    0x80, 0xc0, 0x0, 0x0, 0x0,

    /* U+002B "+" */
    0x0, 0x1f, 0xe0, 0x0, 0x0, 0x3f, 0xc0, 0x0,
    0x0, 0x7f, 0x80, 0x0, 0x0, 0xff, 0x0, 0x0,
    0x1, 0xfe, 0x0, 0x0, 0x3, 0xfc, 0x0, 0x0,
    0x7, 0xf8, 0x0, 0x0, 0xf, 0xf0, 0x0, 0x0,
    0x1f, 0xe0, 0x0, 0x0, 0x3f, 0xc0, 0x0, 0x0,
    0x7f, 0x80, 0x0, 0x0, 0xff, 0x0, 0xf, 0xff,
    0xff, 0xff, 0xff, 0xff, 0xff, 0xff, 0xff, 0xff,
    0xff, 0xff, 0xff, 0xff, 0xff, 0xff, 0xff, 0xff,
    0xff, 0xff, 0xff, 0xff, 0xff, 0xff, 0xff, 0xff,
    0xff, 0xff, 0xff, 0xff, 0xff, 0xf0, 0x1, 0xfe,
    0x0, 0x0, 0x3, 0xfc, 0x0, 0x0, 0x7, 0xf8,
    0x0, 0x0, 0xf, 0xf0, 0x0, 0x0, 0x1f, 0xe0,
    0x0, 0x0, 0x3f, 0xc0, 0x0, 0x0, 0x7f, 0x80,
    0x0, 0x0, 0xff, 0x0, 0x0, 0x1, 0xfe, 0x0,
    0x0, 0x3, 0xfc, 0x0, 0x0, 0x7, 0xf8, 0x0,
    0x0,

    /* U+002C "," */
    0xff, 0xff, 0xff, 0xff, 0xff, 0xff, 0xff, 0xff,
    0xff, 0xff, 0xff, 0xbf, 0xdf, 0xcf, 0xe7, 0xe3,
    0xe1, 0xe0, 0xf0, 0x70, 0x30, 0x0,

    /* U+002D "-" */
    0xff, 0xff, 0xff, 0xff, 0xff, 0xff, 0xff, 0xff,
    0xff, 0xff, 0xff, 0xff, 0xff, 0xff, 0xff, 0xff,
    0xff,

    /* U+002E "." */
    0xff, 0xff, 0xff, 0xff, 0xff, 0xff, 0xff, 0xff,
    0xff, 0xff, 0xff, 0xff, 0xff, 0xf0,

    /* U+002F "/" */
    0x0, 0x0, 0x7f, 0x80, 0x0, 0x1f, 0xe0, 0x0,
    0xf, 0xf8, 0x0, 0x3, 0xfe, 0x0, 0x1, 0xff,
    0x0, 0x0, 0x7f, 0xc0, 0x0, 0x1f, 0xe0, 0x0,
    0xf, 0xf8, 0x0, 0x3, 0xfe, 0x0, 0x0, 0xff,
    0x0, 0x0, 0x7f, 0xc0, 0x0, 0x1f, 0xf0, 0x0,
    0x7, 0xf8, 0x0, 0x3, 0xfe, 0x0, 0x0, 0xff,
    0x0, 0x0, 0x7f, 0xc0, 0x0, 0x1f, 0xf0, 0x0,
    0x7, 0xf8, 0x0, 0x3, 0xfe, 0x0, 0x0, 0xff,
    0x80, 0x0, 0x3f, 0xc0, 0x0, 0x1f, 0xf0, 0x0,
    0x7, 0xf8, 0x0, 0x3, 0xfe, 0x0, 0x0, 0xff,
    0x80, 0x0, 0x3f, 0xc0, 0x0, 0x1f, 0xf0, 0x0,
    0x7, 0xfc, 0x0, 0x1, 0xfe, 0x0, 0x0, 0xff,
    0x80, 0x0, 0x3f, 0xc0, 0x0, 0x1f, 0xf0, 0x0,
    0x7, 0xfc, 0x0, 0x1, 0xfe, 0x0, 0x0, 0xff,
    0x80, 0x0, 0x3f, 0xe0, 0x0, 0xf, 0xf0, 0x0,
    0x7, 0xfc, 0x0, 0x1, 0xfe, 0x0, 0x0, 0xff,
    0x80, 0x0, 0x3f, 0xe0, 0x0, 0xf, 0xf0, 0x0,
    0x7, 0xfc, 0x0, 0x1, 0xff, 0x0, 0x0, 0x7f,
    0x80, 0x0, 0x3f, 0xe0, 0x0, 0xf, 0xf0, 0x0,
    0x0,

    /* U+0030 "0" */
    0x0, 0xff, 0xfe, 0x0, 0xf, 0xff, 0xff, 0x80,
    0x3f, 0xff, 0xff, 0x80, 0xff, 0xff, 0xff, 0x83,
    0xff, 0xff, 0xff, 0x8f, 0xff, 0xff, 0xff, 0x9f,
    0xff, 0xff, 0xff, 0x3f, 0xff, 0xff, 0xfe, 0xff,
    0xe0, 0xf, 0xff, 0xff, 0x80, 0xf, 0xff, 0xfe,
    0x0, 0xf, 0xff, 0xfc, 0x0, 0x1f, 0xff, 0xf8,
    0x0, 0x3f, 0xff, 0xf0, 0x0, 0x7f, 0xff, 0xe0,
    0x0, 0xff, 0xff, 0xc0, 0x1, 0xff, 0xff, 0x80,
    0x3, 0xff, 0xff, 0x0, 0x7, 0xff, 0xfe, 0x0,
    0xf, 0xff, 0xfc, 0x0, 0x1f, 0xff, 0xf8, 0x0,
    0x3f, 0xff, 0xf0, 0x0, 0x7f, 0xff, 0xe0, 0x0,
    0xff, 0xff, 0xc0, 0x1, 0xff, 0xff, 0x80, 0x3,
    0xff, 0xff, 0x0, 0x7, 0xff, 0xfe, 0x0, 0xf,
    0xff, 0xfc, 0x0, 0x1f, 0xff, 0xf8, 0x0, 0x3f,
    0xff, 0xf0, 0x0, 0x7f, 0xff, 0xe0, 0x0, 0xff,
    0xff, 0xc0, 0x1, 0xff, 0xff, 0x80, 0x3, 0xff,
    0xff, 0x0, 0x7, 0xff, 0xfe, 0x0, 0xf, 0xff,
    0xfc, 0x0, 0x1f, 0xff, 0xf8, 0x0, 0x3f, 0xff,
    0xf8, 0x0, 0xff, 0xff, 0xf8, 0x3, 0xff, 0xbf,
    0xff, 0xff, 0xfe, 0x7f, 0xff, 0xff, 0xfc, 0xff,
    0xff, 0xff, 0xf8, 0xff, 0xff, 0xff, 0xe0, 0xff,
    0xff, 0xff, 0x80, 0xff, 0xff, 0xfe, 0x0, 0xff,
    0xff, 0xf8, 0x0, 0x3f, 0xff, 0x80, 0x0,

    /* U+0031 "1" */
    0x0, 0x7f, 0xc0, 0x7f, 0xf0, 0x3f, 0xfc, 0x3f,
    0xff, 0x1f, 0xff, 0xdf, 0xff, 0xf7, 0xff, 0xff,
    0xff, 0xff, 0xff, 0xff, 0xff, 0xff, 0xff, 0xf7,
    0xff, 0xf1, 0xff, 0xf0, 0x7f, 0xd8, 0x1f, 0xf0,
    0x7, 0xfc, 0x1, 0xff, 0x0, 0x7f, 0xc0, 0x1f,
    0xf0, 0x7, 0xfc, 0x1, 0xff, 0x0, 0x7f, 0xc0,
    0x1f, 0xf0, 0x7, 0xfc, 0x1, 0xff, 0x0, 0x7f,
    0xc0, 0x1f, 0xf0, 0x7, 0xfc, 0x1, 0xff, 0x0,
    0x7f, 0xc0, 0x1f, 0xf0, 0x7, 0xfc, 0x1, 0xff,
    0x0, 0x7f, 0xc0, 0x1f, 0xf0, 0x7, 0xfc, 0x1,
    0xff, 0x0, 0x7f, 0xc0, 0x1f, 0xf0, 0x7, 0xfc,
    0x1, 0xff, 0x0, 0x7f, 0xc0, 0x1f, 0xf0, 0x7,
    0xfc, 0x1, 0xff, 0x0, 0x7f, 0xc0, 0x1f, 0xf0,
    0x7, 0xfc,

    /* U+0032 "2" */
    0x0, 0xff, 0xf8, 0x0, 0x3f, 0xff, 0xf8, 0x3,
    0xff, 0xff, 0xe0, 0x3f, 0xff, 0xff, 0x83, 0xff,
    0xff, 0xfe, 0x3f, 0xff, 0xff, 0xf9, 0xff, 0xff,
    0xff, 0xcf, 0xff, 0xff, 0xfe, 0xff, 0xe0, 0x3f,
    0xff, 0xfe, 0x0, 0xff, 0xff, 0xe0, 0x3, 0xff,
    0xff, 0x0, 0x1f, 0xff, 0xf8, 0x0, 0xff, 0xff,
    0xc0, 0x7, 0xff, 0xfe, 0x0, 0x3f, 0xff, 0xf0,
    0x1, 0xff, 0x0, 0x0, 0xf, 0xf8, 0x0, 0x0,
    0xff, 0xc0, 0x0, 0xf, 0xfc, 0x0, 0x0, 0x7f,
    0xe0, 0x0, 0xf, 0xff, 0x0, 0x0, 0xff, 0xf0,
    0x0, 0xf, 0xff, 0x0, 0x0, 0xff, 0xf0, 0x0,
    0xf, 0xff, 0x0, 0x0, 0xff, 0xf0, 0x0, 0x1f,
    0xff, 0x0, 0x1, 0xff, 0xf0, 0x0, 0x1f, 0xff,
    0x0, 0x1, 0xff, 0xf0, 0x0, 0x1f, 0xfe, 0x0,
    0x1, 0xff, 0xe0, 0x0, 0x3f, 0xfe, 0x0, 0x1,
    0xff, 0xe0, 0x0, 0x1f, 0xfe, 0x0, 0x0, 0xff,
    0xe0, 0x0, 0xf, 0xfc, 0x0, 0x0, 0x7f, 0xe0,
    0x0, 0x3, 0xff, 0x0, 0x0, 0x1f, 0xff, 0xff,
    0xff, 0xff, 0xff, 0xff, 0xff, 0xff, 0xff, 0xff,
    0xff, 0xff, 0xff, 0xff, 0xff, 0xff, 0xff, 0xff,
    0xff, 0xff, 0xff, 0xff, 0xff, 0xff, 0xff, 0xff,
    0xff, 0xff, 0xe0,

    /* U+0033 "3" */
    0x0, 0xff, 0xfc, 0x0, 0x1f, 0xff, 0xfe, 0x0,
    0xff, 0xff, 0xfc, 0x7, 0xff, 0xff, 0xf8, 0x3f,
    0xff, 0xff, 0xf1, 0xff, 0xff, 0xff, 0xe7, 0xff,
    0xff, 0xff, 0x9f, 0xff, 0xff, 0xfe, 0xff, 0xe0,
    0x1f, 0xff, 0xff, 0x0, 0x3f, 0xff, 0xf8, 0x0,
    0x7f, 0xff, 0xe0, 0x1, 0xff, 0xff, 0x80, 0x7,
    0xff, 0xfe, 0x0, 0x1f, 0xff, 0xf8, 0x0, 0x7f,
    0xdf, 0xc0, 0x1, 0xff, 0x0, 0x0, 0x7, 0xfc,
    0x0, 0x0, 0x1f, 0xf0, 0x0, 0x0, 0xff, 0xc0,
    0x0, 0x7, 0xfe, 0x0, 0xf, 0xff, 0xf8, 0x0,
    0x7f, 0xff, 0xc0, 0x1, 0xff, 0xfe, 0x0, 0x7,
    0xff, 0xf0, 0x0, 0x1f, 0xff, 0xc0, 0x0, 0x7f,
    0xff, 0xc0, 0x1, 0xff, 0xff, 0x0, 0x3, 0xff,
    0xfe, 0x0, 0x0, 0x1f, 0xfc, 0x0, 0x0, 0x3f,
    0xf0, 0x0, 0x0, 0x7f, 0xc0, 0x0, 0x1, 0xff,
    0xff, 0x80, 0x7, 0xff, 0xfe, 0x0, 0x1f, 0xff,
    0xf8, 0x0, 0x7f, 0xff, 0xe0, 0x1, 0xff, 0xff,
    0x80, 0x7, 0xff, 0xfe, 0x0, 0x3f, 0xff, 0xfc,
    0x1, 0xff, 0xff, 0xff, 0xff, 0xfe, 0x7f, 0xff,
    0xff, 0xf9, 0xff, 0xff, 0xff, 0xe3, 0xff, 0xff,
    0xff, 0x7, 0xff, 0xff, 0xf8, 0xf, 0xff, 0xff,
    0xc0, 0x1f, 0xff, 0xfe, 0x0, 0x1f, 0xff, 0xc0,
    0x0,

    /* U+0034 "4" */
    0x0, 0x0, 0xff, 0xf0, 0x0, 0x0, 0x1f, 0xff,
    0x80, 0x0, 0x1, 0xff, 0xf8, 0x0, 0x0, 0x3f,
    0xff, 0x80, 0x0, 0x3, 0xff, 0xf8, 0x0, 0x0,
    0x7f, 0xff, 0x80, 0x0, 0x7, 0xff, 0xf8, 0x0,
    0x0, 0xff, 0xff, 0x80, 0x0, 0xf, 0xff, 0xf8,
    0x0, 0x1, 0xfe, 0xff, 0x80, 0x0, 0x1f, 0xef,
    0xf8, 0x0, 0x3, 0xfc, 0xff, 0x80, 0x0, 0x3f,
    0xcf, 0xf8, 0x0, 0x7, 0xf8, 0xff, 0x80, 0x0,
    0x7f, 0x8f, 0xf8, 0x0, 0xf, 0xf0, 0xff, 0x80,
    0x0, 0xff, 0xf, 0xf8, 0x0, 0x1f, 0xe0, 0xff,
    0x80, 0x1, 0xfe, 0xf, 0xf8, 0x0, 0x3f, 0xc0,
    0xff, 0x80, 0x7, 0xfc, 0xf, 0xf8, 0x0, 0x7f,
    0x80, 0xff, 0x80, 0xf, 0xf8, 0xf, 0xf8, 0x0,
    0xff, 0x0, 0xff, 0x80, 0x1f, 0xf0, 0xf, 0xf8,
    0x1, 0xfe, 0x0, 0xff, 0x80, 0x3f, 0xe0, 0xf,
    0xf8, 0x3, 0xfc, 0x0, 0xff, 0x80, 0x7f, 0xc0,
    0xf, 0xf8, 0x7, 0xf8, 0x0, 0xff, 0x80, 0xff,
    0x80, 0xf, 0xf8, 0xf, 0xff, 0xff, 0xff, 0xff,
    0xff, 0xff, 0xff, 0xff, 0xff, 0xff, 0xff, 0xff,
    0xff, 0xff, 0xff, 0xff, 0xff, 0xff, 0xff, 0xff,
    0xff, 0xff, 0xff, 0xff, 0xff, 0xff, 0xff, 0xff,
    0xff, 0xff, 0xff, 0x7f, 0xff, 0xff, 0xff, 0xf0,
    0x0, 0x0, 0xff, 0x80, 0x0, 0x0, 0xf, 0xf8,
    0x0, 0x0, 0x0, 0xff, 0x80, 0x0, 0x0, 0xf,
    0xf8, 0x0, 0x0, 0x0, 0xff, 0x80, 0x0, 0x0,
    0xf, 0xf8, 0x0, 0x0, 0x0, 0xff, 0x80, 0x0,
    0x0, 0xf, 0xf8, 0x0,

    /* U+0035 "5" */
    0x7f, 0xff, 0xff, 0xf1, 0xff, 0xff, 0xff, 0xe7,
    0xff, 0xff, 0xff, 0x9f, 0xff, 0xff, 0xfe, 0x7f,
    0xff, 0xff, 0xf9, 0xff, 0xff, 0xff, 0xe7, 0xff,
    0xff, 0xff, 0x9f, 0xff, 0xff, 0xfc, 0x7f, 0xc0,
    0x0, 0x1, 0xff, 0x0, 0x0, 0x7, 0xfc, 0x0,
    0x0, 0x1f, 0xf0, 0x0, 0x0, 0x7f, 0xc0, 0x0,
    0x1, 0xff, 0x0, 0x0, 0x7, 0xfc, 0x0, 0x0,
    0x1f, 0xf0, 0x0, 0x0, 0x7f, 0xc7, 0xfe, 0x1,
    0xff, 0x7f, 0xff, 0x7, 0xfd, 0xff, 0xfe, 0x1f,
    0xff, 0xff, 0xfc, 0x7f, 0xff, 0xff, 0xf9, 0xff,
    0xff, 0xff, 0xe7, 0xff, 0xff, 0xff, 0x9f, 0xff,
    0xff, 0xff, 0x7f, 0xe0, 0x1f, 0xfd, 0xff, 0x0,
    0x3f, 0xf7, 0xf8, 0x0, 0x7f, 0xc0, 0x0, 0x1,
    0xff, 0x0, 0x0, 0x7, 0xfc, 0x0, 0x0, 0x1f,
    0xf0, 0x0, 0x0, 0x7f, 0xc0, 0x0, 0x1, 0xff,
    0x7f, 0x0, 0x7, 0xff, 0xfe, 0x0, 0x1f, 0xff,
    0xf8, 0x0, 0x7f, 0xff, 0xe0, 0x1, 0xff, 0xff,
    0x80, 0x7, 0xff, 0xff, 0x0, 0x3f, 0xff, 0xfe,
    0x1, 0xff, 0xff, 0xff, 0xff, 0xfe, 0x7f, 0xff,
    0xff, 0xf9, 0xff, 0xff, 0xff, 0xe3, 0xff, 0xff,
    0xff, 0x7, 0xff, 0xff, 0xf8, 0xf, 0xff, 0xff,
    0xc0, 0x1f, 0xff, 0xfe, 0x0, 0xf, 0xff, 0xc0,
    0x0,

    /* U+0036 "6" */
    0x0, 0xff, 0xff, 0xf0, 0xf, 0xff, 0xff, 0xe0,
    0x3f, 0xff, 0xff, 0xc0, 0xff, 0xff, 0xff, 0x83,
    0xff, 0xff, 0xff, 0xf, 0xff, 0xff, 0xfe, 0x1f,
    0xff, 0xff, 0xfc, 0x3f, 0xff, 0xff, 0xf8, 0xff,
    0xe0, 0x0, 0x1, 0xff, 0x80, 0x0, 0x3, 0xfe,
    0x0, 0x0, 0x7, 0xfc, 0x0, 0x0, 0xf, 0xf8,
    0x0, 0x0, 0x1f, 0xf0, 0x0, 0x0, 0x3f, 0xe0,
    0x0, 0x0, 0x7f, 0xc0, 0x0, 0x0, 0xff, 0x80,
    0x0, 0x1, 0xff, 0xff, 0xfc, 0x3, 0xff, 0xff,
    0xff, 0x7, 0xff, 0xff, 0xff, 0xf, 0xff, 0xff,
    0xff, 0x1f, 0xff, 0xff, 0xff, 0x3f, 0xff, 0xff,
    0xff, 0x7f, 0xff, 0xff, 0xfe, 0xff, 0xff, 0xff,
    0xfd, 0xff, 0x0, 0x1f, 0xff, 0xfe, 0x0, 0x1f,
    0xff, 0xfc, 0x0, 0x1f, 0xff, 0xf8, 0x0, 0x3f,
    0xff, 0xf0, 0x0, 0x7f, 0xff, 0xe0, 0x0, 0xff,
    0xff, 0xc0, 0x1, 0xff, 0xff, 0x80, 0x3, 0xff,
    0xff, 0x0, 0x7, 0xff, 0xfe, 0x0, 0xf, 0xff,
    0xfc, 0x0, 0x1f, 0xff, 0xf8, 0x0, 0x3f, 0xff,
    0xf8, 0x0, 0xff, 0xff, 0xf8, 0x3, 0xff, 0xbf,
    0xff, 0xff, 0xfe, 0x7f, 0xff, 0xff, 0xfc, 0xff,
    0xff, 0xff, 0xf8, 0xff, 0xff, 0xff, 0xe0, 0xff,
    0xff, 0xff, 0x80, 0xff, 0xff, 0xfe, 0x0, 0xff,
    0xff, 0xf8, 0x0, 0x3f, 0xff, 0x80, 0x0,

    /* U+0037 "7" */
    0xff, 0xff, 0xff, 0xff, 0xff, 0xff, 0xff, 0xff,
    0xff, 0xff, 0xff, 0xff, 0xff, 0xff, 0xff, 0xff,
    0xff, 0xff, 0xff, 0xff, 0xff, 0xff, 0xff, 0xff,
    0xff, 0xff, 0xff, 0xff, 0x0, 0x0, 0x3f, 0xf0,
    0x0, 0x3, 0xff, 0x0, 0x0, 0x7f, 0xe0, 0x0,
    0x7, 0xfe, 0x0, 0x0, 0xff, 0xe0, 0x0, 0xf,
    0xfc, 0x0, 0x0, 0xff, 0xc0, 0x0, 0x1f, 0xf8,
    0x0, 0x1, 0xff, 0x80, 0x0, 0x3f, 0xf8, 0x0,
    0x3, 0xff, 0x0, 0x0, 0x3f, 0xf0, 0x0, 0x7,
    0xfe, 0x0, 0x0, 0x7f, 0xe0, 0x0, 0xf, 0xfe,
    0x0, 0x0, 0xff, 0xc0, 0x0, 0xf, 0xfc, 0x0,
    0x1, 0xff, 0x80, 0x0, 0x1f, 0xf8, 0x0, 0x3,
    0xff, 0x80, 0x0, 0x3f, 0xf0, 0x0, 0x3, 0xff,
    0x0, 0x0, 0x7f, 0xe0, 0x0, 0x7, 0xfe, 0x0,
    0x0, 0xff, 0xc0, 0x0, 0xf, 0xfc, 0x0, 0x0,
    0xff, 0xc0, 0x0, 0x1f, 0xf8, 0x0, 0x1, 0xff,
    0x80, 0x0, 0x3f, 0xf0, 0x0, 0x3, 0xff, 0x0,
    0x0, 0x7f, 0xf0, 0x0, 0x7, 0xfe, 0x0, 0x0,
    0x7f, 0xe0, 0x0, 0xf, 0xfc, 0x0, 0x0, 0xff,
    0xc0, 0x0, 0x1f, 0xfc, 0x0, 0x1, 0xff, 0x80,
    0x0, 0x1f, 0xf0, 0x0, 0x0,

    /* U+0038 "8" */
    0x1, 0xff, 0xff, 0x0, 0xf, 0xff, 0xff, 0x80,
    0x7f, 0xff, 0xff, 0xc1, 0xff, 0xff, 0xff, 0xc3,
    0xff, 0xff, 0xff, 0x8f, 0xff, 0xff, 0xff, 0x9f,
    0xff, 0xff, 0xff, 0x7f, 0xff, 0xff, 0xff, 0xff,
    0xe0, 0xf, 0xff, 0xff, 0x80, 0xf, 0xff, 0xfe,
    0x0, 0xf, 0xff, 0xfc, 0x0, 0x1f, 0xff, 0xf8,
    0x0, 0x3f, 0xff, 0xf0, 0x0, 0x7f, 0xff, 0xe0,
    0x0, 0xff, 0xff, 0xc0, 0x1, 0xff, 0xff, 0x80,
    0x3, 0xff, 0xff, 0x0, 0x7, 0xff, 0xff, 0x0,
    0x1f, 0xf3, 0xff, 0x0, 0x7f, 0xe7, 0xff, 0xff,
    0xff, 0xc7, 0xff, 0xff, 0xff, 0x7, 0xff, 0xff,
    0xfc, 0x3, 0xff, 0xff, 0xe0, 0x1f, 0xff, 0xff,
    0xf0, 0x7f, 0xff, 0xff, 0xf1, 0xff, 0xff, 0xff,
    0xf3, 0xff, 0x0, 0x7f, 0xef, 0xfc, 0x0, 0x7f,
    0xff, 0xf0, 0x0, 0x7f, 0xff, 0xe0, 0x0, 0xff,
    0xff, 0xc0, 0x1, 0xff, 0xff, 0x80, 0x3, 0xff,
    0xff, 0x0, 0x7, 0xff, 0xfe, 0x0, 0xf, 0xff,
    0xfc, 0x0, 0x1f, 0xff, 0xf8, 0x0, 0x3f, 0xff,
    0xf8, 0x0, 0xff, 0xff, 0xf8, 0x3, 0xff, 0xff,
    0xff, 0xff, 0xff, 0x7f, 0xff, 0xff, 0xfc, 0xff,
    0xff, 0xff, 0xf8, 0xff, 0xff, 0xff, 0xe1, 0xff,
    0xff, 0xff, 0xc1, 0xff, 0xff, 0xff, 0x0, 0xff,
    0xff, 0xf8, 0x0, 0x7f, 0xff, 0xc0, 0x0,

    /* U+0039 "9" */
    0x0, 0xff, 0xfe, 0x0, 0xf, 0xff, 0xff, 0x80,
    0x3f, 0xff, 0xff, 0x80, 0xff, 0xff, 0xff, 0x83,
    0xff, 0xff, 0xff, 0x8f, 0xff, 0xff, 0xff, 0x9f,
    0xff, 0xff, 0xff, 0x3f, 0xff, 0xff, 0xfe, 0xff,
    0xe0, 0xf, 0xff, 0xff, 0x80, 0xf, 0xff, 0xfe,
    0x0, 0xf, 0xff, 0xfc, 0x0, 0x1f, 0xff, 0xf8,
    0x0, 0x3f, 0xff, 0xf0, 0x0, 0x7f, 0xff, 0xe0,
    0x0, 0xff, 0xff, 0xc0, 0x1, 0xff, 0xff, 0x80,
    0x3, 0xff, 0xff, 0x0, 0x7, 0xff, 0xfe, 0x0,
    0xf, 0xff, 0xfc, 0x0, 0x1f, 0xff, 0xfc, 0x0,
    0x3f, 0xff, 0xfc, 0x0, 0x7f, 0xdf, 0xff, 0xff,
    0xff, 0xbf, 0xff, 0xff, 0xff, 0x7f, 0xff, 0xff,
    0xfe, 0x7f, 0xff, 0xff, 0xfc, 0x7f, 0xff, 0xff,
    0xf8, 0x7f, 0xff, 0xff, 0xf0, 0x7f, 0xff, 0xff,
    0xe0, 0x1f, 0xff, 0xff, 0xc0, 0x0, 0x0, 0xff,
    0x80, 0x0, 0x1, 0xff, 0x0, 0x0, 0x3, 0xfe,
    0x0, 0x0, 0x7, 0xfc, 0x0, 0x0, 0xf, 0xf8,
    0x0, 0x0, 0x1f, 0xf0, 0x0, 0x0, 0x3f, 0xe0,
    0x0, 0x0, 0xff, 0xc0, 0x0, 0x3, 0xff, 0x9f,
    0xff, 0xff, 0xfe, 0x3f, 0xff, 0xff, 0xfc, 0x7f,
    0xff, 0xff, 0xf8, 0xff, 0xff, 0xff, 0xe1, 0xff,
    0xff, 0xff, 0x83, 0xff, 0xff, 0xfe, 0x7, 0xff,
    0xff, 0xf8, 0xf, 0xff, 0xff, 0x80, 0x0,

    /* U+003A ":" */
    0xff, 0xff, 0xff, 0xff, 0xff, 0xff, 0xff, 0xff,
    0xff, 0xff, 0xff, 0xff, 0xff, 0xf0, 0x0, 0x0,
    0x0, 0x0, 0x0, 0x0, 0x0, 0x0, 0x0, 0x0,
    0x0, 0x0, 0x0, 0x0, 0x7f, 0xff, 0xff, 0xff,
    0xff, 0xff, 0xff, 0xff, 0xff, 0xff, 0xff, 0xff,
    0xff, 0xf8,

    /* U+003B ";" */
    0xff, 0xff, 0xff, 0xff, 0xff, 0xff, 0xff, 0xff,
    0xff, 0xff, 0xff, 0xff, 0xff, 0xf0, 0x0, 0x0,
    0x0, 0x0, 0x0, 0x0, 0x0, 0x0, 0x0, 0x0,
    0x0, 0x0, 0x0, 0x0, 0x0, 0x3f, 0xff, 0xff,
    0xff, 0xff, 0xff, 0xff, 0xff, 0xff, 0xff, 0xff,
    0xef, 0xf7, 0xf3, 0xf9, 0xf8, 0xf8, 0x78, 0x3c,
    0x1c, 0xc, 0x0,

    /* U+003C "<" */
    0x0, 0x0, 0x0, 0x4, 0x0, 0x0, 0x0, 0x78,
    0x0, 0x0, 0x7, 0xf8, 0x0, 0x0, 0x7f, 0xf0,
    0x0, 0x7, 0xff, 0xe0, 0x0, 0x7f, 0xff, 0xc0,
    0x7, 0xff, 0xff, 0x80, 0x7f, 0xff, 0xfe, 0x7,
    0xff, 0xff, 0xf8, 0x7f, 0xff, 0xff, 0x83, 0xff,
    0xff, 0xf0, 0x7, 0xff, 0xfe, 0x0, 0xf, 0xff,
    0xc0, 0x0, 0x1f, 0xf8, 0x0, 0x0, 0x3f, 0xc0,
    0x0, 0x0, 0x7f, 0xf8, 0x0, 0x0, 0xff, 0xff,
    0x0, 0x1, 0xff, 0xff, 0xe0, 0x1, 0xff, 0xff,
    0xfc, 0x0, 0xff, 0xff, 0xff, 0x0, 0x3f, 0xff,
    0xff, 0xc0, 0xf, 0xff, 0xff, 0x80, 0x3, 0xff,
    0xff, 0x80, 0x0, 0xff, 0xff, 0x0, 0x0, 0x3f,
    0xfe, 0x0, 0x0, 0xf, 0xfc, 0x0, 0x0, 0x3,
    0xf8, 0x0, 0x0, 0x0, 0xe0,

    /* U+003D "=" */
    0xff, 0xff, 0xff, 0xff, 0xff, 0xff, 0xff, 0xff,
    0xff, 0xff, 0xff, 0xff, 0xff, 0xff, 0xff, 0xff,
    0xff, 0xff, 0xff, 0xff, 0xff, 0xff, 0xff, 0xff,
    0xff, 0xff, 0xff, 0xff, 0xff, 0xff, 0xff, 0x0,
    0x0, 0x0, 0x0, 0x0, 0x0, 0x0, 0x0, 0x0,
    0x0, 0x0, 0x0, 0x0, 0x0, 0x0, 0x0, 0x0,
    0x0, 0x0, 0x0, 0x0, 0x0, 0x0, 0x3f, 0xff,
    0xff, 0xff, 0xff, 0xff, 0xff, 0xff, 0xff, 0xff,
    0xff, 0xff, 0xff, 0xff, 0xff, 0xff, 0xff, 0xff,
    0xff, 0xff, 0xff, 0xff, 0xff, 0xff, 0xff, 0xff,
    0xff, 0xff, 0xff, 0xff, 0xff, 0xc0,

    /* U+003E ">" */
    0x0, 0x0, 0x0, 0x1, 0xe0, 0x0, 0x0, 0x3,
    0xf8, 0x0, 0x0, 0x7, 0xff, 0x0, 0x0, 0xf,
    0xff, 0xc0, 0x0, 0x1f, 0xff, 0xf0, 0x0, 0x3f,
    0xff, 0xfc, 0x0, 0x7f, 0xff, 0xff, 0x0, 0x7f,
    0xff, 0xff, 0xc0, 0xf, 0xff, 0xff, 0xf0, 0x1,
    0xff, 0xff, 0xf0, 0x0, 0x7f, 0xff, 0xe0, 0x0,
    0xf, 0xff, 0xe0, 0x0, 0x1, 0xff, 0xc0, 0x0,
    0x0, 0xff, 0x80, 0x0, 0x1f, 0xff, 0x0, 0x1,
    0xff, 0xfc, 0x0, 0x3f, 0xff, 0xf8, 0x7, 0xff,
    0xff, 0xf0, 0xff, 0xff, 0xff, 0x7, 0xff, 0xff,
    0xf0, 0x1f, 0xff, 0xff, 0x0, 0x3f, 0xff, 0xf0,
    0x0, 0x7f, 0xff, 0x0, 0x0, 0xff, 0xf0, 0x0,
    0x1, 0xff, 0x0, 0x0, 0x3, 0xf0, 0x0, 0x0,
    0x7, 0x0, 0x0, 0x0, 0x0,

    /* U+003F "?" */
    0x0, 0xff, 0xf0, 0x0, 0x7f, 0xff, 0xe0, 0xf,
    0xff, 0xff, 0x1, 0xff, 0xff, 0xf8, 0x3f, 0xff,
    0xff, 0xc7, 0xff, 0xff, 0xfe, 0x7f, 0xff, 0xff,
    0xe7, 0xff, 0xff, 0xfe, 0xff, 0xe0, 0x7f, 0xff,
    0xfc, 0x3, 0xff, 0xff, 0x80, 0x1f, 0xff, 0xf8,
    0x1, 0xff, 0xff, 0x80, 0x1f, 0xff, 0xf8, 0x1,
    0xff, 0xff, 0x80, 0x1f, 0xf0, 0x0, 0x3, 0xff,
    0x0, 0x0, 0x7f, 0xe0, 0x0, 0xf, 0xfc, 0x0,
    0x3, 0xff, 0xc0, 0x0, 0x7f, 0xf8, 0x0, 0xf,
    0xfe, 0x0, 0x1, 0xff, 0xc0, 0x0, 0x3f, 0xf8,
    0x0, 0x3, 0xff, 0x0, 0x0, 0x7f, 0xe0, 0x0,
    0x7, 0xfc, 0x0, 0x0, 0x7f, 0xc0, 0x0, 0x7,
    0xfc, 0x0, 0x0, 0x7f, 0xc0, 0x0, 0x7, 0xfc,
    0x0, 0x0, 0x0, 0x0, 0x0, 0x0, 0x0, 0x0,
    0x0, 0x0, 0x0, 0x0, 0x0, 0x0, 0x0, 0x0,
    0x0, 0x0, 0x0, 0x7, 0xfc, 0x0, 0x0, 0x7f,
    0xc0, 0x0, 0x7, 0xfc, 0x0, 0x0, 0x7f, 0xc0,
    0x0, 0x7, 0xfc, 0x0, 0x0, 0x7f, 0xc0, 0x0,
    0x7, 0xfc, 0x0, 0x0, 0x7f, 0xc0, 0x0, 0x7,
    0xfc, 0x0, 0x0, 0x7f, 0xc0, 0x0, 0x7, 0xfc,
    0x0, 0x0, 0x7f, 0xc0, 0x0,

    /* U+0040 "@" */
    0x0, 0x7, 0xff, 0xff, 0xf0, 0x0, 0x0, 0xff,
    0xff, 0xff, 0xf8, 0x0, 0xf, 0xff, 0xff, 0xff,
    0xf0, 0x0, 0x7f, 0xff, 0xff, 0xff, 0xf0, 0x7,
    0xff, 0xff, 0xff, 0xff, 0xe0, 0x3f, 0xe0, 0x0,
    0x0, 0x7f, 0xc0, 0xfe, 0x0, 0x0, 0x0, 0x7f,
    0x7, 0xe0, 0x0, 0x0, 0x0, 0xfe, 0x3f, 0x0,
    0x0, 0x0, 0x1, 0xf8, 0xf8, 0x0, 0x0, 0x0,
    0x3, 0xe7, 0xe0, 0x7, 0xff, 0xfe, 0xf, 0xdf,
    0x0, 0x7f, 0xff, 0xf8, 0x1f, 0x7c, 0x3, 0xff,
    0xff, 0xe0, 0x7f, 0xf0, 0x1f, 0xff, 0xff, 0x81,
    0xff, 0x80, 0xff, 0xff, 0xfe, 0x7, 0xfe, 0x7,
    0xff, 0xff, 0xf8, 0x1f, 0xf8, 0x1f, 0xff, 0xff,
    0xe0, 0x7f, 0xe0, 0x7f, 0xc0, 0x3f, 0x81, 0xff,
    0x83, 0xfe, 0x0, 0xfe, 0x7, 0xfe, 0xf, 0xf0,
    0x3, 0xf8, 0x1f, 0xf8, 0x3f, 0xc0, 0xf, 0xe0,
    0x7f, 0xe0, 0xff, 0x0, 0x3f, 0x81, 0xff, 0x83,
    0xfc, 0x0, 0xfe, 0x7, 0xfe, 0xf, 0xf0, 0x3,
    0xf8, 0x1f, 0xf8, 0x3f, 0xc0, 0xf, 0xe0, 0x7f,
    0xe0, 0xff, 0x0, 0x3f, 0x81, 0xff, 0x83, 0xfc,
    0x0, 0xfe, 0x7, 0xfe, 0xf, 0xf0, 0x3, 0xf8,
    0x1f, 0xf8, 0x3f, 0xc0, 0x1f, 0xe0, 0x7f, 0xe0,
    0xff, 0x80, 0x7f, 0x81, 0xff, 0x83, 0xff, 0x7,
    0xfe, 0x7, 0xfe, 0x7, 0xff, 0xff, 0xf8, 0x3f,
    0xf8, 0x1f, 0xff, 0xff, 0xe1, 0xfb, 0xe0, 0x3f,
    0xff, 0xff, 0xff, 0xef, 0xc0, 0xff, 0xff, 0xff,
    0xff, 0x1f, 0x1, 0xff, 0xfb, 0xff, 0xf8, 0x7c,
    0x1, 0xff, 0xc7, 0xff, 0xc1, 0xf8, 0x1, 0xfc,
    0xf, 0xfc, 0x3, 0xf0, 0x0, 0x0, 0x0, 0x0,
    0xf, 0xe0, 0x0, 0x0, 0x0, 0x0, 0x1f, 0xc0,
    0x0, 0x0, 0x0, 0x0, 0x7f, 0x80, 0x0, 0x0,
    0x0, 0x0, 0xff, 0xc0, 0x0, 0x0, 0x0, 0x1,
    0xff, 0xff, 0xff, 0xe0, 0x0, 0x1, 0xff, 0xff,
    0xff, 0x80, 0x0, 0x3, 0xff, 0xff, 0xfe, 0x0,
    0x0, 0x3, 0xff, 0xff, 0xf8, 0x0, 0x0, 0x1,
    0xff, 0xff, 0xe0, 0x0,

    /* U+0041 "A" */
    0x0, 0x7, 0xff, 0x80, 0x0, 0x0, 0x3f, 0xff,
    0x0, 0x0, 0x0, 0xff, 0xfc, 0x0, 0x0, 0x3,
    0xff, 0xf8, 0x0, 0x0, 0x1f, 0xff, 0xe0, 0x0,
    0x0, 0x7f, 0xff, 0x80, 0x0, 0x1, 0xff, 0xfe,
    0x0, 0x0, 0x7, 0xff, 0xfc, 0x0, 0x0, 0x3f,
    0xff, 0xf0, 0x0, 0x0, 0xff, 0xff, 0xc0, 0x0,
    0x3, 0xfe, 0xff, 0x0, 0x0, 0xf, 0xf3, 0xfe,
    0x0, 0x0, 0x7f, 0xcf, 0xf8, 0x0, 0x1, 0xff,
    0x3f, 0xe0, 0x0, 0x7, 0xfc, 0x7f, 0x80, 0x0,
    0x3f, 0xe1, 0xff, 0x0, 0x0, 0xff, 0x87, 0xfc,
    0x0, 0x3, 0xfe, 0x1f, 0xf0, 0x0, 0xf, 0xf8,
    0x3f, 0xc0, 0x0, 0x7f, 0xc0, 0xff, 0x80, 0x1,
    0xff, 0x3, 0xfe, 0x0, 0x7, 0xfc, 0xf, 0xf8,
    0x0, 0x1f, 0xf0, 0x1f, 0xe0, 0x0, 0xff, 0x80,
    0x7f, 0xc0, 0x3, 0xfe, 0x1, 0xff, 0x0, 0xf,
    0xf8, 0x7, 0xfc, 0x0, 0x3f, 0xe0, 0xf, 0xf0,
    0x1, 0xff, 0x0, 0x3f, 0xe0, 0x7, 0xfc, 0x0,
    0xff, 0x80, 0x1f, 0xf0, 0x3, 0xfe, 0x0, 0x7f,
    0xff, 0xff, 0xfc, 0x3, 0xff, 0xff, 0xff, 0xf0,
    0xf, 0xff, 0xff, 0xff, 0xc0, 0x3f, 0xff, 0xff,
    0xff, 0x0, 0xff, 0xff, 0xff, 0xfe, 0x7, 0xff,
    0xff, 0xff, 0xf8, 0x1f, 0xff, 0xff, 0xff, 0xe0,
    0x7f, 0xff, 0xff, 0xff, 0x81, 0xff, 0x0, 0x3,
    0xff, 0xf, 0xfc, 0x0, 0xf, 0xfc, 0x3f, 0xe0,
    0x0, 0x1f, 0xf0, 0xff, 0x80, 0x0, 0x7f, 0xc7,
    0xfe, 0x0, 0x1, 0xff, 0x9f, 0xf8, 0x0, 0x3,
    0xfe, 0x7f, 0xc0, 0x0, 0xf, 0xf9, 0xff, 0x0,
    0x0, 0x3f, 0xe7, 0xfc, 0x0, 0x0, 0xff, 0x80,

    /* U+0042 "B" */
    0xff, 0xff, 0xfe, 0x1, 0xff, 0xff, 0xff, 0x83,
    0xff, 0xff, 0xff, 0x87, 0xff, 0xff, 0xff, 0x8f,
    0xff, 0xff, 0xff, 0x9f, 0xff, 0xff, 0xff, 0xbf,
    0xff, 0xff, 0xff, 0x7f, 0xff, 0xff, 0xfe, 0xff,
    0x80, 0xf, 0xff, 0xff, 0x0, 0xf, 0xff, 0xfe,
    0x0, 0xf, 0xff, 0xfc, 0x0, 0x1f, 0xff, 0xf8,
    0x0, 0x3f, 0xff, 0xf0, 0x0, 0x7f, 0xff, 0xe0,
    0x0, 0xff, 0xff, 0xc0, 0x1, 0xff, 0xff, 0x80,
    0x3, 0xff, 0xff, 0x0, 0xf, 0xff, 0xfe, 0x0,
    0x3f, 0xf7, 0xff, 0xff, 0xff, 0xef, 0xff, 0xff,
    0xff, 0x9f, 0xff, 0xff, 0xfe, 0x3f, 0xff, 0xff,
    0xf0, 0x7f, 0xff, 0xff, 0xf0, 0xff, 0xff, 0xff,
    0xf1, 0xff, 0xff, 0xff, 0xf3, 0xff, 0xff, 0xff,
    0xf7, 0xfc, 0x0, 0x7f, 0xef, 0xf8, 0x0, 0x7f,
    0xff, 0xf0, 0x0, 0x7f, 0xff, 0xe0, 0x0, 0xff,
    0xff, 0xc0, 0x1, 0xff, 0xff, 0x80, 0x3, 0xff,
    0xff, 0x0, 0x7, 0xff, 0xfe, 0x0, 0xf, 0xff,
    0xfc, 0x0, 0x1f, 0xff, 0xf8, 0x0, 0x3f, 0xff,
    0xf0, 0x0, 0xff, 0xff, 0xe0, 0x3, 0xff, 0xff,
    0xff, 0xff, 0xfe, 0xff, 0xff, 0xff, 0xfd, 0xff,
    0xff, 0xff, 0xfb, 0xff, 0xff, 0xff, 0xe7, 0xff,
    0xff, 0xff, 0x8f, 0xff, 0xff, 0xfe, 0x1f, 0xff,
    0xff, 0xf8, 0x3f, 0xff, 0xff, 0x80, 0x0,

    /* U+0043 "C" */
    0x0, 0xff, 0xff, 0x0, 0x7, 0xff, 0xff, 0xe0,
    0xf, 0xff, 0xff, 0xf0, 0x1f, 0xff, 0xff, 0xf8,
    0x3f, 0xff, 0xff, 0xfc, 0x7f, 0xff, 0xff, 0xfe,
    0x7f, 0xff, 0xff, 0xfe, 0x7f, 0xff, 0xff, 0xfe,
    0xff, 0xe0, 0x7, 0xff, 0xff, 0xc0, 0x3, 0xff,
    0xff, 0x80, 0x1, 0xff, 0xff, 0x80, 0x1, 0xff,
    0xff, 0x80, 0x1, 0xff, 0xff, 0x80, 0x1, 0xff,
    0xff, 0x80, 0x1, 0xff, 0xff, 0x80, 0x1, 0xff,
    0xff, 0x80, 0x1, 0xff, 0xff, 0x80, 0x0, 0x0,
    0xff, 0x80, 0x0, 0x0, 0xff, 0x80, 0x0, 0x0,
    0xff, 0x80, 0x0, 0x0, 0xff, 0x80, 0x0, 0x0,
    0xff, 0x80, 0x0, 0x0, 0xff, 0x80, 0x0, 0x0,
    0xff, 0x80, 0x0, 0x0, 0xff, 0x80, 0x0, 0x0,
    0xff, 0x80, 0x0, 0x0, 0xff, 0x80, 0x0, 0x0,
    0xff, 0x80, 0x0, 0x0, 0xff, 0x80, 0x0, 0x0,
    0xff, 0x80, 0x1, 0xff, 0xff, 0x80, 0x1, 0xff,
    0xff, 0x80, 0x1, 0xff, 0xff, 0x80, 0x1, 0xff,
    0xff, 0x80, 0x1, 0xff, 0xff, 0x80, 0x1, 0xff,
    0xff, 0x80, 0x1, 0xff, 0xff, 0xc0, 0x3, 0xff,
    0xff, 0xe0, 0x7, 0xff, 0x7f, 0xff, 0xff, 0xfe,
    0x7f, 0xff, 0xff, 0xfe, 0x7f, 0xff, 0xff, 0xfe,
    0x3f, 0xff, 0xff, 0xfc, 0x1f, 0xff, 0xff, 0xf8,
    0xf, 0xff, 0xff, 0xf0, 0x7, 0xff, 0xff, 0xe0,
    0x0, 0xff, 0xff, 0x0,

    /* U+0044 "D" */
    0xff, 0xff, 0xfe, 0x1, 0xff, 0xff, 0xff, 0x83,
    0xff, 0xff, 0xff, 0x87, 0xff, 0xff, 0xff, 0x8f,
    0xff, 0xff, 0xff, 0x9f, 0xff, 0xff, 0xff, 0xbf,
    0xff, 0xff, 0xff, 0x7f, 0xff, 0xff, 0xfe, 0xff,
    0x80, 0xf, 0xff, 0xff, 0x0, 0xf, 0xff, 0xfe,
    0x0, 0xf, 0xff, 0xfc, 0x0, 0x1f, 0xff, 0xf8,
    0x0, 0x3f, 0xff, 0xf0, 0x0, 0x7f, 0xff, 0xe0,
    0x0, 0xff, 0xff, 0xc0, 0x1, 0xff, 0xff, 0x80,
    0x3, 0xff, 0xff, 0x0, 0x7, 0xff, 0xfe, 0x0,
    0xf, 0xff, 0xfc, 0x0, 0x1f, 0xff, 0xf8, 0x0,
    0x3f, 0xff, 0xf0, 0x0, 0x7f, 0xff, 0xe0, 0x0,
    0xff, 0xff, 0xc0, 0x1, 0xff, 0xff, 0x80, 0x3,
    0xff, 0xff, 0x0, 0x7, 0xff, 0xfe, 0x0, 0xf,
    0xff, 0xfc, 0x0, 0x1f, 0xff, 0xf8, 0x0, 0x3f,
    0xff, 0xf0, 0x0, 0x7f, 0xff, 0xe0, 0x0, 0xff,
    0xff, 0xc0, 0x1, 0xff, 0xff, 0x80, 0x3, 0xff,
    0xff, 0x0, 0x7, 0xff, 0xfe, 0x0, 0xf, 0xff,
    0xfc, 0x0, 0x1f, 0xff, 0xf8, 0x0, 0x3f, 0xff,
    0xf0, 0x0, 0xff, 0xff, 0xe0, 0x3, 0xff, 0xff,
    0xff, 0xff, 0xfe, 0xff, 0xff, 0xff, 0xfd, 0xff,
    0xff, 0xff, 0xfb, 0xff, 0xff, 0xff, 0xe7, 0xff,
    0xff, 0xff, 0x8f, 0xff, 0xff, 0xfe, 0x1f, 0xff,
    0xff, 0xf8, 0x3f, 0xff, 0xff, 0x80, 0x0,

    /* U+0045 "E" */
    0xff, 0xff, 0xff, 0xdf, 0xff, 0xff, 0xfb, 0xff,
    0xff, 0xff, 0xff, 0xff, 0xff, 0xff, 0xff, 0xff,
    0xff, 0xff, 0xff, 0xff, 0xff, 0xff, 0xff, 0xff,
    0xff, 0xff, 0xfe, 0xff, 0x80, 0x0, 0x1f, 0xf0,
    0x0, 0x3, 0xfe, 0x0, 0x0, 0x7f, 0xc0, 0x0,
    0xf, 0xf8, 0x0, 0x1, 0xff, 0x0, 0x0, 0x3f,
    0xe0, 0x0, 0x7, 0xfc, 0x0, 0x0, 0xff, 0x80,
    0x0, 0x1f, 0xf0, 0x0, 0x3, 0xfe, 0x0, 0x0,
    0x7f, 0xff, 0xff, 0x8f, 0xff, 0xff, 0xf1, 0xff,
    0xff, 0xfe, 0x3f, 0xff, 0xff, 0xc7, 0xff, 0xff,
    0xf8, 0xff, 0xff, 0xff, 0x1f, 0xff, 0xff, 0xe3,
    0xff, 0xff, 0xfc, 0x7f, 0xc0, 0x0, 0xf, 0xf8,
    0x0, 0x1, 0xff, 0x0, 0x0, 0x3f, 0xe0, 0x0,
    0x7, 0xfc, 0x0, 0x0, 0xff, 0x80, 0x0, 0x1f,
    0xf0, 0x0, 0x3, 0xfe, 0x0, 0x0, 0x7f, 0xc0,
    0x0, 0xf, 0xf8, 0x0, 0x1, 0xff, 0x0, 0x0,
    0x3f, 0xe0, 0x0, 0x7, 0xff, 0xff, 0xfe, 0xff,
    0xff, 0xff, 0xdf, 0xff, 0xff, 0xff, 0xff, 0xff,
    0xff, 0xff, 0xff, 0xff, 0xff, 0xff, 0xff, 0xff,
    0xff, 0xff, 0xff, 0xff, 0xff, 0xff, 0xf0,

    /* U+0046 "F" */
    0xff, 0xff, 0xff, 0xff, 0xff, 0xff, 0xff, 0xff,
    0xff, 0xff, 0xff, 0xff, 0xff, 0xff, 0xff, 0xff,
    0xff, 0xff, 0xff, 0xff, 0xff, 0xff, 0xff, 0xff,
    0xff, 0xff, 0xff, 0x80, 0x0, 0x3f, 0xe0, 0x0,
    0xf, 0xf8, 0x0, 0x3, 0xfe, 0x0, 0x0, 0xff,
    0x80, 0x0, 0x3f, 0xe0, 0x0, 0xf, 0xf8, 0x0,
    0x3, 0xfe, 0x0, 0x0, 0xff, 0x80, 0x0, 0x3f,
    0xe0, 0x0, 0xf, 0xf8, 0x0, 0x3, 0xfe, 0x0,
    0x0, 0xff, 0x80, 0x0, 0x3f, 0xff, 0xff, 0xcf,
    0xff, 0xff, 0xf3, 0xff, 0xff, 0xfc, 0xff, 0xff,
    0xff, 0x3f, 0xff, 0xff, 0xcf, 0xff, 0xff, 0xf3,
    0xff, 0xff, 0xfc, 0xff, 0xff, 0xff, 0x3f, 0xe0,
    0x0, 0xf, 0xf8, 0x0, 0x3, 0xfe, 0x0, 0x0,
    0xff, 0x80, 0x0, 0x3f, 0xe0, 0x0, 0xf, 0xf8,
    0x0, 0x3, 0xfe, 0x0, 0x0, 0xff, 0x80, 0x0,
    0x3f, 0xe0, 0x0, 0xf, 0xf8, 0x0, 0x3, 0xfe,
    0x0, 0x0, 0xff, 0x80, 0x0, 0x3f, 0xe0, 0x0,
    0xf, 0xf8, 0x0, 0x3, 0xfe, 0x0, 0x0, 0xff,
    0x80, 0x0, 0x3f, 0xe0, 0x0, 0xf, 0xf8, 0x0,
    0x0,

    /* U+0047 "G" */
    0x0, 0xff, 0xfe, 0x0, 0xf, 0xff, 0xff, 0x80,
    0x3f, 0xff, 0xff, 0x80, 0xff, 0xff, 0xff, 0x83,
    0xff, 0xff, 0xff, 0x8f, 0xff, 0xff, 0xff, 0x9f,
    0xff, 0xff, 0xff, 0x3f, 0xff, 0xff, 0xfe, 0xff,
    0xe0, 0xf, 0xff, 0xff, 0x80, 0xf, 0xff, 0xfe,
    0x0, 0xf, 0xff, 0xfc, 0x0, 0x1f, 0xff, 0xf8,
    0x0, 0x3f, 0xff, 0xf0, 0x0, 0x7f, 0xff, 0xe0,
    0x0, 0xff, 0xff, 0xc0, 0x0, 0xfe, 0xff, 0x80,
    0x0, 0x1, 0xff, 0x0, 0x0, 0x3, 0xfe, 0x0,
    0x0, 0x7, 0xfc, 0x0, 0x0, 0xf, 0xf8, 0x0,
    0x0, 0x1f, 0xf0, 0x1f, 0xff, 0xff, 0xe0, 0x7f,
    0xff, 0xff, 0xc0, 0xff, 0xff, 0xff, 0x81, 0xff,
    0xff, 0xff, 0x3, 0xff, 0xff, 0xfe, 0x7, 0xff,
    0xff, 0xfc, 0xf, 0xff, 0xff, 0xf8, 0xf, 0xff,
    0xff, 0xf0, 0x0, 0x7f, 0xff, 0xe0, 0x0, 0xff,
    0xff, 0xc0, 0x1, 0xff, 0xff, 0x80, 0x3, 0xff,
    0xff, 0x0, 0x7, 0xff, 0xfe, 0x0, 0xf, 0xff,
    0xfc, 0x0, 0x1f, 0xff, 0xf8, 0x0, 0x3f, 0xff,
    0xf8, 0x0, 0xff, 0xff, 0xf8, 0x3, 0xff, 0xbf,
    0xff, 0xff, 0xfe, 0x7f, 0xff, 0xff, 0xfc, 0xff,
    0xff, 0xff, 0xf8, 0xff, 0xff, 0xff, 0xe0, 0xff,
    0xff, 0xff, 0x80, 0xff, 0xff, 0xfe, 0x0, 0xff,
    0xff, 0xf8, 0x0, 0x3f, 0xff, 0x80, 0x0,

    /* U+0048 "H" */
    0xff, 0x80, 0x1, 0xff, 0xff, 0x80, 0x1, 0xff,
    0xff, 0x80, 0x1, 0xff, 0xff, 0x80, 0x1, 0xff,
    0xff, 0x80, 0x1, 0xff, 0xff, 0x80, 0x1, 0xff,
    0xff, 0x80, 0x1, 0xff, 0xff, 0x80, 0x1, 0xff,
    0xff, 0x80, 0x1, 0xff, 0xff, 0x80, 0x1, 0xff,
    0xff, 0x80, 0x1, 0xff, 0xff, 0x80, 0x1, 0xff,
    0xff, 0x80, 0x1, 0xff, 0xff, 0x80, 0x1, 0xff,
    0xff, 0x80, 0x1, 0xff, 0xff, 0x80, 0x1, 0xff,
    0xff, 0x80, 0x1, 0xff, 0xff, 0x80, 0x1, 0xff,
    0xff, 0x80, 0x1, 0xff, 0xff, 0x80, 0x1, 0xff,
    0xff, 0xff, 0xff, 0xff, 0xff, 0xff, 0xff, 0xff,
    0xff, 0xff, 0xff, 0xff, 0xff, 0xff, 0xff, 0xff,
    0xff, 0xff, 0xff, 0xff, 0xff, 0xff, 0xff, 0xff,
    0xff, 0xff, 0xff, 0xff, 0xff, 0xff, 0xff, 0xff,
    0xff, 0x80, 0x1, 0xff, 0xff, 0x80, 0x1, 0xff,
    0xff, 0x80, 0x1, 0xff, 0xff, 0x80, 0x1, 0xff,
    0xff, 0x80, 0x1, 0xff, 0xff, 0x80, 0x1, 0xff,
    0xff, 0x80, 0x1, 0xff, 0xff, 0x80, 0x1, 0xff,
    0xff, 0x80, 0x1, 0xff, 0xff, 0x80, 0x1, 0xff,
    0xff, 0x80, 0x1, 0xff, 0xff, 0x80, 0x1, 0xff,
    0xff, 0x80, 0x1, 0xff, 0xff, 0x80, 0x1, 0xff,
    0xff, 0x80, 0x1, 0xff, 0xff, 0x80, 0x1, 0xff,
    0xff, 0x80, 0x1, 0xff, 0xff, 0x80, 0x1, 0xff,
    0xff, 0x80, 0x1, 0xff,

    /* U+0049 "I" */
    0xff, 0xff, 0xff, 0xff, 0xff, 0xff, 0xff, 0xff,
    0xff, 0xff, 0xff, 0xff, 0xff, 0xff, 0xff, 0xff,
    0xff, 0xff, 0xff, 0xff, 0xff, 0xff, 0xff, 0xff,
    0xff, 0xff, 0xff, 0xff, 0xff, 0xff, 0xff, 0xff,
    0xff, 0xff, 0xff, 0xff, 0xff, 0xff, 0xff, 0xff,
    0xff, 0xff, 0xff, 0xff, 0xff, 0xff, 0xff, 0xff,
    0xff, 0xff, 0xff, 0xff, 0xfe,

    /* U+004A "J" */
    0x0, 0x0, 0x3, 0xfe, 0x0, 0x0, 0x7, 0xfc,
    0x0, 0x0, 0xf, 0xf8, 0x0, 0x0, 0x1f, 0xf0,
    0x0, 0x0, 0x3f, 0xe0, 0x0, 0x0, 0x7f, 0xc0,
    0x0, 0x0, 0xff, 0x80, 0x0, 0x1, 0xff, 0x0,
    0x0, 0x3, 0xfe, 0x0, 0x0, 0x7, 0xfc, 0x0,
    0x0, 0xf, 0xf8, 0x0, 0x0, 0x1f, 0xf0, 0x0,
    0x0, 0x3f, 0xe0, 0x0, 0x0, 0x7f, 0xc0, 0x0,
    0x0, 0xff, 0x80, 0x0, 0x1, 0xff, 0x0, 0x0,
    0x3, 0xfe, 0x0, 0x0, 0x7, 0xfc, 0x0, 0x0,
    0xf, 0xf8, 0x0, 0x0, 0x1f, 0xf0, 0x0, 0x0,
    0x3f, 0xe0, 0x0, 0x0, 0x7f, 0xc0, 0x0, 0x0,
    0xff, 0x80, 0x0, 0x1, 0xff, 0x0, 0x0, 0x3,
    0xfe, 0x0, 0x0, 0x7, 0xfc, 0x0, 0x0, 0xf,
    0xff, 0xfc, 0x0, 0x1f, 0xff, 0xf8, 0x0, 0x3f,
    0xff, 0xf0, 0x0, 0x7f, 0xff, 0xe0, 0x0, 0xff,
    0xff, 0xc0, 0x1, 0xff, 0xff, 0x80, 0x3, 0xff,
    0xff, 0x0, 0x7, 0xff, 0xfe, 0x0, 0xf, 0xff,
    0xfc, 0x0, 0x1f, 0xff, 0xf8, 0x0, 0x3f, 0xff,
    0xf8, 0x0, 0xff, 0xff, 0xf8, 0x3, 0xff, 0xbf,
    0xff, 0xff, 0xfe, 0x7f, 0xff, 0xff, 0xfc, 0xff,
    0xff, 0xff, 0xf8, 0xff, 0xff, 0xff, 0xe0, 0xff,
    0xff, 0xff, 0x80, 0xff, 0xff, 0xfe, 0x0, 0xff,
    0xff, 0xf8, 0x0, 0x3f, 0xff, 0x80, 0x0,

    /* U+004B "K" */
    0xff, 0x80, 0x1, 0xff, 0x9f, 0xf0, 0x0, 0x7f,
    0xf3, 0xfe, 0x0, 0xf, 0xfc, 0x7f, 0xc0, 0x3,
    0xff, 0xf, 0xf8, 0x0, 0xff, 0xe1, 0xff, 0x0,
    0x1f, 0xf8, 0x3f, 0xe0, 0x7, 0xfe, 0x7, 0xfc,
    0x1, 0xff, 0xc0, 0xff, 0x80, 0x3f, 0xf0, 0x1f,
    0xf0, 0xf, 0xfc, 0x3, 0xfe, 0x3, 0xff, 0x0,
    0x7f, 0xc0, 0x7f, 0xe0, 0xf, 0xf8, 0x1f, 0xf8,
    0x1, 0xff, 0x7, 0xfe, 0x0, 0x3f, 0xe0, 0xff,
    0xc0, 0x7, 0xfc, 0x3f, 0xf0, 0x0, 0xff, 0x8f,
    0xfc, 0x0, 0x1f, 0xf1, 0xff, 0x80, 0x3, 0xfe,
    0x7f, 0xe0, 0x0, 0x7f, 0xdf, 0xf8, 0x0, 0xf,
    0xfb, 0xfe, 0x0, 0x1, 0xff, 0xff, 0xc0, 0x0,
    0x3f, 0xff, 0xfc, 0x0, 0x7, 0xff, 0xff, 0xc0,
    0x0, 0xff, 0xff, 0xf8, 0x0, 0x1f, 0xff, 0xff,
    0x80, 0x3, 0xff, 0xff, 0xf8, 0x0, 0x7f, 0xff,
    0xff, 0x0, 0xf, 0xff, 0xbf, 0xf0, 0x1, 0xff,
    0xe3, 0xfe, 0x0, 0x3f, 0xf8, 0x7f, 0xe0, 0x7,
    0xfe, 0x7, 0xfe, 0x0, 0xff, 0x80, 0x7f, 0xc0,
    0x1f, 0xf0, 0xf, 0xfc, 0x3, 0xfe, 0x0, 0xff,
    0xc0, 0x7f, 0xc0, 0x1f, 0xf8, 0xf, 0xf8, 0x1,
    0xff, 0x81, 0xff, 0x0, 0x1f, 0xf8, 0x3f, 0xe0,
    0x3, 0xff, 0x7, 0xfc, 0x0, 0x3f, 0xf0, 0xff,
    0x80, 0x7, 0xfe, 0x1f, 0xf0, 0x0, 0x7f, 0xe3,
    0xfe, 0x0, 0x7, 0xfe, 0x7f, 0xc0, 0x0, 0xff,
    0xcf, 0xf8, 0x0, 0xf, 0xfd, 0xff, 0x0, 0x0,
    0xff, 0xbf, 0xe0, 0x0, 0xf, 0xf8,

    /* U+004C "L" */
    0xff, 0x80, 0x0, 0x1f, 0xf0, 0x0, 0x3, 0xfe,
    0x0, 0x0, 0x7f, 0xc0, 0x0, 0xf, 0xf8, 0x0,
    0x1, 0xff, 0x0, 0x0, 0x3f, 0xe0, 0x0, 0x7,
    0xfc, 0x0, 0x0, 0xff, 0x80, 0x0, 0x1f, 0xf0,
    0x0, 0x3, 0xfe, 0x0, 0x0, 0x7f, 0xc0, 0x0,
    0xf, 0xf8, 0x0, 0x1, 0xff, 0x0, 0x0, 0x3f,
    0xe0, 0x0, 0x7, 0xfc, 0x0, 0x0, 0xff, 0x80,
    0x0, 0x1f, 0xf0, 0x0, 0x3, 0xfe, 0x0, 0x0,
    0x7f, 0xc0, 0x0, 0xf, 0xf8, 0x0, 0x1, 0xff,
    0x0, 0x0, 0x3f, 0xe0, 0x0, 0x7, 0xfc, 0x0,
    0x0, 0xff, 0x80, 0x0, 0x1f, 0xf0, 0x0, 0x3,
    0xfe, 0x0, 0x0, 0x7f, 0xc0, 0x0, 0xf, 0xf8,
    0x0, 0x1, 0xff, 0x0, 0x0, 0x3f, 0xe0, 0x0,
    0x7, 0xfc, 0x0, 0x0, 0xff, 0x80, 0x0, 0x1f,
    0xf0, 0x0, 0x3, 0xfe, 0x0, 0x0, 0x7f, 0xc0,
    0x0, 0xf, 0xf8, 0x0, 0x1, 0xff, 0x0, 0x0,
    0x3f, 0xe0, 0x0, 0x7, 0xff, 0xff, 0xfe, 0xff,
    0xff, 0xff, 0xdf, 0xff, 0xff, 0xff, 0xff, 0xff,
    0xff, 0xff, 0xff, 0xff, 0xff, 0xff, 0xff, 0xff,
    0xff, 0xff, 0xff, 0xff, 0xff, 0xff, 0xf0,

    /* U+004D "M" */
    0xff, 0xf8, 0x0, 0x3, 0xff, 0xff, 0xff, 0x80,
    0x0, 0xff, 0xff, 0xff, 0xf0, 0x0, 0x1f, 0xff,
    0xff, 0xfe, 0x0, 0x3, 0xff, 0xff, 0xff, 0xe0,
    0x0, 0xff, 0xff, 0xff, 0xfc, 0x0, 0x1f, 0xff,
    0xff, 0xff, 0x80, 0x3, 0xff, 0xff, 0xff, 0xf8,
    0x0, 0xff, 0xff, 0xff, 0xff, 0x0, 0x1f, 0xff,
    0xff, 0xff, 0xe0, 0x3, 0xff, 0xff, 0xff, 0xfc,
    0x0, 0x7f, 0xff, 0xff, 0xff, 0xc0, 0x1f, 0xff,
    0xff, 0xfb, 0xf8, 0x3, 0xfb, 0xff, 0xff, 0x7f,
    0x0, 0x7f, 0x7f, 0xff, 0xef, 0xf0, 0x1f, 0xef,
    0xff, 0xfd, 0xfe, 0x3, 0xf9, 0xff, 0xff, 0x9f,
    0xc0, 0x7f, 0x3f, 0xff, 0xf3, 0xf8, 0x1f, 0xe7,
    0xff, 0xfe, 0x7f, 0x83, 0xf8, 0xff, 0xff, 0xc7,
    0xf0, 0x7f, 0x1f, 0xff, 0xf8, 0xfe, 0xf, 0xe3,
    0xff, 0xff, 0x1f, 0xe3, 0xf8, 0x7f, 0xff, 0xe1,
    0xfc, 0x7f, 0xf, 0xff, 0xfc, 0x3f, 0x8f, 0xe1,
    0xff, 0xff, 0x87, 0xfb, 0xfc, 0x3f, 0xff, 0xf0,
    0x7f, 0x7f, 0x7, 0xff, 0xfe, 0xf, 0xef, 0xe0,
    0xff, 0xff, 0xc1, 0xff, 0xfc, 0x1f, 0xff, 0xf8,
    0x3f, 0xff, 0x3, 0xff, 0xff, 0x3, 0xff, 0xe0,
    0x7f, 0xff, 0xe0, 0x7f, 0xfc, 0xf, 0xff, 0xfc,
    0xf, 0xff, 0x1, 0xff, 0xff, 0x80, 0xff, 0xe0,
    0x3f, 0xff, 0xf0, 0x1f, 0xfc, 0x7, 0xff, 0xfe,
    0x3, 0xff, 0x80, 0xff, 0xff, 0xc0, 0x3f, 0xe0,
    0x1f, 0xff, 0xf8, 0x3, 0xf8, 0x3, 0xff, 0xff,
    0x0, 0x0, 0x0, 0x7f, 0xff, 0xe0, 0x0, 0x0,
    0xf, 0xff, 0xfc, 0x0, 0x0, 0x1, 0xff, 0xff,
    0x80, 0x0, 0x0, 0x3f, 0xff, 0xf0, 0x0, 0x0,
    0x7, 0xff, 0xfe, 0x0, 0x0, 0x0, 0xff, 0xff,
    0xc0, 0x0, 0x0, 0x1f, 0xff, 0xf8, 0x0, 0x0,
    0x3, 0xff, 0xff, 0x0, 0x0, 0x0, 0x7f, 0xff,
    0xe0, 0x0, 0x0, 0xf, 0xf8,

    /* U+004E "N" */
    0xff, 0x80, 0x0, 0xff, 0xff, 0xc0, 0x0, 0x7f,
    0xff, 0xf0, 0x0, 0x3f, 0xff, 0xf8, 0x0, 0x1f,
    0xff, 0xfe, 0x0, 0xf, 0xff, 0xff, 0x80, 0x7,
    0xff, 0xff, 0xc0, 0x3, 0xff, 0xff, 0xf0, 0x1,
    0xff, 0xff, 0xf8, 0x0, 0xff, 0xff, 0xfe, 0x0,
    0x7f, 0xff, 0xff, 0x0, 0x3f, 0xff, 0xff, 0xc0,
    0x1f, 0xff, 0xff, 0xe0, 0xf, 0xff, 0xff, 0xf8,
    0x7, 0xff, 0xff, 0xfc, 0x3, 0xff, 0xff, 0xff,
    0x1, 0xff, 0xff, 0xff, 0x80, 0xff, 0xff, 0xff,
    0xe0, 0x7f, 0xff, 0xff, 0xf8, 0x3f, 0xff, 0xf7,
    0xfc, 0x1f, 0xff, 0xfb, 0xff, 0xf, 0xff, 0xfc,
    0xff, 0x87, 0xff, 0xfe, 0x7f, 0xe3, 0xff, 0xff,
    0x1f, 0xf1, 0xff, 0xff, 0x8f, 0xfc, 0xff, 0xff,
    0xc3, 0xfe, 0x7f, 0xff, 0xe1, 0xff, 0xbf, 0xff,
    0xf0, 0x7f, 0xdf, 0xff, 0xf8, 0x3f, 0xff, 0xff,
    0xfc, 0xf, 0xff, 0xff, 0xfe, 0x3, 0xff, 0xff,
    0xff, 0x1, 0xff, 0xff, 0xff, 0x80, 0x7f, 0xff,
    0xff, 0xc0, 0x3f, 0xff, 0xff, 0xe0, 0xf, 0xff,
    0xff, 0xf0, 0x7, 0xff, 0xff, 0xf8, 0x1, 0xff,
    0xff, 0xfc, 0x0, 0xff, 0xff, 0xfe, 0x0, 0x3f,
    0xff, 0xff, 0x0, 0x1f, 0xff, 0xff, 0x80, 0x7,
    0xff, 0xff, 0xc0, 0x1, 0xff, 0xff, 0xe0, 0x0,
    0xff, 0xff, 0xf0, 0x0, 0x3f, 0xff, 0xf8, 0x0,
    0x1f, 0xff, 0xfc, 0x0, 0x7, 0xff, 0xfe, 0x0,
    0x3, 0xfe,

    /* U+004F "O" */
    0x0, 0xff, 0xff, 0x0, 0x7, 0xff, 0xff, 0xe0,
    0xf, 0xff, 0xff, 0xf0, 0x1f, 0xff, 0xff, 0xf8,
    0x3f, 0xff, 0xff, 0xfc, 0x7f, 0xff, 0xff, 0xfe,
    0x7f, 0xff, 0xff, 0xfe, 0x7f, 0xff, 0xff, 0xfe,
    0xff, 0xe0, 0x7, 0xff, 0xff, 0xc0, 0x3, 0xff,
    0xff, 0x80, 0x1, 0xff, 0xff, 0x80, 0x1, 0xff,
    0xff, 0x80, 0x1, 0xff, 0xff, 0x80, 0x1, 0xff,
    0xff, 0x80, 0x1, 0xff, 0xff, 0x80, 0x1, 0xff,
    0xff, 0x80, 0x1, 0xff, 0xff, 0x80, 0x1, 0xff,
    0xff, 0x80, 0x1, 0xff, 0xff, 0x80, 0x1, 0xff,
    0xff, 0x80, 0x1, 0xff, 0xff, 0x80, 0x1, 0xff,
    0xff, 0x80, 0x1, 0xff, 0xff, 0x80, 0x1, 0xff,
    0xff, 0x80, 0x1, 0xff, 0xff, 0x80, 0x1, 0xff,
    0xff, 0x80, 0x1, 0xff, 0xff, 0x80, 0x1, 0xff,
    0xff, 0x80, 0x1, 0xff, 0xff, 0x80, 0x1, 0xff,
    0xff, 0x80, 0x1, 0xff, 0xff, 0x80, 0x1, 0xff,
    0xff, 0x80, 0x1, 0xff, 0xff, 0x80, 0x1, 0xff,
    0xff, 0x80, 0x1, 0xff, 0xff, 0x80, 0x1, 0xff,
    0xff, 0x80, 0x1, 0xff, 0xff, 0xc0, 0x3, 0xff,
    0xff, 0xe0, 0x7, 0xff, 0x7f, 0xff, 0xff, 0xfe,
    0x7f, 0xff, 0xff, 0xfe, 0x7f, 0xff, 0xff, 0xfe,
    0x3f, 0xff, 0xff, 0xfc, 0x1f, 0xff, 0xff, 0xf8,
    0xf, 0xff, 0xff, 0xf0, 0x7, 0xff, 0xff, 0xe0,
    0x0, 0xff, 0xff, 0x0,

    /* U+0050 "P" */
    0xff, 0xff, 0xfe, 0x1, 0xff, 0xff, 0xff, 0x83,
    0xff, 0xff, 0xff, 0x87, 0xff, 0xff, 0xff, 0x8f,
    0xff, 0xff, 0xff, 0x9f, 0xff, 0xff, 0xff, 0xbf,
    0xff, 0xff, 0xff, 0x7f, 0xff, 0xff, 0xfe, 0xff,
    0x80, 0xf, 0xff, 0xff, 0x0, 0xf, 0xff, 0xfe,
    0x0, 0xf, 0xff, 0xfc, 0x0, 0x1f, 0xff, 0xf8,
    0x0, 0x3f, 0xff, 0xf0, 0x0, 0x7f, 0xff, 0xe0,
    0x0, 0xff, 0xff, 0xc0, 0x1, 0xff, 0xff, 0x80,
    0x3, 0xff, 0xff, 0x0, 0x7, 0xff, 0xfe, 0x0,
    0xf, 0xff, 0xfc, 0x0, 0x1f, 0xff, 0xf8, 0x0,
    0x3f, 0xff, 0xf0, 0x0, 0xff, 0xff, 0xe0, 0x3,
    0xff, 0xff, 0xff, 0xff, 0xfe, 0xff, 0xff, 0xff,
    0xfd, 0xff, 0xff, 0xff, 0xfb, 0xff, 0xff, 0xff,
    0xe7, 0xff, 0xff, 0xff, 0x8f, 0xff, 0xff, 0xfe,
    0x1f, 0xff, 0xff, 0xf8, 0x3f, 0xff, 0xff, 0x80,
    0x7f, 0xc0, 0x0, 0x0, 0xff, 0x80, 0x0, 0x1,
    0xff, 0x0, 0x0, 0x3, 0xfe, 0x0, 0x0, 0x7,
    0xfc, 0x0, 0x0, 0xf, 0xf8, 0x0, 0x0, 0x1f,
    0xf0, 0x0, 0x0, 0x3f, 0xe0, 0x0, 0x0, 0x7f,
    0xc0, 0x0, 0x0, 0xff, 0x80, 0x0, 0x1, 0xff,
    0x0, 0x0, 0x3, 0xfe, 0x0, 0x0, 0x7, 0xfc,
    0x0, 0x0, 0xf, 0xf8, 0x0, 0x0, 0x1f, 0xf0,
    0x0, 0x0, 0x3f, 0xe0, 0x0, 0x0, 0x0,

    /* U+0051 "Q" */
    0x0, 0xff, 0xff, 0x0, 0x7, 0xff, 0xff, 0xe0,
    0xf, 0xff, 0xff, 0xf0, 0x1f, 0xff, 0xff, 0xf8,
    0x3f, 0xff, 0xff, 0xfc, 0x7f, 0xff, 0xff, 0xfe,
    0x7f, 0xff, 0xff, 0xfe, 0x7f, 0xff, 0xff, 0xfe,
    0xff, 0xe0, 0x7, 0xff, 0xff, 0xc0, 0x3, 0xff,
    0xff, 0x80, 0x1, 0xff, 0xff, 0x80, 0x1, 0xff,
    0xff, 0x80, 0x1, 0xff, 0xff, 0x80, 0x1, 0xff,
    0xff, 0x80, 0x1, 0xff, 0xff, 0x80, 0x1, 0xff,
    0xff, 0x80, 0x1, 0xff, 0xff, 0x80, 0x1, 0xff,
    0xff, 0x80, 0x1, 0xff, 0xff, 0x80, 0x1, 0xff,
    0xff, 0x80, 0x1, 0xff, 0xff, 0x80, 0x1, 0xff,
    0xff, 0x80, 0x1, 0xff, 0xff, 0x80, 0x1, 0xff,
    0xff, 0x80, 0x1, 0xff, 0xff, 0x80, 0x1, 0xff,
    0xff, 0x80, 0x1, 0xff, 0xff, 0x80, 0x1, 0xff,
    0xff, 0x80, 0x1, 0xff, 0xff, 0x80, 0x1, 0xff,
    0xff, 0x80, 0x1, 0xff, 0xff, 0x80, 0x1, 0xff,
    0xff, 0x80, 0x1, 0xff, 0xff, 0x80, 0x1, 0xff,
    0xff, 0x80, 0x1, 0xff, 0xff, 0x80, 0x1, 0xff,
    0xff, 0x80, 0x1, 0xff, 0xff, 0xc0, 0x3, 0xff,
    0xff, 0xe0, 0x7, 0xff, 0x7f, 0xff, 0xff, 0xfe,
    0x7f, 0xff, 0xff, 0xfe, 0x7f, 0xff, 0xff, 0xfe,
    0x3f, 0xff, 0xff, 0xfc, 0x1f, 0xff, 0xff, 0xf8,
    0xf, 0xff, 0xff, 0xf0, 0x7, 0xff, 0xff, 0xe0,
    0x0, 0xff, 0xff, 0x0, 0x0, 0x3, 0xff, 0x0,
    0x0, 0x1, 0xff, 0x0, 0x0, 0x1, 0xff, 0x80,
    0x0, 0x0, 0xff, 0xc0, 0x0, 0x0, 0xff, 0xc0,
    0x0, 0x0, 0x7f, 0xe0, 0x0, 0x0, 0x3f, 0xe0,
    0x0, 0x0, 0x3f, 0xf0, 0x0, 0x0, 0x1f, 0xf0,
    0x0, 0x0, 0x7, 0xe0,

    /* U+0052 "R" */
    0xff, 0xff, 0xfe, 0x0, 0x7f, 0xff, 0xff, 0xe0,
    0x3f, 0xff, 0xff, 0xf8, 0x1f, 0xff, 0xff, 0xfe,
    0xf, 0xff, 0xff, 0xff, 0x87, 0xff, 0xff, 0xff,
    0xe3, 0xff, 0xff, 0xff, 0xf1, 0xff, 0xff, 0xff,
    0xf8, 0xff, 0x80, 0xf, 0xfe, 0x7f, 0xc0, 0x3,
    0xff, 0x3f, 0xe0, 0x0, 0xff, 0x9f, 0xf0, 0x0,
    0x7f, 0xcf, 0xf8, 0x0, 0x3f, 0xe7, 0xfc, 0x0,
    0x1f, 0xf3, 0xfe, 0x0, 0xf, 0xf9, 0xff, 0x0,
    0x7, 0xfc, 0xff, 0x80, 0x3, 0xfe, 0x7f, 0xc0,
    0x1, 0xff, 0x3f, 0xe0, 0x0, 0xff, 0x9f, 0xf0,
    0x0, 0x7f, 0xcf, 0xf8, 0x0, 0x7f, 0xe7, 0xfc,
    0x0, 0x7f, 0xf3, 0xff, 0xff, 0xff, 0xf1, 0xff,
    0xff, 0xff, 0xf8, 0xff, 0xff, 0xff, 0xfc, 0x7f,
    0xff, 0xff, 0xfc, 0x3f, 0xff, 0xff, 0xfc, 0x1f,
    0xff, 0xff, 0xfc, 0xf, 0xff, 0xff, 0xfc, 0x7,
    0xff, 0xff, 0xfc, 0x3, 0xfe, 0x7, 0xfe, 0x1,
    0xff, 0x1, 0xff, 0x80, 0xff, 0x80, 0xff, 0xc0,
    0x7f, 0xc0, 0x3f, 0xf0, 0x3f, 0xe0, 0x1f, 0xf8,
    0x1f, 0xf0, 0x7, 0xfe, 0xf, 0xf8, 0x3, 0xff,
    0x7, 0xfc, 0x0, 0xff, 0xc3, 0xfe, 0x0, 0x7f,
    0xe1, 0xff, 0x0, 0x1f, 0xf8, 0xff, 0x80, 0xf,
    0xfc, 0x7f, 0xc0, 0x3, 0xff, 0x3f, 0xe0, 0x1,
    0xff, 0x9f, 0xf0, 0x0, 0xff, 0xef, 0xf8, 0x0,
    0x3f, 0xf7, 0xfc, 0x0, 0x1f, 0xfb, 0xfe, 0x0,
    0x7, 0xfc,

    /* U+0053 "S" */
    0x0, 0xff, 0xfe, 0x0, 0x7, 0xff, 0xff, 0xc0,
    0xf, 0xff, 0xff, 0xe0, 0x1f, 0xff, 0xff, 0xf0,
    0x3f, 0xff, 0xff, 0xf8, 0x7f, 0xff, 0xff, 0xfc,
    0x7f, 0xff, 0xff, 0xfc, 0x7f, 0xff, 0xff, 0xfc,
    0xff, 0xe0, 0xf, 0xfe, 0xff, 0xc0, 0x7, 0xfe,
    0xff, 0x80, 0x3, 0xfe, 0xff, 0x80, 0x3, 0xfe,
    0xff, 0x80, 0x3, 0xfe, 0xff, 0x80, 0x3, 0xfe,
    0xff, 0x80, 0x3, 0xfe, 0xff, 0x80, 0x0, 0x0,
    0xff, 0x80, 0x0, 0x0, 0xff, 0xc0, 0x0, 0x0,
    0xff, 0xf8, 0x0, 0x0, 0x7f, 0xff, 0xf0, 0x0,
    0x7f, 0xff, 0xff, 0x0, 0x7f, 0xff, 0xff, 0xc0,
    0x3f, 0xff, 0xff, 0xf0, 0x1f, 0xff, 0xff, 0xf8,
    0xf, 0xff, 0xff, 0xfc, 0x7, 0xff, 0xff, 0xfc,
    0x0, 0xff, 0xff, 0xfe, 0x0, 0xf, 0xff, 0xfe,
    0x0, 0x0, 0x3f, 0xff, 0x0, 0x0, 0x7, 0xff,
    0x0, 0x0, 0x3, 0xff, 0x0, 0x0, 0x1, 0xff,
    0xff, 0x80, 0x1, 0xff, 0xff, 0x80, 0x1, 0xff,
    0xff, 0x80, 0x1, 0xff, 0xff, 0x80, 0x1, 0xff,
    0xff, 0x80, 0x1, 0xff, 0xff, 0xc0, 0x3, 0xff,
    0xff, 0xe0, 0x7, 0xff, 0x7f, 0xff, 0xff, 0xfe,
    0x7f, 0xff, 0xff, 0xfe, 0x7f, 0xff, 0xff, 0xfe,
    0x3f, 0xff, 0xff, 0xfc, 0x1f, 0xff, 0xff, 0xf8,
    0xf, 0xff, 0xff, 0xf0, 0x7, 0xff, 0xff, 0xe0,
    0x0, 0xff, 0xff, 0x0,

    /* U+0054 "T" */
    0xff, 0xff, 0xff, 0xff, 0xff, 0xff, 0xff, 0xff,
    0xff, 0xff, 0xff, 0xff, 0xff, 0xff, 0xff, 0xff,
    0xff, 0xff, 0xff, 0xff, 0xff, 0xff, 0xff, 0xff,
    0xff, 0xff, 0xff, 0xff, 0xff, 0xff, 0x0, 0x1f,
    0xf0, 0x0, 0x0, 0x7f, 0xc0, 0x0, 0x1, 0xff,
    0x0, 0x0, 0x7, 0xfc, 0x0, 0x0, 0x1f, 0xf0,
    0x0, 0x0, 0x7f, 0xc0, 0x0, 0x1, 0xff, 0x0,
    0x0, 0x7, 0xfc, 0x0, 0x0, 0x1f, 0xf0, 0x0,
    0x0, 0x7f, 0xc0, 0x0, 0x1, 0xff, 0x0, 0x0,
    0x7, 0xfc, 0x0, 0x0, 0x1f, 0xf0, 0x0, 0x0,
    0x7f, 0xc0, 0x0, 0x1, 0xff, 0x0, 0x0, 0x7,
    0xfc, 0x0, 0x0, 0x1f, 0xf0, 0x0, 0x0, 0x7f,
    0xc0, 0x0, 0x1, 0xff, 0x0, 0x0, 0x7, 0xfc,
    0x0, 0x0, 0x1f, 0xf0, 0x0, 0x0, 0x7f, 0xc0,
    0x0, 0x1, 0xff, 0x0, 0x0, 0x7, 0xfc, 0x0,
    0x0, 0x1f, 0xf0, 0x0, 0x0, 0x7f, 0xc0, 0x0,
    0x1, 0xff, 0x0, 0x0, 0x7, 0xfc, 0x0, 0x0,
    0x1f, 0xf0, 0x0, 0x0, 0x7f, 0xc0, 0x0, 0x1,
    0xff, 0x0, 0x0, 0x7, 0xfc, 0x0, 0x0, 0x1f,
    0xf0, 0x0, 0x0, 0x7f, 0xc0, 0x0, 0x1, 0xff,
    0x0, 0x0, 0x7, 0xfc, 0x0, 0x0, 0x1f, 0xf0,
    0x0, 0x0, 0x7f, 0xc0, 0x0, 0x1, 0xff, 0x0,
    0x0,

    /* U+0055 "U" */
    0xff, 0x80, 0x1, 0xff, 0xff, 0x80, 0x1, 0xff,
    0xff, 0x80, 0x1, 0xff, 0xff, 0x80, 0x1, 0xff,
    0xff, 0x80, 0x1, 0xff, 0xff, 0x80, 0x1, 0xff,
    0xff, 0x80, 0x1, 0xff, 0xff, 0x80, 0x1, 0xff,
    0xff, 0x80, 0x1, 0xff, 0xff, 0x80, 0x1, 0xff,
    0xff, 0x80, 0x1, 0xff, 0xff, 0x80, 0x1, 0xff,
    0xff, 0x80, 0x1, 0xff, 0xff, 0x80, 0x1, 0xff,
    0xff, 0x80, 0x1, 0xff, 0xff, 0x80, 0x1, 0xff,
    0xff, 0x80, 0x1, 0xff, 0xff, 0x80, 0x1, 0xff,
    0xff, 0x80, 0x1, 0xff, 0xff, 0x80, 0x1, 0xff,
    0xff, 0x80, 0x1, 0xff, 0xff, 0x80, 0x1, 0xff,
    0xff, 0x80, 0x1, 0xff, 0xff, 0x80, 0x1, 0xff,
    0xff, 0x80, 0x1, 0xff, 0xff, 0x80, 0x1, 0xff,
    0xff, 0x80, 0x1, 0xff, 0xff, 0x80, 0x1, 0xff,
    0xff, 0x80, 0x1, 0xff, 0xff, 0x80, 0x1, 0xff,
    0xff, 0x80, 0x1, 0xff, 0xff, 0x80, 0x1, 0xff,
    0xff, 0x80, 0x1, 0xff, 0xff, 0x80, 0x1, 0xff,
    0xff, 0x80, 0x1, 0xff, 0xff, 0x80, 0x1, 0xff,
    0xff, 0x80, 0x1, 0xff, 0xff, 0xc0, 0x3, 0xff,
    0xff, 0xe0, 0x7, 0xff, 0x7f, 0xff, 0xff, 0xfe,
    0x7f, 0xff, 0xff, 0xfe, 0x7f, 0xff, 0xff, 0xfe,
    0x3f, 0xff, 0xff, 0xfc, 0x1f, 0xff, 0xff, 0xf8,
    0xf, 0xff, 0xff, 0xf0, 0x7, 0xff, 0xff, 0xe0,
    0x0, 0xff, 0xff, 0x0,

    /* U+0056 "V" */
    0xff, 0xc0, 0x0, 0x3f, 0xef, 0xfc, 0x0, 0x7,
    0xfe, 0xff, 0xc0, 0x0, 0x7f, 0xe7, 0xfe, 0x0,
    0x7, 0xfe, 0x7f, 0xe0, 0x0, 0x7f, 0xe7, 0xfe,
    0x0, 0x7, 0xfc, 0x7f, 0xe0, 0x0, 0xff, 0xc3,
    0xfe, 0x0, 0xf, 0xfc, 0x3f, 0xf0, 0x0, 0xff,
    0xc3, 0xff, 0x0, 0xf, 0xf8, 0x3f, 0xf0, 0x0,
    0xff, 0x81, 0xff, 0x0, 0x1f, 0xf8, 0x1f, 0xf0,
    0x1, 0xff, 0x81, 0xff, 0x80, 0x1f, 0xf0, 0x1f,
    0xf8, 0x1, 0xff, 0x0, 0xff, 0x80, 0x1f, 0xf0,
    0xf, 0xf8, 0x3, 0xff, 0x0, 0xff, 0x80, 0x3f,
    0xe0, 0xf, 0xfc, 0x3, 0xfe, 0x0, 0x7f, 0xc0,
    0x3f, 0xe0, 0x7, 0xfc, 0x7, 0xfe, 0x0, 0x7f,
    0xc0, 0x7f, 0xc0, 0x7, 0xfc, 0x7, 0xfc, 0x0,
    0x3f, 0xe0, 0x7f, 0xc0, 0x3, 0xfe, 0x7, 0xfc,
    0x0, 0x3f, 0xe0, 0xff, 0x80, 0x3, 0xfe, 0xf,
    0xf8, 0x0, 0x1f, 0xf0, 0xff, 0x80, 0x1, 0xff,
    0xf, 0xf8, 0x0, 0x1f, 0xf0, 0xff, 0x0, 0x1,
    0xff, 0x1f, 0xf0, 0x0, 0xf, 0xf1, 0xff, 0x0,
    0x0, 0xff, 0x9f, 0xf0, 0x0, 0xf, 0xf9, 0xfe,
    0x0, 0x0, 0x7f, 0x9f, 0xe0, 0x0, 0x7, 0xfb,
    0xfe, 0x0, 0x0, 0x7f, 0xbf, 0xe0, 0x0, 0x7,
    0xff, 0xfc, 0x0, 0x0, 0x3f, 0xff, 0xc0, 0x0,
    0x3, 0xff, 0xfc, 0x0, 0x0, 0x3f, 0xff, 0xc0,
    0x0, 0x3, 0xff, 0xf8, 0x0, 0x0, 0x1f, 0xff,
    0x80, 0x0, 0x1, 0xff, 0xf8, 0x0, 0x0, 0x1f,
    0xff, 0x80, 0x0, 0x1, 0xff, 0xf0, 0x0, 0x0,
    0xf, 0xff, 0x0, 0x0,

    /* U+0057 "W" */
    0x7f, 0xe0, 0x1, 0xff, 0x80, 0x3, 0xff, 0xff,
    0xe0, 0x1, 0xff, 0xc0, 0x7, 0xff, 0x7f, 0xe0,
    0x3, 0xff, 0xc0, 0x7, 0xff, 0x7f, 0xe0, 0x3,
    0xff, 0xc0, 0x7, 0xff, 0x7f, 0xe0, 0x3, 0xff,
    0xc0, 0x7, 0xff, 0x7f, 0xe0, 0x3, 0xff, 0xe0,
    0x7, 0xfe, 0x7f, 0xf0, 0x3, 0xff, 0xe0, 0x7,
    0xfe, 0x7f, 0xf0, 0x7, 0xff, 0xe0, 0x7, 0xfe,
    0x3f, 0xf0, 0x7, 0xff, 0xe0, 0x7, 0xfe, 0x3f,
    0xf0, 0x7, 0xff, 0xe0, 0x7, 0xfe, 0x3f, 0xf0,
    0x7, 0xff, 0xf0, 0xf, 0xfe, 0x3f, 0xf0, 0x7,
    0xf7, 0xf0, 0xf, 0xfc, 0x3f, 0xf0, 0xf, 0xf7,
    0xf0, 0xf, 0xfc, 0x3f, 0xf0, 0xf, 0xf7, 0xf0,
    0xf, 0xfc, 0x1f, 0xf8, 0xf, 0xf7, 0xf0, 0xf,
    0xfc, 0x1f, 0xf8, 0xf, 0xe7, 0xf8, 0xf, 0xfc,
    0x1f, 0xf8, 0xf, 0xe7, 0xf8, 0xf, 0xfc, 0x1f,
    0xf8, 0xf, 0xe3, 0xf8, 0xf, 0xf8, 0x1f, 0xf8,
    0x1f, 0xe3, 0xf8, 0xf, 0xf8, 0x1f, 0xf8, 0x1f,
    0xe3, 0xf8, 0x1f, 0xf8, 0xf, 0xf8, 0x1f, 0xc3,
    0xfc, 0x1f, 0xf8, 0xf, 0xf8, 0x1f, 0xc3, 0xfc,
    0x1f, 0xf8, 0xf, 0xf8, 0x1f, 0xc1, 0xfc, 0x1f,
    0xf0, 0xf, 0xfc, 0x3f, 0xc1, 0xfc, 0x1f, 0xf0,
    0xf, 0xfc, 0x3f, 0xc1, 0xfc, 0x1f, 0xf0, 0x7,
    0xfc, 0x3f, 0x81, 0xfc, 0x1f, 0xf0, 0x7, 0xfc,
    0x3f, 0x81, 0xfe, 0x1f, 0xf0, 0x7, 0xfc, 0x3f,
    0x80, 0xfe, 0x1f, 0xf0, 0x7, 0xfc, 0x7f, 0x80,
    0xfe, 0x3f, 0xe0, 0x7, 0xfc, 0x7f, 0x80, 0xfe,
    0x3f, 0xe0, 0x7, 0xfc, 0x7f, 0x80, 0xfe, 0x3f,
    0xe0, 0x3, 0xfe, 0x7f, 0x0, 0xff, 0x3f, 0xe0,
    0x3, 0xfe, 0x7f, 0x0, 0xff, 0x3f, 0xe0, 0x3,
    0xfe, 0xff, 0x0, 0x7f, 0x3f, 0xe0, 0x3, 0xfe,
    0xff, 0x0, 0x7f, 0x3f, 0xc0, 0x3, 0xfe, 0xff,
    0x0, 0x7f, 0x3f, 0xc0, 0x3, 0xfe, 0xfe, 0x0,
    0x7f, 0xbf, 0xc0, 0x1, 0xfe, 0xfe, 0x0, 0x7f,
    0xff, 0xc0, 0x1, 0xff, 0xfe, 0x0, 0x3f, 0xff,
    0xc0, 0x1, 0xff, 0xfe, 0x0, 0x3f, 0xff, 0x80,
    0x1, 0xff, 0xfe, 0x0, 0x3f, 0xff, 0x80, 0x1,
    0xff, 0xfc, 0x0, 0x3f, 0xff, 0x80, 0x0, 0xff,
    0xfc, 0x0, 0x3f, 0xff, 0x80, 0x0, 0xff, 0xfc,
    0x0, 0x1f, 0xff, 0x80, 0x0, 0xff, 0xfc, 0x0,
    0x1f, 0xff, 0x80, 0x0, 0xff, 0xfc, 0x0, 0x1f,
    0xff, 0x0, 0x0, 0x7f, 0xf8, 0x0, 0x1f, 0xff,
    0x0,

    /* U+0058 "X" */
    0xff, 0xc0, 0x0, 0x7f, 0xff, 0xf8, 0x0, 0x1f,
    0xfd, 0xff, 0x80, 0x3, 0xff, 0x3f, 0xf0, 0x0,
    0x7f, 0xe3, 0xff, 0x0, 0x1f, 0xf8, 0x7f, 0xe0,
    0x3, 0xff, 0x7, 0xfe, 0x0, 0xff, 0xc0, 0xff,
    0xc0, 0x1f, 0xf8, 0xf, 0xf8, 0x7, 0xfe, 0x1,
    0xff, 0x80, 0xff, 0xc0, 0x1f, 0xf0, 0x3f, 0xf0,
    0x3, 0xff, 0x7, 0xfe, 0x0, 0x3f, 0xe0, 0xff,
    0x80, 0x7, 0xfe, 0x3f, 0xf0, 0x0, 0x7f, 0xc7,
    0xfc, 0x0, 0xf, 0xfd, 0xff, 0x80, 0x0, 0xff,
    0xbf, 0xe0, 0x0, 0x1f, 0xff, 0xfc, 0x0, 0x1,
    0xff, 0xff, 0x0, 0x0, 0x3f, 0xff, 0xe0, 0x0,
    0x3, 0xff, 0xf8, 0x0, 0x0, 0x7f, 0xff, 0x0,
    0x0, 0x7, 0xff, 0xc0, 0x0, 0x0, 0xff, 0xf8,
    0x0, 0x0, 0x3f, 0xff, 0x80, 0x0, 0x7, 0xff,
    0xf0, 0x0, 0x1, 0xff, 0xff, 0x0, 0x0, 0x3f,
    0xff, 0xe0, 0x0, 0xf, 0xff, 0xfe, 0x0, 0x1,
    0xff, 0xff, 0xc0, 0x0, 0x7f, 0xef, 0xfc, 0x0,
    0xf, 0xfd, 0xff, 0x80, 0x3, 0xff, 0x1f, 0xf8,
    0x0, 0x7f, 0xe3, 0xff, 0x0, 0x1f, 0xf8, 0x3f,
    0xf0, 0x3, 0xff, 0x7, 0xfe, 0x0, 0xff, 0xc0,
    0x7f, 0xe0, 0x1f, 0xf8, 0xf, 0xfc, 0x7, 0xfe,
    0x0, 0xff, 0xc0, 0xff, 0xc0, 0x1f, 0xf8, 0x3f,
    0xf0, 0x3, 0xff, 0x87, 0xfe, 0x0, 0x3f, 0xf1,
    0xff, 0x80, 0x7, 0xff, 0x3f, 0xf0, 0x0, 0x7f,
    0xef, 0xfe, 0x0, 0xf, 0xff, 0xff, 0x80, 0x0,
    0xff, 0xff, 0xe0, 0x0, 0x1f, 0xf8,

    /* U+0059 "Y" */
    0xff, 0xc0, 0x0, 0x7f, 0xef, 0xfc, 0x0, 0x7,
    0xfe, 0xff, 0xe0, 0x0, 0xff, 0xe7, 0xfe, 0x0,
    0xf, 0xfc, 0x7f, 0xe0, 0x0, 0xff, 0xc3, 0xff,
    0x0, 0x1f, 0xf8, 0x3f, 0xf0, 0x1, 0xff, 0x81,
    0xff, 0x80, 0x3f, 0xf0, 0x1f, 0xf8, 0x3, 0xff,
    0x1, 0xff, 0x80, 0x3f, 0xf0, 0xf, 0xfc, 0x7,
    0xfe, 0x0, 0xff, 0xc0, 0x7f, 0xe0, 0x7, 0xfe,
    0xf, 0xfc, 0x0, 0x7f, 0xe0, 0xff, 0xc0, 0x3,
    0xfe, 0xf, 0xf8, 0x0, 0x3f, 0xf1, 0xff, 0x80,
    0x1, 0xff, 0x1f, 0xf0, 0x0, 0x1f, 0xf9, 0xff,
    0x0, 0x0, 0xff, 0xbf, 0xe0, 0x0, 0xf, 0xff,
    0xfe, 0x0, 0x0, 0x7f, 0xff, 0xc0, 0x0, 0x7,
    0xff, 0xfc, 0x0, 0x0, 0x3f, 0xff, 0x80, 0x0,
    0x3, 0xff, 0xf8, 0x0, 0x0, 0x3f, 0xff, 0x80,
    0x0, 0x1, 0xff, 0xf0, 0x0, 0x0, 0x1f, 0xff,
    0x0, 0x0, 0x0, 0xff, 0xe0, 0x0, 0x0, 0xf,
    0xfe, 0x0, 0x0, 0x0, 0x7f, 0xc0, 0x0, 0x0,
    0x7, 0xfc, 0x0, 0x0, 0x0, 0x7f, 0xc0, 0x0,
    0x0, 0x7, 0xfc, 0x0, 0x0, 0x0, 0x7f, 0xc0,
    0x0, 0x0, 0x7, 0xfc, 0x0, 0x0, 0x0, 0x7f,
    0xc0, 0x0, 0x0, 0x7, 0xfc, 0x0, 0x0, 0x0,
    0x7f, 0xc0, 0x0, 0x0, 0x7, 0xfc, 0x0, 0x0,
    0x0, 0x7f, 0xc0, 0x0, 0x0, 0x7, 0xfc, 0x0,
    0x0, 0x0, 0x7f, 0xc0, 0x0, 0x0, 0x7, 0xfc,
    0x0, 0x0, 0x0, 0x7f, 0xc0, 0x0, 0x0, 0x7,
    0xfc, 0x0, 0x0, 0x0, 0x7f, 0xc0, 0x0, 0x0,
    0x7, 0xfc, 0x0, 0x0,

    /* U+005A "Z" */
    0x7f, 0xff, 0xff, 0xfc, 0xff, 0xff, 0xff, 0xf9,
    0xff, 0xff, 0xff, 0xf3, 0xff, 0xff, 0xff, 0xe7,
    0xff, 0xff, 0xff, 0xcf, 0xff, 0xff, 0xff, 0x9f,
    0xff, 0xff, 0xff, 0x3f, 0xff, 0xff, 0xfe, 0x0,
    0x0, 0xf, 0xfc, 0x0, 0x0, 0x3f, 0xf8, 0x0,
    0x0, 0xff, 0xf0, 0x0, 0x1, 0xff, 0xc0, 0x0,
    0x7, 0xff, 0x80, 0x0, 0x1f, 0xfe, 0x0, 0x0,
    0x3f, 0xf8, 0x0, 0x0, 0xff, 0xe0, 0x0, 0x3,
    0xff, 0xc0, 0x0, 0x7, 0xff, 0x0, 0x0, 0x1f,
    0xfc, 0x0, 0x0, 0x3f, 0xf8, 0x0, 0x0, 0xff,
    0xe0, 0x0, 0x3, 0xff, 0x80, 0x0, 0x7, 0xff,
    0x0, 0x0, 0x1f, 0xfc, 0x0, 0x0, 0x7f, 0xf0,
    0x0, 0x0, 0xff, 0xe0, 0x0, 0x3, 0xff, 0x80,
    0x0, 0xf, 0xfe, 0x0, 0x0, 0x1f, 0xfc, 0x0,
    0x0, 0x7f, 0xf0, 0x0, 0x1, 0xff, 0xc0, 0x0,
    0x3, 0xff, 0x80, 0x0, 0xf, 0xfe, 0x0, 0x0,
    0x3f, 0xf8, 0x0, 0x0, 0x7f, 0xf0, 0x0, 0x1,
    0xff, 0xc0, 0x0, 0x7, 0xff, 0x0, 0x0, 0xf,
    0xfe, 0x0, 0x0, 0x3f, 0xf8, 0x0, 0x0, 0x7f,
    0xff, 0xff, 0xff, 0xff, 0xff, 0xff, 0xff, 0xff,
    0xff, 0xff, 0xff, 0xff, 0xff, 0xff, 0xff, 0xff,
    0xff, 0xff, 0xff, 0xff, 0xff, 0xff, 0xff, 0xff,
    0xff, 0xff, 0xff, 0xff, 0xff, 0xff, 0x80,

    /* U+005B "[" */
    0xff, 0xfb, 0xff, 0xff, 0xff, 0xff, 0xff, 0xff,
    0xff, 0xff, 0xef, 0xe0, 0x3f, 0x80, 0xfe, 0x3,
    0xf8, 0xf, 0xe0, 0x3f, 0x80, 0xfe, 0x3, 0xf8,
    0xf, 0xe0, 0x3f, 0x80, 0xfe, 0x3, 0xf8, 0xf,
    0xe0, 0x3f, 0x80, 0xfe, 0x3, 0xf8, 0xf, 0xe0,
    0x3f, 0x80, 0xfe, 0x3, 0xf8, 0xf, 0xe0, 0x3f,
    0x80, 0xfe, 0x3, 0xf8, 0xf, 0xe0, 0x3f, 0x80,
    0xfe, 0x3, 0xf8, 0xf, 0xe0, 0x3f, 0x80, 0xfe,
    0x3, 0xf8, 0xf, 0xe0, 0x3f, 0x80, 0xfe, 0x3,
    0xf8, 0xf, 0xe0, 0x3f, 0x80, 0xfe, 0x3, 0xf8,
    0xf, 0xe0, 0x3f, 0x80, 0xff, 0xfb, 0xff, 0xff,
    0xff, 0xff, 0xff, 0xff, 0xff, 0xff, 0xe0,

    /* U+005C "\\" */
    0xff, 0x0, 0x0, 0x3f, 0xe0, 0x0, 0x7, 0xf8,
    0x0, 0x1, 0xff, 0x0, 0x0, 0x7f, 0xc0, 0x0,
    0xf, 0xf0, 0x0, 0x3, 0xfe, 0x0, 0x0, 0xff,
    0x80, 0x0, 0x1f, 0xe0, 0x0, 0x7, 0xfc, 0x0,
    0x0, 0xff, 0x0, 0x0, 0x3f, 0xe0, 0x0, 0xf,
    0xf8, 0x0, 0x1, 0xfe, 0x0, 0x0, 0x7f, 0xc0,
    0x0, 0x1f, 0xf0, 0x0, 0x3, 0xfc, 0x0, 0x0,
    0xff, 0x80, 0x0, 0x1f, 0xe0, 0x0, 0x7, 0xfc,
    0x0, 0x1, 0xff, 0x0, 0x0, 0x3f, 0xc0, 0x0,
    0xf, 0xf8, 0x0, 0x3, 0xfe, 0x0, 0x0, 0x7f,
    0x80, 0x0, 0x1f, 0xf0, 0x0, 0x3, 0xfc, 0x0,
    0x0, 0xff, 0x80, 0x0, 0x3f, 0xe0, 0x0, 0x7,
    0xf8, 0x0, 0x1, 0xff, 0x0, 0x0, 0x7f, 0xc0,
    0x0, 0xf, 0xf0, 0x0, 0x3, 0xfe, 0x0, 0x0,
    0x7f, 0x80, 0x0, 0x1f, 0xf0, 0x0, 0x7, 0xfc,
    0x0, 0x0, 0xff, 0x0, 0x0, 0x3f, 0xe0, 0x0,
    0xf, 0xf8, 0x0, 0x1, 0xfe, 0x0, 0x0, 0x7f,
    0xc0, 0x0, 0xf, 0xf0, 0x0, 0x3, 0xfe, 0x0,
    0x0, 0xff, 0x80, 0x0, 0x1f, 0xe0, 0x0, 0x7,
    0xf8,

    /* U+005D "]" */
    0xff, 0xff, 0xff, 0xff, 0xff, 0xff, 0xff, 0xff,
    0xff, 0xfc, 0xf, 0xe0, 0x7f, 0x3, 0xf8, 0x1f,
    0xc0, 0xfe, 0x7, 0xf0, 0x3f, 0x81, 0xfc, 0xf,
    0xe0, 0x7f, 0x3, 0xf8, 0x1f, 0xc0, 0xfe, 0x7,
    0xf0, 0x3f, 0x81, 0xfc, 0xf, 0xe0, 0x7f, 0x3,
    0xf8, 0x1f, 0xc0, 0xfe, 0x7, 0xf0, 0x3f, 0x81,
    0xfc, 0xf, 0xe0, 0x7f, 0x3, 0xf8, 0x1f, 0xc0,
    0xfe, 0x7, 0xf0, 0x3f, 0x81, 0xfc, 0xf, 0xe0,
    0x7f, 0x3, 0xf8, 0x1f, 0xc0, 0xfe, 0x7, 0xf0,
    0x3f, 0x81, 0xfc, 0xf, 0xe0, 0x7f, 0xff, 0xff,
    0xff, 0xff, 0xff, 0xff, 0xff, 0xff, 0xff, 0xfc,

    /* U+005E "^" */
    0x0, 0xf, 0xe0, 0x0, 0x0, 0x7f, 0xf0, 0x0,
    0x1, 0xff, 0xf0, 0x0, 0x3, 0xff, 0xe0, 0x0,
    0xf, 0xff, 0xe0, 0x0, 0x1f, 0xff, 0xc0, 0x0,
    0x7f, 0xff, 0xc0, 0x1, 0xff, 0x7f, 0x80, 0x3,
    0xfc, 0xff, 0x80, 0xf, 0xf8, 0xff, 0x0, 0x1f,
    0xe1, 0xff, 0x0, 0x7f, 0xc1, 0xfe, 0x0, 0xff,
    0x3, 0xfe, 0x3, 0xfe, 0x3, 0xfc, 0x7, 0xf8,
    0x7, 0xfc, 0x1f, 0xf0, 0x7, 0xf8, 0x3f, 0xc0,
    0xf, 0xf8, 0xff, 0x80, 0xf, 0xf1, 0xfe, 0x0,
    0x1f, 0xf7, 0xfc, 0x0, 0x1f, 0xef, 0xf0, 0x0,
    0x1f, 0xe0,

    /* U+005F "_" */
    0xff, 0xff, 0xff, 0xff, 0xff, 0xff, 0xff, 0xff,
    0xff, 0xff, 0xff, 0xff, 0xff, 0xff, 0xff, 0xff,
    0xfe,

    /* U+0060 "`" */
    0xff, 0x83, 0xff, 0x7, 0xfe, 0xf, 0xf8, 0x1f,
    0xf0, 0x3f, 0xc0, 0x7f, 0x80, 0xfe, 0x3, 0xfc,

    /* U+0061 "a" */
    0x0, 0xff, 0xff, 0xfc, 0x1f, 0xff, 0xff, 0xf0,
    0xff, 0xff, 0xff, 0xc7, 0xff, 0xff, 0xff, 0x3f,
    0xff, 0xff, 0xfd, 0xff, 0xff, 0xff, 0xf7, 0xff,
    0xff, 0xff, 0xdf, 0xff, 0xff, 0xff, 0xff, 0xe0,
    0x7, 0xff, 0xff, 0x0, 0x1f, 0xff, 0xf8, 0x0,
    0x7f, 0xff, 0xe0, 0x1, 0xff, 0xff, 0x80, 0x7,
    0xff, 0xfe, 0x0, 0x1f, 0xff, 0xf8, 0x0, 0x7f,
    0xff, 0xe0, 0x1, 0xff, 0xff, 0x80, 0x7, 0xff,
    0xfe, 0x0, 0x1f, 0xff, 0xf8, 0x0, 0x7f, 0xff,
    0xe0, 0x1, 0xff, 0xff, 0x80, 0x7, 0xff, 0xfe,
    0x0, 0x1f, 0xff, 0xf8, 0x0, 0x7f, 0xff, 0xe0,
    0x1, 0xff, 0xff, 0x80, 0x7, 0xff, 0xfe, 0x0,
    0x1f, 0xff, 0xf8, 0x0, 0xff, 0xff, 0xf0, 0x3,
    0xff, 0xff, 0xe0, 0x3f, 0xfd, 0xff, 0xff, 0xff,
    0xf7, 0xff, 0xff, 0xff, 0xdf, 0xff, 0xff, 0xff,
    0x3f, 0xff, 0xff, 0xfc, 0x7f, 0xff, 0xff, 0xf0,
    0xff, 0xff, 0x7f, 0xc1, 0xff, 0xf9, 0xff, 0x0,
    0xff, 0x87, 0xfc,

    /* U+0062 "b" */
    0xff, 0x80, 0x0, 0x1, 0xff, 0x0, 0x0, 0x3,
    0xfe, 0x0, 0x0, 0x7, 0xfc, 0x0, 0x0, 0xf,
    0xf8, 0x0, 0x0, 0x1f, 0xf0, 0x0, 0x0, 0x3f,
    0xe0, 0x0, 0x0, 0x7f, 0xc0, 0x0, 0x0, 0xff,
    0x80, 0x0, 0x1, 0xff, 0x0, 0x0, 0x3, 0xfe,
    0x0, 0x0, 0x7, 0xfc, 0x0, 0x0, 0xf, 0xf8,
    0x0, 0x0, 0x1f, 0xf0, 0x0, 0x0, 0x3f, 0xe1,
    0xff, 0x80, 0x7f, 0xcf, 0xff, 0xe0, 0xff, 0xbf,
    0xff, 0xe1, 0xff, 0x7f, 0xff, 0xe3, 0xff, 0xff,
    0xff, 0xe7, 0xff, 0xff, 0xff, 0xef, 0xff, 0xff,
    0xff, 0xdf, 0xff, 0xff, 0xff, 0xbf, 0xfc, 0x3,
    0xff, 0xff, 0xe0, 0x3, 0xff, 0xff, 0xc0, 0x3,
    0xff, 0xff, 0x0, 0x7, 0xff, 0xfe, 0x0, 0xf,
    0xff, 0xfc, 0x0, 0x1f, 0xff, 0xf8, 0x0, 0x3f,
    0xff, 0xf0, 0x0, 0x7f, 0xff, 0xe0, 0x0, 0xff,
    0xff, 0xc0, 0x1, 0xff, 0xff, 0x80, 0x3, 0xff,
    0xff, 0x0, 0x7, 0xff, 0xfe, 0x0, 0xf, 0xff,
    0xfc, 0x0, 0x1f, 0xff, 0xf8, 0x0, 0x3f, 0xff,
    0xf0, 0x0, 0x7f, 0xff, 0xe0, 0x0, 0xff, 0xff,
    0xc0, 0x1, 0xff, 0xff, 0x80, 0x3, 0xff, 0xff,
    0x0, 0xf, 0xff, 0xfe, 0x0, 0x3f, 0xff, 0xff,
    0xff, 0xff, 0xef, 0xff, 0xff, 0xff, 0xdf, 0xff,
    0xff, 0xff, 0xbf, 0xff, 0xff, 0xfe, 0x7f, 0xff,
    0xff, 0xf8, 0xff, 0xff, 0xff, 0xe1, 0xff, 0xff,
    0xff, 0x83, 0xff, 0xff, 0xf8, 0x0,

    /* U+0063 "c" */
    0x0, 0xff, 0xff, 0x7, 0xff, 0xff, 0xf, 0xff,
    0xff, 0x1f, 0xff, 0xff, 0x3f, 0xff, 0xff, 0x7f,
    0xff, 0xff, 0x7f, 0xff, 0xff, 0x7f, 0xff, 0xff,
    0xff, 0xe0, 0x0, 0xff, 0xc0, 0x0, 0xff, 0x80,
    0x0, 0xff, 0x80, 0x0, 0xff, 0x80, 0x0, 0xff,
    0x80, 0x0, 0xff, 0x80, 0x0, 0xff, 0x80, 0x0,
    0xff, 0x80, 0x0, 0xff, 0x80, 0x0, 0xff, 0x80,
    0x0, 0xff, 0x80, 0x0, 0xff, 0x80, 0x0, 0xff,
    0x80, 0x0, 0xff, 0x80, 0x0, 0xff, 0x80, 0x0,
    0xff, 0x80, 0x0, 0xff, 0x80, 0x0, 0xff, 0x80,
    0x0, 0xff, 0xc0, 0x0, 0xff, 0xe0, 0x0, 0x7f,
    0xff, 0xff, 0x7f, 0xff, 0xff, 0x7f, 0xff, 0xff,
    0x3f, 0xff, 0xff, 0x1f, 0xff, 0xff, 0xf, 0xff,
    0xff, 0x7, 0xff, 0xff, 0x0, 0xff, 0xff,

    /* U+0064 "d" */
    0x0, 0x0, 0x3, 0xfe, 0x0, 0x0, 0x7, 0xfc,
    0x0, 0x0, 0xf, 0xf8, 0x0, 0x0, 0x1f, 0xf0,
    0x0, 0x0, 0x3f, 0xe0, 0x0, 0x0, 0x7f, 0xc0,
    0x0, 0x0, 0xff, 0x80, 0x0, 0x1, 0xff, 0x0,
    0x0, 0x3, 0xfe, 0x0, 0x0, 0x7, 0xfc, 0x0,
    0x0, 0xf, 0xf8, 0x0, 0x0, 0x1f, 0xf0, 0x0,
    0x0, 0x3f, 0xe0, 0x0, 0x0, 0x7f, 0xc0, 0x7f,
    0xf0, 0xff, 0x83, 0xff, 0xf9, 0xff, 0xf, 0xff,
    0xfb, 0xfe, 0x3f, 0xff, 0xff, 0xfc, 0xff, 0xff,
    0xff, 0xfb, 0xff, 0xff, 0xff, 0xf7, 0xff, 0xff,
    0xff, 0xff, 0xff, 0xff, 0xff, 0xff, 0xf8, 0x7,
    0xff, 0xff, 0xe0, 0x3, 0xff, 0xff, 0x80, 0x7,
    0xff, 0xff, 0x0, 0x7, 0xff, 0xfe, 0x0, 0xf,
    0xff, 0xfc, 0x0, 0x1f, 0xff, 0xf8, 0x0, 0x3f,
    0xff, 0xf0, 0x0, 0x7f, 0xff, 0xe0, 0x0, 0xff,
    0xff, 0xc0, 0x1, 0xff, 0xff, 0x80, 0x3, 0xff,
    0xff, 0x0, 0x7, 0xff, 0xfe, 0x0, 0xf, 0xff,
    0xfc, 0x0, 0x1f, 0xff, 0xf8, 0x0, 0x3f, 0xff,
    0xf0, 0x0, 0x7f, 0xff, 0xe0, 0x0, 0xff, 0xff,
    0xc0, 0x1, 0xff, 0xff, 0x80, 0x7, 0xff, 0xff,
    0x80, 0xf, 0xff, 0xff, 0x80, 0x7f, 0xff, 0xff,
    0xff, 0xff, 0xf7, 0xff, 0xff, 0xff, 0xef, 0xff,
    0xff, 0xff, 0xcf, 0xff, 0xff, 0xff, 0x9f, 0xff,
    0xff, 0xff, 0x1f, 0xff, 0xfb, 0xfe, 0xf, 0xff,
    0xe7, 0xfc, 0x7, 0xff, 0xf, 0xf8,

    /* U+0065 "e" */
    0x0, 0xff, 0xf8, 0x0, 0x3f, 0xff, 0xf8, 0x3,
    0xff, 0xff, 0xe0, 0x3f, 0xff, 0xff, 0x83, 0xff,
    0xff, 0xfe, 0x3f, 0xff, 0xff, 0xf9, 0xff, 0xff,
    0xff, 0xcf, 0xff, 0xff, 0xff, 0xff, 0xc0, 0x3f,
    0xff, 0xfc, 0x0, 0x7f, 0xff, 0xe0, 0x3, 0xff,
    0xff, 0x0, 0x1f, 0xff, 0xf8, 0x0, 0xff, 0xff,
    0xc0, 0x7, 0xff, 0xfe, 0x0, 0x3f, 0xff, 0xf0,
    0x1, 0xff, 0xff, 0xff, 0xff, 0xff, 0xff, 0xff,
    0xff, 0xff, 0xff, 0xff, 0xff, 0xff, 0xff, 0xff,
    0xff, 0xff, 0xff, 0xff, 0xff, 0xff, 0xff, 0xff,
    0xfe, 0x0, 0x0, 0x1f, 0xf0, 0x0, 0x0, 0xff,
    0x80, 0x0, 0x7, 0xfc, 0x0, 0x0, 0x3f, 0xe0,
    0x0, 0x1, 0xff, 0x80, 0x0, 0xf, 0xfe, 0x0,
    0x0, 0x3f, 0xff, 0xff, 0xfd, 0xff, 0xff, 0xff,
    0xef, 0xff, 0xff, 0xff, 0x3f, 0xff, 0xff, 0xf8,
    0xff, 0xff, 0xff, 0xc3, 0xff, 0xff, 0xfe, 0xf,
    0xff, 0xff, 0xf0, 0xf, 0xff, 0xff, 0x80,

    /* U+0066 "f" */
    0x0, 0x7, 0xfe, 0x0, 0x3f, 0xfc, 0x0, 0xff,
    0xf8, 0x3, 0xff, 0xf0, 0xf, 0xff, 0xe0, 0x3f,
    0xff, 0xc0, 0x7f, 0xff, 0x81, 0xff, 0xff, 0x3,
    0xff, 0x0, 0x7, 0xfe, 0x0, 0xf, 0xf8, 0x0,
    0x1f, 0xf0, 0x0, 0x3f, 0xe0, 0x0, 0x7f, 0xc0,
    0x3f, 0xff, 0xff, 0xff, 0xff, 0xff, 0xff, 0xff,
    0xff, 0xff, 0xff, 0xff, 0xff, 0xff, 0xff, 0xff,
    0xff, 0xff, 0xff, 0xff, 0xff, 0xff, 0xff, 0xc0,
    0xff, 0x80, 0x1, 0xff, 0x0, 0x3, 0xfe, 0x0,
    0x7, 0xfc, 0x0, 0xf, 0xf8, 0x0, 0x1f, 0xf0,
    0x0, 0x3f, 0xe0, 0x0, 0x7f, 0xc0, 0x0, 0xff,
    0x80, 0x1, 0xff, 0x0, 0x3, 0xfe, 0x0, 0x7,
    0xfc, 0x0, 0xf, 0xf8, 0x0, 0x1f, 0xf0, 0x0,
    0x3f, 0xe0, 0x0, 0x7f, 0xc0, 0x0, 0xff, 0x80,
    0x1, 0xff, 0x0, 0x3, 0xfe, 0x0, 0x7, 0xfc,
    0x0, 0xf, 0xf8, 0x0, 0x1f, 0xf0, 0x0, 0x3f,
    0xe0, 0x0, 0x7f, 0xc0, 0x0, 0xff, 0x80, 0x1,
    0xff, 0x0, 0x3, 0xfe, 0x0, 0x7, 0xfc, 0x0,
    0xf, 0xf8, 0x0,

    /* U+0067 "g" */
    0x0, 0xff, 0xff, 0xfc, 0x1f, 0xff, 0xff, 0xf0,
    0xff, 0xff, 0xff, 0xc7, 0xff, 0xff, 0xff, 0x3f,
    0xff, 0xff, 0xfd, 0xff, 0xff, 0xff, 0xf7, 0xff,
    0xff, 0xff, 0xff, 0xff, 0xff, 0xff, 0xff, 0xe0,
    0x7, 0xff, 0xff, 0x0, 0x1f, 0xff, 0xf8, 0x0,
    0x7f, 0xff, 0xe0, 0x1, 0xff, 0xff, 0x80, 0x7,
    0xff, 0xfe, 0x0, 0x1f, 0xff, 0xf8, 0x0, 0x7f,
    0xff, 0xe0, 0x1, 0xff, 0xff, 0x80, 0x7, 0xff,
    0xfe, 0x0, 0x1f, 0xff, 0xf8, 0x0, 0x7f, 0xff,
    0xe0, 0x1, 0xff, 0xff, 0x80, 0x7, 0xff, 0xfe,
    0x0, 0x1f, 0xff, 0xf8, 0x0, 0x7f, 0xff, 0xe0,
    0x1, 0xff, 0xff, 0x80, 0xf, 0xff, 0xff, 0x0,
    0x3f, 0xff, 0xfe, 0x1, 0xff, 0xff, 0xff, 0xff,
    0xff, 0x7f, 0xff, 0xff, 0xfd, 0xff, 0xff, 0xff,
    0xf3, 0xff, 0xff, 0xff, 0xcf, 0xff, 0xfd, 0xff,
    0x1f, 0xff, 0xf7, 0xfc, 0x1f, 0xff, 0x9f, 0xf0,
    0x1f, 0xf8, 0x7f, 0xc0, 0x0, 0x1, 0xff, 0x0,
    0x0, 0x7, 0xfc, 0x0, 0x0, 0x1f, 0xf0, 0x0,
    0x0, 0x7f, 0xc0, 0x0, 0x3, 0xff, 0x0, 0x0,
    0x1f, 0xfc, 0x7f, 0xff, 0xff, 0xe1, 0xff, 0xff,
    0xff, 0x87, 0xff, 0xff, 0xfe, 0x1f, 0xff, 0xff,
    0xf0, 0x7f, 0xff, 0xff, 0x81, 0xff, 0xff, 0xfc,
    0x7, 0xff, 0xff, 0xe0, 0x1f, 0xff, 0xfc, 0x0,

    /* U+0068 "h" */
    0xff, 0x80, 0x0, 0x3, 0xfe, 0x0, 0x0, 0xf,
    0xf8, 0x0, 0x0, 0x3f, 0xe0, 0x0, 0x0, 0xff,
    0x80, 0x0, 0x3, 0xfe, 0x0, 0x0, 0xf, 0xf8,
    0x0, 0x0, 0x3f, 0xe0, 0x0, 0x0, 0xff, 0x80,
    0x0, 0x3, 0xfe, 0x0, 0x0, 0xf, 0xf8, 0x0,
    0x0, 0x3f, 0xe0, 0x0, 0x0, 0xff, 0x80, 0x0,
    0x3, 0xfe, 0x0, 0x0, 0xf, 0xf8, 0x7f, 0xe0,
    0x3f, 0xe7, 0xff, 0xe0, 0xff, 0xbf, 0xff, 0xe3,
    0xff, 0xff, 0xff, 0xcf, 0xff, 0xff, 0xff, 0x3f,
    0xff, 0xff, 0xfe, 0xff, 0xff, 0xff, 0xfb, 0xff,
    0xff, 0xff, 0xff, 0xff, 0x1, 0xff, 0xff, 0xf0,
    0x3, 0xff, 0xff, 0xc0, 0x7, 0xff, 0xfe, 0x0,
    0x1f, 0xff, 0xf8, 0x0, 0x7f, 0xff, 0xe0, 0x1,
    0xff, 0xff, 0x80, 0x7, 0xff, 0xfe, 0x0, 0x1f,
    0xff, 0xf8, 0x0, 0x7f, 0xff, 0xe0, 0x1, 0xff,
    0xff, 0x80, 0x7, 0xff, 0xfe, 0x0, 0x1f, 0xff,
    0xf8, 0x0, 0x7f, 0xff, 0xe0, 0x1, 0xff, 0xff,
    0x80, 0x7, 0xff, 0xfe, 0x0, 0x1f, 0xff, 0xf8,
    0x0, 0x7f, 0xff, 0xe0, 0x1, 0xff, 0xff, 0x80,
    0x7, 0xff, 0xfe, 0x0, 0x1f, 0xff, 0xf8, 0x0,
    0x7f, 0xff, 0xe0, 0x1, 0xff, 0xff, 0x80, 0x7,
    0xff, 0xfe, 0x0, 0x1f, 0xff, 0xf8, 0x0, 0x7f,
    0xff, 0xe0, 0x1, 0xff, 0xff, 0x80, 0x7, 0xff,
    0xfe, 0x0, 0x1f, 0xff, 0xf8, 0x0, 0x7f, 0xc0,

    /* U+0069 "i" */
    0xff, 0xff, 0xff, 0xff, 0xff, 0xff, 0xff, 0xff,
    0xff, 0xff, 0x80, 0x0, 0x0, 0x0, 0x0, 0x3,
    0xff, 0xff, 0xff, 0xff, 0xff, 0xff, 0xff, 0xff,
    0xff, 0xff, 0xff, 0xff, 0xff, 0xff, 0xff, 0xff,
    0xff, 0xff, 0xff, 0xff, 0xff, 0xff, 0xff, 0xff,
    0xff, 0xff, 0xff, 0xff, 0xff, 0xff, 0xff, 0xff,
    0xff, 0xff, 0xff, 0xff, 0xff, 0xff, 0xff, 0xff,
    0xff, 0xe0,

    /* U+006A "j" */
    0x0, 0x7f, 0xc0, 0x1f, 0xf0, 0x7, 0xfc, 0x1,
    0xff, 0x0, 0x7f, 0xc0, 0x1f, 0xf0, 0x7, 0xfc,
    0x1, 0xff, 0x0, 0x7f, 0xc0, 0x0, 0x0, 0x0,
    0x0, 0x0, 0x0, 0x0, 0x0, 0x0, 0x0, 0x0,
    0x7, 0xfc, 0x1, 0xff, 0x0, 0x7f, 0xc0, 0x1f,
    0xf0, 0x7, 0xfc, 0x1, 0xff, 0x0, 0x7f, 0xc0,
    0x1f, 0xf0, 0x7, 0xfc, 0x1, 0xff, 0x0, 0x7f,
    0xc0, 0x1f, 0xf0, 0x7, 0xfc, 0x1, 0xff, 0x0,
    0x7f, 0xc0, 0x1f, 0xf0, 0x7, 0xfc, 0x1, 0xff,
    0x0, 0x7f, 0xc0, 0x1f, 0xf0, 0x7, 0xfc, 0x1,
    0xff, 0x0, 0x7f, 0xc0, 0x1f, 0xf0, 0x7, 0xfc,
    0x1, 0xff, 0x0, 0x7f, 0xc0, 0x1f, 0xf0, 0x7,
    0xfc, 0x1, 0xff, 0x0, 0x7f, 0xc0, 0x1f, 0xf0,
    0x7, 0xfc, 0x1, 0xff, 0x0, 0x7f, 0xc0, 0x1f,
    0xf0, 0x7, 0xfc, 0x1, 0xff, 0x0, 0x7f, 0xc0,
    0x3f, 0xf0, 0x1f, 0xff, 0xff, 0xfe, 0xff, 0xff,
    0xbf, 0xff, 0xef, 0xff, 0xf3, 0xff, 0xf8, 0xff,
    0xfc, 0x3f, 0xfe, 0xf, 0xfc, 0x0,

    /* U+006B "k" */
    0xff, 0x80, 0x0, 0x3, 0xfe, 0x0, 0x0, 0xf,
    0xf8, 0x0, 0x0, 0x3f, 0xe0, 0x0, 0x0, 0xff,
    0x80, 0x0, 0x3, 0xfe, 0x0, 0x0, 0xf, 0xf8,
    0x0, 0x0, 0x3f, 0xe0, 0x0, 0x0, 0xff, 0x80,
    0x0, 0x3, 0xfe, 0x0, 0x0, 0xf, 0xf8, 0x0,
    0x0, 0x3f, 0xe0, 0x0, 0x0, 0xff, 0x80, 0x0,
    0x3, 0xfe, 0x0, 0x0, 0xf, 0xf8, 0x1, 0xff,
    0xbf, 0xe0, 0xf, 0xfe, 0xff, 0x80, 0x3f, 0xf3,
    0xfe, 0x1, 0xff, 0xcf, 0xf8, 0x7, 0xfe, 0x3f,
    0xe0, 0x3f, 0xf8, 0xff, 0x80, 0xff, 0xc3, 0xfe,
    0x7, 0xfe, 0xf, 0xf8, 0x3f, 0xf8, 0x3f, 0xe0,
    0xff, 0xc0, 0xff, 0x87, 0xff, 0x3, 0xfe, 0x1f,
    0xf8, 0xf, 0xf8, 0xff, 0xc0, 0x3f, 0xe3, 0xff,
    0x0, 0xff, 0x9f, 0xf8, 0x3, 0xfe, 0x7f, 0xe0,
    0xf, 0xfb, 0xff, 0x0, 0x3f, 0xef, 0xf8, 0x0,
    0xff, 0xff, 0xf0, 0x3, 0xfe, 0xff, 0xc0, 0xf,
    0xfb, 0xff, 0x80, 0x3f, 0xe7, 0xfe, 0x0, 0xff,
    0x8f, 0xfc, 0x3, 0xfe, 0x3f, 0xf0, 0xf, 0xf8,
    0x7f, 0xe0, 0x3f, 0xe1, 0xff, 0xc0, 0xff, 0x83,
    0xff, 0x3, 0xfe, 0xf, 0xfe, 0xf, 0xf8, 0x1f,
    0xf8, 0x3f, 0xe0, 0x3f, 0xf0, 0xff, 0x80, 0xff,
    0xe3, 0xfe, 0x1, 0xff, 0x8f, 0xf8, 0x7, 0xff,
    0x3f, 0xe0, 0xf, 0xfc, 0xff, 0x80, 0x3f, 0xfb,
    0xfe, 0x0, 0x7f, 0xef, 0xf8, 0x0, 0xff, 0x80,

    /* U+006C "l" */
    0xff, 0xff, 0xff, 0xff, 0xff, 0xff, 0xff, 0xff,
    0xff, 0xff, 0xff, 0xff, 0xff, 0xff, 0xff, 0xff,
    0xff, 0xff, 0xff, 0xff, 0xff, 0xff, 0xff, 0xff,
    0xff, 0xff, 0xff, 0xff, 0xff, 0xff, 0xff, 0xff,
    0xff, 0xff, 0xff, 0xff, 0xff, 0xff, 0xff, 0xff,
    0xff, 0xff, 0xff, 0xff, 0xff, 0xff, 0xff, 0xff,
    0xff, 0xff, 0xff, 0xff, 0xff, 0xff, 0xff, 0xff,
    0xff, 0xe0,

    /* U+006D "m" */
    0xff, 0x83, 0xfe, 0x0, 0x7f, 0xe0, 0x3f, 0xe3,
    0xff, 0xe0, 0x7f, 0xfe, 0xf, 0xfb, 0xff, 0xfe,
    0x3f, 0xff, 0xe3, 0xfe, 0xff, 0xff, 0xdf, 0xff,
    0xfc, 0xff, 0xff, 0xff, 0xff, 0xff, 0xff, 0x3f,
    0xff, 0xff, 0xff, 0xff, 0xff, 0xef, 0xff, 0xff,
    0xff, 0xff, 0xff, 0xfb, 0xff, 0xff, 0xff, 0xff,
    0xff, 0xfe, 0xff, 0xf0, 0x1f, 0xff, 0x81, 0xff,
    0xff, 0xf0, 0x3, 0xff, 0x80, 0x3f, 0xff, 0xfc,
    0x0, 0x7f, 0xe0, 0x7, 0xff, 0xfe, 0x0, 0x1f,
    0xf0, 0x1, 0xff, 0xff, 0x80, 0x7, 0xfc, 0x0,
    0x7f, 0xff, 0xe0, 0x1, 0xff, 0x0, 0x1f, 0xff,
    0xf8, 0x0, 0x7f, 0xc0, 0x7, 0xff, 0xfe, 0x0,
    0x1f, 0xf0, 0x1, 0xff, 0xff, 0x80, 0x7, 0xfc,
    0x0, 0x7f, 0xff, 0xe0, 0x1, 0xff, 0x0, 0x1f,
    0xff, 0xf8, 0x0, 0x7f, 0xc0, 0x7, 0xff, 0xfe,
    0x0, 0x1f, 0xf0, 0x1, 0xff, 0xff, 0x80, 0x7,
    0xfc, 0x0, 0x7f, 0xff, 0xe0, 0x1, 0xff, 0x0,
    0x1f, 0xff, 0xf8, 0x0, 0x7f, 0xc0, 0x7, 0xff,
    0xfe, 0x0, 0x1f, 0xf0, 0x1, 0xff, 0xff, 0x80,
    0x7, 0xfc, 0x0, 0x7f, 0xff, 0xe0, 0x1, 0xff,
    0x0, 0x1f, 0xff, 0xf8, 0x0, 0x7f, 0xc0, 0x7,
    0xff, 0xfe, 0x0, 0x1f, 0xf0, 0x1, 0xff, 0xff,
    0x80, 0x7, 0xfc, 0x0, 0x7f, 0xff, 0xe0, 0x1,
    0xff, 0x0, 0x1f, 0xff, 0xf8, 0x0, 0x7f, 0xc0,
    0x7, 0xff, 0xfe, 0x0, 0x1f, 0xf0, 0x1, 0xff,
    0xff, 0x80, 0x7, 0xfc, 0x0, 0x7f, 0xff, 0xe0,
    0x1, 0xff, 0x0, 0x1f, 0xff, 0xf8, 0x0, 0x7f,
    0xc0, 0x7, 0xff, 0xfe, 0x0, 0x1f, 0xf0, 0x1,
    0xff, 0xff, 0x80, 0x7, 0xfc, 0x0, 0x7f, 0xc0,

    /* U+006E "n" */
    0xff, 0x87, 0xfe, 0x3, 0xfe, 0x7f, 0xfe, 0xf,
    0xfb, 0xff, 0xfe, 0x3f, 0xff, 0xff, 0xfc, 0xff,
    0xff, 0xff, 0xf3, 0xff, 0xff, 0xff, 0xef, 0xff,
    0xff, 0xff, 0xbf, 0xff, 0xff, 0xff, 0xff, 0xf0,
    0x1f, 0xff, 0xff, 0x0, 0x3f, 0xff, 0xfc, 0x0,
    0x7f, 0xff, 0xe0, 0x1, 0xff, 0xff, 0x80, 0x7,
    0xff, 0xfe, 0x0, 0x1f, 0xff, 0xf8, 0x0, 0x7f,
    0xff, 0xe0, 0x1, 0xff, 0xff, 0x80, 0x7, 0xff,
    0xfe, 0x0, 0x1f, 0xff, 0xf8, 0x0, 0x7f, 0xff,
    0xe0, 0x1, 0xff, 0xff, 0x80, 0x7, 0xff, 0xfe,
    0x0, 0x1f, 0xff, 0xf8, 0x0, 0x7f, 0xff, 0xe0,
    0x1, 0xff, 0xff, 0x80, 0x7, 0xff, 0xfe, 0x0,
    0x1f, 0xff, 0xf8, 0x0, 0x7f, 0xff, 0xe0, 0x1,
    0xff, 0xff, 0x80, 0x7, 0xff, 0xfe, 0x0, 0x1f,
    0xff, 0xf8, 0x0, 0x7f, 0xff, 0xe0, 0x1, 0xff,
    0xff, 0x80, 0x7, 0xff, 0xfe, 0x0, 0x1f, 0xff,
    0xf8, 0x0, 0x7f, 0xff, 0xe0, 0x1, 0xff, 0xff,
    0x80, 0x7, 0xfc,

    /* U+006F "o" */
    0x0, 0xff, 0xfc, 0x0, 0x1f, 0xff, 0xfe, 0x0,
    0xff, 0xff, 0xfc, 0x7, 0xff, 0xff, 0xf8, 0x3f,
    0xff, 0xff, 0xf1, 0xff, 0xff, 0xff, 0xe7, 0xff,
    0xff, 0xff, 0x9f, 0xff, 0xff, 0xfe, 0xff, 0xe0,
    0x1f, 0xff, 0xff, 0x0, 0x3f, 0xff, 0xf8, 0x0,
    0x7f, 0xff, 0xe0, 0x1, 0xff, 0xff, 0x80, 0x7,
    0xff, 0xfe, 0x0, 0x1f, 0xff, 0xf8, 0x0, 0x7f,
    0xff, 0xe0, 0x1, 0xff, 0xff, 0x80, 0x7, 0xff,
    0xfe, 0x0, 0x1f, 0xff, 0xf8, 0x0, 0x7f, 0xff,
    0xe0, 0x1, 0xff, 0xff, 0x80, 0x7, 0xff, 0xfe,
    0x0, 0x1f, 0xff, 0xf8, 0x0, 0x7f, 0xff, 0xe0,
    0x1, 0xff, 0xff, 0x80, 0x7, 0xff, 0xfe, 0x0,
    0x1f, 0xff, 0xf8, 0x0, 0x7f, 0xff, 0xf0, 0x3,
    0xff, 0xff, 0xe0, 0x1f, 0xfd, 0xff, 0xff, 0xff,
    0xe7, 0xff, 0xff, 0xff, 0x9f, 0xff, 0xff, 0xfe,
    0x3f, 0xff, 0xff, 0xf0, 0x7f, 0xff, 0xff, 0x80,
    0xff, 0xff, 0xfc, 0x1, 0xff, 0xff, 0xe0, 0x0,
    0xff, 0xfc, 0x0,

    /* U+0070 "p" */
    0xff, 0x87, 0xff, 0x1, 0xff, 0x3f, 0xff, 0x83,
    0xfe, 0xff, 0xff, 0xc7, 0xff, 0xff, 0xff, 0x8f,
    0xff, 0xff, 0xff, 0x9f, 0xff, 0xff, 0xff, 0xbf,
    0xff, 0xff, 0xff, 0x7f, 0xff, 0xff, 0xfe, 0xff,
    0xf0, 0xf, 0xff, 0xff, 0x80, 0xf, 0xff, 0xff,
    0x0, 0xf, 0xff, 0xfc, 0x0, 0x1f, 0xff, 0xf8,
    0x0, 0x3f, 0xff, 0xf0, 0x0, 0x7f, 0xff, 0xe0,
    0x0, 0xff, 0xff, 0xc0, 0x1, 0xff, 0xff, 0x80,
    0x3, 0xff, 0xff, 0x0, 0x7, 0xff, 0xfe, 0x0,
    0xf, 0xff, 0xfc, 0x0, 0x1f, 0xff, 0xf8, 0x0,
    0x3f, 0xff, 0xf0, 0x0, 0x7f, 0xff, 0xe0, 0x0,
    0xff, 0xff, 0xc0, 0x1, 0xff, 0xff, 0x80, 0x3,
    0xff, 0xff, 0x0, 0x7, 0xff, 0xff, 0x0, 0xf,
    0xff, 0xfe, 0x0, 0x3f, 0xff, 0xff, 0x0, 0xff,
    0xff, 0xff, 0xff, 0xff, 0xbf, 0xff, 0xff, 0xff,
    0x7f, 0xff, 0xff, 0xfe, 0xff, 0xff, 0xff, 0xf9,
    0xff, 0xff, 0xff, 0xe3, 0xfe, 0xff, 0xff, 0x87,
    0xfc, 0xff, 0xfe, 0xf, 0xf8, 0x7f, 0xe0, 0x1f,
    0xf0, 0x0, 0x0, 0x3f, 0xe0, 0x0, 0x0, 0x7f,
    0xc0, 0x0, 0x0, 0xff, 0x80, 0x0, 0x1, 0xff,
    0x0, 0x0, 0x3, 0xfe, 0x0, 0x0, 0x7, 0xfc,
    0x0, 0x0, 0xf, 0xf8, 0x0, 0x0, 0x1f, 0xf0,
    0x0, 0x0, 0x3f, 0xe0, 0x0, 0x0, 0x0,

    /* U+0071 "q" */
    0x0, 0xff, 0xff, 0xfc, 0x1f, 0xff, 0xff, 0xf0,
    0xff, 0xff, 0xff, 0xc7, 0xff, 0xff, 0xff, 0x3f,
    0xff, 0xff, 0xfd, 0xff, 0xff, 0xff, 0xf7, 0xff,
    0xff, 0xff, 0xdf, 0xff, 0xff, 0xff, 0xff, 0xe0,
    0x7, 0xff, 0xff, 0x0, 0x1f, 0xff, 0xf8, 0x0,
    0x7f, 0xff, 0xe0, 0x1, 0xff, 0xff, 0x80, 0x7,
    0xff, 0xfe, 0x0, 0x1f, 0xff, 0xf8, 0x0, 0x7f,
    0xff, 0xe0, 0x1, 0xff, 0xff, 0x80, 0x7, 0xff,
    0xfe, 0x0, 0x1f, 0xff, 0xf8, 0x0, 0x7f, 0xff,
    0xe0, 0x1, 0xff, 0xff, 0x80, 0x7, 0xff, 0xfe,
    0x0, 0x1f, 0xff, 0xf8, 0x0, 0x7f, 0xff, 0xe0,
    0x1, 0xff, 0xff, 0x80, 0x7, 0xff, 0xfe, 0x0,
    0x1f, 0xff, 0xf8, 0x0, 0xff, 0xff, 0xf0, 0x3,
    0xff, 0xff, 0xe0, 0x3f, 0xfd, 0xff, 0xff, 0xff,
    0xf7, 0xff, 0xff, 0xff, 0xdf, 0xff, 0xff, 0xff,
    0x3f, 0xff, 0xff, 0xfc, 0x7f, 0xff, 0xdf, 0xf0,
    0xff, 0xff, 0x7f, 0xc1, 0xff, 0xf9, 0xff, 0x0,
    0xff, 0x87, 0xfc, 0x0, 0x0, 0x1f, 0xf0, 0x0,
    0x0, 0x7f, 0xc0, 0x0, 0x1, 0xff, 0x0, 0x0,
    0x7, 0xfc, 0x0, 0x0, 0x1f, 0xf0, 0x0, 0x0,
    0x7f, 0xc0, 0x0, 0x1, 0xff, 0x0, 0x0, 0x7,
    0xfc, 0x0, 0x0, 0x1f, 0xf0, 0x0, 0x0, 0x7f,
    0xc0,

    /* U+0072 "r" */
    0xff, 0x87, 0xf7, 0xfc, 0xff, 0xbf, 0xef, 0xff,
    0xff, 0x7f, 0xff, 0xff, 0xff, 0xff, 0xff, 0xff,
    0xff, 0xff, 0xff, 0xff, 0xfe, 0xff, 0xf0, 0x7,
    0xfe, 0x0, 0x3f, 0xf0, 0x1, 0xff, 0x0, 0xf,
    0xf8, 0x0, 0x7f, 0xc0, 0x3, 0xfe, 0x0, 0x1f,
    0xf0, 0x0, 0xff, 0x80, 0x7, 0xfc, 0x0, 0x3f,
    0xe0, 0x1, 0xff, 0x0, 0xf, 0xf8, 0x0, 0x7f,
    0xc0, 0x3, 0xfe, 0x0, 0x1f, 0xf0, 0x0, 0xff,
    0x80, 0x7, 0xfc, 0x0, 0x3f, 0xe0, 0x1, 0xff,
    0x0, 0xf, 0xf8, 0x0, 0x7f, 0xc0, 0x3, 0xfe,
    0x0, 0x1f, 0xf0, 0x0, 0xff, 0x80, 0x7, 0xfc,
    0x0, 0x3f, 0xe0, 0x1, 0xff, 0x0, 0xf, 0xf8,
    0x0, 0x0,

    /* U+0073 "s" */
    0x3, 0xff, 0xff, 0x3, 0xff, 0xff, 0xc3, 0xff,
    0xff, 0xf0, 0xff, 0xff, 0xfc, 0x7f, 0xff, 0xff,
    0x1f, 0xff, 0xff, 0xcf, 0xff, 0xff, 0xf3, 0xff,
    0xff, 0xfc, 0xff, 0xc0, 0x0, 0x3f, 0xe0, 0x0,
    0xf, 0xf8, 0x0, 0x3, 0xff, 0x0, 0x0, 0xff,
    0xe0, 0x0, 0x1f, 0xfc, 0x0, 0x7, 0xff, 0xc0,
    0x0, 0xff, 0xfc, 0x0, 0x1f, 0xff, 0x80, 0x3,
    0xff, 0xf8, 0x0, 0x3f, 0xff, 0x80, 0x7, 0xff,
    0xf0, 0x0, 0x7f, 0xfe, 0x0, 0x7, 0xff, 0xc0,
    0x0, 0x7f, 0xf8, 0x0, 0x7, 0xfe, 0x0, 0x0,
    0xff, 0xc0, 0x0, 0x1f, 0xf0, 0x0, 0x7, 0xfc,
    0x0, 0x1, 0xff, 0x0, 0x0, 0xff, 0xff, 0xff,
    0xff, 0xff, 0xff, 0xff, 0xff, 0xff, 0xff, 0xfe,
    0xff, 0xff, 0xff, 0xbf, 0xff, 0xff, 0xcf, 0xff,
    0xff, 0xe3, 0xff, 0xff, 0xf0, 0xff, 0xff, 0xe0,
    0x0,

    /* U+0074 "t" */
    0x7, 0xfc, 0x0, 0xf, 0xf8, 0x0, 0x1f, 0xf0,
    0x0, 0x3f, 0xe0, 0x0, 0x7f, 0xc0, 0x0, 0xff,
    0x80, 0x1, 0xff, 0x0, 0x3, 0xfe, 0x0, 0x7,
    0xfc, 0x0, 0xf, 0xf8, 0x3, 0xff, 0xff, 0xf7,
    0xff, 0xff, 0xef, 0xff, 0xff, 0xdf, 0xff, 0xff,
    0xbf, 0xff, 0xff, 0x7f, 0xff, 0xfe, 0xff, 0xff,
    0xfd, 0xff, 0xff, 0xf8, 0x1f, 0xf0, 0x0, 0x3f,
    0xe0, 0x0, 0x7f, 0xc0, 0x0, 0xff, 0x80, 0x1,
    0xff, 0x0, 0x3, 0xfe, 0x0, 0x7, 0xfc, 0x0,
    0xf, 0xf8, 0x0, 0x1f, 0xf0, 0x0, 0x3f, 0xe0,
    0x0, 0x7f, 0xc0, 0x0, 0xff, 0x80, 0x1, 0xff,
    0x0, 0x3, 0xfe, 0x0, 0x7, 0xfc, 0x0, 0xf,
    0xf8, 0x0, 0x1f, 0xf0, 0x0, 0x3f, 0xe0, 0x0,
    0x7f, 0xc0, 0x0, 0xff, 0xc0, 0x1, 0xff, 0xc0,
    0x1, 0xff, 0xff, 0x3, 0xff, 0xfe, 0x7, 0xff,
    0xfc, 0x7, 0xff, 0xf8, 0x7, 0xff, 0xf0, 0x7,
    0xff, 0xe0, 0x7, 0xff, 0xc0, 0x1, 0xff, 0x80,

    /* U+0075 "u" */
    0xff, 0x80, 0x7, 0xff, 0xfe, 0x0, 0x1f, 0xff,
    0xf8, 0x0, 0x7f, 0xff, 0xe0, 0x1, 0xff, 0xff,
    0x80, 0x7, 0xff, 0xfe, 0x0, 0x1f, 0xff, 0xf8,
    0x0, 0x7f, 0xff, 0xe0, 0x1, 0xff, 0xff, 0x80,
    0x7, 0xff, 0xfe, 0x0, 0x1f, 0xff, 0xf8, 0x0,
    0x7f, 0xff, 0xe0, 0x1, 0xff, 0xff, 0x80, 0x7,
    0xff, 0xfe, 0x0, 0x1f, 0xff, 0xf8, 0x0, 0x7f,
    0xff, 0xe0, 0x1, 0xff, 0xff, 0x80, 0x7, 0xff,
    0xfe, 0x0, 0x1f, 0xff, 0xf8, 0x0, 0x7f, 0xff,
    0xe0, 0x1, 0xff, 0xff, 0x80, 0x7, 0xff, 0xfe,
    0x0, 0x1f, 0xff, 0xf8, 0x0, 0x7f, 0xff, 0xe0,
    0x1, 0xff, 0xff, 0x80, 0x7, 0xff, 0xfe, 0x0,
    0x1f, 0xff, 0xf8, 0x0, 0xff, 0xff, 0xf0, 0x3,
    0xff, 0xff, 0xe0, 0x3f, 0xff, 0xff, 0xff, 0xff,
    0xf7, 0xff, 0xff, 0xff, 0xdf, 0xff, 0xff, 0xff,
    0x3f, 0xff, 0xff, 0xfc, 0xff, 0xff, 0xff, 0xf1,
    0xff, 0xff, 0x7f, 0xc1, 0xff, 0xf9, 0xff, 0x1,
    0xff, 0x87, 0xfc,

    /* U+0076 "v" */
    0xff, 0x80, 0x1, 0xfe, 0xff, 0x80, 0x3, 0xfe,
    0x7f, 0xc0, 0x3, 0xfe, 0x7f, 0xc0, 0x3, 0xfe,
    0x7f, 0xc0, 0x3, 0xfe, 0x7f, 0xc0, 0x7, 0xfc,
    0x3f, 0xe0, 0x7, 0xfc, 0x3f, 0xe0, 0x7, 0xfc,
    0x3f, 0xe0, 0x7, 0xfc, 0x3f, 0xe0, 0xf, 0xf8,
    0x1f, 0xe0, 0xf, 0xf8, 0x1f, 0xf0, 0xf, 0xf8,
    0x1f, 0xf0, 0xf, 0xf0, 0x1f, 0xf0, 0xf, 0xf0,
    0xf, 0xf0, 0x1f, 0xf0, 0xf, 0xf8, 0x1f, 0xf0,
    0xf, 0xf8, 0x1f, 0xe0, 0x7, 0xf8, 0x1f, 0xe0,
    0x7, 0xf8, 0x3f, 0xe0, 0x7, 0xfc, 0x3f, 0xe0,
    0x7, 0xfc, 0x3f, 0xc0, 0x3, 0xfc, 0x3f, 0xc0,
    0x3, 0xfc, 0x3f, 0xc0, 0x3, 0xfc, 0x7f, 0xc0,
    0x3, 0xfe, 0x7f, 0x80, 0x1, 0xfe, 0x7f, 0x80,
    0x1, 0xfe, 0x7f, 0x80, 0x1, 0xfe, 0xff, 0x0,
    0x1, 0xff, 0xff, 0x0, 0x0, 0xff, 0xff, 0x0,
    0x0, 0xff, 0xff, 0x0, 0x0, 0xff, 0xfe, 0x0,
    0x0, 0x7f, 0xfe, 0x0, 0x0, 0x7f, 0xfe, 0x0,
    0x0, 0x7f, 0xfe, 0x0, 0x0, 0x7f, 0xfc, 0x0,
    0x0, 0x3f, 0xfc, 0x0,

    /* U+0077 "w" */
    0x7f, 0xc0, 0xf, 0xf0, 0x3, 0xfe, 0x7f, 0xc0,
    0x1f, 0xf8, 0x3, 0xff, 0x7f, 0xc0, 0x1f, 0xf8,
    0x3, 0xfe, 0x7f, 0xc0, 0x1f, 0xf8, 0x3, 0xfe,
    0x7f, 0xe0, 0x1f, 0xfc, 0x7, 0xfe, 0x7f, 0xe0,
    0x3f, 0xfc, 0x7, 0xfe, 0x3f, 0xe0, 0x3f, 0xfc,
    0x7, 0xfc, 0x3f, 0xe0, 0x3f, 0xfc, 0x7, 0xfc,
    0x3f, 0xe0, 0x3f, 0xfc, 0x7, 0xfc, 0x3f, 0xe0,
    0x7f, 0xfe, 0x7, 0xfc, 0x3f, 0xe0, 0x7f, 0xfe,
    0x7, 0xfc, 0x1f, 0xf0, 0x7f, 0xfe, 0xf, 0xf8,
    0x1f, 0xf0, 0x7e, 0x7e, 0xf, 0xf8, 0x1f, 0xf0,
    0x7e, 0x7e, 0xf, 0xf8, 0x1f, 0xf0, 0xfe, 0x7f,
    0xf, 0xf8, 0x1f, 0xf0, 0xfe, 0x7f, 0xf, 0xf8,
    0xf, 0xf0, 0xfe, 0x7f, 0xf, 0xf0, 0xf, 0xf0,
    0xfe, 0x7f, 0xf, 0xf0, 0xf, 0xf0, 0xfc, 0x3f,
    0xf, 0xf0, 0xf, 0xf9, 0xfc, 0x3f, 0x9f, 0xf0,
    0x7, 0xf9, 0xfc, 0x3f, 0x9f, 0xf0, 0x7, 0xf9,
    0xfc, 0x3f, 0x9f, 0xe0, 0x7, 0xf9, 0xfc, 0x3f,
    0x9f, 0xe0, 0x7, 0xf9, 0xfc, 0x1f, 0x9f, 0xe0,
    0x7, 0xfb, 0xf8, 0x1f, 0xdf, 0xe0, 0x3, 0xfb,
    0xf8, 0x1f, 0xdf, 0xc0, 0x3, 0xff, 0xf8, 0x1f,
    0xff, 0xc0, 0x3, 0xff, 0xf8, 0x1f, 0xff, 0xc0,
    0x3, 0xff, 0xf8, 0x1f, 0xff, 0xc0, 0x3, 0xff,
    0xf0, 0xf, 0xff, 0xc0, 0x1, 0xff, 0xf0, 0xf,
    0xff, 0x80, 0x1, 0xff, 0xf0, 0xf, 0xff, 0x80,
    0x1, 0xff, 0xf0, 0xf, 0xff, 0x80, 0x1, 0xff,
    0xf0, 0xf, 0xff, 0x80, 0x0, 0xff, 0xf0, 0xf,
    0xff, 0x80, 0x0, 0xff, 0xe0, 0x7, 0xff, 0x0,
    0x0, 0xff, 0xe0, 0x7, 0xff, 0x0,

    /* U+0078 "x" */
    0xff, 0xc0, 0xf, 0xfc, 0xff, 0xc0, 0x1f, 0xf9,
    0xff, 0x80, 0x7f, 0xf1, 0xff, 0x80, 0xff, 0xc3,
    0xff, 0x1, 0xff, 0x83, 0xff, 0x7, 0xfe, 0x7,
    0xfe, 0xf, 0xfc, 0x7, 0xfc, 0x1f, 0xf0, 0xf,
    0xfc, 0x7f, 0xe0, 0xf, 0xf8, 0xff, 0x80, 0x1f,
    0xf9, 0xff, 0x0, 0x1f, 0xf7, 0xfc, 0x0, 0x1f,
    0xff, 0xf0, 0x0, 0x3f, 0xff, 0xe0, 0x0, 0x3f,
    0xff, 0x80, 0x0, 0x7f, 0xff, 0x0, 0x0, 0x7f,
    0xfc, 0x0, 0x0, 0xff, 0xf8, 0x0, 0x1, 0xff,
    0xf0, 0x0, 0x3, 0xff, 0xe0, 0x0, 0xf, 0xff,
    0xe0, 0x0, 0x1f, 0xff, 0xc0, 0x0, 0x7f, 0xff,
    0xc0, 0x0, 0xff, 0xff, 0x80, 0x3, 0xff, 0xff,
    0x80, 0x7, 0xfd, 0xff, 0x0, 0x1f, 0xf9, 0xff,
    0x0, 0x3f, 0xe3, 0xff, 0x0, 0xff, 0xc3, 0xfe,
    0x1, 0xff, 0x7, 0xfe, 0x7, 0xfe, 0xf, 0xfc,
    0xf, 0xfc, 0xf, 0xfc, 0x3f, 0xf0, 0x1f, 0xf8,
    0x7f, 0xe0, 0x1f, 0xf9, 0xff, 0x80, 0x3f, 0xf3,
    0xff, 0x0, 0x7f, 0xff, 0xfc, 0x0, 0x7f, 0xe0,

    /* U+0079 "y" */
    0x7f, 0x80, 0x1, 0xff, 0x7f, 0xc0, 0x3, 0xff,
    0x7f, 0xc0, 0x3, 0xfe, 0x7f, 0xc0, 0x3, 0xfe,
    0x7f, 0xe0, 0x3, 0xfe, 0x3f, 0xe0, 0x3, 0xfe,
    0x3f, 0xe0, 0x7, 0xfe, 0x3f, 0xe0, 0x7, 0xfc,
    0x3f, 0xe0, 0x7, 0xfc, 0x1f, 0xf0, 0x7, 0xfc,
    0x1f, 0xf0, 0xf, 0xfc, 0x1f, 0xf0, 0xf, 0xf8,
    0x1f, 0xf0, 0xf, 0xf8, 0xf, 0xf8, 0xf, 0xf8,
    0xf, 0xf8, 0x1f, 0xf8, 0xf, 0xf8, 0x1f, 0xf0,
    0x7, 0xf8, 0x1f, 0xf0, 0x7, 0xfc, 0x1f, 0xf0,
    0x7, 0xfc, 0x1f, 0xf0, 0x7, 0xfc, 0x3f, 0xe0,
    0x3, 0xfc, 0x3f, 0xe0, 0x3, 0xfc, 0x3f, 0xe0,
    0x3, 0xfe, 0x3f, 0xe0, 0x3, 0xfe, 0x7f, 0xc0,
    0x1, 0xfe, 0x7f, 0xc0, 0x1, 0xfe, 0x7f, 0xc0,
    0x1, 0xff, 0x7f, 0xc0, 0x1, 0xff, 0xff, 0x80,
    0x0, 0xff, 0xff, 0x80, 0x0, 0xff, 0xff, 0x80,
    0x0, 0xff, 0xff, 0x80, 0x0, 0xff, 0xff, 0x0,
    0x0, 0x7f, 0xff, 0x0, 0x0, 0x7f, 0xff, 0x0,
    0x0, 0x3f, 0xff, 0x0, 0x0, 0x3, 0xfe, 0x0,
    0x0, 0x3, 0xfe, 0x0, 0x0, 0x3, 0xfe, 0x0,
    0x0, 0x7, 0xfc, 0x0, 0x0, 0xf, 0xfc, 0x0,
    0x0, 0x3f, 0xfc, 0x0, 0x1f, 0xff, 0xf8, 0x0,
    0x1f, 0xff, 0xf8, 0x0, 0x1f, 0xff, 0xf0, 0x0,
    0x1f, 0xff, 0xe0, 0x0, 0x1f, 0xff, 0xc0, 0x0,
    0x1f, 0xff, 0x80, 0x0, 0x1f, 0xff, 0x0, 0x0,
    0x1f, 0xf8, 0x0, 0x0,

    /* U+007A "z" */
    0xff, 0xff, 0xff, 0xef, 0xff, 0xff, 0xfe, 0xff,
    0xff, 0xff, 0xef, 0xff, 0xff, 0xfe, 0xff, 0xff,
    0xff, 0xef, 0xff, 0xff, 0xfe, 0xff, 0xff, 0xff,
    0xef, 0xff, 0xff, 0xfe, 0x0, 0x0, 0xff, 0xe0,
    0x0, 0x1f, 0xfc, 0x0, 0x3, 0xff, 0x80, 0x0,
    0x3f, 0xf8, 0x0, 0x7, 0xff, 0x0, 0x0, 0xff,
    0xe0, 0x0, 0xf, 0xfc, 0x0, 0x1, 0xff, 0xc0,
    0x0, 0x3f, 0xf8, 0x0, 0x7, 0xff, 0x0, 0x0,
    0x7f, 0xe0, 0x0, 0xf, 0xfe, 0x0, 0x1, 0xff,
    0xc0, 0x0, 0x1f, 0xf8, 0x0, 0x3, 0xff, 0x0,
    0x0, 0x7f, 0xf0, 0x0, 0xf, 0xfe, 0x0, 0x0,
    0xff, 0xc0, 0x0, 0x1f, 0xf8, 0x0, 0x3, 0xff,
    0x80, 0x0, 0x3f, 0xf0, 0x0, 0x7, 0xff, 0xff,
    0xff, 0xff, 0xff, 0xff, 0xff, 0xff, 0xff, 0xff,
    0xff, 0xff, 0xff, 0xff, 0xff, 0xff, 0xff, 0xff,
    0xff, 0xff, 0xff, 0xff, 0xff, 0xff, 0xff, 0xff,
    0xff, 0xf0,

    /* U+007B "{" */
    0x0, 0xf, 0xc0, 0xf, 0xf0, 0xf, 0xfc, 0x7,
    0xff, 0x1, 0xff, 0xc0, 0xff, 0xf0, 0x3f, 0xc0,
    0x1f, 0xe0, 0x7, 0xf0, 0x1, 0xfc, 0x0, 0x7f,
    0x0, 0x1f, 0xc0, 0x7, 0xf0, 0x1, 0xfc, 0x0,
    0x7f, 0x0, 0x1f, 0xc0, 0x7, 0xf0, 0x1, 0xfc,
    0x0, 0x7f, 0x0, 0x1f, 0xc0, 0x7, 0xf0, 0x1,
    0xfc, 0x0, 0xff, 0x1, 0xff, 0x80, 0xff, 0xe0,
    0x3f, 0xf0, 0xf, 0xf8, 0x3, 0xfe, 0x0, 0xff,
    0xc0, 0x1f, 0xf8, 0x7, 0xfe, 0x0, 0x3f, 0xc0,
    0x7, 0xf0, 0x1, 0xfc, 0x0, 0x7f, 0x0, 0x1f,
    0xc0, 0x7, 0xf0, 0x1, 0xfc, 0x0, 0x7f, 0x0,
    0x1f, 0xc0, 0x7, 0xf0, 0x1, 0xfc, 0x0, 0x7f,
    0x0, 0x1f, 0xc0, 0x7, 0xf0, 0x1, 0xfc, 0x0,
    0x3f, 0xc0, 0xf, 0xff, 0x3, 0xff, 0xc0, 0x7f,
    0xf0, 0xf, 0xfc, 0x1, 0xff, 0x0, 0xf, 0xc0,

    /* U+007C "|" */
    0xff, 0xff, 0xff, 0xff, 0xff, 0xff, 0xff, 0xff,
    0xff, 0xff, 0xff, 0xff, 0xff, 0xff, 0xff, 0xff,
    0xff, 0xff, 0xff, 0xff, 0xff, 0xff, 0xff, 0xff,
    0xff, 0xff, 0xff, 0xff, 0xff, 0xff, 0xff, 0xff,
    0xff, 0xff, 0xff, 0xc0,

    /* U+007D "}" */
    0x7c, 0x0, 0x3f, 0xe0, 0xf, 0xfc, 0x3, 0xff,
    0x80, 0xff, 0xe0, 0x1f, 0xfc, 0x0, 0x7f, 0x0,
    0x1f, 0xe0, 0x3, 0xf8, 0x0, 0xfe, 0x0, 0x3f,
    0x80, 0xf, 0xe0, 0x3, 0xf8, 0x0, 0xfe, 0x0,
    0x3f, 0x80, 0xf, 0xe0, 0x3, 0xf8, 0x0, 0xfe,
    0x0, 0x3f, 0x80, 0xf, 0xe0, 0x3, 0xf8, 0x0,
    0xfe, 0x0, 0x3f, 0xc0, 0x7, 0xfe, 0x1, 0xff,
    0x80, 0x3f, 0xf0, 0x7, 0xfc, 0x1, 0xff, 0x0,
    0xff, 0xc0, 0x7f, 0xf0, 0x1f, 0xf8, 0xf, 0xf0,
    0x3, 0xf8, 0x0, 0xfe, 0x0, 0x3f, 0x80, 0xf,
    0xe0, 0x3, 0xf8, 0x0, 0xfe, 0x0, 0x3f, 0x80,
    0xf, 0xe0, 0x3, 0xf8, 0x0, 0xfe, 0x0, 0x3f,
    0x80, 0xf, 0xe0, 0x3, 0xf8, 0x0, 0xfe, 0x0,
    0x7f, 0x1, 0xff, 0xc0, 0xff, 0xf0, 0x3f, 0xf8,
    0xf, 0xfc, 0x3, 0xfe, 0x0, 0x7c, 0x0, 0x0,

    /* U+007E "~" */
    0xf, 0xf0, 0x0, 0x6, 0xff, 0xfc, 0x0, 0x3f,
    0xff, 0xff, 0x81, 0xff, 0xff, 0xff, 0xff, 0xff,
    0xff, 0xff, 0xff, 0xff, 0xff, 0xff, 0xff, 0xff,
    0xff, 0xff, 0xff, 0xfc, 0x7, 0xff, 0xfe, 0xc0,
    0x0, 0x3f, 0xe0
};


/*---------------------
 *  GLYPH DESCRIPTION
 *--------------------*/

static const lv_font_fmt_txt_glyph_dsc_t glyph_dsc[] = {
    {.bitmap_index = 0, .adv_w = 0, .box_w = 0, .box_h = 0, .ofs_x = 0, .ofs_y = 0} /* id = 0 reserved */,
    {.bitmap_index = 0, .adv_w = 253, .box_w = 1, .box_h = 1, .ofs_x = 0, .ofs_y = 0},
    {.bitmap_index = 1, .adv_w = 274, .box_w = 10, .box_h = 47, .ofs_x = 4, .ofs_y = 0},
    {.bitmap_index = 60, .adv_w = 407, .box_w = 21, .box_h = 16, .ofs_x = 2, .ofs_y = 31},
    {.bitmap_index = 102, .adv_w = 771, .box_w = 43, .box_h = 47, .ofs_x = 3, .ofs_y = 0},
    {.bitmap_index = 355, .adv_w = 607, .box_w = 31, .box_h = 61, .ofs_x = 3, .ofs_y = -7},
    {.bitmap_index = 592, .adv_w = 854, .box_w = 46, .box_h = 47, .ofs_x = 4, .ofs_y = 0},
    {.bitmap_index = 863, .adv_w = 712, .box_w = 39, .box_h = 47, .ofs_x = 3, .ofs_y = 0},
    {.bitmap_index = 1093, .adv_w = 217, .box_w = 8, .box_h = 11, .ofs_x = 3, .ofs_y = 33},
    {.bitmap_index = 1104, .adv_w = 353, .box_w = 15, .box_h = 53, .ofs_x = 3, .ofs_y = -6},
    {.bitmap_index = 1204, .adv_w = 353, .box_w = 15, .box_h = 53, .ofs_x = 3, .ofs_y = -6},
    {.bitmap_index = 1304, .adv_w = 458, .box_w = 24, .box_h = 23, .ofs_x = 2, .ofs_y = 24},
    {.bitmap_index = 1373, .adv_w = 651, .box_w = 31, .box_h = 31, .ofs_x = 5, .ofs_y = 8},
    {.bitmap_index = 1494, .adv_w = 235, .box_w = 9, .box_h = 19, .ofs_x = 3, .ofs_y = -8},
    {.bitmap_index = 1516, .adv_w = 359, .box_w = 17, .box_h = 8, .ofs_x = 3, .ofs_y = 19},
    {.bitmap_index = 1533, .adv_w = 235, .box_w = 9, .box_h = 12, .ofs_x = 3, .ofs_y = 0},
    {.bitmap_index = 1547, .adv_w = 471, .box_w = 26, .box_h = 47, .ofs_x = 2, .ofs_y = 0},
    {.bitmap_index = 1700, .adv_w = 617, .box_w = 31, .box_h = 47, .ofs_x = 4, .ofs_y = 0},
    {.bitmap_index = 1883, .adv_w = 385, .box_w = 18, .box_h = 47, .ofs_x = 1, .ofs_y = 0},
    {.bitmap_index = 1989, .adv_w = 568, .box_w = 29, .box_h = 47, .ofs_x = 3, .ofs_y = 0},
    {.bitmap_index = 2160, .adv_w = 586, .box_w = 30, .box_h = 47, .ofs_x = 3, .ofs_y = 0},
    {.bitmap_index = 2337, .adv_w = 623, .box_w = 36, .box_h = 47, .ofs_x = 2, .ofs_y = 0},
    {.bitmap_index = 2549, .adv_w = 583, .box_w = 30, .box_h = 47, .ofs_x = 3, .ofs_y = 0},
    {.bitmap_index = 2726, .adv_w = 605, .box_w = 31, .box_h = 47, .ofs_x = 4, .ofs_y = 0},
    {.bitmap_index = 2909, .adv_w = 497, .box_w = 28, .box_h = 47, .ofs_x = 1, .ofs_y = 0},
    {.bitmap_index = 3074, .adv_w = 624, .box_w = 31, .box_h = 47, .ofs_x = 4, .ofs_y = 0},
    {.bitmap_index = 3257, .adv_w = 605, .box_w = 31, .box_h = 47, .ofs_x = 3, .ofs_y = 0},
    {.bitmap_index = 3440, .adv_w = 235, .box_w = 9, .box_h = 37, .ofs_x = 3, .ofs_y = 0},
    {.bitmap_index = 3482, .adv_w = 235, .box_w = 9, .box_h = 45, .ofs_x = 3, .ofs_y = -8},
    {.bitmap_index = 3533, .adv_w = 649, .box_w = 31, .box_h = 28, .ofs_x = 5, .ofs_y = 10},
    {.bitmap_index = 3642, .adv_w = 653, .box_w = 31, .box_h = 22, .ofs_x = 5, .ofs_y = 12},
    {.bitmap_index = 3728, .adv_w = 653, .box_w = 31, .box_h = 28, .ofs_x = 5, .ofs_y = 10},
    {.bitmap_index = 3837, .adv_w = 537, .box_w = 28, .box_h = 47, .ofs_x = 3, .ofs_y = 0},
    {.bitmap_index = 4002, .adv_w = 859, .box_w = 46, .box_h = 48, .ofs_x = 4, .ofs_y = -4},
    {.bitmap_index = 4278, .adv_w = 642, .box_w = 38, .box_h = 47, .ofs_x = 1, .ofs_y = 0},
    {.bitmap_index = 4502, .adv_w = 639, .box_w = 31, .box_h = 47, .ofs_x = 5, .ofs_y = 0},
    {.bitmap_index = 4685, .adv_w = 620, .box_w = 32, .box_h = 47, .ofs_x = 4, .ofs_y = 0},
    {.bitmap_index = 4873, .adv_w = 637, .box_w = 31, .box_h = 47, .ofs_x = 5, .ofs_y = 0},
    {.bitmap_index = 5056, .adv_w = 552, .box_w = 27, .box_h = 47, .ofs_x = 5, .ofs_y = 0},
    {.bitmap_index = 5215, .adv_w = 518, .box_w = 26, .box_h = 47, .ofs_x = 5, .ofs_y = 0},
    {.bitmap_index = 5368, .adv_w = 628, .box_w = 31, .box_h = 47, .ofs_x = 4, .ofs_y = 0},
    {.bitmap_index = 5551, .adv_w = 664, .box_w = 32, .box_h = 47, .ofs_x = 5, .ofs_y = 0},
    {.bitmap_index = 5739, .adv_w = 308, .box_w = 9, .box_h = 47, .ofs_x = 5, .ofs_y = 0},
    {.bitmap_index = 5792, .adv_w = 600, .box_w = 31, .box_h = 47, .ofs_x = 2, .ofs_y = 0},
    {.bitmap_index = 5975, .adv_w = 643, .box_w = 35, .box_h = 47, .ofs_x = 5, .ofs_y = 0},
    {.bitmap_index = 6181, .adv_w = 517, .box_w = 27, .box_h = 47, .ofs_x = 5, .ofs_y = 0},
    {.bitmap_index = 6340, .adv_w = 836, .box_w = 43, .box_h = 47, .ofs_x = 5, .ofs_y = 0},
    {.bitmap_index = 6593, .adv_w = 674, .box_w = 33, .box_h = 47, .ofs_x = 5, .ofs_y = 0},
    {.bitmap_index = 6787, .adv_w = 636, .box_w = 32, .box_h = 47, .ofs_x = 4, .ofs_y = 0},
    {.bitmap_index = 6975, .adv_w = 611, .box_w = 31, .box_h = 47, .ofs_x = 5, .ofs_y = 0},
    {.bitmap_index = 7158, .adv_w = 655, .box_w = 32, .box_h = 57, .ofs_x = 5, .ofs_y = -10},
    {.bitmap_index = 7386, .adv_w = 630, .box_w = 33, .box_h = 47, .ofs_x = 5, .ofs_y = 0},
    {.bitmap_index = 7580, .adv_w = 621, .box_w = 32, .box_h = 47, .ofs_x = 4, .ofs_y = 0},
    {.bitmap_index = 7768, .adv_w = 510, .box_w = 30, .box_h = 47, .ofs_x = 1, .ofs_y = 0},
    {.bitmap_index = 7945, .adv_w = 645, .box_w = 32, .box_h = 47, .ofs_x = 4, .ofs_y = 0},
    {.bitmap_index = 8133, .adv_w = 600, .box_w = 36, .box_h = 47, .ofs_x = 1, .ofs_y = 0},
    {.bitmap_index = 8345, .adv_w = 930, .box_w = 56, .box_h = 47, .ofs_x = 1, .ofs_y = 0},
    {.bitmap_index = 8674, .adv_w = 622, .box_w = 35, .box_h = 47, .ofs_x = 2, .ofs_y = 0},
    {.bitmap_index = 8880, .adv_w = 596, .box_w = 36, .box_h = 47, .ofs_x = 1, .ofs_y = 0},
    {.bitmap_index = 9092, .adv_w = 600, .box_w = 31, .box_h = 47, .ofs_x = 3, .ofs_y = 0},
    {.bitmap_index = 9275, .adv_w = 372, .box_w = 14, .box_h = 54, .ofs_x = 6, .ofs_y = -7},
    {.bitmap_index = 9370, .adv_w = 471, .box_w = 26, .box_h = 47, .ofs_x = 2, .ofs_y = 0},
    {.bitmap_index = 9523, .adv_w = 372, .box_w = 13, .box_h = 54, .ofs_x = 4, .ofs_y = -7},
    {.bitmap_index = 9611, .adv_w = 589, .box_w = 31, .box_h = 21, .ofs_x = 3, .ofs_y = 26},
    {.bitmap_index = 9693, .adv_w = 429, .box_w = 27, .box_h = 5, .ofs_x = 0, .ofs_y = -8},
    {.bitmap_index = 9710, .adv_w = 343, .box_w = 14, .box_h = 9, .ofs_x = 4, .ofs_y = 42},
    {.bitmap_index = 9726, .adv_w = 597, .box_w = 30, .box_h = 37, .ofs_x = 3, .ofs_y = 0},
    {.bitmap_index = 9865, .adv_w = 606, .box_w = 31, .box_h = 51, .ofs_x = 4, .ofs_y = 0},
    {.bitmap_index = 10063, .adv_w = 473, .box_w = 24, .box_h = 37, .ofs_x = 3, .ofs_y = 0},
    {.bitmap_index = 10174, .adv_w = 606, .box_w = 31, .box_h = 51, .ofs_x = 3, .ofs_y = 0},
    {.bitmap_index = 10372, .adv_w = 569, .box_w = 29, .box_h = 37, .ofs_x = 3, .ofs_y = 0},
    {.bitmap_index = 10507, .adv_w = 408, .box_w = 23, .box_h = 51, .ofs_x = 2, .ofs_y = 0},
    {.bitmap_index = 10654, .adv_w = 598, .box_w = 30, .box_h = 49, .ofs_x = 3, .ofs_y = -12},
    {.bitmap_index = 10838, .adv_w = 602, .box_w = 30, .box_h = 51, .ofs_x = 4, .ofs_y = 0},
    {.bitmap_index = 11030, .adv_w = 285, .box_w = 9, .box_h = 51, .ofs_x = 4, .ofs_y = 0},
    {.bitmap_index = 11088, .adv_w = 285, .box_w = 18, .box_h = 63, .ofs_x = -5, .ofs_y = -12},
    {.bitmap_index = 11230, .adv_w = 544, .box_w = 30, .box_h = 51, .ofs_x = 4, .ofs_y = 0},
    {.bitmap_index = 11422, .adv_w = 285, .box_w = 9, .box_h = 51, .ofs_x = 4, .ofs_y = 0},
    {.bitmap_index = 11480, .adv_w = 919, .box_w = 50, .box_h = 37, .ofs_x = 4, .ofs_y = 0},
    {.bitmap_index = 11712, .adv_w = 602, .box_w = 30, .box_h = 37, .ofs_x = 4, .ofs_y = 0},
    {.bitmap_index = 11851, .adv_w = 586, .box_w = 30, .box_h = 37, .ofs_x = 3, .ofs_y = 0},
    {.bitmap_index = 11990, .adv_w = 606, .box_w = 31, .box_h = 47, .ofs_x = 4, .ofs_y = -10},
    {.bitmap_index = 12173, .adv_w = 597, .box_w = 30, .box_h = 47, .ofs_x = 3, .ofs_y = -10},
    {.bitmap_index = 12350, .adv_w = 402, .box_w = 21, .box_h = 37, .ofs_x = 4, .ofs_y = 0},
    {.bitmap_index = 12448, .adv_w = 505, .box_w = 26, .box_h = 37, .ofs_x = 3, .ofs_y = 0},
    {.bitmap_index = 12569, .adv_w = 407, .box_w = 23, .box_h = 47, .ofs_x = 1, .ofs_y = 0},
    {.bitmap_index = 12705, .adv_w = 602, .box_w = 30, .box_h = 37, .ofs_x = 4, .ofs_y = 0},
    {.bitmap_index = 12844, .adv_w = 539, .box_w = 32, .box_h = 37, .ofs_x = 1, .ofs_y = 0},
    {.bitmap_index = 12992, .adv_w = 802, .box_w = 48, .box_h = 37, .ofs_x = 1, .ofs_y = 0},
    {.bitmap_index = 13214, .adv_w = 532, .box_w = 31, .box_h = 37, .ofs_x = 1, .ofs_y = 0},
    {.bitmap_index = 13358, .adv_w = 543, .box_w = 32, .box_h = 49, .ofs_x = 1, .ofs_y = -12},
    {.bitmap_index = 13554, .adv_w = 517, .box_w = 28, .box_h = 37, .ofs_x = 2, .ofs_y = 0},
    {.bitmap_index = 13684, .adv_w = 363, .box_w = 18, .box_h = 53, .ofs_x = 1, .ofs_y = -6},
    {.bitmap_index = 13804, .adv_w = 266, .box_w = 6, .box_h = 47, .ofs_x = 5, .ofs_y = 0},
    {.bitmap_index = 13840, .adv_w = 363, .box_w = 18, .box_h = 53, .ofs_x = 1, .ofs_y = -6},
    {.bitmap_index = 13960, .adv_w = 651, .box_w = 31, .box_h = 9, .ofs_x = 5, .ofs_y = 19}
};

/*---------------------
 *  CHARACTER MAPPING
 *--------------------*/



/*Collect the unicode lists and glyph_id offsets*/
static const lv_font_fmt_txt_cmap_t cmaps[] =
{
    {
        .range_start = 32, .range_length = 95, .glyph_id_start = 1,
        .unicode_list = NULL, .glyph_id_ofs_list = NULL, .list_length = 0, .type = LV_FONT_FMT_TXT_CMAP_FORMAT0_TINY
    }
};



/*--------------------
 *  ALL CUSTOM DATA
 *--------------------*/

#if LVGL_VERSION_MAJOR == 8
/*Store all the custom data of the font*/
static  lv_font_fmt_txt_glyph_cache_t cache;
#endif

#if LVGL_VERSION_MAJOR >= 8
static const lv_font_fmt_txt_dsc_t font_dsc = {
#else
static lv_font_fmt_txt_dsc_t font_dsc = {
#endif
    .glyph_bitmap = glyph_bitmap,
    .glyph_dsc = glyph_dsc,
    .cmaps = cmaps,
    .kern_dsc = NULL,
    .kern_scale = 0,
    .cmap_num = 1,
    .bpp = 1,
    .kern_classes = 0,
    .bitmap_format = 0,
#if LVGL_VERSION_MAJOR == 8
    .cache = &cache
#endif
};



/*-----------------
 *  PUBLIC FONT
 *----------------*/

/*Initialize a public general font descriptor*/
#if LVGL_VERSION_MAJOR >= 8
const lv_font_t ui_font_rajdhani = {
#else
lv_font_t ui_font_rajdhani = {
#endif
    .get_glyph_dsc = lv_font_get_glyph_dsc_fmt_txt,    /*Function pointer to get glyph's data*/
    .get_glyph_bitmap = lv_font_get_bitmap_fmt_txt,    /*Function pointer to get glyph's bitmap*/
    .line_height = 66,          /*The maximum line height required by the font*/
    .base_line = 12,             /*Baseline measured from the bottom of the line*/
#if !(LVGL_VERSION_MAJOR == 6 && LVGL_VERSION_MINOR == 0)
    .subpx = LV_FONT_SUBPX_NONE,
#endif
#if LV_VERSION_CHECK(7, 4, 0) || LVGL_VERSION_MAJOR >= 8
    .underline_position = -5,
    .underline_thickness = 4,
#endif
    .dsc = &font_dsc,          /*The custom font data. Will be accessed by `get_glyph_bitmap/dsc` */
#if LV_VERSION_CHECK(8, 2, 0) || LVGL_VERSION_MAJOR >= 9
    .fallback = NULL,
#endif
    .user_data = NULL,
};



#endif /*#if UI_FONT_RAJDHANI*/

