// This file is custom converted for LVGL v8
#include "ui.h"

#ifndef LV_ATTRIBUTE_MEM_ALIGN
#define LV_ATTRIBUTE_MEM_ALIGN
#endif

// IMAGE DATA: Trailmaster Jap Logo (140x68 px)
const LV_ATTRIBUTE_MEM_ALIGN uint8_t ui_img_trailmaster_jap_data[] = {
    0x00,0x00,0x00,0x00,0x00,0x00,0x00,0x00,0x00,0x00,0x00,0x00,0x00,0x00,0x00,0x00,
    0x00,0x00,0x00,0x00,0x00,0x00,0x00,0x00,0x00,0x00,0x00,0x00,0x00,0x00,0x00,0x00,
    0x00,0x00,0x00,0x00,0x00,0x00,0x00,0x00,0x00,0x00,0x00,0x00,0x00,0x00,0x00,0x00,
    0x00,0x00,0x00,0x00,0x00,0x00,0x00,0x00,0x00,0x00,0x00,0x00,0x00,0x00,0x00,0x00,
    0x00,0x00,0x00,0x00,0x00,0x00,0x00,0x00,0x00,0x00,0x00,0x00,0x00,0x00,0x00,0x00,
    0x00,0x00,0x00,0x00,0x00,0x00,0x00,0x00,0x00,0x00,0x00,0x00,0x00,0x00,0x00,0x00,
    0x00,0x00,0x00,0x00,0x00,0x00,0x00,0x00,0x00,0x00,0x00,0x00,0x00,0x00,0x00,0x00,
    0x00,0x00,0x00,0x00,0x00,0x00,0x00,0x00,0x00,0x00,0x00,0x00,0x00,0x00,0x00,0x00,
    0x00,0x00,0x00,0x00,0x00,0x00,0x00,0x00,0x00,0x00,0x00,0x00,0x00,0x00,0x00,0x00,
    0x00,0x00,0x00,0x00,0x00,0x00,0x00,0x00,0x00,0x00,0x00,0x00,0x00,0x00,0x00,0x00,
    0x00,0x00,0x00,0x00,0x00,0x00,0x00,0x00,0x00,0x00,0x00,0x00,0x00,0x00,0x00,0x00,
    0x00,0x00,0x00,0x00,0x00,0x00,0x00,0x00,0x00,0x00,0x00,0x00,0x00,0x00,0x00,0x00,
    0x00,0x00,0x00,0x00,0x00,0x00,0x00,0x00,0x00,0x00,0x00,0x00,0x00,0x00,0x00,0x00,
    0x00,0x00,0x00,0x00,0x00,0x00,0x00,0x00,0x00,0x00,0x00,0x00,0x00,0x00,0x00,0x00,
    0x00,0x00,0x00,0x00,0x00,0x00,0x00,0x00,0x00,0x00,0x00,0x00,0x00,0x00,0x00,0x00,
    0x00,0x00,0x00,0x00,0x00,0x00,0x00,0x00,0x00,0x00,0x00,0x00,0x00,0x00,0x00,0x00,
    0x00,0x00,0x00,0x00,0x00,0x00,0x00,0x00,0x00,0x00,0x00,0x00,0x00,0x00,0x00,0x00,
    0x00,0x00,0x00,0x00,0x00,0x00,0x00,0x00,0x00,0x00,0x00,0x00,0x00,0x00,0x00,0x00,
    0x00,0x00,0x00,0x00,0x00,0x00,0x00,0x00,0x00,0x00,0x00,0x00,0x00,0x00,0x00,0x00,
    0x00,0x00,0x00,0x00,0x00,0x00,0x00,0x00,0x00,0x00,0x00,0x00,0x00,0x00,0x00,0x00,
    0x00,0x00,0x00,0x00,0x00,0x00,0x00,0x00,0x00,0x00,0x00,0x00,0x00,0x00,0x00,0x00,
    0x00,0x00,0x00,0x00,0x00,0x00,0x00,0x00,0x00,0x00,0x00,0x00,0x00,0x00,0x00,0x00,
    0x00,0x00,0x00,0x00,0x00,0x00,0x00,0x00,0x00,0x00,0x00,0x00,0x00,0x00,0x00,0x00,
    0x00,0x00,0x00,0x00,0x00,0x00,0x00,0x00,0x00,0x00,0x00,0x00,0x00,0x00,0x00,0x00,
    0x00,0x00,0x00,0x00,0x00,0x00,0x00,0x00,0x00,0x00,0x00,0x00,0x00,0x00,0x00,0x00,
    0x00,0x00,0x00,0x00,0x00,0x00,0x00,0x00,0x00,0x00,0x00,0x00,0x00,0x00,0x00,0x00,
    0x00,0x00,0x00,0x00,0x00,0x00,0x00,0x00,0x00,0x00,0x00,0x00,0x00,0x00,0x00,0x00,
    0x00,0x00,0x00,0x00,0x00,0x00,0x00,0x00,0x00,0x00,0x00,0x00,0x00,0x00,0x00,0x00,
    0x00,0x00,0x00,0x00,0x00,0x00,0x00,0x00,0x00,0x00,0x00,0x00,0x00,0x00,0x00,0x00,
    0x00,0x00,0x00,0x00,0x00,0x00,0x00,0x00,0x00,0x00,0x00,0x00,0x00,0x00,0x00,0x00,
    0x00,0x00,0x00,0x00,0x00,0x00,0x00,0x00,0x00,0x00,0x00,0x00,0x00,0x00,0x00,0x00,
    0x00,0x00,0x00,0x00,0x00,0x00,0x00,0x00,0x00,0x00,0x00,0x00,0x00,0x00,0x00,0x00,
    0x00,0x00,0x00,0x00,0x00,0x00,0x00,0x00,0x00,0x00,0x00,0x00,0x00,0x00,0x00,0x00,
    0x00,0x00,0x00,0x00,0x00,0x00,0x00,0x00,0x00,0x00,0x00,0x00,0x00,0x00,0x00,0x00,
    0x00,0x00,0x00,0x00,0x00,0x00,0x00,0x00,0x00,0x00,0x00,0x00,0x00,0x00,0x00,0x00,
    0x00,0x00,0x00,0x00,0x00,0x00,0x00,0x00,0x00,0x00,0x00,0x00,0x00,0x00,0x00,0x00,
    0x00,0x00,0x00,0x00,0x00,0x00,0x00,0x00,0x00,0x00,0x00,0x00,0x00,0x00,0x00,0x00,
    0x00,0x00,0x00,0x00,0x00,0x00,0x00,0x00,0x00,0x00,0x00,0x00,0x00,0x00,0x00,0x00,
    0x00,0x00,0x00,0x00,0x00,0x00,0x00,0x00,0x00,0x00,0x00,0x00,0x00,0x00,0x00,0x00,
    0x00,0x00,0x00,0x00,0x00,0x00,0x00,0x00,0x00,0x00,0x00,0x00,0x00,0x00,0x00,0x00,
    0x00,0x00,0x00,0x00,0x00,0x00,0x00,0x00,0x00,0x00,0x00,0x00,0x00,0x00,0x00,0x00,
    0x00,0x00,0x00,0x00,0x00,0x00,0x00,0x00,0x00,0x00,0x00,0x00,0x00,0x00,0x00,0x00,
    0x00,0x00,0x00,0x00,0x00,0x00,0x00,0x00,0x00,0x00,0x00,0x00,0x00,0x00,0x00,0x00,
    0x00,0x00,0x00,0x00,0x00,0x00,0x00,0x00,0x00,0x00,0x00,0x00,0x00,0x00,0x00,0x00,
    0x00,0x00,0x00,0x00,0x00,0x00,0x00,0x00,0x00,0x00,0x00,0x00,0x00,0x00,0x00,0x00,
    0x00,0x00,0x00,0x00,0x00,0x00,0x00,0x00,0x00,0x00,0x00,0x00,0x00,0x00,0x00,0x00,
    0x00,0x00,0x00,0x00,0x00,0x00,0x00,0x00,0x00,0x00,0x00,0x00,0x00,0x00,0x00,0x00,
    0x00,0x00,0x00,0x00,0x00,0x00,0x00,0x00,0x00,0x00,0x00,0x00,0x00,0x00,0x00,0x00,
    0x00,0x00,0x00,0x00,0x00,0x00,0x00,0x00,0x00,0x00,0x00,0x00,0x00,0x00,0x00,0x00,
    0x00,0x00,0x00,0x00,0x00,0x00,0x00,0x00,0x00,0x00,0x00,0x00,0x00,0x00,0x00,0x00,
    0x00,0x00,0x00,0x00,0x00,0x00,0x00,0x00,0x00,0x00,0x00,0x00,0x00,0x00,0x00,0x00,
    0x00,0x00,0x00,0x00,0x00,0x00,0x00,0x00,0x00,0x00,0x00,0x00,0x00,0x00,0x00,0x00,
    0x00,0x00,0x00,0x00,0x00,0x00,0x00,0x00,0x00,0x00,0x00,0x00,0x00,0x00,0x00,0x00,
    0x00,0x00,0x00,0x00,0x00,0x00,0x00,0x00,0x00,0x00,0x00,0x00,0x00,0x00,0x00,0x00,
    0x00,0x00,0x00,0x00,0x00,0x00,0x00,0x00,0x00,0x00,0x00,0x00,0x00,0x00,0x00,0x00,
    0x00,0x00,0x00,0x00,0x00,0x00,0x00,0x00,0x00,0x00,0x00,0x00,0x00,0x00,0x00,0x00,
    0x00,0x00,0x00,0x00,0x00,0x00,0x00,0x00,0x00,0x00,0x00,0x00,0x00,0x00,0x00,0x00,
    0x00,0x00,0x00,0x00,0x00,0x00,0x00,0x00,0x00,0x00,0x00,0x00,0x00,0x00,0x00,0x00,
    0x00,0x00,0x00,0x00,0x00,0x00,0x00,0x00,0x00,0x00,0x00,0x00,0x00,0x00,0x00,0x00,
    0x00,0x00,0x00,0x00,0x00,0x00,0x00,0x00,0x00,0x00,0x00,0x00,0x00,0x00,0x00,0x00,
    0x00,0x00,0x00,0x00,0x00,0x00,0x00,0x00,0x00,0x00,0x00,0x00,0x00,0x00,0x00,0x00,
    0x00,0x00,0x00,0x00,0x00,0x00,0x00,0x00,0x00,0x00,0x00,0x00,0x00,0x00,0x00,0x00,
    0x00,0x00,0x00,0x00,0x00,0x00,0x00,0x00,0x00,0x00,0x00,0x00,0x00,0x00,0x00,0x00,
    0x00,0x00,0x00,0x00,0x00,0x00,0x00,0x00,0x00,0x00,0x00,0x00,0x00,0x00,0x00,0x00,
    0x00,0x00,0x00,0x00,0x00,0x00,0x00,0x00,0x00,0x00,0x00,0x00,0x00,0x00,0x00,0x00,
    0x00,0x00,0x00,0x00,0x00,0x00,0x00,0xFF,0xFF,0x02,0xFF,0xFF,0x01,0x00,0x00,0x00,
    0x00,0x00,0x00,0x00,0x00,0x00,0x00,0x00,0x00,0x00,0x00,0x00,0x00,0x00,0x00,0x00,
    0x00,0x00,0x00,0x00,0x00,0x00,0x00,0x00,0x00,0x00,0x00,0x00,0x00,0x00,0x00,0x00,
    0x00,0x00,0x00,0x00,0x00,0x00,0x00,0x00,0x00,0x00,0x00,0x00,0x00,0x00,0x00,0x00,
    0x00,0x00,0x00,0x00,0x00,0x00,0x00,0x00,0x00,0x00,0x00,0x00,0x00,0x00,0x00,0x00,
    0x00,0x00,0x00,0x00,0x00,0x00,0x00,0x00,0x00,0x00,0x00,0x00,0x00,0x00,0x00,0x00,
    0x00,0x00,0x00,0x00,0x00,0x00,0x00,0x00,0x00,0x00,0x00,0x00,0x00,0x00,0x00,0x00,
    0x00,0x00,0x00,0x00,0x00,0x00,0x00,0x00,0x00,0x00,0x00,0x00,0x00,0x00,0x00,0x00,
    0x00,0x00,0x00,0x00,0x00,0x00,0x00,0x00,0x00,0x00,0x00,0x00,0x00,0x00,0x00,0x00,
    0x00,0x00,0x00,0x00,0x00,0x00,0x00,0x00,0x00,0x00,0x00,0x00,0x00,0x00,0x00,0x00,
    0x00,0x00,0x00,0x00,0x00,0x00,0x00,0x00,0x00,0x00,0x00,0x00,0x00,0x00,0x00,0x00,
    0x00,0x00,0x00,0x00,0x00,0x00,0x00,0x00,0x00,0x00,0x00,0x00,0x00,0x00,0x00,0x00,
    0x00,0x00,0x00,0x00,0x00,0x00,0x00,0x00,0x00,0x00,0x00,0x00,0x00,0x00,0x00,0x00,
    0x00,0x00,0x00,0x00,0x00,0x00,0x00,0x00,0x00,0x00,0x00,0x00,0x00,0x00,0x00,0x00,
    0x00,0x00,0x00,0x00,0x00,0x00,0x00,0x00,0x00,0x00,0x00,0x00,0x00,0x00,0x00,0x00,
    0x00,0x00,0x00,0x00,0x00,0x00,0x00,0x00,0x00,0x00,0x00,0x00,0x00,0x00,0x00,0x00,
    0x00,0x00,0x00,0x00,0x00,0x00,0x00,0x00,0x00,0x00,0x00,0x00,0x00,0x00,0x00,0x00,
    0x00,0x00,0x00,0x00,0x00,0x00,0x00,0x00,0x00,0x00,0x00,0x00,0x00,0x00,0x00,0x00,
    0x00,0x00,0x00,0x00,0x00,0x00,0x00,0x00,0x00,0x00,0x00,0x00,0x00,0x00,0x00,0x00,
    0x00,0x00,0x00,0x00,0x00,0x00,0x00,0x00,0x00,0x00,0x00,0x00,0x00,0x00,0x00,0x00,
    0x00,0x00,0x00,0x00,0x00,0x00,0x00,0x00,0x00,0x00,0x00,0x00,0x00,0x00,0x00,0x00,
    0x00,0x00,0x00,0x00,0x00,0x00,0x00,0x00,0x00,0x00,0x00,0x00,0x00,0x00,0x00,0x00,
    0x00,0x00,0x00,0x00,0x00,0x00,0x00,0x00,0x00,0x00,0x00,0x00,0x00,0x00,0x00,0x00,
    0x00,0x00,0x00,0x00,0x00,0x00,0x00,0x00,0x00,0x00,0x00,0x00,0x00,0x00,0x00,0x00,
    0x00,0x00,0x00,0x00,0x00,0x00,0x00,0x00,0x00,0x00,0x00,0x00,0x00,0x00,0x00,0x00,
    0x00,0x00,0x00,0x00,0x00,0x00,0x00,0x00,0x00,0x00,0x00,0x00,0x00,0x00,0x00,0x00,
    0x00,0x00,0x00,0x00,0x00,0x00,0x00,0x00,0xFF,0xFF,0x01,0x00,0x00,0x00,0x00,0x00,
    0x00,0x00,0x00,0x01,0x00,0x00,0x00,0x00,0x00,0x00,0x00,0x00,0x00,0x00,0x00,0x00,
    0x00,0x00,0x00,0x00,0x00,0x00,0x00,0x00,0x00,0x00,0x00,0x00,0x00,0x00,0x00,0x00,
    0x00,0x00,0x00,0x00,0x00,0x00,0x00,0x00,0x00,0x00,0x00,0x00,0x00,0x00,0x00,0x00,
    0x00,0x00,0x00,0x00,0x00,0x00,0x00,0x00,0x00,0x00,0x00,0x00,0x00,0x00,0x00,0x00,
    0x00,0x00,0x00,0x00,0x00,0x00,0x00,0x00,0x00,0x00,0x00,0x00,0x00,0x00,0x00,0x00,
    0x00,0x00,0x00,0x00,0x00,0x00,0x00,0x00,0x00,0x00,0x00,0x00,0x00,0x00,0x00,0x00,
    0x00,0x00,0x00,0x00,0x00,0x00,0x00,0x00,0x00,0x00,0x00,0x00,0x00,0x00,0x00,0x00,
    0x00,0x00,0x00,0x00,0x00,0x00,0x00,0x00,0x00,0x00,0x00,0x00,0x00,0x00,0x00,0x00,
    0x00,0x00,0x00,0x00,0x00,0x00,0x00,0x00,0x00,0x00,0x00,0x00,0x00,0x00,0x00,0x00,
    0x00,0x00,0x00,0x00,0x00,0x00,0x00,0x00,0x00,0x00,0x00,0x00,0x00,0x00,0x00,0x00,
    0x00,0x00,0x00,0x00,0x00,0x00,0x00,0x00,0x00,0x00,0x00,0x00,0x00,0x00,0x00,0x00,
    0x00,0x00,0x00,0x00,0x00,0x00,0x00,0x00,0x00,0x00,0x00,0x00,0x00,0x00,0x00,0x00,
    0x00,0x00,0x00,0x00,0x00,0x00,0x00,0x00,0x00,0x00,0x00,0x00,0x00,0x00,0x00,0x00,
    0x00,0x00,0x00,0x00,0x00,0x00,0x00,0x00,0x00,0x00,0x00,0x00,0x00,0x00,0x00,0x00,
    0x00,0x00,0x00,0x00,0x00,0x00,0x00,0x00,0x00,0x00,0x00,0x00,0x00,0x00,0x00,0x00,
    0x00,0x00,0x00,0x00,0x00,0x00,0x00,0x00,0x00,0x00,0x00,0x00,0x00,0x00,0x00,0x00,
    0x00,0x00,0x00,0x00,0x00,0x00,0x00,0x00,0x00,0x00,0x00,0x00,0x00,0x00,0x00,0x00,
    0x00,0x00,0x00,0x00,0x00,0x00,0x00,0x00,0x00,0x00,0x00,0x00,0x00,0x00,0x00,0x00,
    0x00,0x00,0x00,0x00,0x00,0x00,0x00,0x00,0x00,0x00,0x00,0x00,0x00,0x00,0x00,0x00,
    0x00,0x00,0x00,0x00,0x00,0x00,0x00,0x00,0x00,0x00,0x00,0x00,0x00,0x00,0x00,0x00,
    0x00,0x00,0x00,0x00,0x00,0x00,0x00,0x00,0x00,0x00,0x00,0x00,0x00,0x00,0x00,0x00,
    0x00,0x00,0x00,0x00,0x00,0x00,0x00,0x00,0x00,0x00,0x00,0x00,0x00,0x00,0x00,0x00,
    0x00,0x00,0x00,0x00,0x00,0x00,0x00,0x00,0x00,0x00,0x00,0x00,0x00,0x00,0x00,0x00,
    0x00,0x00,0x00,0x00,0x00,0x00,0x00,0x00,0x00,0x00,0x00,0x00,0x00,0x00,0x00,0x00,
    0x00,0x00,0x00,0x00,0x00,0x00,0x00,0x00,0x00,0x00,0x00,0x00,0x00,0x00,0x00,0x00,
    0x00,0x00,0x00,0x00,0x00,0x00,0x00,0x00,0x00,0xFF,0xFF,0x01,0x00,0x00,0x00,0xF3,
    0x9C,0x30,0xAE,0x73,0x0F,0x00,0x00,0x00,0xFF,0xFF,0x01,0x00,0x00,0x00,0x00,0x00,
    0x00,0x00,0x00,0x00,0x00,0x00,0x00,0x00,0x00,0x00,0x00,0x00,0x00,0x00,0x00,0x00,
    0x00,0x00,0x00,0x00,0x00,0x00,0x00,0x00,0x00,0x00,0x00,0x00,0x00,0x00,0x00,0x00,
    0x00,0x00,0x00,0x00,0x00,0x00,0x00,0x00,0x00,0x00,0x00,0x00,0x00,0x00,0x00,0x00,
    0x00,0x00,0x00,0x00,0x00,0x00,0x00,0x00,0x00,0x00,0x00,0x00,0x00,0x00,0x00,0x00,
    0x00,0x00,0x00,0x00,0x00,0x00,0x00,0x00,0x00,0x00,0x00,0x00,0x00,0x00,0x00,0x00,
    0x00,0x00,0x00,0x00,0x00,0x00,0x00,0x00,0x00,0x00,0x00,0x00,0x00,0x00,0x00,0x00,
    0x00,0x00,0x00,0x00,0x00,0x00,0x00,0x00,0x00,0x00,0x00,0x00,0x00,0x00,0x00,0x00,
    0x00,0x00,0x00,0x00,0x00,0x00,0x00,0x00,0x00,0x00,0x00,0x00,0x00,0x00,0x00,0x00,
    0x00,0x00,0x00,0x00,0x00,0x00,0x00,0x00,0x00,0x00,0x00,0x00,0x00,0x00,0x00,0x00,
    0x00,0x00,0x00,0x00,0x00,0x00,0x00,0x00,0x00,0x00,0x00,0x00,0x00,0x00,0x00,0x00,
    0x00,0x00,0x00,0x00,0x00,0x00,0x00,0x00,0x00,0x00,0x00,0x00,0x00,0x00,0x00,0x00,
    0x00,0x00,0x00,0x00,0x00,0x00,0x00,0x00,0x00,0x00,0x00,0x00,0x00,0x00,0x00,0x00,
    0x00,0x00,0x00,0x00,0x00,0x00,0x00,0x00,0x00,0x00,0x00,0x00,0x00,0x00,0x00,0x00,
    0x00,0x00,0x00,0x00,0x00,0x00,0x00,0x00,0x00,0x00,0x00,0x00,0x00,0x00,0x00,0x00,
    0x00,0x00,0x00,0x00,0x00,0x00,0x00,0x00,0x00,0x00,0x00,0x00,0x00,0x00,0x00,0x00,
    0x00,0x00,0x00,0x00,0x00,0x00,0x00,0x00,0x00,0x00,0x00,0x00,0x00,0x00,0x00,0x00,
    0x00,0x00,0x00,0x00,0x00,0x00,0x00,0x00,0x00,0x00,0x00,0x00,0x00,0x00,0x00,0x00,
    0x00,0x00,0x00,0x00,0x00,0x00,0x00,0x00,0x00,0x00,0x00,0x00,0x00,0x00,0x00,0x00,
    0x00,0x00,0x00,0x00,0x00,0x00,0x00,0x00,0x00,0x00,0x00,0x00,0x00,0x00,0x00,0x00,
    0x00,0x00,0x00,0x00,0x00,0x00,0x00,0x00,0x00,0x00,0x00,0x00,0x00,0x00,0x00,0x00,
    0x00,0x00,0x00,0x00,0x00,0x00,0x00,0x00,0x00,0x00,0x00,0x00,0x00,0x00,0x00,0x00,
    0x00,0x00,0x00,0x00,0x00,0x00,0x00,0x00,0x00,0x00,0x00,0x00,0x00,0x00,0x00,0x00,
    0x00,0x00,0x00,0x00,0x00,0x00,0x00,0x00,0x00,0x00,0x00,0x00,0x00,0x00,0x00,0x00,
    0x00,0x00,0x00,0x00,0x00,0x00,0x00,0x00,0x00,0x00,0x00,0x00,0x00,0x00,0x00,0x00,
    0x00,0x00,0x00,0x00,0x00,0x00,0x00,0x00,0x00,0x00,0xFF,0xFF,0x02,0x00,0x00,0x00,
    0xB2,0x94,0x57,0x99,0xCE,0xEE,0xF7,0xBD,0x9F,0xC3,0x18,0x09,0x00,0x00,0x00,0xFF,
    0xFF,0x01,0x00,0x00,0x00,0x00,0x00,0x00,0x00,0x00,0x00,0x00,0x00,0x00,0x00,0x00,
    0x00,0x00,0x00,0x00,0x00,0x00,0x00,0x00,0x00,0x00,0x00,0x00,0x00,0x00,0x00,0x00,
    0x00,0x00,0x00,0x00,0x00,0x00,0x00,0x00,0x00,0x00,0x00,0x00,0x00,0x00,0x00,0x00,
    0x00,0x00,0x00,0x00,0x00,0x00,0x00,0x00,0x00,0x00,0x00,0x00,0x00,0x00,0x00,0x00,
    0x00,0x00,0x00,0x00,0x00,0x00,0x00,0x00,0x00,0x00,0x00,0x00,0x00,0x00,0x00,0x00,
    0x00,0x00,0x00,0x00,0x00,0x00,0x00,0x00,0x00,0x00,0x00,0x00,0x00,0x00,0x00,0x00,
    0x00,0x00,0x00,0x00,0x00,0x00,0x00,0x00,0x00,0x00,0x00,0x00,0x00,0x00,0x00,0x00,
    0x00,0x00,0x00,0x00,0x00,0x00,0x00,0x00,0x00,0x00,0x00,0x00,0x00,0x00,0x00,0x00,
    0x00,0x00,0x00,0x00,0x00,0x00,0x00,0x00,0x00,0x00,0x00,0x00,0x00,0x00,0x00,0x00,
    0x00,0x00,0x00,0x00,0x00,0x00,0x00,0x00,0x00,0x00,0x00,0x00,0x00,0x00,0x00,0x00,
    0x00,0x00,0x00,0x00,0x00,0x00,0x00,0x00,0x00,0x00,0x00,0x00,0x00,0x00,0x00,0x00,
    0x00,0x00,0x00,0x00,0x00,0x00,0x00,0x00,0x00,0x00,0x00,0x00,0x00,0x00,0x00,0x00,
    0x00,0x00,0x00,0x00,0x00,0x00,0x00,0x00,0x00,0x00,0x00,0x00,0x00,0x00,0x00,0x00,
    0x00,0x00,0x00,0x00,0x00,0x00,0x00,0x00,0x00,0x00,0x00,0x00,0x00,0x00,0x00,0x00,
    0x00,0x00,0x00,0x00,0x00,0x00,0x00,0x00,0x00,0x00,0x00,0x00,0x00,0x00,0x00,0x00,
    0x00,0x00,0x00,0x00,0x00,0x00,0x00,0x00,0x00,0x00,0x00,0x00,0x00,0x00,0x00,0x00,
    0x00,0x00,0x00,0x00,0x00,0x00,0x00,0x00,0x00,0x00,0x00,0x00,0x00,0x00,0x00,0x00,
    0x00,0x00,0x00,0x00,0x00,0x00,0x00,0x00,0x00,0x00,0x00,0x00,0x00,0x00,0x00,0x00,
    0x00,0x00,0x00,0x00,0x00,0x00,0x00,0x00,0x00,0x00,0x00,0x00,0x00,0x00,0x00,0x00,
    0x00,0x00,0x00,0x00,0x00,0x00,0x00,0x00,0x00,0x00,0x00,0x00,0x00,0x00,0x00,0x00,
    0x00,0x00,0x00,0x00,0x00,0x00,0x00,0x00,0x00,0x00,0x00,0x00,0x00,0x00,0x00,0x00,
    0x00,0x00,0x00,0x00,0x00,0x00,0x00,0x00,0x00,0x00,0x00,0x00,0x00,0x00,0x00,0x00,
    0x00,0x00,0x00,0x00,0x00,0x00,0x00,0x00,0x00,0x00,0x00,0x00,0x00,0x00,0x00,0x00,
    0x00,0x00,0x00,0x00,0x00,0x00,0x00,0x00,0x00,0x00,0x00,0x00,0x00,0x00,0x00,0x00,
    0x00,0x00,0x00,0x00,0x00,0x00,0x00,0x00,0x00,0x00,0x00,0xFF,0xFF,0x02,0x00,0x00,
    0x00,0x91,0x8C,0x53,0x38,0xC6,0xEF,0x99,0xCE,0xFF,0x9A,0xD6,0xFF,0xD6,0xB5,0x99,
    0x00,0x00,0x08,0xFF,0xFF,0x01,0xFF,0xFF,0x01,0x00,0x00,0x00,0x00,0x00,0x00,0x00,
    0x00,0x00,0x00,0x00,0x00,0x00,0x00,0x00,0x00,0x00,0x00,0x00,0x00,0x00,0x00,0x00,
    0x00,0x00,0x00,0x00,0x00,0x00,0x00,0x00,0x00,0x00,0x00,0x00,0x00,0x00,0x00,0x00,
    0x00,0x00,0x00,0x00,0x00,0x00,0x00,0x00,0x00,0x00,0x00,0x00,0x00,0x00,0x00,0x00,
    0x00,0x00,0x00,0x00,0x00,0x00,0x00,0x00,0x00,0x00,0x00,0x00,0x00,0x00,0x00,0x00,
    0x00,0x00,0x00,0x00,0x00,0x00,0x00,0x00,0x00,0x00,0x00,0x00,0x00,0x00,0x00,0x00,
    0x00,0x00,0x00,0x00,0x00,0x00,0x00,0x00,0x00,0x00,0x00,0x00,0x00,0x00,0x00,0x00,
    0x00,0x00,0x00,0x00,0x00,0x00,0x00,0x00,0x00,0x00,0x00,0x00,0x00,0x00,0x00,0x00,
    0x00,0x00,0x00,0x00,0x00,0x00,0x00,0x00,0x00,0x00,0x00,0x00,0x00,0x00,0x00,0x00,
    0x00,0x00,0x00,0x00,0x00,0x00,0x00,0x00,0x00,0x00,0x00,0x00,0x00,0x00,0x00,0x00,
    0x00,0x00,0x00,0x00,0x00,0x00,0x00,0x00,0x00,0x00,0x00,0x00,0x00,0x00,0x00,0x00,
    0x00,0x00,0x00,0x00,0x00,0x00,0x00,0x00,0x00,0x00,0x00,0x00,0x00,0x00,0x00,0x00,
    0x00,0x00,0x00,0x00,0x00,0x00,0x00,0x00,0x00,0x00,0x00,0x00,0x00,0x00,0x00,0x00,
    0x00,0x00,0x00,0x00,0x00,0x00,0x00,0x00,0x00,0x00,0x00,0x00,0x00,0x00,0x00,0x00,
    0x00,0x00,0x00,0x00,0x00,0x00,0x00,0x00,0x00,0x00,0x00,0x00,0x00,0x00,0x00,0x00,
    0x00,0x00,0x00,0x00,0x00,0x00,0x00,0x00,0x00,0x00,0x00,0x00,0x00,0x00,0x00,0x00,
    0x00,0x00,0x00,0x00,0x00,0x00,0x00,0x00,0x00,0x00,0x00,0x00,0x00,0x00,0x00,0x00,
    0x00,0x00,0x00,0x00,0x00,0x00,0x00,0x00,0x00,0x00,0x00,0x00,0x00,0x00,0x00,0x00,
    0x00,0x00,0x00,0x00,0x00,0x00,0x00,0x00,0x00,0x00,0x00,0x00,0x00,0x00,0x00,0x00,
    0x00,0x00,0x00,0x00,0x00,0x00,0x00,0x00,0x00,0x00,0x00,0x00,0x00,0x00,0x00,0x00,
    0x00,0x00,0x00,0x00,0x00,0x00,0x00,0x00,0x00,0x00,0x00,0x00,0x00,0x00,0x00,0x00,
    0x00,0x00,0x00,0x00,0x00,0x00,0x00,0x00,0x00,0x00,0x00,0x00,0x00,0x00,0x00,0x00,
    0x00,0x00,0x00,0x00,0x00,0x00,0x00,0x00,0x00,0x00,0x00,0x00,0x00,0x00,0x00,0x00,
    0x00,0x00,0x00,0x00,0x00,0x00,0x00,0x00,0x00,0x00,0x00,0x00,0x00,0x00,0x00,0x00,
    0x00,0x00,0x00,0x00,0x00,0x00,0x00,0x00,0x00,0x00,0x00,0x00,0xFF,0xFF,0x02,0x00,
    0x00,0x00,0xD2,0x94,0x50,0x58,0xC6,0xEE,0xDA,0xD6,0xFF,0x99,0xCE,0xFF,0x79,0xCE,
    0xFD,0xDA,0xD6,0xFF,0xF7,0xBD,0x8A,0x00,0x00,0x02,0xFF,0xFF,0x01,0x00,0x00,0x01,
    0x00,0x00,0x00,0x00,0x00,0x00,0x00,0x00,0x00,0x00,0x00,0x00,0x00,0x00,0x00,0x00,
    0x00,0x00,0x00,0x00,0x00,0x00,0x00,0x00,0x00,0x00,0x00,0x00,0x00,0x00,0x00,0x00,
    0x00,0x00,0x00,0x00,0x00,0x00,0x00,0x00,0x00,0x00,0x00,0x00,0x00,0x00,0x00,0x00,
    0x00,0x00,0x00,0x00,0x00,0x00,0x00,0x00,0x00,0x00,0x00,0x00,0x00,0x00,0x00,0x00,
    0x00,0x00,0x00,0x00,0x00,0x00,0x00,0x00,0x00,0x00,0x00,0x00,0x00,0x00,0x00,0x00,
    0x00,0x00,0x00,0x00,0x00,0x00,0x00,0x00,0x00,0x00,0x00,0x00,0x00,0x00,0x00,0x00,
    0x00,0x00,0x00,0x00,0x00,0x00,0x00,0x00,0x00,0x00,0x00,0x00,0x00,0x00,0x00,0x00,
    0x00,0x00,0x00,0x00,0x00,0x00,0x00,0x00,0x00,0x00,0x00,0x00,0x00,0x00,0x00,0x00,
    0x00,0x00,0x00,0x00,0x00,0x00,0x00,0x00,0x00,0x00,0x00,0x00,0x00,0x00,0x00,0x00,
    0x00,0x00,0x00,0x00,0x00,0x00,0x00,0x00,0x00,0x00,0x00,0x00,0x00,0x00,0x00,0x00,
    0x00,0x00,0x00,0x00,0x00,0x00,0x00,0x00,0x00,0x00,0x00,0x00,0x00,0x00,0x00,0x00,
    0x00,0x00,0x00,0x00,0x00,0x00,0x00,0x00,0x00,0x00,0x00,0x00,0x00,0x00,0x00,0x00,
    0x00,0x00,0x00,0x00,0x00,0x00,0x00,0x00,0x00,0x00,0x00,0x00,0x00,0x00,0x00,0x00,
    0x00,0x00,0x00,0x00,0x00,0x00,0x00,0x00,0x00,0x00,0x00,0x00,0x00,0x00,0x00,0x00,
    0x00,0x00,0x00,0x00,0x00,0x00,0x00,0x00,0x00,0x00,0x00,0x00,0x00,0x00,0x00,0x00,
    0x00,0x00,0x00,0x00,0x00,0x00,0x00,0x00,0x00,0x00,0x00,0x00,0x00,0x00,0x00,0x00,
    0x00,0x00,0x00,0x00,0x00,0x00,0x00,0x00,0x00,0x00,0x00,0x00,0x00,0x00,0x00,0x00,
    0x00,0x00,0x00,0x00,0x00,0x00,0x00,0x00,0x00,0x00,0x00,0x00,0x00,0x00,0x00,0x00,
    0x00,0x00,0x00,0x00,0x00,0x00,0x00,0x00,0x00,0x00,0x00,0x00,0x00,0x00,0x00,0x00,
    0x00,0x00,0x00,0x00,0x00,0x00,0x00,0x00,0x00,0x00,0x00,0x00,0x00,0x00,0x00,0x00,
    0x00,0x00,0x00,0x00,0x00,0x00,0x00,0x00,0x00,0x00,0x00,0x00,0x00,0x00,0x00,0x00,
    0x00,0x00,0x00,0x00,0x00,0x00,0x00,0x00,0x00,0x00,0x00,0x00,0x00,0x00,0x00,0x00,
    0x00,0x00,0x00,0x00,0x00,0x00,0x00,0x00,0x00,0x00,0x00,0x00,0x00,0x00,0x00,0x00,
    0x00,0x00,0x00,0x00,0x00,0x00,0x00,0x00,0x00,0x00,0x00,0x00,0x00,0xFF,0xFF,0x02,
    0x00,0x00,0x00,0x75,0xAD,0x4D,0x58,0xC6,0xEB,0xDA,0xD6,0xFF,0x38,0xC6,0xF0,0xF7,
    0xBD,0xE2,0x79,0xCE,0xFE,0x99,0xCE,0xFD,0x9A,0xD6,0xFD,0x95,0xAD,0x7D,0x00,0x00,
    0x01,0xFF,0xFF,0x01,0x00,0x00,0x01,0x00,0x00,0x00,0x00,0x00,0x00,0x00,0x00,0x00,
    0x00,0x00,0x00,0x00,0x00,0x00,0x00,0x00,0x00,0x00,0x00,0x00,0x00,0x00,0x00,0x00,
    0x00,0x00,0x00,0x00,0x00,0x00,0x00,0x00,0x00,0x00,0x00,0x00,0x00,0x00,0x00,0x00,
    0x00,0x00,0x00,0x00,0x00,0x00,0x00,0x00,0x00,0x00,0x00,0x00,0x00,0x00,0x00,0x00,
    0x00,0x00,0x00,0x00,0x00,0x00,0x00,0x00,0x00,0x00,0x00,0x00,0x00,0x00,0x00,0x00,
    0x00,0x00,0x00,0x00,0x00,0x00,0x00,0x00,0x00,0x00,0x00,0x00,0x00,0x00,0x00,0x00,
    0x00,0x00,0x00,0x00,0x00,0x00,0x00,0x00,0x00,0x00,0x00,0x00,0x00,0x00,0x00,0x00,
    0x00,0x00,0x00,0x00,0x00,0x00,0x00,0x00,0x00,0x00,0x00,0x00,0x00,0x00,0x00,0x00,
    0x00,0x00,0x00,0x00,0x00,0x00,0x00,0x00,0x00,0x00,0x00,0x00,0x00,0x00,0x00,0x00,
    0x00,0x00,0x00,0x00,0x00,0x00,0x00,0x00,0x00,0x00,0x00,0x00,0x00,0x00,0x00,0x00,
    0x00,0x00,0x00,0x00,0x00,0x00,0x00,0x00,0x00,0x00,0x00,0x00,0x00,0x00,0x00,0x00,
    0x00,0x00,0x00,0x00,0x00,0x00,0x00,0x00,0x00,0x00,0x00,0x00,0x00,0x00,0x00,0x00,
    0x00,0x00,0x00,0x00,0x00,0x00,0x00,0x00,0x00,0x00,0x00,0x00,0x00,0x00,0x00,0x00,
    0x00,0x00,0x00,0x00,0x00,0x00,0x00,0x00,0x00,0x00,0x00,0x00,0x00,0x00,0x00,0x00,
    0x00,0x00,0x00,0x00,0x00,0x00,0x00,0x00,0x00,0x00,0x00,0x00,0x00,0x00,0x00,0x00,
    0x00,0x00,0x00,0x00,0x00,0x00,0x00,0x00,0x00,0x00,0x00,0x00,0x00,0x00,0x00,0x00,
    0x00,0x00,0x00,0x00,0x00,0x00,0x00,0x00,0x00,0x00,0x00,0x00,0x00,0x00,0x00,0x00,
    0x00,0x00,0x00,0x00,0x00,0x00,0x00,0x00,0x00,0x00,0x00,0x00,0x00,0x00,0x00,0x00,
    0x00,0x00,0x00,0x00,0x00,0x00,0x00,0x00,0x00,0x00,0x00,0x00,0x00,0x00,0x00,0x00,
    0x00,0x00,0x00,0x00,0x00,0x00,0x00,0x00,0x00,0x00,0x00,0x00,0x00,0x00,0x00,0x00,
    0x00,0x00,0x00,0x00,0x00,0x00,0x00,0x00,0x00,0x00,0x00,0x00,0x00,0x00,0x00,0x00,
    0x00,0x00,0x00,0x00,0x00,0x00,0x00,0x00,0x00,0x00,0x00,0x00,0x00,0x00,0x00,0x00,
    0x00,0x00,0x00,0x00,0x00,0x00,0x00,0x00,0x00,0x00,0x00,0x00,0x00,0x00,0x00,0x00,
    0x00,0x00,0x00,0x00,0x00,0x00,0x00,0x00,0x00,0x00,0x00,0x00,0x00,0x01,0xFF,0xFF,
    0x02,0x00,0x00,0x00,0xB6,0xB5,0x4A,0x79,0xCE,0xE9,0xBA,0xD6,0xFF,0xBA,0xD6,0xFC,
    0x91,0x8C,0x75,0xD3,0x9C,0x88,0xDA,0xD6,0xFF,0x99,0xCE,0xFC,0xBA,0xD6,0xFE,0xBA,
    0xD6,0xFC,0x96,0xB5,0x76,0x00,0x00,0x01,0xFF,0xFF,0x02,0x54,0xA5,0x03,0x00,0x00,
    0x00,0x00,0x00,0x00,0x00,0x00,0x00,0x00,0x00,0x00,0x00,0x00,0x00,0x00,0x00,0x00,
    0x00,0x00,0x00,0x00,0x00,0x00,0x00,0x00,0x00,0x00,0x00,0x00,0x00,0x00,0x00,0x00,
    0x00,0x00,0x00,0x00,0x00,0x00,0x00,0x00,0x00,0x00,0x00,0x00,0x00,0x00,0x00,0x00,
    0x00,0x00,0x00,0x00,0x00,0x00,0x00,0x00,0x00,0x00,0x00,0x00,0x00,0x00,0x00,0x00,
    0x00,0x00,0x00,0x00,0x00,0x00,0x00,0x00,0x00,0x00,0x00,0x00,0x00,0x00,0x00,0x00,
    0x00,0x00,0x00,0x00,0x00,0x00,0x00,0x00,0x00,0x00,0x00,0x00,0x00,0x00,0x00,0x00,
    0x00,0x00,0x00,0x00,0x00,0x00,0x00,0x00,0x00,0x00,0x00,0x00,0x00,0x00,0x00,0x00,
    0x00,0x00,0x00,0x00,0x00,0x00,0x00,0x00,0x00,0x00,0x00,0x00,0x00,0x00,0x00,0x00,
    0x00,0x00,0x00,0x00,0x00,0x00,0x00,0x00,0x00,0x00,0x00,0x00,0x00,0x00,0x00,0x00,
    0x00,0x00,0x00,0x00,0x00,0x00,0x00,0x00,0x00,0x00,0x00,0x00,0x00,0x00,0x00,0x00,
    0x00,0x00,0x00,0x00,0x00,0x00,0x00,0x00,0x00,0x00,0x00,0x00,0x00,0x00,0x00,0x00,
    0x00,0x00,0x00,0x00,0x00,0x00,0x00,0x00,0x00,0x00,0x00,0x00,0x00,0x00,0x00,0x00,
    0x00,0x00,0x00,0x00,0x00,0x00,0x00,0x00,0x00,0x00,0x00,0x00,0x00,0x00,0x00,0x00,
    0x00,0x00,0x00,0x00,0x00,0x00,0x00,0x00,0x00,0x00,0x00,0x00,0x00,0x00,0x00,0x00,
    0x00,0x00,0x00,0x00,0x00,0x00,0x00,0x00,0x00,0x00,0x00,0x00,0x00,0x00,0x00,0x00,
    0x00,0x00,0x00,0x00,0x00,0x00,0x00,0x00,0x00,0x00,0x00,0x00,0x00,0x00,0x00,0x00,
    0x00,0x00,0x00,0x00,0x00,0x00,0x00,0x00,0x00,0x00,0x00,0x00,0x00,0x00,0x00,0x00,
    0x00,0x00,0x00,0x00,0x00,0x00,0x00,0x00,0x00,0x00,0x00,0x00,0x00,0x00,0x00,0x00,
    0x00,0x00,0x00,0x00,0x00,0x00,0x00,0x00,0x00,0x00,0x00,0x00,0x00,0x00,0x00,0x00,
    0x00,0x00,0x00,0x00,0x00,0x00,0x00,0x00,0x00,0x00,0x00,0x00,0x00,0x00,0x00,0x00,
    0x00,0x00,0x00,0x00,0x00,0x00,0x00,0x00,0x00,0x00,0x00,0x00,0x00,0x00,0x00,0x00,
    0x00,0x00,0x00,0x00,0x00,0x00,0x00,0x00,0x00,0x00,0x00,0x00,0x00,0x00,0x00,0x00,
    0x00,0x00,0x00,0x00,0x00,0x00,0x00,0x00,0x00,0x00,0x00,0x00,0xEF,0x7B,0x02,0xFF,
    0xFF,0x02,0x00,0x00,0x00,0x95,0xAD,0x4B,0x58,0xC6,0xE7,0x79,0xCE,0xFF,0xBA,0xD6,
    0xFF,0xB6,0xB5,0xB3,0x00,0x00,0x05,0x38,0xC6,0xAF,0xFB,0xDE,0xFF,0xBA,0xD6,0xFD,
    0x9A,0xD6,0xFE,0xBA,0xD6,0xFF,0x99,0xCE,0xFB,0x54,0xA5,0x6F,0x00,0x00,0x00,0x00,
    0x00,0x00,0x00,0x00,0x00,0x00,0x00,0x01,0x00,0x00,0x00,0x00,0x00,0x00,0x00,0x00,
    0x00,0x00,0x00,0x00,0x00,0x00,0x00,0x00,0x00,0x00,0x00,0x00,0x00,0x00,0x00,0x00,
    0x00,0x00,0x00,0x00,0x00,0x00,0x00,0x00,0x00,0x00,0x00,0x00,0x00,0x00,0x00,0x00,
    0x00,0x00,0x00,0x00,0x00,0x00,0x00,0x00,0x00,0x00,0x00,0x00,0x00,0x00,0x00,0x00,
    0x00,0x00,0x00,0x00,0x00,0x00,0x00,0x00,0x00,0x00,0x00,0x00,0x00,0x00,0x00,0x00,
    0x00,0x00,0x00,0x00,0x00,0x00,0x00,0x00,0x00,0x00,0x00,0x00,0x00,0x00,0x00,0x00,
    0x00,0x00,0x00,0x00,0x00,0x00,0x00,0x00,0x00,0x00,0x00,0x00,0x00,0x00,0x00,0x00,
    0x00,0x00,0x00,0x00,0x00,0x00,0x00,0x00,0x00,0x00,0x00,0x00,0x00,0x00,0x00,0x00,
    0x00,0x00,0x00,0x00,0x00,0x00,0x00,0x00,0x00,0x00,0x00,0x00,0x00,0x00,0x00,0x00,
    0x00,0x00,0x00,0x00,0x00,0x00,0x00,0x00,0x00,0x00,0x00,0x00,0x00,0x00,0x00,0x00,
    0x00,0x00,0x00,0x00,0x00,0x00,0x00,0x00,0x00,0x00,0x00,0x00,0x00,0x00,0x00,0x00,
    0x00,0x00,0x00,0x00,0x00,0x00,0x00,0x00,0x00,0x00,0x00,0x00,0x00,0x00,0x00,0x00,
    0x00,0x00,0x00,0x00,0x00,0x00,0x00,0x00,0x00,0x00,0x00,0x00,0x00,0x00,0x00,0x00,
    0x00,0x00,0x00,0x00,0x00,0x00,0x00,0x00,0x00,0x00,0x00,0x00,0x00,0x00,0x00,0x00,
    0x00,0x00,0x00,0x00,0x00,0x00,0x00,0x00,0x00,0x00,0x00,0x00,0x00,0x00,0x00,0x00,
    0x00,0x00,0x00,0x00,0x00,0x00,0x00,0x00,0x00,0x00,0x00,0x00,0x00,0x00,0x00,0x00,
    0x00,0x00,0x00,0x00,0x00,0x00,0x00,0x00,0x00,0x00,0x00,0x00,0x00,0x00,0x00,0x00,
    0x00,0x00,0x00,0x00,0x00,0x00,0x00,0x00,0x00,0x00,0x00,0x00,0x00,0x00,0x00,0x00,
    0x00,0x00,0x00,0x00,0x00,0x00,0x00,0x00,0x00,0x00,0x00,0x00,0x00,0x00,0x00,0x00,
    0x00,0x00,0x00,0x00,0x00,0x00,0x00,0x00,0x00,0x00,0x00,0x00,0x00,0x00,0x00,0x00,
    0x00,0x00,0x00,0x00,0x00,0x00,0x00,0x00,0x00,0x00,0x00,0x00,0x00,0x00,0x00,0x00,
    0x00,0x00,0x00,0x00,0x00,0x00,0x00,0x00,0x00,0x00,0x00,0x00,0x00,0x00,0x00,0x00,
    0x00,0x00,0x00,0x00,0x00,0x00,0x00,0x00,0x00,0x00,0x00,0x00,0x00,0xFF,0xFF,0x01,
    0x00,0x00,0x00,0x00,0x00,0x00,0x92,0x94,0x50,0x38,0xC6,0xEA,0x99,0xCE,0xFF,0xBA,
    0xD6,0xFF,0x59,0xCE,0xE6,0xAE,0x73,0x2D,0x86,0x31,0x0F,0x58,0xC6,0xDC,0xFB,0xDE,
    0xFF,0xBA,0xD6,0xFD,0xBA,0xD6,0xFF,0x79,0xCE,0xF3,0xBA,0xD6,0xFE,0x79,0xCE,0xF8,
    0x95,0xAD,0x97,0x17,0xBE,0x5F,0x00,0x00,0x03,0xFF,0xFF,0x01,0xFF,0xFF,0x01,0x00,
    0x00,0x00,0x00,0x00,0x00,0x00,0x00,0x00,0x00,0x00,0x00,0x00,0x00,0x00,0x00,0x00,
    0x00,0x00,0x00,0x00,0x00,0x00,0x00,0x00,0x00,0x00,0x00,0x00,0x00,0x00,0x00,0x00,
    0x00,0x00,0x00,0x00,0x00,0x00,0x00,0x00,0x00,0x00,0x00,0x00,0x00,0x00,0x00,0x00,
    0x00,0x00,0x00,0x00,0x00,0x00,0x00,0x00,0x00,0x00,0x00,0x00,0x00,0x00,0x00,0x00,
    0x00,0x00,0x00,0x00,0x00,0x00,0x00,0x00,0x00,0x00,0x00,0x00,0x00,0x00,0x00,0x00,
    0x00,0x00,0x00,0x00,0x00,0x00,0x00,0x00,0x00,0x00,0x00,0x00,0x00,0x00,0x00,0x00,
    0x00,0x00,0x00,0x00,0x00,0x00,0x00,0x00,0x00,0x00,0x00,0x00,0x00,0x00,0x00,0x00,
    0x00,0x00,0x00,0x00,0x00,0x00,0x00,0x00,0x00,0x00,0x00,0x00,0x00,0x00,0x00,0x00,
    0x00,0x00,0x00,0x00,0x00,0x00,0x00,0x00,0x00,0x00,0x00,0x00,0x00,0x00,0x00,0x00,
    0x00,0x00,0x00,0x00,0x00,0x00,0x00,0x00,0x00,0x00,0x00,0x00,0x00,0x00,0x00,0x00,
    0x00,0x00,0x00,0x00,0x00,0x00,0x00,0x00,0x00,0x00,0x00,0x00,0x00,0x00,0x00,0x00,
    0x00,0x00,0x00,0x00,0x00,0x00,0x00,0x00,0x00,0x00,0x00,0x00,0x00,0x00,0x00,0x00,
    0x00,0x00,0x00,0x00,0x00,0x00,0x00,0x00,0x00,0x00,0x00,0x00,0x00,0x00,0x00,0x00,
    0x00,0x00,0x00,0x00,0x00,0x00,0x00,0x00,0x00,0x00,0x00,0x00,0x00,0x00,0x00,0x00,
    0x00,0x00,0x00,0x00,0x00,0x00,0x00,0x00,0x00,0x00,0x00,0x00,0x00,0x00,0x00,0x00,
    0x00,0x00,0x00,0x00,0x00,0x00,0x00,0x00,0x00,0x00,0x00,0x00,0x00,0x00,0x00,0x00,
    0x00,0x00,0x00,0x00,0x00,0x00,0x00,0x00,0x00,0x00,0x00,0x00,0x00,0x00,0x00,0x00,
    0x00,0x00,0x00,0x00,0x00,0x00,0x00,0x00,0x00,0x00,0x00,0x00,0x00,0x00,0x00,0x00,
    0x00,0x00,0x00,0x00,0x00,0x00,0x00,0x00,0x00,0x00,0x00,0x00,0x00,0x00,0x00,0x00,
    0x00,0x00,0x00,0x00,0x00,0x00,0x00,0x00,0x00,0x00,0x00,0x00,0x00,0x00,0x00,0x00,
    0x00,0x00,0x00,0x00,0x00,0x00,0x00,0x00,0x00,0x00,0x00,0x00,0x00,0x00,0x00,0x00,
    0x00,0x00,0x00,0x00,0x00,0x00,0x00,0x00,0x00,0x00,0x00,0x00,0x00,0x00,0xFF,0xFF,
    0x01,0x00,0x00,0x00,0x54,0xA5,0x62,0xD6,0xB5,0xA5,0xF7,0xBD,0xE6,0xDA,0xD6,0xFF,
    0xB6,0xB5,0xD2,0xB6,0xB5,0xC2,0x54,0xA5,0x85,0x00,0x00,0x00,0x30,0x84,0x41,0x79,
    0xCE,0xF7,0xFB,0xDE,0xFF,0xBA,0xD6,0xFC,0xFB,0xDE,0xFF,0xF7,0xBD,0xD9,0x30,0x84,
    0x85,0x38,0xC6,0xEA,0xFB,0xDE,0xFF,0x79,0xCE,0xFD,0xF7,0xBD,0x7D,0x00,0x00,0x00,
    0xFF,0xFF,0x01,0xFF,0xFF,0x01,0x00,0x00,0x00,0x00,0x00,0x00,0x00,0x00,0x00,0x00,
    0x00,0x00,0x00,0x00,0x00,0x00,0x00,0x00,0x00,0x00,0x00,0x00,0x00,0x00,0x00,0x00,
    0x00,0x00,0x00,0x00,0x00,0x00,0x00,0x00,0x00,0x00,0x00,0x00,0x00,0x00,0x00,0x00,
    0x00,0x00,0x00,0x00,0x00,0x00,0x00,0x00,0x00,0x00,0x00,0x00,0x00,0x00,0x00,0x00,
    0x00,0x00,0x00,0x00,0x00,0x00,0x00,0x00,0x00,0x00,0x00,0x00,0x00,0x00,0x00,0x00,
    0x00,0x00,0x00,0x00,0x00,0x00,0x00,0x00,0x00,0x00,0x00,0x00,0x00,0x00,0x00,0x00,
    0x00,0x00,0x00,0x00,0x00,0x00,0x00,0x00,0x00,0x00,0x00,0x00,0x00,0x00,0x00,0x00,
    0x00,0x00,0x00,0x00,0x00,0x00,0x00,0x00,0x00,0x00,0x00,0x00,0x00,0x00,0x00,0x00,
    0x00,0x00,0x00,0x00,0x00,0x00,0x00,0x00,0x00,0x00,0x00,0x00,0x00,0x00,0x00,0x00,
    0x00,0x00,0x00,0x00,0x00,0x00,0x00,0x00,0x00,0x00,0x00,0x00,0x00,0x00,0x00,0x00,
    0x00,0x00,0x00,0x00,0x00,0x00,0x00,0x00,0x00,0x00,0x00,0x00,0x00,0x00,0x00,0x00,
    0x00,0x00,0x00,0x00,0x00,0x00,0x00,0x00,0x00,0x00,0x00,0x00,0x00,0x00,0x00,0x00,
    0x00,0x00,0x00,0x00,0x00,0x00,0x00,0x00,0x00,0x00,0x00,0x00,0x00,0x00,0x00,0x00,
    0x00,0x00,0x00,0x00,0x00,0x00,0x00,0x00,0x00,0x00,0x00,0x00,0x00,0x00,0x00,0x00,
    0x00,0x00,0x00,0x00,0x00,0x00,0x00,0x00,0x00,0x00,0x00,0x00,0x00,0x00,0x00,0x00,
    0x00,0x00,0x00,0x00,0x00,0x00,0x00,0x00,0x00,0x00,0x00,0x00,0x00,0x00,0x00,0x00,
    0x00,0x00,0x00,0x00,0x00,0x00,0x00,0x00,0x00,0x00,0x00,0x00,0x00,0x00,0x00,0x00,
    0x00,0x00,0x00,0x00,0x00,0x00,0x00,0x00,0x00,0x00,0x00,0x00,0x00,0x00,0x00,0x00,
    0x00,0x00,0x00,0x00,0x00,0x00,0x00,0x00,0x00,0x00,0x00,0x00,0x00,0x00,0x00,0x00,
    0x00,0x00,0x00,0x00,0x00,0x00,0x00,0x00,0x00,0x00,0x00,0x00,0x00,0x00,0x00,0x00,
    0x00,0x00,0x00,0x00,0x00,0x00,0x00,0x00,0x00,0x00,0x00,0x00,0x00,0x00,0x00,0x00,
    0x00,0x00,0x00,0x00,0x00,0x00,0x00,0x00,0x00,0x00,0x00,0x00,0x00,0x00,0x00,0xFF,
    0xFF,0x02,0x00,0x00,0x00,0x13,0x9D,0x63,0x38,0xC6,0xF8,0x99,0xCE,0xFF,0x79,0xCE,
    0xFF,0x38,0xC6,0xF5,0x8D,0x6B,0x54,0x2C,0x63,0x25,0x30,0x84,0x1E,0xFF,0xFF,0x01,
    0x75,0xAD,0x67,0xFB,0xDE,0xFF,0xBA,0xD6,0xFE,0xBA,0xD6,0xFE,0xBA,0xD6,0xFD,0xDA,
    0xD6,0xFD,0x30,0x84,0x62,0x0F,0x7C,0x33,0x18,0xC6,0xD8,0xDA,0xD6,0xFF,0x99,0xCE,
    0xFD,0xD7,0xBD,0x7B,0x00,0x00,0x00,0xFF,0xFF,0x01,0x00,0x00,0x01,0x00,0x00,0x00,
    0x00,0x00,0x00,0x00,0x00,0x00,0x00,0x00,0x00,0x00,0x00,0x00,0x00,0x00,0x00,0x00,
    0x00,0x00,0x00,0x00,0x00,0x00,0x00,0x00,0x00,0x00,0x00,0x00,0x00,0x00,0x00,0x00,
    0x00,0x00,0x00,0x00,0x00,0x00,0x00,0x00,0x00,0x00,0x00,0x00,0x00,0x00,0x00,0x00,
    0x00,0x00,0x00,0x00,0x00,0x00,0x00,0x00,0x00,0x00,0x00,0x00,0x00,0x00,0x00,0x00,
    0x00,0x00,0x00,0x00,0x00,0x00,0x00,0x00,0x00,0x00,0x00,0x00,0x00,0x00,0x00,0x00,
    0x00,0x00,0x00,0x00,0x00,0x00,0x00,0x00,0x00,0x00,0x00,0x00,0x00,0x00,0x00,0x00,
    0x00,0x00,0x00,0x00,0x00,0x00,0x00,0x00,0x00,0x00,0x00,0x00,0x00,0x00,0x00,0x00,
    0x00,0x00,0x00,0x00,0x00,0x00,0x00,0x00,0x00,0x00,0x00,0x00,0x00,0x00,0x00,0x00,
    0x00,0x00,0x00,0x00,0x00,0x00,0x00,0x00,0x00,0x00,0x00,0x00,0x00,0x00,0x00,0x00,
    0x00,0x00,0x00,0x00,0x00,0x00,0x00,0x00,0x00,0x00,0x00,0x00,0x00,0x00,0x00,0x00,
    0x00,0x00,0x00,0x00,0x00,0x00,0x00,0x00,0x00,0x00,0x00,0x00,0x00,0x00,0x00,0x00,
    0x00,0x00,0x00,0x00,0x00,0x00,0x00,0x00,0x00,0x00,0x00,0x00,0x00,0x00,0x00,0x00,
    0x00,0x00,0x00,0x00,0x00,0x00,0x00,0x00,0x00,0x00,0x00,0x00,0x00,0x00,0x00,0x00,
    0x00,0x00,0x00,0x00,0x00,0x00,0x00,0x00,0x00,0x00,0x00,0x00,0x00,0x00,0x00,0x00,
    0x00,0x00,0x00,0x00,0x00,0x00,0x00,0x00,0x00,0x00,0x00,0x00,0x00,0x00,0x00,0x00,
    0x00,0x00,0x00,0x00,0x00,0x00,0x00,0x00,0x00,0x00,0x00,0x00,0x00,0x00,0x00,0x00,
    0x00,0x00,0x00,0x00,0x00,0x00,0x00,0x00,0x00,0x00,0x00,0x00,0x00,0x00,0x00,0x00,
    0x00,0x00,0x00,0x00,0x00,0x00,0x00,0x00,0x00,0x00,0x00,0x00,0x00,0x00,0x00,0x00,
    0x00,0x00,0x00,0x00,0x00,0x00,0x00,0x00,0x00,0x00,0x00,0x00,0x00,0x00,0x00,0x00,
    0x00,0x00,0x00,0x00,0x00,0x00,0x00,0x00,0xFF,0xFF,0x01,0xFF,0xFF,0x02,0x00,0x00,
    0x01,0x00,0x00,0x00,0x00,0x00,0x00,0x00,0x00,0x00,0x00,0x00,0x00,0x00,0x00,0x00,
    0xFF,0xFF,0x03,0x00,0x00,0x00,0x13,0x9D,0x57,0x99,0xCE,0xF5,0xBA,0xD6,0xFF,0x79,
    0xCE,0xF9,0x99,0xCE,0xFF,0x13,0x9D,0x97,0x00,0x00,0x01,0x00,0x00,0x00,0x00,0x00,
    0x00,0x00,0x00,0x06,0x17,0xBE,0xAE,0x1B,0xDF,0xFF,0xBA,0xD6,0xFE,0xBA,0xD6,0xFF,
    0xBA,0xD6,0xFD,0x1B,0xDF,0xFF,0x58,0xC6,0xDA,0x28,0x42,0x20,0x8D,0x6B,0x1F,0x38,
    0xC6,0xD8,0xDA,0xD6,0xFF,0x99,0xCE,0xFD,0xF7,0xBD,0x7B,0x00,0x00,0x00,0xFF,0xFF,
    0x01,0x00,0x00,0x01,0x00,0x00,0x00,0x00,0x00,0x00,0x00,0x00,0x00,0x00,0x00,0x01,
    0xFF,0xFF,0x02,0xEF,0x7B,0x02,0x00,0x00,0x00,0x00,0x00,0x00,0x00,0x00,0x00,0x00,
    0x00,0x00,0x00,0x00,0x00,0x00,0x00,0x00,0x00,0x00,0x00,0x00,0x00,0x00,0x00,0x00,
    0x00,0x00,0x00,0x00,0x00,0x00,0x00,0x00,0x00,0x00,0x00,0x00,0x00,0x00,0x00,0x00,
    0x00,0x00,0x00,0x00,0x00,0x00,0x00,0x00,0x00,0x00,0x00,0x00,0x00,0x00,0x00,0x00,
    0x00,0x00,0x00,0x00,0x00,0x00,0x00,0x00,0x00,0x00,0x00,0x00,0x00,0x00,0x00,0x00,
    0x00,0x00,0x00,0x00,0x00,0x00,0x00,0x00,0x00,0x00,0x00,0x00,0x00,0x00,0x00,0x00,
    0x00,0x00,0x00,0x00,0x00,0x00,0x00,0x00,0x00,0x00,0x00,0x00,0x00,0x00,0x00,0x00,
    0x00,0x00,0x00,0x00,0x00,0x00,0x00,0x00,0x00,0x00,0x00,0x00,0x00,0x00,0x00,0x00,
    0x00,0x00,0x00,0x00,0x00,0x00,0x00,0x00,0x00,0x00,0x00,0x00,0x00,0x00,0x00,0x00,
    0x00,0x00,0x00,0x00,0x00,0x00,0x00,0x00,0x00,0x00,0x00,0x00,0x00,0x00,0x00,0x00,
    0x00,0x00,0x00,0x00,0x00,0x00,0x00,0x00,0x00,0x00,0x00,0x00,0x00,0x00,0x00,0x00,
    0x00,0x00,0x00,0x00,0x00,0x00,0x00,0x00,0x00,0x00,0x00,0x00,0x00,0x00,0x00,0x00,
    0x00,0x00,0x00,0x00,0x00,0x00,0x00,0x00,0x00,0x00,0x00,0x00,0x00,0x00,0x00,0x00,
    0x00,0x00,0x00,0x00,0x00,0x00,0x00,0x00,0x00,0x00,0x00,0x00,0x00,0x00,0x00,0x00,
    0x00,0x00,0x00,0x00,0x00,0x00,0x00,0x00,0x00,0x00,0x00,0x00,0x00,0x00,0x00,0x00,
    0x00,0x00,0x00,0x00,0x00,0x00,0x00,0x00,0x00,0x00,0x00,0x00,0x00,0x00,0x00,0x00,
    0x00,0x00,0x00,0x00,0x00,0x00,0x00,0x00,0x00,0x00,0x00,0x00,0x00,0x00,0x00,0x00,
    0x00,0x00,0x00,0x00,0x00,0x00,0x00,0x00,0x00,0x00,0x00,0x00,0x00,0x00,0x00,0x00,
    0x00,0x00,0x00,0x00,0x00,0x00,0x00,0x00,0x00,0xFF,0xFF,0x01,0x00,0x00,0x00,0x00,
    0x00,0x00,0x00,0x00,0x00,0xEF,0x7B,0x02,0x00,0x00,0x00,0x00,0x00,0x00,0x00,0x00,
    0x00,0xFF,0xFF,0x02,0x00,0x00,0x00,0x92,0x94,0x46,0x58,0xC6,0xEA,0xBA,0xD6,0xFF,
    0x17,0xBE,0xE4,0x99,0xCE,0xFF,0x38,0xC6,0xCD,0x69,0x4A,0x17,0x00,0x00,0x00,0xF7,
    0xBD,0x04,0xFF,0xFF,0x01,0xEF,0x7B,0x3A,0x99,0xCE,0xFB,0xDA,0xD6,0xFE,0xBA,0xD6,
    0xFB,0xBA,0xD6,0xFF,0xBA,0xD6,0xFF,0x9A,0xD6,0xFE,0x1B,0xDF,0xFF,0x58,0xC6,0xD4,
    0xCF,0x7B,0x3D,0xD3,0x9C,0x85,0xDA,0xD6,0xFF,0x59,0xCE,0xFE,0x79,0xCE,0xFD,0xD6,
    0xB5,0x78,0x00,0x00,0x00,0xEF,0x7B,0x02,0x00,0x00,0x01,0x00,0x00,0x00,0xFF,0xFF,
    0x02,0x00,0x00,0x00,0x00,0x00,0x00,0x00,0x00,0x00,0xFF,0xFF,0x01,0x00,0x00,0x00,
    0x00,0x00,0x00,0x00,0x00,0x00,0x00,0x00,0x00,0x00,0x00,0x00,0x00,0x00,0x00,0x00,
    0x00,0x00,0x00,0x00,0x00,0x00,0x00,0x00,0x00,0x00,0x00,0x00,0x00,0x00,0x00,0x00,
    0x00,0x00,0x00,0x00,0x00,0x00,0x00,0x00,0x00,0x00,0x00,0x00,0x00,0x00,0x00,0x00,
    0x00,0x00,0x00,0x00,0x00,0x00,0x00,0x00,0x00,0x00,0x00,0x00,0x00,0x00,0x00,0x00,
    0x00,0x00,0x00,0x00,0x00,0x00,0x00,0x00,0x00,0x00,0x00,0x00,0x00,0x00,0x00,0x00,
    0x00,0x00,0x00,0x00,0x00,0x00,0x00,0x00,0x00,0x00,0x00,0x00,0x00,0x00,0x00,0x00,
    0x00,0x00,0x00,0x00,0x00,0x00,0x00,0x00,0x00,0x00,0x00,0x00,0x00,0x00,0x00,0x00,
    0x00,0x00,0x00,0x00,0x00,0x00,0x00,0x00,0x00,0x00,0x00,0x00,0x00,0x00,0x00,0x00,
    0x00,0x00,0x00,0x00,0x00,0x00,0x00,0x00,0x00,0x00,0x00,0x00,0x00,0x00,0x00,0x00,
    0x00,0x00,0x00,0x00,0x00,0x00,0x00,0x00,0x00,0x00,0x00,0x00,0x00,0x00,0x00,0x00,
    0x00,0x00,0x00,0x00,0x00,0x00,0x00,0x00,0x00,0x00,0x00,0x00,0x00,0x00,0x00,0x00,
    0x00,0x00,0x00,0x00,0x00,0x00,0x00,0x00,0x00,0x00,0x00,0x00,0x00,0x00,0x00,0x00,
    0x00,0x00,0x00,0x00,0x00,0x00,0x00,0x00,0x00,0x00,0x00,0x00,0x00,0x00,0x00,0x00,
    0x00,0x00,0x00,0x00,0x00,0x00,0x00,0x00,0x00,0x00,0x00,0x00,0x00,0x00,0x00,0x00,
    0x00,0x00,0x00,0x00,0x00,0x00,0x00,0x00,0x00,0x00,0x00,0x00,0x00,0x00,0x00,0x00,
    0x00,0x00,0x00,0x00,0x00,0x00,0x00,0x00,0x00,0x00,0x00,0x00,0x00,0x00,0x00,0x00,
    0x00,0x00,0x00,0x00,0x00,0x00,0x00,0x00,0x00,0x00,0x00,0x00,0x00,0x00,0x00,0x00,
    0x00,0x00,0x00,0x00,0x00,0x00,0x00,0x00,0x00,0x00,0xFF,0xFF,0x02,0x00,0x00,0x00,
    0xEF,0x7B,0x41,0xF3,0x9C,0x6D,0x65,0x29,0x0B,0x00,0x00,0x00,0x54,0xA5,0x03,0x00,
    0x00,0x00,0xFF,0xFF,0x02,0x00,0x00,0x00,0xEF,0x7B,0x36,0xF7,0xBD,0xDF,0xDA,0xD6,
    0xFF,0x17,0xBE,0xC8,0xD3,0x9C,0x6B,0x38,0xC6,0xF4,0xD7,0xBD,0x4B,0x00,0x00,0x00,
    0xFF,0xFF,0x02,0xFF,0xFF,0x01,0x00,0x00,0x00,0xD6,0xB5,0x8D,0x99,0xCE,0xE4,0x71,
    0x8C,0x7F,0x58,0xC6,0xED,0x1B,0xDF,0xFF,0xBA,0xD6,0xFE,0xBA,0xD6,0xFF,0x99,0xCE,
    0xFE,0x1B,0xDF,0xFF,0x58,0xC6,0xF4,0xB6,0xB5,0xD7,0x99,0xCE,0xFF,0x79,0xCE,0xFE,
    0x59,0xCE,0xFF,0x59,0xCE,0xFC,0x96,0xB5,0x73,0x00,0x00,0x00,0xFF,0xFF,0x02,0xFF,
    0xFF,0x02,0x00,0x00,0x00,0x00,0x00,0x08,0x91,0x8C,0x5F,0x51,0x8C,0x45,0x00,0x00,
    0x00,0xFF,0xFF,0x02,0x00,0x00,0x00,0x00,0x00,0x00,0x00,0x00,0x00,0x00,0x00,0x00,
    0x00,0x00,0x00,0x00,0x00,0x00,0x00,0x00,0x00,0x00,0x00,0x00,0x00,0x00,0x00,0x00,
    0x00,0x00,0x00,0x00,0x00,0x00,0x00,0x00,0x00,0x00,0x00,0x00,0x00,0x00,0x00,0x00,
    0x00,0x00,0x00,0x00,0x00,0x00,0x00,0x00,0x00,0x00,0x00,0x00,0x00,0x00,0x00,0x00,
    0x00,0x00,0x00,0x00,0x00,0x00,0x00,0x00,0x00,0x00,0x00,0x00,0x00,0x00,0x00,0x00,
    0x00,0x00,0x00,0x00,0x00,0x00,0x00,0x00,0x00,0x00,0x00,0x00,0x00,0x00,0x00,0x00,
    0x00,0x00,0x00,0x00,0x00,0x00,0x00,0x00,0x00,0x00,0x00,0x00,0x00,0x00,0x00,0x00,
    0x00,0x00,0x00,0x00,0x00,0x00,0x00,0x00,0x00,0x00,0x00,0x00,0x00,0x00,0x00,0x00,
    0x00,0x00,0x00,0x00,0x00,0x00,0x00,0x00,0x00,0x00,0x00,0x00,0x00,0x00,0x00,0x00,
    0x00,0x00,0x00,0x00,0x00,0x00,0x00,0x00,0x00,0x00,0x00,0x00,0x00,0x00,0x00,0x00,
    0x00,0x00,0x00,0x00,0x00,0x00,0x00,0x00,0x00,0x00,0x00,0x00,0x00,0x00,0x00,0x00,
    0x00,0x00,0x00,0x00,0x00,0x00,0x00,0x00,0x00,0x00,0x00,0x00,0x00,0x00,0x00,0x00,
    0x00,0x00,0x00,0x00,0x00,0x00,0x00,0x00,0x00,0x00,0x00,0x00,0x00,0x00,0x00,0x00,
    0x00,0x00,0x00,0x00,0x00,0x00,0x00,0x00,0x00,0x00,0x00,0x00,0x00,0x00,0x00,0x00,
    0x00,0x00,0x00,0x00,0x00,0x00,0x00,0x00,0x00,0x00,0x00,0x00,0x00,0x00,0x00,0x00,
    0x00,0x00,0x00,0x00,0x00,0x00,0x00,0x00,0x00,0x00,0x00,0x00,0x00,0x00,0x00,0x00,
    0x00,0x00,0x00,0x00,0x00,0x00,0x00,0x00,0x00,0x00,0x00,0x00,0x00,0x00,0x00,0x00,
    0x00,0x00,0x00,0x00,0x00,0x00,0x00,0x00,0x00,0x00,0x00,0x54,0xA5,0x03,0x00,0x00,
    0x00,0x6D,0x6B,0x44,0x54,0xA5,0xE2,0x17,0xBE,0xFF,0x75,0xAD,0xAA,0xAE,0x73,0x26,
    0x00,0x00,0x00,0xFF,0xFF,0x03,0x00,0x00,0x00,0xEB,0x5A,0x25,0xD6,0xB5,0xD1,0x99,
    0xCE,0xFF,0x18,0xC6,0xEC,0x71,0x8C,0x39,0x75,0xAD,0x53,0x17,0xBE,0x9D,0x00,0x00,
    0x00,0xFF,0xFF,0x01,0xEF,0x7B,0x02,0x00,0x00,0x00,0x0B,0x5B,0x1A,0x96,0xB5,0x9C,
    0x13,0x9D,0x35,0x89,0x4A,0x3B,0x58,0xC6,0xFA,0x1B,0xDF,0xFD,0xBA,0xD6,0xFE,0xDA,
    0xD6,0xFF,0xBA,0xD6,0xFF,0xBA,0xD6,0xFD,0xFB,0xDE,0xFF,0xFB,0xDE,0xFF,0x79,0xCE,
    0xFF,0x79,0xCE,0xFF,0x59,0xCE,0xFE,0x58,0xC6,0xFF,0x58,0xC6,0xFA,0x34,0xA5,0x73,
    0x00,0x00,0x00,0x00,0x00,0x00,0x30,0x84,0x41,0x95,0xAD,0xB2,0xF7,0xBD,0xFF,0xD6,
    0xB5,0xEA,0x50,0x84,0x4F,0x00,0x00,0x00,0xFF,0xFF,0x02,0x00,0x00,0x00,0x00,0x00,
    0x00,0x00,0x00,0x00,0x00,0x00,0x00,0x00,0x00,0x00,0x00,0x00,0x00,0x00,0x00,0x00,
    0x00,0x00,0x00,0x00,0x00,0x00,0x00,0x00,0x00,0x00,0x00,0x00,0x00,0x00,0x00,0x00,
    0x00,0x00,0x00,0x00,0x00,0x00,0x00,0x00,0x00,0x00,0x00,0x00,0x00,0x00,0x00,0x00,
    0x00,0x00,0x00,0x00,0x00,0x00,0x00,0x00,0x00,0x00,0x00,0x00,0x00,0x00,0x00,0x00,
    0x00,0x00,0x00,0x00,0x00,0x00,0x00,0x00,0x00,0x00,0x00,0x00,0x00,0x00,0x00,0x00,
    0x00,0x00,0x00,0x00,0x00,0x00,0x00,0x00,0x00,0x00,0x00,0x00,0x00,0x00,0x00,0x00,
    0x00,0x00,0x00,0x00,0x00,0x00,0x00,0x00,0x00,0x00,0x00,0x00,0x00,0x00,0x00,0x00,
    0x00,0x00,0x00,0x00,0x00,0x00,0x00,0x00,0x00,0x00,0x00,0x00,0x00,0x00,0x00,0x00,
    0x00,0x00,0x00,0x00,0x00,0x00,0x00,0x00,0x00,0x00,0x00,0x00,0x00,0x00,0x00,0x00,
    0x00,0x00,0x00,0x00,0x00,0x00,0x00,0x00,0x00,0x00,0x00,0x00,0x00,0x00,0x00,0x00,
    0x00,0x00,0x00,0x00,0x00,0x00,0x00,0x00,0x00,0x00,0x00,0x00,0x00,0x00,0x00,0x00,
    0x00,0x00,0x00,0x00,0x00,0x00,0x00,0x00,0x00,0x00,0x00,0x00,0x00,0x00,0x00,0x00,
    0x00,0x00,0x00,0x00,0x00,0x00,0x00,0x00,0x00,0x00,0x00,0x00,0x00,0x00,0x00,0x00,
    0x00,0x00,0x00,0x00,0x00,0x00,0x00,0x00,0x00,0x00,0x00,0x00,0x00,0x00,0x00,0x00,
    0x00,0x00,0x00,0x00,0x00,0x00,0x00,0x00,0x00,0x00,0x00,0x00,0x00,0x00,0x00,0x00,
    0x00,0x00,0x00,0x00,0x00,0x00,0x00,0x00,0x00,0x00,0x00,0x00,0x00,0x00,0x00,0x00,
    0x00,0x00,0x00,0x00,0x00,0x00,0x00,0x00,0x00,0x00,0x00,0x00,0x54,0xA5,0x03,0x00,
    0x00,0x00,0xEF,0x7B,0x44,0x34,0xA5,0xE5,0xB6,0xB5,0xFF,0x96,0xB5,0xFC,0xF7,0xBD,
    0xFF,0x96,0xB5,0xD8,0x51,0x8C,0x53,0x00,0x00,0x00,0xAE,0x73,0x17,0xB6,0xB5,0xC2,
    0x79,0xCE,0xFF,0x17,0xBE,0xF8,0x54,0xA5,0x67,0x00,0x00,0x00,0x13,0x9D,0x2D,0x13,
    0x9D,0x1F,0x00,0x00,0x00,0xFF,0xFF,0x01,0x00,0x00,0x01,0x00,0x00,0x00,0xAE,0x73,
    0x17,0xEF,0x7B,0x1C,0x00,0x00,0x00,0x54,0xA5,0x69,0xFB,0xDE,0xFE,0x1B,0xDF,0xFF,
    0xDA,0xD6,0xFF,0xBA,0xD6,0xFF,0xDA,0xD6,0xFF,0xDA,0xD6,0xFF,0xBA,0xD6,0xFE,0xBA,
    0xD6,0xFE,0x9A,0xD6,0xFF,0x79,0xCE,0xFF,0x79,0xCE,0xFF,0x38,0xC6,0xFE,0x59,0xCE,
    0xFF,0x38,0xC6,0xFC,0xB2,0x94,0x87,0x54,0xA5,0x88,0x17,0xBE,0xFA,0x38,0xC6,0xFF,
    0xD6,0xB5,0xFC,0x38,0xC6,0xFF,0xB6,0xB5,0xED,0x91,0x8C,0x52,0x00,0x00,0x00,0x54,
    0xA5,0x03,0x00,0x00,0x01,0x00,0x00,0x00,0x00,0x00,0x00,0x00,0x00,0x00,0x00,0x00,
    0x00,0x00,0x00,0x00,0x00,0x00,0x00,0x00,0x00,0x00,0x00,0x00,0x00,0x00,0x00,0x00,
    0x00,0x00,0x00,0x00,0x00,0x00,0x00,0x00,0x00,0x00,0x00,0x00,0x00,0x00,0x00,0x00,
    0x00,0x00,0x00,0x00,0x00,0x00,0x00,0x00,0x00,0x00,0x00,0x00,0x00,0x00,0x00,0x00,
    0x00,0x00,0x00,0x00,0x00,0x00,0x00,0x00,0x00,0x00,0x00,0x00,0x00,0x00,0x00,0x00,
    0x00,0x00,0x00,0x00,0x00,0x00,0x00,0x00,0x00,0x00,0x00,0x00,0x00,0x00,0x00,0x00,
    0x00,0x00,0x00,0x00,0x00,0x00,0x00,0x00,0x00,0x00,0x00,0x00,0x00,0x00,0x00,0x00,
    0x00,0x00,0x00,0x00,0x00,0x00,0x00,0x00,0x00,0x00,0x00,0x00,0x00,0x00,0x00,0x00,
    0x00,0x00,0x00,0x00,0x00,0x00,0x00,0x00,0x00,0x00,0x00,0x00,0x00,0x00,0x00,0x00,
    0x00,0x00,0x00,0x00,0x00,0x00,0x00,0x00,0x00,0x00,0x00,0x00,0x00,0x00,0x00,0x00,
    0x00,0x00,0x00,0x00,0x00,0x00,0x00,0x00,0x00,0x00,0x00,0x00,0x00,0x00,0x00,0x00,
    0x00,0x00,0x00,0x00,0x00,0x00,0x00,0x00,0x00,0x00,0x00,0x00,0x00,0x00,0x00,0x00,
    0x00,0x00,0x00,0x00,0x00,0x00,0x00,0x00,0x00,0x00,0x00,0x00,0x00,0x00,0x00,0x00,
    0x00,0x00,0x00,0x00,0x00,0x00,0x00,0x00,0x00,0x00,0x00,0x00,0x00,0x00,0x00,0x00,
    0x00,0x00,0x00,0x00,0x00,0x00,0x00,0x00,0x00,0x00,0x00,0x00,0x00,0x00,0x00,0x00,
    0x00,0x00,0x00,0x00,0x00,0x00,0x00,0x00,0x00,0x00,0x00,0x00,0x00,0x00,0x00,0x00,
    0x00,0x00,0x00,0x00,0x00,0x00,0x00,0x00,0x00,0x00,0x00,0x00,0x00,0x54,0xA5,0x03,
    0x00,0x00,0x00,0xD3,0x9C,0x44,0x34,0xA5,0xE3,0x96,0xB5,0xFF,0x55,0xAD,0xFE,0x75,
    0xAD,0xFF,0x95,0xAD,0xFD,0xD6,0xB5,0xFF,0xB6,0xB5,0xF8,0x95,0xAD,0x8A,0xD6,0xB5,
    0xB4,0x58,0xC6,0xFF,0x38,0xC6,0xFF,0xF3,0x9C,0x85,0x00,0x00,0x00,0xFF,0xFF,0x02,
    0x00,0x00,0x00,0x00,0x00,0x00,0x00,0x00,0x00,0x00,0x00,0x00,0x00,0x00,0x00,0x00,
    0x00,0x00,0x00,0x00,0x00,0x00,0x00,0x00,0x00,0x00,0x00,0x18,0xC6,0x9F,0x5C,0xE7,
    0xFF,0x55,0xAD,0xB5,0x38,0xC6,0xE3,0x1B,0xDF,0xFF,0xBA,0xD6,0xFE,0xBA,0xD6,0xFF,
    0x9A,0xD6,0xFF,0x99,0xCE,0xFF,0x99,0xCE,0xFF,0x79,0xCE,0xFF,0x79,0xCE,0xFF,0x79,
    0xCE,0xFF,0x38,0xC6,0xFE,0x38,0xC6,0xFF,0x79,0xCE,0xFF,0xDA,0xD6,0xFF,0x75,0xAD,
    0xD9,0x8E,0x73,0x85,0xD6,0xB5,0xED,0xF7,0xBD,0xFE,0xF7,0xBD,0xFF,0xB6,0xB5,0xEB,
    0xF3,0x9C,0x4A,0x00,0x00,0x00,0x54,0xA5,0x03,0x00,0x00,0x01,0x00,0x00,0x00,0x00,
    0x00,0x00,0x00,0x00,0x00,0x00,0x00,0x00,0x00,0x00,0x00,0x00,0x00,0x00,0x00,0x00,
    0x00,0x00,0x00,0x00,0x00,0x00,0x00,0x00,0x00,0x00,0x00,0x00,0x00,0x00,0x00,0x00,
    0x00,0x00,0x00,0x00,0x00,0x00,0x00,0x00,0x00,0x00,0x00,0x00,0x00,0x00,0x00,0x00,
    0x00,0x00,0x00,0x00,0x00,0x00,0x00,0x00,0x00,0x00,0x00,0x00,0x00,0x00,0x00,0x00,
    0x00,0x00,0x00,0x00,0x00,0x00,0x00,0x00,0x00,0x00,0x00,0x00,0x00,0x00,0x00,0x00,
    0x00,0x00,0x00,0x00,0x00,0x00,0x00,0x00,0x00,0x00,0x00,0x00,0x00,0x00,0x00,0x00,
    0x00,0x00,0x00,0x00,0x00,0x00,0x00,0x00,0x00,0x00,0x00,0x00,0x00,0x00,0x00,0x00,
    0x00,0x00,0x00,0x00,0x00,0x00,0x00,0x00,0x00,0x00,0x00,0x00,0x00,0x00,0x00,0x00,
    0x00,0x00,0x00,0x00,0x00,0x00,0x00,0x00,0x00,0x00,0x00,0x00,0x00,0x00,0x00,0x00,
    0x00,0x00,0x00,0x00,0x00,0x00,0x00,0x00,0x00,0x00,0x00,0x00,0x00,0x00,0x00,0x00,
    0x00,0x00,0x00,0x00,0x00,0x00,0x00,0x00,0x00,0x00,0x00,0x00,0x00,0x00,0x00,0x00,
    0x00,0x00,0x00,0x00,0x00,0x00,0x00,0x00,0x00,0x00,0x00,0x00,0x00,0x00,0x00,0x00,
    0x00,0x00,0x00,0x00,0x00,0x00,0x00,0x00,0x00,0x00,0x00,0x00,0x00,0x00,0x00,0x00,
    0x00,0x00,0x00,0x00,0x00,0x00,0x00,0x00,0x00,0x00,0x00,0x00,0x00,0x00,0x00,0x00,
    0x00,0x00,0x00,0x00,0x00,0x00,0x00,0x00,0x00,0x00,0x00,0x00,0x00,0x00,0x00,0x00,
    0x00,0x00,0x00,0x00,0x00,0x00,0x00,0x00,0x00,0x00,0x00,0x00,0x00,0x00,0x54,0xA5,
    0x03,0x00,0x00,0x00,0xD2,0x94,0x42,0x13,0x9D,0xE3,0x96,0xB5,0xFF,0xF3,0x9C,0xCE,
    0xEF,0x7B,0xB9,0x96,0xB5,0xFF,0x75,0xAD,0xFE,0x95,0xAD,0xFD,0xD6,0xB5,0xFF,0x38,
    0xC6,0xFF,0x18,0xC6,0xFF,0x38,0xC6,0xFF,0x34,0xA5,0xA5,0x00,0x00,0x09,0xFF,0xFF,
    0x01,0x00,0x00,0x01,0xFF,0xFF,0x02,0x00,0x00,0x00,0x00,0x00,0x00,0x00,0x00,0x00,
    0x00,0x00,0x00,0x00,0x00,0x00,0xEF,0x7B,0x02,0x00,0x00,0x01,0x2C,0x63,0x1D,0x38,
    0xC6,0xDC,0xD6,0xB5,0x8D,0x41,0x08,0x2F,0x59,0xCE,0xE1,0x1B,0xDF,0xFE,0xBA,0xD6,
    0xFC,0xDA,0xD6,0xFE,0xBA,0xD6,0xFF,0x99,0xCE,0xFF,0x79,0xCE,0xFF,0x58,0xC6,0xFF,
    0x58,0xC6,0xFF,0x58,0xC6,0xFF,0x58,0xC6,0xFE,0x58,0xC6,0xFE,0x38,0xC6,0xFF,0x34,
    0xA5,0xB2,0x45,0x29,0x23,0xF3,0x9C,0x5F,0x17,0xBE,0xFC,0xD7,0xBD,0xFE,0xB6,0xB5,
    0xFC,0xD6,0xB5,0xFF,0x75,0xAD,0xE5,0xF3,0x9C,0x43,0x00,0x00,0x00,0xEF,0x7B,0x04,
    0x54,0xA5,0x03,0xFF,0xFF,0x01,0x00,0x00,0x00,0x00,0x00,0x00,0x00,0x00,0x00,0x00,
    0x00,0x00,0x00,0x00,0x00,0x00,0x00,0x00,0x00,0x00,0x00,0x00,0x00,0x00,0x00,0x00,
    0x00,0x00,0x00,0x00,0x00,0x00,0x00,0x00,0x00,0x00,0x00,0x00,0x00,0x00,0x00,0x00,
    0x00,0x00,0x00,0x00,0x00,0x00,0x00,0x00,0x00,0x00,0x00,0x00,0x00,0x00,0x00,0x00,
    0x00,0x00,0x00,0x00,0x00,0x00,0x00,0x00,0x00,0x00,0x00,0x00,0x00,0x00,0x00,0x00,
    0x00,0x00,0x00,0x00,0x00,0x00,0x00,0x00,0x00,0x00,0x00,0x00,0x00,0x00,0x00,0x00,
    0x00,0x00,0x00,0x00,0x00,0x00,0x00,0x00,0x00,0x00,0x00,0x00,0x00,0x00,0x00,0x00,
    0x00,0x00,0x00,0x00,0x00,0x00,0x00,0x00,0x00,0x00,0x00,0x00,0x00,0x00,0x00,0x00,
    0x00,0x00,0x00,0x00,0x00,0x00,0x00,0x00,0x00,0x00,0x00,0x00,0x00,0x00,0x00,0x00,
    0x00,0x00,0x00,0x00,0x00,0x00,0x00,0x00,0x00,0x00,0x00,0x00,0x00,0x00,0x00,0x00,
    0x00,0x00,0x00,0x00,0x00,0x00,0x00,0x00,0x00,0x00,0x00,0x00,0x00,0x00,0x00,0x00,
    0x00,0x00,0x00,0x00,0x00,0x00,0x00,0x00,0x00,0x00,0x00,0x00,0x00,0x00,0x00,0x00,
    0x00,0x00,0x00,0x00,0x00,0x00,0x00,0x00,0x00,0x00,0x00,0x00,0x00,0x00,0x00,0x00,
    0x00,0x00,0x00,0x00,0x00,0x00,0x00,0x00,0x00,0x00,0x00,0x00,0x00,0x00,0x00,0x00,
    0x00,0x00,0x00,0x00,0x00,0x00,0x00,0x00,0x00,0x00,0x00,0x00,0x00,0x00,0x00,0x00,
    0x00,0x00,0x00,0x00,0x00,0x00,0x00,0x00,0x00,0x00,0x00,0x00,0x00,0x00,0x00,0x54,
    0xA5,0x03,0x00,0x00,0x00,0xD2,0x94,0x43,0x13,0x9D,0xE1,0x55,0xAD,0xFF,0x34,0xA5,
    0xF2,0xCB,0x5A,0x4E,0xD2,0x94,0x97,0xD6,0xB5,0xFF,0x75,0xAD,0xFD,0xB6,0xB5,0xFF,
    0xB6,0xB5,0xFE,0xD6,0xB5,0xFB,0x38,0xC6,0xFF,0x55,0xAD,0xBD,0xC3,0x18,0x14,0x00,
    0x00,0x00,0xEF,0x7B,0x02,0xFF,0xFF,0x02,0x00,0x00,0x00,0x00,0x00,0x04,0xE7,0x39,
    0x04,0x00,0x00,0x00,0x00,0x00,0x00,0x00,0x00,0x00,0xEF,0x7B,0x02,0x00,0x00,0x00,
    0xB2,0x94,0x3B,0xD2,0x94,0x6D,0x00,0x00,0x00,0xEF,0x7B,0x49,0x58,0xC6,0xFB,0xFB,
    0xDE,0xFF,0xFB,0xDE,0xFF,0xFB,0xDE,0xFF,0xBA,0xD6,0xFF,0x9A,0xD6,0xFF,0x99,0xCE,
    0xFF,0x99,0xCE,0xFF,0x58,0xC6,0xFF,0x58,0xC6,0xFF,0x58,0xC6,0xFE,0x17,0xBE,0xFB,
    0x71,0x8C,0x87,0x00,0x00,0x08,0x86,0x31,0x05,0x75,0xAD,0xC4,0x38,0xC6,0xFF,0xD6,
    0xB5,0xFD,0xB6,0xB5,0xFF,0x95,0xAD,0xFD,0xB6,0xB5,0xFF,0x55,0xAD,0xE2,0x0F,0x7C,
    0x42,0x00,0x00,0x00,0x00,0x00,0x00,0x00,0x00,0x00,0x00,0x00,0x01,0x00,0x00,0x00,
    0x00,0x00,0x00,0x00,0x00,0x00,0x00,0x00,0x00,0x00,0x00,0x00,0x00,0x00,0x00,0x00,
    0x00,0x00,0x00,0x00,0x00,0x00,0x00,0x00,0x00,0x00,0x00,0x00,0x00,0x00,0x00,0x00,
    0x00,0x00,0x00,0x00,0x00,0x00,0x00,0x00,0x00,0x00,0x00,0x00,0x00,0x00,0x00,0x00,
    0x00,0x00,0x00,0x00,0x00,0x00,0x00,0x00,0x00,0x00,0x00,0x00,0x00,0x00,0x00,0x00,
    0x00,0x00,0x00,0x00,0x00,0x00,0x00,0x00,0x00,0x00,0x00,0x00,0x00,0x00,0x00,0x00,
    0x00,0x00,0x00,0x00,0x00,0x00,0x00,0x00,0x00,0x00,0x00,0x00,0x00,0x00,0x00,0x00,
    0x00,0x00,0x00,0x00,0x00,0x00,0x00,0x00,0x00,0x00,0x00,0x00,0x00,0x00,0x00,0x00,
    0x00,0x00,0x00,0x00,0x00,0x00,0x00,0x00,0x00,0x00,0x00,0x00,0x00,0x00,0x00,0x00,
    0x00,0x00,0x00,0x00,0x00,0x00,0x00,0x00,0x00,0x00,0x00,0x00,0x00,0x00,0x00,0x00,
    0x00,0x00,0x00,0x00,0x00,0x00,0x00,0x00,0x00,0x00,0x00,0x00,0x00,0x00,0x00,0x00,
    0x00,0x00,0x00,0x00,0x00,0x00,0x00,0x00,0x00,0x00,0x00,0x00,0x00,0x00,0x00,0x00,
    0x00,0x00,0x00,0x00,0x00,0x00,0x00,0x00,0x00,0x00,0x00,0x00,0x00,0x00,0x00,0x00,
    0x00,0x00,0x00,0x00,0x00,0x00,0x00,0x00,0x00,0x00,0x00,0x00,0x00,0x00,0x00,0x00,
    0x00,0x00,0x00,0x00,0x00,0x00,0x00,0x00,0x00,0x00,0x00,0x00,0x00,0x00,0x00,0x00,
    0x00,0x00,0x00,0x00,0x00,0x00,0x00,0xFF,0xFF,0x01,0xFF,0xFF,0x02,0x00,0x00,0x01,
    0x54,0xA5,0x03,0x00,0x00,0x00,0x91,0x8C,0x43,0x13,0x9D,0xE7,0x54,0xA5,0xFF,0x34,
    0xA5,0xFF,0x0F,0x7C,0x77,0x00,0x00,0x0D,0x34,0xA5,0xD0,0xB6,0xB5,0xFE,0x75,0xAD,
    0xFD,0x95,0xAD,0xFF,0x96,0xB5,0xFE,0xF7,0xBD,0xFF,0x75,0xAD,0xE6,0x6D,0x6B,0x2E,
    0x00,0x00,0x00,0x54,0xA5,0x03,0xFF,0xFF,0x02,0x00,0x00,0x00,0x0F,0x7C,0x31,0x14,
    0xA5,0x6A,0xAA,0x52,0x03,0x00,0x00,0x01,0xFF,0xFF,0x01,0x00,0x00,0x01,0x00,0x00,
    0x00,0x00,0x00,0x00,0x28,0x42,0x07,0x00,0x00,0x00,0xFF,0xFF,0x01,0x34,0xA5,0x6B,
    0x1B,0xDF,0xFF,0xDA,0xD6,0xFF,0x38,0xC6,0xD1,0x75,0xAD,0xA6,0x79,0xCE,0xF5,0x99,
    0xCE,0xFF,0x79,0xCE,0xFE,0x79,0xCE,0xFF,0x79,0xCE,0xFF,0x58,0xC6,0xFF,0x58,0xC6,
    0xFF,0x54,0xA5,0x8A,0x00,0x00,0x00,0x00,0x00,0x00,0xD2,0x94,0x46,0xF7,0xBD,0xF3,
    0xF7,0xBD,0xFF,0xB6,0xB5,0xFE,0xB6,0xB5,0xFF,0x75,0xAD,0xFF,0x75,0xAD,0xFD,0xB6,
    0xB5,0xFF,0x54,0xA5,0xE1,0x71,0x8C,0x5C,0xF3,0x9C,0x52,0xCA,0x52,0x11,0x00,0x00,
    0x00,0xFF,0xFF,0x01,0x00,0x00,0x00,0x00,0x00,0x00,0x00,0x00,0x00,0x00,0x00,0x00,
    0x00,0x00,0x00,0x00,0x00,0x00,0x00,0x00,0x00,0x00,0x00,0x00,0x00,0x00,0x00,0x00,
    0x00,0x00,0x00,0x00,0x00,0x00,0x00,0x00,0x00,0x00,0x00,0x00,0x00,0x00,0x00,0x00,
    0x00,0x00,0x00,0x00,0x00,0x00,0x00,0x00,0x00,0x00,0x00,0x00,0x00,0x00,0x00,0x00,
    0x00,0x00,0x00,0x00,0x00,0x00,0x00,0x00,0x00,0x00,0x00,0x00,0x00,0x00,0x00,0x00,
    0x00,0x00,0x00,0x00,0x00,0x00,0x00,0x00,0x00,0x00,0x00,0x00,0x00,0x00,0x00,0x00,
    0x00,0x00,0x00,0x00,0x00,0x00,0x00,0x00,0x00,0x00,0x00,0x00,0x00,0x00,0x00,0x00,
    0x00,0x00,0x00,0x00,0x00,0x00,0x00,0x00,0x00,0x00,0x00,0x00,0x00,0x00,0x00,0x00,
    0x00,0x00,0x00,0x00,0x00,0x00,0x00,0x00,0x00,0x00,0x00,0x00,0x00,0x00,0x00,0x00,
    0x00,0x00,0x00,0x00,0x00,0x00,0x00,0x00,0x00,0x00,0x00,0x00,0x00,0x00,0x00,0x00,
    0x00,0x00,0x00,0x00,0x00,0x00,0x00,0x00,0x00,0x00,0x00,0x00,0x00,0x00,0x00,0x00,
    0x00,0x00,0x00,0x00,0x00,0x00,0x00,0x00,0x00,0x00,0x00,0x00,0x00,0x00,0x00,0x00,
    0x00,0x00,0x00,0x00,0x00,0x00,0x00,0x00,0x00,0x00,0x00,0x00,0x00,0x00,0x00,0x00,
    0x00,0x00,0x00,0x00,0x00,0x00,0x00,0x00,0x00,0x00,0x00,0x00,0x00,0x00,0x00,0x00,
    0x00,0x00,0x00,0x00,0x00,0x00,0x00,0x00,0xFF,0xFF,0x01,0x00,0x00,0x00,0x00,0x00,
    0x00,0xFF,0xFF,0x01,0x00,0x00,0x00,0x2C,0x63,0x42,0xF3,0x9C,0xE5,0xB2,0x94,0xF3,
    0x10,0x84,0xBE,0x71,0x8C,0x9F,0x00,0x00,0x07,0x71,0x8C,0x34,0x55,0xAD,0xFD,0x75,
    0xAD,0xFF,0x75,0xAD,0xFE,0x75,0xAD,0xFE,0x95,0xAD,0xFE,0xD6,0xB5,0xFF,0x91,0x8C,
    0x71,0x00,0x00,0x00,0xF7,0xBD,0x04,0x00,0x00,0x00,0x00,0x00,0x00,0x92,0x94,0x4D,
    0xF7,0xBD,0xD1,0x75,0xAD,0x59,0x00,0x00,0x00,0xFF,0xFF,0x04,0x00,0x00,0x00,0x00,
    0x00,0x00,0x00,0x00,0x00,0x00,0x00,0x00,0x00,0x00,0x00,0xFF,0xFF,0x02,0x00,0x00,
    0x00,0xB2,0x94,0x74,0x38,0xC6,0xB0,0xF3,0x9C,0x55,0xA6,0x31,0x2F,0xF7,0xBD,0xA0,
    0xDA,0xD6,0xFD,0x99,0xCE,0xFE,0x79,0xCE,0xFE,0x59,0xCE,0xFF,0x79,0xCE,0xFB,0x34,
    0xA5,0x81,0x13,0x9D,0x60,0xB2,0x94,0x16,0xFF,0xFF,0x01,0x2C,0x63,0x0A,0xD6,0xB5,
    0xB2,0xF7,0xBD,0xFD,0xB6,0xB5,0xFA,0xB6,0xB5,0xFF,0x96,0xB5,0xFF,0xB6,0xB5,0xFF,
    0x55,0xAD,0xFF,0x75,0xAD,0xFE,0x75,0xAD,0xFF,0x55,0xAD,0xFD,0x75,0xAD,0xFF,0x13,
    0x9D,0xA0,0xC3,0x18,0x09,0x00,0x00,0x00,0xFF,0xFF,0x01,0x00,0x00,0x00,0x00,0x00,
    0x00,0x00,0x00,0x00,0x00,0x00,0x00,0x00,0x00,0x00,0x00,0x00,0x00,0x00,0x00,0x00,
    0x00,0x00,0x00,0x00,0x00,0x00,0x00,0x00,0x00,0x00,0x00,0x00,0x00,0x00,0x00,0x00,
    0x00,0x00,0x00,0x00,0x00,0x00,0x00,0x00,0x00,0x00,0x00,0x00,0x00,0x00,0x00,0x00,
    0x00,0x00,0x00,0x00,0x00,0x00,0x00,0x00,0x00,0x00,0x00,0x00,0x00,0x00,0x00,0x00,
    0x00,0x00,0x00,0x00,0x00,0x00,0x00,0x00,0x00,0x00,0x00,0x00,0x00,0x00,0x00,0x00,
    0x00,0x00,0x00,0x00,0x00,0x00,0x00,0x00,0x00,0x00,0x00,0x00,0x00,0x00,0x00,0x00,
    0x00,0x00,0x00,0x00,0x00,0x00,0x00,0x00,0x00,0x00,0x00,0x00,0x00,0x00,0x00,0x00,
    0x00,0x00,0x00,0x00,0x00,0x00,0x00,0x00,0x00,0x00,0x00,0x00,0x00,0x00,0x00,0x00,
    0x00,0x00,0x00,0x00,0x00,0x00,0x00,0x00,0x00,0x00,0x00,0x00,0x00,0x00,0x00,0x00,
    0x00,0x00,0x00,0x00,0x00,0x00,0x00,0x00,0x00,0x00,0x00,0x00,0x00,0x00,0x00,0x00,
    0x00,0x00,0x00,0x00,0x00,0x00,0x00,0x00,0x00,0x00,0x00,0x00,0x00,0x00,0x00,0x00,
    0x00,0x00,0x00,0x00,0x00,0x00,0x00,0x00,0x00,0x00,0x00,0x00,0x00,0x00,0x00,0x00,
    0x00,0x00,0x00,0x00,0x00,0x00,0x00,0x00,0x00,0x00,0x00,0x00,0x00,0x00,0x00,0x00,
    0x00,0x00,0x00,0x00,0x00,0x00,0x00,0x00,0x00,0xEF,0x7B,0x02,0x00,0x00,0x00,0x10,
    0x84,0x3D,0x91,0x8C,0x4E,0x00,0x00,0x00,0x6D,0x6B,0x44,0xB2,0x94,0xE5,0xD2,0x94,
    0xFF,0x4D,0x6B,0x69,0x00,0x00,0x0E,0x0C,0x63,0x12,0x00,0x00,0x00,0x30,0x84,0x74,
    0x13,0x9D,0xC5,0x50,0x84,0xBE,0x75,0xAD,0xFF,0x75,0xAD,0xFD,0x96,0xB5,0xFF,0x55,
    0xAD,0xF7,0xEF,0x7B,0x30,0xFF,0xFF,0x02,0x00,0x00,0x00,0x00,0x00,0x04,0x34,0xA5,
    0x73,0x79,0xCE,0xF5,0x38,0xC6,0xD6,0x86,0x31,0x0A,0x00,0x00,0x00,0x00,0x00,0x00,
    0x14,0xA5,0x28,0x30,0x84,0x22,0x00,0x00,0x00,0xFF,0xFF,0x01,0xEF,0x7B,0x02,0x00,
    0x00,0x00,0x00,0x00,0x00,0x4D,0x6B,0x1A,0x00,0x00,0x02,0x00,0x00,0x0A,0x79,0xCE,
    0xA7,0x3C,0xE7,0xFF,0x9A,0xD6,0xFF,0x79,0xCE,0xFF,0x79,0xCE,0xFD,0x99,0xCE,0xFE,
    0x58,0xC6,0xEA,0x4D,0x6B,0x1C,0x00,0x00,0x00,0xAA,0x52,0x03,0xFF,0xFF,0x02,0x71,
    0x8C,0x17,0x55,0xAD,0x64,0xEF,0x7B,0x70,0x96,0xB5,0xF3,0xD6,0xB5,0xFF,0xB6,0xB5,
    0xFE,0x95,0xAD,0xFF,0x75,0xAD,0xFF,0x54,0xA5,0xFF,0x75,0xAD,0xFE,0x75,0xAD,0xFF,
    0x95,0xAD,0xFF,0x96,0xB5,0xFF,0x13,0x9D,0x99,0x00,0x00,0x08,0x00,0x00,0x00,0xFF,
    0xFF,0x01,0x00,0x00,0x00,0x00,0x00,0x00,0x00,0x00,0x00,0x00,0x00,0x00,0x00,0x00,
    0x00,0x00,0x00,0x00,0x00,0x00,0x00,0x00,0x00,0x00,0x00,0x00,0x00,0x00,0x00,0x00,
    0x00,0x00,0x00,0x00,0x00,0x00,0x00,0x00,0x00,0x00,0x00,0x00,0x00,0x00,0x00,0x00,
    0x00,0x00,0x00,0x00,0x00,0x00,0x00,0x00,0x00,0x00,0x00,0x00,0x00,0x00,0x00,0x00,
    0x00,0x00,0x00,0x00,0x00,0x00,0x00,0x00,0x00,0x00,0x00,0x00,0x00,0x00,0x00,0x00,
    0x00,0x00,0x00,0x00,0x00,0x00,0x00,0x00,0x00,0x00,0x00,0x00,0x00,0x00,0x00,0x00,
    0x00,0x00,0x00,0x00,0x00,0x00,0x00,0x00,0x00,0x00,0x00,0x00,0x00,0x00,0x00,0x00,
    0x00,0x00,0x00,0x00,0x00,0x00,0x00,0x00,0x00,0x00,0x00,0x00,0x00,0x00,0x00,0x00,
    0x00,0x00,0x00,0x00,0x00,0x00,0x00,0x00,0x00,0x00,0x00,0x00,0x00,0x00,0x00,0x00,
    0x00,0x00,0x00,0x00,0x00,0x00,0x00,0x00,0x00,0x00,0x00,0x00,0x00,0x00,0x00,0x00,
    0x00,0x00,0x00,0x00,0x00,0x00,0x00,0x00,0x00,0x00,0x00,0x00,0x00,0x00,0x00,0x00,
    0x00,0x00,0x00,0x00,0x00,0x00,0x00,0x00,0x00,0x00,0x00,0x00,0x00,0x00,0x00,0x00,
    0x00,0x00,0x00,0x00,0x00,0x00,0x00,0x00,0x00,0x00,0x00,0x00,0x00,0x00,0x00,0x00,
    0x00,0x00,0x00,0x00,0x00,0x00,0x00,0x00,0x00,0x00,0x54,0xA5,0x03,0x00,0x00,0x00,
    0x6D,0x6B,0x3B,0x91,0x8C,0xE2,0xD2,0x94,0xF6,0x71,0x8C,0xAC,0xB2,0x94,0xE0,0x34,
    0xA5,0xFF,0xAE,0x73,0x85,0x00,0x00,0x02,0x00,0x00,0x00,0x00,0x00,0x00,0x00,0x00,
    0x02,0xEF,0x7B,0x4F,0xAA,0x52,0x23,0x50,0x84,0x8F,0xB6,0xB5,0xFF,0x55,0xAD,0xFC,
    0xB6,0xB5,0xFF,0x54,0xA5,0xEA,0x2C,0x63,0x2D,0x00,0x00,0x00,0xCA,0x52,0x11,0x55,
    0xAD,0x9B,0x38,0xC6,0xFF,0x79,0xCE,0xFF,0x96,0xB5,0x83,0x00,0x00,0x00,0x00,0x00,
    0x08,0x75,0xAD,0x77,0xF7,0xBD,0xAB,0x10,0x84,0x1B,0x00,0x00,0x00,0x54,0xA5,0x03,
    0x00,0x00,0x00,0x00,0x00,0x00,0xEF,0x7B,0x04,0x00,0x00,0x00,0x49,0x4A,0x1E,0x17,
    0xBE,0xB9,0x1B,0xDF,0xFF,0xBA,0xD6,0xFD,0x99,0xCE,0xFF,0x79,0xCE,0xFE,0x79,0xCE,
    0xFE,0xBA,0xD6,0xFF,0xF7,0xBD,0x86,0xEF,0x7B,0x06,0xFF,0xFF,0x05,0x00,0x00,0x00,
    0x00,0x00,0x00,0xAA,0x52,0x03,0x00,0x00,0x00,0x34,0xA5,0x57,0xB6,0xB5,0xFD,0xB6,
    0xB5,0xFE,0xB6,0xB5,0xFE,0x95,0xAD,0xFF,0x75,0xAD,0xFF,0x54,0xA5,0xFE,0xB6,0xB5,
    0xFF,0x91,0x8C,0xA4,0xD2,0x94,0xA3,0x95,0xAD,0xFF,0x75,0xAD,0xFF,0xF3,0x9C,0x92,
    0x00,0x00,0x05,0xFF,0xFF,0x01,0xFF,0xFF,0x01,0x00,0x00,0x00,0x00,0x00,0x00,0x00,
    0x00,0x00,0x00,0x00,0x00,0x00,0x00,0x00,0x00,0x00,0x00,0x00,0x00,0x00,0x00,0x00,
    0x00,0x00,0x00,0x00,0x00,0x00,0x00,0x00,0x00,0x00,0x00,0x00,0x00,0x00,0x00,0x00,
    0x00,0x00,0x00,0x00,0x00,0x00,0x00,0x00,0x00,0x00,0x00,0x00,0x00,0x00,0x00,0x00,
    0x00,0x00,0x00,0x00,0x00,0x00,0x00,0x00,0x00,0x00,0x00,0x00,0x00,0x00,0x00,0x00,
    0x00,0x00,0x00,0x00,0x00,0x00,0x00,0x00,0x00,0x00,0x00,0x00,0x00,0x00,0x00,0x00,
    0x00,0x00,0x00,0x00,0x00,0x00,0x00,0x00,0x00,0x00,0x00,0x00,0x00,0x00,0x00,0x00,
    0x00,0x00,0x00,0x00,0x00,0x00,0x00,0x00,0x00,0x00,0x00,0x00,0x00,0x00,0x00,0x00,
    0x00,0x00,0x00,0x00,0x00,0x00,0x00,0x00,0x00,0x00,0x00,0x00,0x00,0x00,0x00,0x00,
    0x00,0x00,0x00,0x00,0x00,0x00,0x00,0x00,0x00,0x00,0x00,0x00,0x00,0x00,0x00,0x00,
    0x00,0x00,0x00,0x00,0x00,0x00,0x00,0x00,0x00,0x00,0x00,0x00,0x00,0x00,0x00,0x00,
    0x00,0x00,0x00,0x00,0x00,0x00,0x00,0x00,0x00,0x00,0x00,0x00,0x00,0x00,0x00,0x00,
    0x00,0x00,0x00,0x00,0x00,0x00,0x00,0x00,0x00,0x00,0x00,0x00,0x00,0x00,0x00,0x00,
    0x00,0x00,0x00,0x00,0x00,0x00,0x00,0x00,0x00,0x00,0x00,0x54,0xA5,0x03,0x00,0x00,
    0x00,0xAE,0x73,0x36,0x71,0x8C,0xDE,0x91,0x8C,0xFF,0x51,0x8C,0xFE,0xD2,0x94,0xFF,
    0xF3,0x9C,0xFF,0x50,0x84,0x9B,0x00,0x00,0x05,0x00,0x00,0x00,0xEF,0x7B,0x02,0xFF,
    0xFF,0x02,0x00,0x00,0x01,0x00,0x00,0x00,0x00,0x00,0x00,0xF3,0x9C,0xAA,0x95,0xAD,
    0xFF,0x54,0xA5,0xFB,0xB6,0xB5,0xFF,0x54,0xA5,0xDF,0x00,0x00,0x14,0xEF,0x7B,0x1E,
    0x75,0xAD,0xBF,0x38,0xC6,0xFF,0x17,0xBE,0xFF,0x96,0xB5,0xDF,0x28,0x42,0x1D,0xAE,
    0x73,0x39,0x55,0xAD,0xBF,0x99,0xCE,0xFF,0xF3,0x9C,0x75,0x00,0x00,0x00,0xFF,0xFF,
    0x03,0x00,0x00,0x00,0x10,0x84,0x32,0x75,0xAD,0x6E,0x00,0x00,0x00,0x4D,0x6B,0x34,
    0x17,0xBE,0xCD,0x1B,0xDF,0xFF,0xDA,0xD6,0xFD,0x9A,0xD6,0xFF,0x79,0xCE,0xFE,0x79,
    0xCE,0xFF,0xBA,0xD6,0xFF,0xF7,0xBD,0x95,0x50,0x84,0x0B,0x00,0x00,0x00,0x00,0x00,
    0x00,0xEB,0x5A,0x1B,0x71,0x8C,0x5F,0x10,0x84,0x15,0x00,0x00,0x00,0x55,0xAD,0x8D,
    0x58,0xC6,0xFF,0x96,0xB5,0xFD,0x95,0xAD,0xFF,0x96,0xB5,0xFF,0x75,0xAD,0xFE,0x75,
    0xAD,0xFF,0x54,0xA5,0xFF,0x2C,0x63,0x5B,0x00,0x00,0x10,0x13,0x9D,0xC2,0x75,0xAD,
    0xFF,0x34,0xA5,0xFF,0xB2,0x94,0x88,0x00,0x00,0x03,0xFF,0xFF,0x01,0xFF,0xFF,0x01,
    0x00,0x00,0x00,0x00,0x00,0x00,0x00,0x00,0x00,0x00,0x00,0x00,0x00,0x00,0x00,0x00,
    0x00,0x00,0x00,0x00,0x00,0x00,0x00,0x00,0x00,0x00,0x00,0x00,0x00,0x00,0x00,0x00,
    0x00,0x00,0x00,0x00,0x00,0x00,0x00,0x00,0x00,0x00,0x00,0x00,0x00,0x00,0x00,0x00,
    0x00,0x00,0x00,0x00,0x00,0x00,0x00,0x00,0x00,0x00,0x00,0x00,0x00,0x00,0x00,0x00,
    0x00,0x00,0x00,0x00,0x00,0x00,0x00,0x00,0x00,0x00,0x00,0x00,0x00,0x00,0x00,0x00,
    0x00,0x00,0x00,0x00,0x00,0x00,0x00,0x00,0x00,0x00,0x00,0x00,0x00,0x00,0x00,0x00,
    0x00,0x00,0x00,0x00,0x00,0x00,0x00,0x00,0x00,0x00,0x00,0x00,0x00,0x00,0x00,0x00,
    0x00,0x00,0x00,0x00,0x00,0x00,0x00,0x00,0x00,0x00,0x00,0x00,0x00,0x00,0x00,0x00,
    0x00,0x00,0x00,0x00,0x00,0x00,0x00,0x00,0x00,0x00,0x00,0x00,0x00,0x00,0x00,0x00,
    0x00,0x00,0x00,0x00,0x00,0x00,0x00,0x00,0x00,0x00,0x00,0x00,0x00,0x00,0x00,0x00,
    0x00,0x00,0x00,0x00,0x00,0x00,0x00,0x00,0x00,0x00,0x00,0x00,0x00,0x00,0x00,0x00,
    0x00,0x00,0x00,0x00,0x00,0x00,0x00,0x00,0x00,0x00,0x00,0x00,0x00,0x00,0x00,0x00,
    0x00,0x00,0x00,0x00,0x00,0x00,0x00,0x00,0x00,0x00,0x00,0x00,0xFF,0xFF,0x02,0x00,
    0x00,0x00,0x6D,0x6B,0x2E,0x50,0x84,0xD7,0x91,0x8C,0xFF,0x71,0x8C,0xFE,0xB2,0x94,
    0xFF,0xD2,0x94,0xFF,0x71,0x8C,0x9F,0x00,0x00,0x05,0xAE,0x73,0x28,0x6D,0x6B,0x42,
    0x00,0x00,0x00,0x00,0x00,0x00,0x00,0x00,0x02,0xFF,0xFF,0x01,0xAA,0x52,0x03,0xB2,
    0x94,0x8E,0x75,0xAD,0xFF,0x54,0xA5,0xFC,0xB6,0xB5,0xFF,0x14,0xA5,0xD2,0xAA,0x52,
    0x5C,0x95,0xAD,0xD1,0x18,0xC6,0xFF,0xD6,0xB5,0xFC,0xF7,0xBD,0xFF,0x75,0xAD,0xD1,
    0x91,0x8C,0x95,0xF7,0xBD,0xEE,0xFB,0xDE,0xFF,0xB6,0xB5,0xC4,0x04,0x21,0x0E,0x00,
    0x00,0x00,0x00,0x00,0x00,0x71,0x8C,0x50,0xBA,0xD6,0xE2,0x58,0xC6,0x97,0xAA,0x52,
    0x3F,0x58,0xC6,0xDF,0x1B,0xDF,0xFF,0xBA,0xD6,0xFD,0xBA,0xD6,0xFF,0x79,0xCE,0xFF,
    0x9A,0xD6,0xFF,0x99,0xCE,0xF8,0xB6,0xB5,0x72,0x00,0x00,0x00,0x00,0x00,0x06,0xCE,
    0x73,0x49,0xD2,0x94,0x94,0xD6,0xB5,0xDD,0xF3,0x9C,0xCB,0x00,0x00,0x0A,0x8D,0x6B,
    0x26,0x54,0xA5,0xCA,0x18,0xC6,0xFF,0xB6,0xB5,0xFD,0x95,0xAD,0xFF,0x95,0xAD,0xFF,
    0x75,0xAD,0xFF,0x55,0xAD,0xFF,0x75,0xAD,0xFF,0x54,0xA5,0xE6,0x92,0x94,0x93,0x8D,
    0x6B,0x76,0x13,0x9D,0xEF,0x13,0x9D,0xFF,0xF3,0x9C,0xFF,0x91,0x8C,0x7C,0x00,0x00,
    0x00,0xFF,0xFF,0x02,0xFF,0xFF,0x01,0x00,0x00,0x00,0x00,0x00,0x00,0x00,0x00,0x00,
    0x00,0x00,0x00,0x00,0x00,0x00,0x00,0x00,0x00,0x00,0x00,0x00,0x00,0x00,0x00,0x00,
    0x00,0x00,0x00,0x00,0x00,0x00,0x00,0x00,0x00,0x00,0x00,0x00,0x00,0x00,0x00,0x00,
    0x00,0x00,0x00,0x00,0x00,0x00,0x00,0x00,0x00,0x00,0x00,0x00,0x00,0x00,0x00,0x00,
    0x00,0x00,0x00,0x00,0x00,0x00,0x00,0x00,0x00,0x00,0x00,0x00,0x00,0x00,0x00,0x00,
    0x00,0x00,0x00,0x00,0x00,0x00,0x00,0x00,0x00,0x00,0x00,0x00,0x00,0x00,0x00,0x00,
    0x00,0x00,0x00,0x00,0x00,0x00,0x00,0x00,0x00,0x00,0x00,0x00,0x00,0x00,0x00,0x00,
    0x00,0x00,0x00,0x00,0x00,0x00,0x00,0x00,0x00,0x00,0x00,0x00,0x00,0x00,0x00,0x00,
    0x00,0x00,0x00,0x00,0x00,0x00,0x00,0x00,0x00,0x00,0x00,0x00,0x00,0x00,0x00,0x00,
    0x00,0x00,0x00,0x00,0x00,0x00,0x00,0x00,0x00,0x00,0x00,0x00,0x00,0x00,0x00,0x00,
    0x00,0x00,0x00,0x00,0x00,0x00,0x00,0x00,0x00,0x00,0x00,0x00,0x00,0x00,0x00,0x00,
    0x00,0x00,0x00,0x00,0x00,0x00,0x00,0x00,0x00,0x00,0x00,0x00,0x00,0x00,0x00,0x00,
    0x00,0x00,0x00,0x00,0x00,0x00,0x00,0x00,0x00,0x00,0x00,0x00,0x00,0xFF,0xFF,0x02,
    0x00,0x00,0x00,0x6D,0x6B,0x2C,0x30,0x84,0xD3,0x51,0x8C,0xFF,0x71,0x8C,0xFF,0x51,
    0x8C,0xD1,0xEF,0x7B,0x8B,0x51,0x8C,0x95,0x00,0x00,0x02,0xE7,0x39,0x21,0x91,0x8C,
    0xC0,0xEF,0x7B,0x51,0x00,0x00,0x02,0xEF,0x7B,0x62,0x6D,0x6B,0x40,0xFF,0xFF,0x02,
    0x00,0x00,0x00,0x41,0x08,0x14,0xD2,0x94,0xCA,0x95,0xAD,0xFF,0x75,0xAD,0xFE,0x75,
    0xAD,0xF6,0x75,0xAD,0xF7,0xF7,0xBD,0xFF,0xD6,0xB5,0xFD,0x95,0xAD,0xFF,0xD6,0xB5,
    0xFF,0x17,0xBE,0xFF,0x58,0xC6,0xFF,0x79,0xCE,0xFF,0x38,0xC6,0xF8,0x71,0x8C,0x5D,
    0x00,0x00,0x00,0x86,0x31,0x0F,0x54,0xA5,0x88,0x9A,0xD6,0xF5,0x5C,0xE7,0xFF,0x38,
    0xC6,0xD7,0x79,0xCE,0xE6,0x5C,0xE7,0xFF,0xDA,0xD6,0xFC,0xDA,0xD6,0xFF,0xBA,0xD6,
    0xFE,0xBA,0xD6,0xFF,0x59,0xCE,0xF6,0xF3,0x9C,0x68,0x48,0x42,0x29,0xD2,0x94,0x84,
    0xF7,0xBD,0xC8,0x38,0xC6,0xF8,0x79,0xCE,0xFF,0x58,0xC6,0xFF,0x14,0xA5,0xDD,0xB2,
    0x94,0xB0,0xD6,0xB5,0xE8,0xF7,0xBD,0xFF,0xD6,0xB5,0xFF,0xB6,0xB5,0xFF,0x75,0xAD,
    0xFF,0x75,0xAD,0xFF,0x75,0xAD,0xFF,0x55,0xAD,0xFF,0x75,0xAD,0xFF,0x75,0xAD,0xFF,
    0xB6,0xB5,0xFF,0x14,0xA5,0xF2,0x13,0x9D,0xF8,0xF3,0x9C,0xFF,0xD2,0x94,0xFE,0xF3,
    0x9C,0xFB,0x71,0x8C,0x70,0x00,0x00,0x00,0xFF,0xFF,0x02,0x00,0x00,0x01,0x00,0x00,
    0x00,0x00,0x00,0x00,0x00,0x00,0x00,0x00,0x00,0x00,0x00,0x00,0x00,0x00,0x00,0x00,
    0x00,0x00,0x00,0x00,0x00,0x00,0x00,0x00,0x00,0x00,0x00,0x00,0x00,0x00,0x00,0x00,
    0x00,0x00,0x00,0x00,0x00,0x00,0x00,0x00,0x00,0x00,0x00,0x00,0x00,0x00,0x00,0x00,
    0x00,0x00,0x00,0x00,0x00,0x00,0x00,0x00,0x00,0x00,0x00,0x00,0x00,0x00,0x00,0x00,
    0x00,0x00,0x00,0x00,0x00,0x00,0x00,0x00,0x00,0x00,0x00,0x00,0x00,0x00,0x00,0x00,
    0x00,0x00,0x00,0x00,0x00,0x00,0x00,0x00,0x00,0x00,0x00,0x00,0x00,0x00,0x00,0x00,
    0x00,0x00,0x00,0x00,0x00,0x00,0x00,0x00,0x00,0x00,0x00,0x00,0x00,0x00,0x00,0x00,
    0x00,0x00,0x00,0x00,0x00,0x00,0x00,0x00,0x00,0x00,0x00,0x00,0x00,0x00,0x00,0x00,
    0x00,0x00,0x00,0x00,0x00,0x00,0x00,0x00,0x00,0x00,0x00,0x00,0x00,0x00,0x00,0x00,
    0x00,0x00,0x00,0x00,0x00,0x00,0x00,0x00,0x00,0x00,0x00,0x00,0x00,0x00,0x00,0x00,
    0x00,0x00,0x00,0x00,0x00,0x00,0x00,0x00,0x00,0x00,0x00,0x00,0x00,0x00,0x00,0x00,
    0x00,0x00,0x00,0x00,0x00,0x00,0x00,0x00,0x00,0x00,0x00,0x00,0x00,0x00,0xEF,0x7B,
    0x02,0x00,0x00,0x00,0xEF,0x7B,0x2C,0xEF,0x7B,0xD1,0x30,0x84,0xFF,0x30,0x84,0xFD,
    0x30,0x84,0xF9,0x2C,0x63,0x56,0x00,0x00,0x00,0x00,0x00,0x03,0x0F,0x7C,0x44,0x91,
    0x8C,0xD8,0x71,0x8C,0xDF,0x0C,0x63,0x4A,0x54,0xA5,0xB5,0x13,0x9D,0xCC,0xAA,0x52,
    0x1A,0x00,0x00,0x00,0xEF,0x7B,0x0A,0x92,0x94,0x57,0xF3,0x9C,0xDB,0x75,0xAD,0xFF,
    0x55,0xAD,0xFE,0x95,0xAD,0xFF,0xB6,0xB5,0xFF,0xB6,0xB5,0xFD,0x96,0xB5,0xFF,0xB6,
    0xB5,0xFF,0xD6,0xB5,0xFF,0xD7,0xBD,0xFF,0x17,0xBE,0xFB,0x99,0xCE,0xFF,0xD6,0xB5,
    0xBF,0x00,0x00,0x00,0x75,0xAD,0x33,0xF7,0xBD,0xBE,0xBA,0xD6,0xFF,0xBA,0xD6,0xFF,
    0xBA,0xD6,0xFD,0x3C,0xE7,0xFF,0x3C,0xE7,0xFF,0xDA,0xD6,0xFE,0xDA,0xD6,0xFF,0xBA,
    0xD6,0xFF,0xBA,0xD6,0xFE,0xDA,0xD6,0xFF,0x38,0xC6,0xEF,0x95,0xAD,0xBC,0x17,0xBE,
    0xEB,0x99,0xCE,0xFF,0x99,0xCE,0xFF,0x38,0xC6,0xFF,0x17,0xBE,0xFD,0xF7,0xBD,0xFD,
    0x38,0xC6,0xFF,0x38,0xC6,0xFF,0xF7,0xBD,0xFF,0xB6,0xB5,0xFF,0xB6,0xB5,0xFF,0xB6,
    0xB5,0xFF,0x75,0xAD,0xFF,0x55,0xAD,0xFF,0x75,0xAD,0xFF,0x75,0xAD,0xFF,0x54,0xA5,
    0xFF,0x34,0xA5,0xFE,0x34,0xA5,0xFD,0x14,0xA5,0xFF,0x13,0x9D,0xFF,0xF3,0x9C,0xFF,
    0xD2,0x94,0xFD,0xD2,0x94,0xFF,0xD3,0x9C,0xF8,0xB2,0x94,0x64,0x00,0x00,0x00,0xFF,
    0xFF,0x02,0x00,0x00,0x00,0x00,0x00,0x00,0x00,0x00,0x00,0x00,0x00,0x00,0x00,0x00,
    0x00,0x00,0x00,0x00,0x00,0x00,0x00,0x00,0x00,0x00,0x00,0x00,0x00,0x00,0x00,0x00,
    0x00,0x00,0x00,0x00,0x00,0x00,0x00,0x00,0x00,0x00,0x00,0x00,0x00,0x00,0x00,0x00,
    0x00,0x00,0x00,0x00,0x00,0x00,0x00,0x00,0x00,0x00,0x00,0x00,0x00,0x00,0x00,0x00,
    0x00,0x00,0x00,0x00,0x00,0x00,0x00,0x00,0x00,0x00,0x00,0x00,0x00,0x00,0x00,0x00,
    0x00,0x00,0x00,0x00,0x00,0x00,0x00,0x00,0x00,0x00,0x00,0x00,0x00,0x00,0x00,0x00,
    0x00,0x00,0x00,0x00,0x00,0x00,0x00,0x00,0x00,0x00,0x00,0x00,0x00,0x00,0x00,0x00,
    0x00,0x00,0x00,0x00,0x00,0x00,0x00,0x00,0x00,0x00,0x00,0x00,0x00,0x00,0x00,0x00,
    0x00,0x00,0x00,0x00,0x00,0x00,0x00,0x00,0x00,0x00,0x00,0x00,0x00,0x00,0x00,0x00,
    0x00,0x00,0x00,0x00,0x00,0x00,0x00,0x00,0x00,0x00,0x00,0x00,0x00,0x00,0x00,0x00,
    0x00,0x00,0x00,0x00,0x00,0x00,0x00,0x00,0x00,0x00,0x00,0x00,0x00,0x00,0x00,0x00,
    0x00,0x00,0x00,0x00,0x00,0x00,0x00,0x00,0x00,0x00,0x00,0x00,0x00,0x00,0x00,0xAA,
    0x52,0x03,0x00,0x00,0x00,0x2C,0x63,0x2A,0x0F,0x7C,0xD0,0x10,0x84,0xFF,0xEF,0x7B,
    0xFB,0x30,0x84,0xFF,0x4D,0x6B,0x8E,0x00,0x00,0x03,0x10,0x84,0x32,0x51,0x8C,0x9D,
    0xB2,0x94,0xF4,0xD3,0x9C,0xFF,0x91,0x8C,0xEF,0x13,0x9D,0xEA,0x54,0xA5,0xFF,0xCB,
    0x5A,0x51,0x71,0x8C,0x07,0xD3,0x9C,0x66,0x13,0x9D,0xC3,0x34,0xA5,0xFA,0x55,0xAD,
    0xFF,0x54,0xA5,0xFF,0x54,0xA5,0xFF,0x75,0xAD,0xFF,0x95,0xAD,0xFE,0x96,0xB5,0xFF,
    0x96,0xB5,0xFF,0xB6,0xB5,0xFF,0xB6,0xB5,0xFF,0xD6,0xB5,0xFE,0xF7,0xBD,0xFE,0x38,
    0xC6,0xF2,0x51,0x8C,0x55,0xF7,0xBD,0x59,0x79,0xCE,0xE6,0xBA,0xD6,0xFF,0x99,0xCE,
    0xFD,0x99,0xCE,0xFE,0xBA,0xD6,0xFF,0xDA,0xD6,0xFE,0xDA,0xD6,0xFE,0xDA,0xD6,0xFF,
    0xDA,0xD6,0xFF,0xBA,0xD6,0xFF,0x99,0xCE,0xFF,0x99,0xCE,0xFF,0xBA,0xD6,0xFF,0xDA,
    0xD6,0xFF,0x79,0xCE,0xFF,0x38,0xC6,0xFD,0x38,0xC6,0xFD,0x18,0xC6,0xFE,0x17,0xBE,
    0xFF,0xF7,0xBD,0xFF,0xF7,0xBD,0xFE,0xB6,0xB5,0xFD,0xB6,0xB5,0xFE,0xB6,0xB5,0xFF,
    0x95,0xAD,0xFF,0x96,0xB5,0xFF,0x95,0xAD,0xFF,0x55,0xAD,0xFF,0x54,0xA5,0xFF,0x55,
    0xAD,0xFF,0x54,0xA5,0xFF,0x34,0xA5,0xFF,0x14,0xA5,0xFF,0xD3,0x9C,0xFE,0xF3,0x9C,
    0xFF,0xF3,0x9C,0xFF,0xD2,0x94,0xFF,0xB2,0x94,0xFD,0xD3,0x9C,0xFF,0xF3,0x9C,0xF1,
    0x50,0x84,0x54,0x00,0x00,0x00,0xFF,0xFF,0x02,0x00,0x00,0x00,0x00,0x00,0x00,0x00,
    0x00,0x00,0x00,0x00,0x00,0x00,0x00,0x00,0x00,0x00,0x00,0x00,0x00,0x00,0x00,0x00,
    0x00,0x00,0x00,0x00,0x00,0x00,0x00,0x00,0x00,0x00,0x00,0x00,0x00,0x00,0x00,0x00,
    0x00,0x00,0x00,0x00,0x00,0x00,0x00,0x00,0x00,0x00,0x00,0x00,0x00,0x00,0x00,0x00,
    0x00,0x00,0x00,0x00,0x00,0x00,0x00,0x00,0x00,0x00,0x00,0x00,0x00,0x00,0x00,0x00,
    0x00,0x00,0x00,0x00,0x00,0x00,0x00,0x00,0x00,0x00,0x00,0x00,0x00,0x00,0x00,0x00,
    0x00,0x00,0x00,0x00,0x00,0x00,0x00,0x00,0x00,0x00,0x00,0x00,0x00,0x00,0x00,0x00,
    0x00,0x00,0x00,0x00,0x00,0x00,0x00,0x00,0x00,0x00,0x00,0x00,0x00,0x00,0x00,0x00,
    0x00,0x00,0x00,0x00,0x00,0x00,0x00,0x00,0x00,0x00,0x00,0x00,0x00,0x00,0x00,0x00,
    0x00,0x00,0x00,0x00,0x00,0x00,0x00,0x00,0x00,0x00,0x00,0x00,0x00,0x00,0x00,0x00,
    0x00,0x00,0x00,0x00,0x00,0x00,0x00,0x00,0x00,0x00,0x00,0x00,0x00,0x00,0x00,0x00,
    0x00,0x00,0x00,0x00,0x00,0x00,0x00,0x00,0x00,0x00,0x00,0x00,0x00,0x00,0x00,0x00,
    0xAA,0x52,0x03,0x00,0x00,0x00,0xCB,0x5A,0x27,0x0F,0x7C,0xCD,0x0F,0x7C,0xFF,0xCF,
    0x7B,0xFB,0x10,0x84,0xFF,0x8E,0x73,0xDB,0x0C,0x63,0x5F,0x30,0x84,0xA9,0x51,0x8C,
    0xEC,0x91,0x8C,0xFF,0x71,0x8C,0xFF,0x71,0x8C,0xFD,0x71,0x8C,0xFF,0x13,0x9D,0xFF,
    0x10,0x84,0xC4,0xEF,0x7B,0x7B,0x34,0xA5,0xCA,0x34,0xA5,0xFE,0x34,0xA5,0xFF,0x13,
    0x9D,0xFF,0x13,0x9D,0xFE,0x34,0xA5,0xFF,0x54,0xA5,0xFF,0x55,0xAD,0xFF,0x75,0xAD,
    0xFF,0x75,0xAD,0xFF,0x96,0xB5,0xFF,0x95,0xAD,0xFF,0x96,0xB5,0xFF,0xB6,0xB5,0xFE,
    0x17,0xBE,0xFF,0xD6,0xB5,0xE7,0x55,0xAD,0xAE,0x38,0xC6,0xF9,0x79,0xCE,0xFF,0x59,
    0xCE,0xFC,0x79,0xCE,0xFF,0x99,0xCE,0xFF,0x9A,0xD6,0xFF,0xBA,0xD6,0xFF,0xDA,0xD6,
    0xFF,0xDA,0xD6,0xFF,0xBA,0xD6,0xFF,0x9A,0xD6,0xFF,0x99,0xCE,0xFF,0x79,0xCE,0xFF,
    0x58,0xC6,0xFF,0x58,0xC6,0xFD,0x38,0xC6,0xFE,0x17,0xBE,0xFF,0xF7,0xBD,0xFF,0x17,
    0xBE,0xFF,0xF7,0xBD,0xFF,0xF7,0xBD,0xFF,0xB6,0xB5,0xFF,0xD6,0xB5,0xFF,0x95,0xAD,
    0xFF,0xB6,0xB5,0xFF,0x75,0xAD,0xFF,0x75,0xAD,0xFF,0x95,0xAD,0xFF,0x75,0xAD,0xFF,
    0x34,0xA5,0xFF,0x54,0xA5,0xFF,0x34,0xA5,0xFF,0x13,0x9D,0xFF,0xF3,0x9C,0xFF,0xF3,
    0x9C,0xFF,0xD3,0x9C,0xFF,0xD2,0x94,0xFF,0xD2,0x94,0xFF,0xB2,0x94,0xFF,0xD2,0x94,
    0xFD,0xB2,0x94,0xFF,0xD2,0x94,0xE9,0xCF,0x7B,0x47,0x00,0x00,0x00,0x54,0xA5,0x03,
    0x00,0x00,0x00,0x00,0x00,0x00,0x00,0x00,0x00,0x00,0x00,0x00,0x00,0x00,0x00,0x00,
    0x00,0x00,0x00,0x00,0x00,0x00,0x00,0x00,0x00,0x00,0x00,0x00,0x00,0x00,0x00,0x00,
    0x00,0x00,0x00,0x00,0x00,0x00,0x00,0x00,0x00,0x00,0x00,0x00,0x00,0x00,0x00,0x00,
    0x00,0x00,0x00,0x00,0x00,0x00,0x00,0x00,0x00,0x00,0x00,0x00,0x00,0x00,0x00,0x00,
    0x00,0x00,0x00,0x00,0x00,0x00,0x00,0x00,0x00,0x00,0x00,0x00,0x00,0x00,0x00,0x00,
    0x00,0x00,0x00,0x00,0x00,0x00,0x00,0x00,0x00,0x00,0x00,0x00,0x00,0x00,0x00,0x00,
    0x00,0x00,0x00,0x00,0x00,0x00,0x00,0x00,0x00,0x00,0x00,0x00,0x00,0x00,0x00,0x00,
    0x00,0x00,0x00,0x00,0x00,0x00,0x00,0x00,0x00,0x00,0x00,0x00,0x00,0x00,0x00,0x00,
    0x00,0x00,0x00,0x00,0x00,0x00,0x00,0x00,0x00,0x00,0x00,0x00,0x00,0x00,0x00,0x00,
    0x00,0x00,0x00,0x00,0x00,0x00,0x00,0x00,0x00,0x00,0x00,0x00,0x00,0x00,0x00,0x00,
    0x00,0x00,0x00,0x00,0x00,0x00,0x00,0x00,0x00,0x00,0x00,0x00,0x00,0x00,0x00,0x00,
    0x00,0xAA,0x52,0x03,0x00,0x00,0x00,0xAA,0x52,0x26,0xCF,0x7B,0xCA,0x30,0x84,0xFF,
    0xCE,0x73,0xFD,0xEF,0x7B,0xFF,0xEF,0x7B,0xFF,0x0F,0x7C,0xF3,0x10,0x84,0xF1,0x50,
    0x84,0xFF,0x50,0x84,0xFF,0x30,0x84,0xFD,0x50,0x84,0xFE,0x51,0x8C,0xFF,0x50,0x84,
    0xFF,0x71,0x8C,0xFE,0xB2,0x94,0xF6,0x34,0xA5,0xFF,0x54,0xA5,0xFF,0xF3,0x9C,0xFF,
    0xF3,0x9C,0xFD,0x13,0x9D,0xFE,0x13,0x9D,0xFF,0x13,0x9D,0xFF,0x34,0xA5,0xFF,0x54,
    0xA5,0xFF,0x75,0xAD,0xFF,0x55,0xAD,0xFF,0x96,0xB5,0xFF,0x95,0xAD,0xFF,0x96,0xB5,
    0xFF,0x96,0xB5,0xFF,0xD6,0xB5,0xFF,0xF7,0xBD,0xFF,0x38,0xC6,0xFF,0x18,0xC6,0xFF,
    0x38,0xC6,0xFE,0x58,0xC6,0xFF,0x79,0xCE,0xFF,0x99,0xCE,0xFF,0xBA,0xD6,0xFF,0xBA,
    0xD6,0xFF,0xDA,0xD6,0xFF,0xDA,0xD6,0xFF,0xBA,0xD6,0xFF,0x99,0xCE,0xFF,0x99,0xCE,
    0xFF,0x59,0xCE,0xFF,0x38,0xC6,0xFF,0x38,0xC6,0xFF,0x38,0xC6,0xFF,0xF7,0xBD,0xFF,
    0xB6,0xB5,0xFF,0xD6,0xB5,0xFF,0xF7,0xBD,0xFF,0xD6,0xB5,0xFF,0xB6,0xB5,0xFF,0xB6,
    0xB5,0xFF,0x96,0xB5,0xFF,0x95,0xAD,0xFF,0x75,0xAD,0xFF,0x55,0xAD,0xFF,0x75,0xAD,
    0xFF,0x55,0xAD,0xFF,0x34,0xA5,0xFF,0x34,0xA5,0xFF,0x34,0xA5,0xFF,0xF3,0x9C,0xFF,
    0xD2,0x94,0xFF,0xD2,0x94,0xFF,0xB2,0x94,0xFF,0xB2,0x94,0xFF,0xB2,0x94,0xFF,0xB2,
    0x94,0xFF,0xB2,0x94,0xFF,0x91,0x8C,0xFD,0xB2,0x94,0xFF,0xB2,0x94,0xE0,0xAE,0x73,
    0x39,0x00,0x00,0x00,0xAA,0x52,0x03,0x00,0x00,0x00,0x00,0x00,0x00,0x00,0x00,0x00,
    0x00,0x00,0x00,0x00,0x00,0x00,0x00,0x00,0x00,0x00,0x00,0x00,0x00,0x00,0x00,0x00,
    0x00,0x00,0x00,0x00,0x00,0x00,0x00,0x00,0x00,0x00,0x00,0x00,0x00,0x00,0x00,0x00,
    0x00,0x00,0x00,0x00,0x00,0x00,0x00,0x00,0x00,0x00,0x00,0x00,0x00,0x00,0x00,0x00,
    0x00,0x00,0x00,0x00,0x00,0x00,0x00,0x00,0x00,0x00,0x00,0x00,0x00,0x00,0x00,0x00,
    0x00,0x00,0x00,0x00,0x00,0x00,0x00,0x00,0x00,0x00,0x00,0x00,0x00,0x00,0x00,0x00,
    0x00,0x00,0x00,0x00,0x00,0x00,0x00,0x00,0x00,0x00,0x00,0x00,0x00,0x00,0x00,0x00,
    0x00,0x00,0x00,0x00,0x00,0x00,0x00,0x00,0x01,0xEF,0x7B,0x02,0xEF,0x7B,0x02,0xEF,
    0x7B,0x02,0xEF,0x7B,0x02,0xEF,0x7B,0x02,0xEF,0x7B,0x02,0xEF,0x7B,0x02,0xEF,0x7B,
    0x02,0xEF,0x7B,0x02,0xEF,0x7B,0x02,0xEF,0x7B,0x02,0xEF,0x7B,0x02,0xEF,0x7B,0x02,
    0xFF,0xFF,0x01,0xFF,0xFF,0x01,0xFF,0xFF,0x01,0xEF,0x7B,0x02,0xEF,0x7B,0x02,0xEF,
    0x7B,0x02,0xEF,0x7B,0x04,0x00,0x00,0x00,0x69,0x4A,0x21,0xAE,0x73,0xC6,0xEF,0x7B,
    0xFF,0xCE,0x73,0xFD,0xEF,0x7B,0xFF,0xCE,0x73,0xFF,0xEF,0x7B,0xFF,0x10,0x84,0xFF,
    0x0F,0x7C,0xFF,0x0F,0x7C,0xFD,0x10,0x84,0xFE,0x10,0x84,0xFF,0x50,0x84,0xFF,0x30,
    0x84,0xFF,0x50,0x84,0xFF,0x71,0x8C,0xFF,0xB2,0x94,0xFF,0xD2,0x94,0xFF,0xF3,0x9C,
    0xFD,0xD2,0x94,0xFE,0xF3,0x9C,0xFF,0xF3,0x9C,0xFF,0xF3,0x9C,0xFF,0x13,0x9D,0xFF,
    0x13,0x9D,0xFF,0x34,0xA5,0xFF,0x34,0xA5,0xFF,0x54,0xA5,0xFF,0x75,0xAD,0xFF,0x75,
    0xAD,0xFF,0x95,0xAD,0xFF,0xB6,0xB5,0xFF,0xB6,0xB5,0xFF,0xB6,0xB5,0xFF,0xB6,0xB5,
    0xFD,0xF7,0xBD,0xFE,0x17,0xBE,0xFF,0x18,0xC6,0xFF,0x58,0xC6,0xFF,0x79,0xCE,0xFF,
    0x9A,0xD6,0xFF,0xBA,0xD6,0xFF,0xDA,0xD6,0xFF,0xDA,0xD6,0xFF,0xBA,0xD6,0xFF,0x79,
    0xCE,0xFF,0x79,0xCE,0xFF,0x58,0xC6,0xFF,0x38,0xC6,0xFF,0x17,0xBE,0xFF,0xF7,0xBD,
    0xFF,0xF7,0xBD,0xFF,0xB6,0xB5,0xFF,0xB6,0xB5,0xFF,0xD6,0xB5,0xFF,0xB6,0xB5,0xFF,
    0x96,0xB5,0xFF,0x95,0xAD,0xFF,0x95,0xAD,0xFF,0x55,0xAD,0xFF,0x75,0xAD,0xFF,0x54,
    0xA5,0xFF,0x34,0xA5,0xFF,0x54,0xA5,0xFF,0x34,0xA5,0xFF,0xF3,0x9C,0xFF,0xF3,0x9C,
    0xFF,0xF3,0x9C,0xFF,0xD2,0x94,0xFF,0xB2,0x94,0xFF,0x91,0x8C,0xFF,0xB2,0x94,0xFF,
    0xB2,0x94,0xFF,0x92,0x94,0xFF,0x92,0x94,0xFF,0x92,0x8C,0xFF,0x71,0x8C,0xFD,0x91,
    0x8C,0xFF,0x91,0x8C,0xD6,0xCF,0x7B,0x31,0x00,0x00,0x00,0xFF,0xFF,0x03,0xFF,0xFF,
    0x01,0xFF,0xFF,0x01,0xFF,0xFF,0x01,0xFF,0xFF,0x01,0xFF,0xFF,0x01,0xFF,0xFF,0x01,
    0x00,0x00,0x00,0xFF,0xFF,0x01,0xFF,0xFF,0x01,0x00,0x00,0x00,0x00,0x00,0x00,0xEF,
    0x7B,0x02,0xEF,0x7B,0x02,0xEF,0x7B,0x02,0x00,0x00,0x01,0x00,0x00,0x00,0x00,0x00,
    0x00,0x00,0x00,0x00,0x00,0x00,0x00,0x00,0x00,0x00,0x00,0x00,0x00,0x00,0x00,0x00,
    0x00,0x00,0x00,0x00,0x00,0x00,0x00,0x00,0x00,0x00,0x00,0x00,0x00,0x00,0x00,0x00,
    0x00,0x00,0x00,0x00,0x00,0x00,0x00,0x00,0x00,0x00,0x00,0x00,0x00,0x00,0x00,0x00,
    0x00,0x00,0x00,0x00,0x00,0x00,0x00,0xFF,0xFF,0x01,0x00,0x00,0x00,0x00,0x00,0x00,
    0x00,0x00,0x00,0x00,0x00,0x00,0x00,0x00,0x00,0x00,0x00,0x00,0x00,0x00,0x00,0x00,
    0x00,0x00,0x00,0x00,0x00,0x00,0x00,0x00,0x00,0x00,0x00,0x00,0x00,0x00,0x00,0x00,
    0x00,0x00,0x00,0x00,0x00,0x00,0x00,0x00,0x00,0x00,0x00,0x00,0x00,0x00,0x00,0x00,
    0x00,0x00,0x00,0x00,0x00,0x00,0x00,0x00,0x00,0x69,0x4A,0x21,0x6D,0x6B,0xBF,0xAE,
    0x73,0xFF,0x8D,0x6B,0xFC,0xAE,0x73,0xFF,0xCE,0x73,0xFF,0xCE,0x73,0xFF,0xEF,0x7B,
    0xFF,0xEF,0x7B,0xFE,0xEF,0x7B,0xFE,0x0F,0x7C,0xFF,0x0F,0x7C,0xFF,0x0F,0x7C,0xFF,
    0x30,0x84,0xFF,0x30,0x84,0xFF,0x50,0x84,0xFF,0x50,0x84,0xFF,0x71,0x8C,0xFE,0x91,
    0x8C,0xFE,0xB2,0x94,0xFF,0xB2,0x94,0xFF,0xD2,0x94,0xFF,0xD3,0x9C,0xFF,0xF3,0x9C,
    0xFF,0xF3,0x9C,0xFF,0xD3,0x9C,0xFF,0x13,0x9D,0xFF,0x13,0x9D,0xFF,0x34,0xA5,0xFF,
    0x54,0xA5,0xFF,0x55,0xAD,0xFF,0x75,0xAD,0xFF,0x96,0xB5,0xFF,0x96,0xB5,0xFF,0x75,
    0xAD,0xFF,0x96,0xB5,0xFF,0xD6,0xB5,0xFF,0xF7,0xBD,0xFF,0x17,0xBE,0xFF,0x38,0xC6,
    0xFF,0x59,0xCE,0xFF,0x79,0xCE,0xFF,0x9A,0xD6,0xFF,0xDA,0xD6,0xFF,0xDA,0xD6,0xFF,
    0x9A,0xD6,0xFF,0x79,0xCE,0xFF,0x58,0xC6,0xFF,0x58,0xC6,0xFF,0xF7,0xBD,0xFF,0xD7,
    0xBD,0xFF,0xD7,0xBD,0xFF,0xB6,0xB5,0xFF,0xB6,0xB5,0xFF,0x95,0xAD,0xFF,0x96,0xB5,
    0xFF,0x95,0xAD,0xFF,0x95,0xAD,0xFF,0x75,0xAD,0xFF,0x75,0xAD,0xFF,0x75,0xAD,0xFF,
    0x75,0xAD,0xFF,0x54,0xA5,0xFF,0x34,0xA5,0xFF,0x34,0xA5,0xFF,0x14,0xA5,0xFF,0xF3,
    0x9C,0xFF,0xD2,0x94,0xFF,0xD2,0x94,0xFF,0xB2,0x94,0xFF,0x92,0x94,0xFF,0x91,0x8C,
    0xFF,0xB2,0x94,0xFF,0xB2,0x94,0xFF,0x91,0x8C,0xFF,0x91,0x8C,0xFF,0x91,0x8C,0xFF,
    0x71,0x8C,0xFF,0x30,0x84,0xFD,0x50,0x84,0xFF,0x71,0x8C,0xCC,0x2C,0x63,0x27,0x00,
    0x00,0x00,0x00,0x00,0x00,0x00,0x00,0x00,0x00,0x00,0x00,0x00,0x00,0x00,0x00,0x00,
    0x00,0x00,0x00,0x00,0x00,0x00,0x00,0x00,0x00,0x00,0x00,0x00,0x00,0x00,0x00,0x00,
    0x00,0x00,0x00,0x00,0x00,0x00,0x00,0x00,0x00,0x00,0x00,0x00,0x00,0x00,0x00,0xEF,
    0x7B,0x02,0x00,0x00,0x01,0x00,0x00,0x01,0x00,0x00,0x01,0x00,0x00,0x00,0x00,0x00,
    0x00,0x00,0x00,0x00,0x00,0x00,0x00,0x00,0x00,0x00,0x00,0x00,0x00,0x00,0x00,0x00,
    0x00,0x00,0x00,0x00,0x00,0x00,0x00,0x00,0x00,0x00,0x00,0x00,0x00,0x00,0x00,0x00,
    0x00,0x00,0x00,0x00,0x00,0x00,0x00,0x00,0x00,0x00,0x01,0x00,0x00,0x00,0xC7,0x39,
    0x11,0xAA,0x52,0x4B,0xEB,0x5A,0x77,0xAA,0x52,0x83,0x8A,0x52,0x88,0xAA,0x52,0x87,
    0x89,0x4A,0x84,0x69,0x4A,0x84,0x89,0x4A,0x87,0x89,0x52,0x88,0xAA,0x52,0x89,0xCA,
    0x52,0x8A,0xCA,0x5A,0x8B,0xEB,0x5A,0x8D,0x2C,0x63,0x8F,0x2C,0x63,0x8F,0x4C,0x6B,
    0x8E,0x6D,0x6B,0x8C,0x8D,0x6B,0x8B,0x8E,0x73,0x8B,0x8E,0x73,0x8C,0x8D,0x6B,0xCE,
    0xAE,0x73,0xFF,0x4D,0x6B,0xFC,0x6D,0x6B,0xFE,0x8E,0x73,0xFE,0xAE,0x73,0xFE,0xCE,
    0x73,0xFE,0xEF,0x7B,0xFE,0xEF,0x7B,0xFE,0xEF,0x7B,0xFE,0x10,0x84,0xFE,0x0F,0x7C,
    0xFE,0x0F,0x7C,0xFE,0x10,0x84,0xFE,0x10,0x84,0xFE,0x50,0x84,0xFE,0x30,0x84,0xFE,
    0x50,0x84,0xFE,0x71,0x8C,0xFE,0x71,0x8C,0xFE,0x91,0x8C,0xFE,0xB2,0x94,0xFE,0xD2,
    0x94,0xFE,0xF3,0x9C,0xFE,0xD2,0x94,0xFE,0xF3,0x9C,0xFE,0xF3,0x9C,0xFE,0xD3,0x9C,
    0xFE,0x13,0x9D,0xFE,0x34,0xA5,0xFE,0x54,0xA5,0xFE,0x75,0xAD,0xFE,0x75,0xAD,0xFE,
    0x75,0xAD,0xFE,0x75,0xAD,0xFE,0x95,0xAD,0xFE,0xB6,0xB5,0xFE,0xD6,0xB5,0xFE,0x17,
    0xBE,0xFE,0x18,0xC6,0xFE,0x38,0xC6,0xFE,0x79,0xCE,0xFE,0xBA,0xD6,0xFE,0xBA,0xD6,
    0xFE,0xBA,0xD6,0xFE,0x99,0xCE,0xFE,0x58,0xC6,0xFE,0x17,0xBE,0xFE,0x17,0xBE,0xFE,
    0xD6,0xB5,0xFE,0xB6,0xB5,0xFE,0xB6,0xB5,0xFE,0xB6,0xB5,0xFE,0x96,0xB5,0xFE,0x75,
    0xAD,0xFE,0x75,0xAD,0xFE,0x55,0xAD,0xFE,0x55,0xAD,0xFE,0x54,0xA5,0xFE,0x55,0xAD,
    0xFE,0x54,0xA5,0xFE,0x55,0xAD,0xFD,0x54,0xA5,0xFE,0x34,0xA5,0xFE,0x13,0x9D,0xFE,
    0xF3,0x9C,0xFE,0xD3,0x9C,0xFE,0xB2,0x94,0xFE,0x92,0x94,0xFE,0xB2,0x94,0xFE,0x91,
    0x8C,0xFE,0x91,0x8C,0xFE,0xB2,0x94,0xFE,0x91,0x8C,0xFE,0x71,0x8C,0xFE,0x51,0x8C,
    0xFE,0x71,0x8C,0xFE,0x50,0x84,0xFE,0x0F,0x7C,0xFD,0xEF,0x7B,0xFC,0x30,0x84,0xFF,
    0x30,0x84,0xD1,0xEF,0x7B,0x93,0xEF,0x7B,0x94,0xAE,0x73,0x90,0x8D,0x6B,0x8F,0x8D,
    0x6B,0x91,0x4C,0x6B,0x90,0x6D,0x6B,0x94,0x6D,0x6B,0x9D,0x4D,0x6B,0x9C,0x2C,0x63,
    0x9B,0xCB,0x5A,0xA3,0xCA,0x5A,0x9F,0xEB,0x5A,0x8A,0x0B,0x63,0x6D,0xAA,0x52,0x3A,
    0xA6,0x31,0x0E,0x00,0x00,0x00,0x00,0x00,0x00,0x00,0x00,0x00,0x00,0x00,0x00,0xFF,
    0xFF,0x01,0xEF,0x7B,0x02,0x00,0x00,0x01,0x00,0x00,0x00,0x00,0x00,0x00,0x00,0x00,
    0x00,0x00,0x00,0x00,0x00,0x00,0x00,0x00,0x00,0x00,0x00,0x00,0x00,0x00,0x00,0x00,
    0x00,0x00,0x00,0x00,0x00,0x00,0x00,0x00,0x00,0x00,0x00,0x01,0x00,0x00,0x00,0x28,
    0x42,0x4F,0x28,0x42,0xC9,0x48,0x42,0xFF,0x89,0x4A,0xFF,0x89,0x4A,0xFF,0x8A,0x52,
    0xFF,0x89,0x4A,0xFF,0x69,0x4A,0xFF,0x48,0x42,0xFF,0x49,0x4A,0xFF,0x69,0x4A,0xFF,
    0x69,0x4A,0xFF,0xAA,0x52,0xFF,0xCA,0x5A,0xFF,0xEB,0x5A,0xFF,0x0B,0x63,0xFF,0x2C,
    0x63,0xFF,0x8D,0x6B,0xFF,0x8D,0x73,0xFF,0xAE,0x73,0xFF,0xAE,0x73,0xFF,0x8E,0x73,
    0xFF,0x8D,0x6B,0xFF,0x8D,0x6B,0xFF,0x8D,0x6B,0xFF,0x6D,0x6B,0xFF,0x8D,0x6B,0xFF,
    0x8E,0x73,0xFF,0xAE,0x73,0xFF,0xCF,0x7B,0xFF,0x0F,0x7C,0xFF,0x10,0x84,0xFF,0x30,
    0x84,0xFF,0x30,0x84,0xFF,0x30,0x84,0xFF,0x30,0x84,0xFF,0x30,0x84,0xFF,0x50,0x84,
    0xFF,0x50,0x84,0xFF,0x30,0x84,0xFF,0x51,0x8C,0xFF,0x71,0x8C,0xFF,0x71,0x8C,0xFF,
    0xB2,0x94,0xFF,0xF3,0x9C,0xFF,0x13,0x9D,0xFF,0xF3,0x9C,0xFF,0x14,0xA5,0xFF,0x34,
    0xA5,0xFF,0xF3,0x9C,0xFF,0x13,0x9D,0xFF,0x14,0xA5,0xFF,0x34,0xA5,0xFF,0x54,0xA5,
    0xFF,0x75,0xAD,0xFF,0x95,0xAD,0xFF,0x96,0xB5,0xFF,0xD6,0xB5,0xFF,0xB6,0xB5,0xFF,
    0xD6,0xB5,0xFF,0xF7,0xBD,0xFF,0xF7,0xBD,0xFF,0x38,0xC6,0xFF,0x59,0xCE,0xFF,0xDA,
    0xD6,0xFF,0x1B,0xDF,0xFF,0xFB,0xDE,0xFF,0x9A,0xD6,0xFF,0x38,0xC6,0xFF,0xF7,0xBD,
    0xFF,0xD7,0xBD,0xFF,0xF7,0xBD,0xFF,0xD6,0xB5,0xFF,0xD6,0xB5,0xFF,0xF7,0xBD,0xFF,
    0xD6,0xB5,0xFF,0x75,0xAD,0xFF,0x55,0xAD,0xFF,0x54,0xA5,0xFF,0x54,0xA5,0xFF,0x75,
    0xAD,0xFF,0x75,0xAD,0xFF,0x75,0xAD,0xFF,0x75,0xAD,0xFF,0x75,0xAD,0xFF,0x54,0xA5,
    0xFF,0x34,0xA5,0xFF,0xF3,0x9C,0xFF,0xD2,0x94,0xFF,0xD2,0x94,0xFF,0xB2,0x94,0xFF,
    0xB2,0x94,0xFF,0xD2,0x94,0xFF,0xD2,0x94,0xFF,0xF3,0x9C,0xFF,0xD2,0x94,0xFF,0xB2,
    0x94,0xFF,0x91,0x8C,0xFF,0x91,0x94,0xFF,0x50,0x84,0xFF,0x0F,0x7C,0xFF,0xEF,0x7B,
    0xFF,0xEF,0x7B,0xFF,0x30,0x84,0xFF,0x50,0x8C,0xFF,0x50,0x84,0xFF,0x30,0x84,0xFF,
    0xEF,0x7B,0xFF,0xCE,0x7B,0xFF,0xAE,0x73,0xFF,0xCE,0x7B,0xFF,0xCE,0x7B,0xFF,0x8D,
    0x73,0xFF,0x4D,0x6B,0xFF,0x0B,0x63,0xFF,0xCA,0x5A,0xFF,0xCA,0x5A,0xFF,0xCA,0x52,
    0xFF,0x69,0x4A,0xFB,0x89,0x4A,0xC5,0x68,0x4A,0x67,0xC5,0x31,0x16,0x00,0x00,0x08,
    0x05,0x00,0x06,0x00,0x00,0x00,0x00,0x00,0x00,0x00,0x00,0x00,0x00,0x00,0x01,0x00,
    0x00,0x00,0x00,0x00,0x00,0x00,0x00,0x00,0x00,0x00,0x00,0x00,0x00,0x00,0x00,0x00,
    0x00,0x00,0x00,0x00,0x00,0x00,0x00,0x00,0x00,0x00,0xFF,0xFF,0x01,0x00,0x00,0x00,
    0x08,0x42,0x5C,0x28,0x42,0xF4,0xE7,0x39,0xFF,0xE7,0x39,0xB8,0xE7,0x39,0x75,0xE7,
    0x39,0x5E,0xE7,0x39,0x5F,0x07,0x3A,0x5E,0xC7,0x39,0x5D,0xA6,0x31,0x58,0xA6,0x31,
    0x56,0xC7,0x39,0x57,0xC6,0x39,0x57,0xE7,0x39,0x59,0x28,0x42,0x5B,0x28,0x42,0x5D,
    0x48,0x42,0x5E,0x48,0x4A,0x5F,0xAA,0x52,0x60,0xCA,0x5A,0x61,0xEB,0x5A,0x62,0xEB,
    0x5A,0x5F,0xCA,0x52,0x5A,0xEB,0x5A,0x59,0x2C,0x63,0x5E,0x2C,0x63,0x5F,0x2C,0x63,
    0x5F,0x2C,0x63,0x5E,0x2C,0x63,0x5E,0x4C,0x63,0x5D,0x6D,0x6B,0x5E,0xCE,0x73,0x60,
    0xCF,0x7B,0x60,0xEF,0x7B,0x5F,0xEF,0x7B,0x60,0xEF,0x7B,0x5F,0xEF,0x7B,0x5F,0xEF,
    0x7B,0x5F,0xCE,0x73,0x5D,0xCF,0x7B,0x5E,0xCE,0x73,0x5D,0xEF,0x7B,0x5F,0x0F,0x7C,
    0x5F,0x0F,0x7C,0x5F,0x50,0x84,0x5F,0x91,0x8C,0x61,0xB2,0x94,0x62,0xB2,0x94,0x62,
    0xD2,0x94,0x62,0xD3,0x9C,0x61,0x92,0x94,0x61,0xB2,0x94,0x5F,0xB2,0x94,0x5F,0xB2,
    0x94,0x5F,0xD2,0x94,0x5E,0xD3,0x9C,0x5E,0x13,0x9D,0x61,0x13,0x9D,0x63,0x54,0xA5,
    0x64,0x34,0xA5,0x61,0x54,0xA5,0x5E,0x55,0xAD,0x5E,0x75,0xAD,0x5F,0x95,0xAD,0x5F,
    0x75,0xAD,0x62,0xD6,0xB5,0x65,0x38,0xC6,0x66,0x17,0xBE,0x64,0xB6,0xB5,0x61,0x95,
    0xAD,0x5D,0x55,0xAD,0x5B,0x55,0xAD,0x5C,0x55,0xAD,0x5F,0x54,0xA5,0x63,0x54,0xA5,
    0x63,0x75,0xAD,0x63,0x75,0xAD,0x63,0x14,0xA5,0x61,0xF3,0x9C,0x5F,0xF3,0x9C,0x60,
    0xD2,0x94,0x60,0x13,0x9D,0x62,0x14,0xA5,0x64,0x34,0xA5,0x65,0x34,0xA5,0x66,0xF3,
    0x9C,0x65,0x13,0x9D,0x64,0xB2,0x94,0x63,0x71,0x8C,0x62,0x51,0x8C,0x61,0x50,0x84,
    0x61,0x30,0x84,0x61,0x50,0x84,0x63,0x71,0x8C,0x64,0x91,0x8C,0x64,0x91,0x8C,0x64,
    0x71,0x8C,0x64,0x51,0x8C,0x65,0x51,0x8C,0x64,0x30,0x84,0x64,0xEF,0x7B,0x63,0xAE,
    0x73,0x63,0x8E,0x73,0x62,0xAD,0x73,0x61,0x6D,0x6B,0x60,0x6D,0x6B,0x60,0x6D,0x6B,
    0x62,0x6D,0x6B,0x63,0x4C,0x63,0x62,0x0B,0x63,0x62,0x2C,0x63,0x63,0x4C,0x6B,0x64,
    0x0B,0x63,0x64,0xCA,0x5A,0x61,0xAA,0x52,0x5F,0x89,0x4A,0x5A,0x28,0x42,0x51,0x07,
    0x42,0x5E,0x07,0x42,0x8A,0x08,0x42,0xC1,0x28,0x42,0xFF,0x89,0x4A,0xFF,0xAA,0x52,
    0xCF,0xAA,0x52,0xBC,0x89,0x4A,0xB6,0xEB,0x5A,0x85,0xEB,0x5A,0x3A,0x00,0x00,0x02,
    0x00,0x00,0x00,0x00,0x00,0x02,0x00,0x00,0x00,0x00,0x00,0x00,0x00,0x00,0x00,0x00,
    0x00,0x00,0x00,0x00,0x00,0x00,0x00,0x00,0x00,0x00,0x00,0x00,0x00,0x02,0x00,0x00,
    0x00,0xC6,0x31,0x28,0x07,0x3A,0xE4,0xE7,0x39,0xF9,0xA6,0x31,0x61,0x00,0x00,0x06,
    0xA6,0x31,0x25,0xE7,0x39,0x3A,0xC7,0x39,0x38,0xC7,0x39,0x37,0x08,0x42,0x36,0x28,
    0x42,0x33,0x28,0x42,0x2F,0x08,0x42,0x2A,0xE8,0x39,0x28,0x08,0x42,0x26,0x07,0x3A,
    0x27,0x08,0x42,0x29,0x08,0x42,0x31,0xE8,0x39,0x37,0x28,0x42,0x37,0x08,0x42,0x35,
    0x07,0x3A,0x33,0xE7,0x39,0x32,0x07,0x3A,0x2F,0x07,0x3A,0x2F,0x08,0x42,0x2E,0x08,
    0x42,0x2E,0x28,0x42,0x2B,0x07,0x3A,0x27,0x48,0x42,0x26,0x28,0x42,0x2A,0x28,0x42,
    0x2B,0x28,0x42,0x2B,0x08,0x42,0x2E,0x07,0x3A,0x33,0x28,0x42,0x36,0xE7,0x39,0x37,
    0xE7,0x39,0x38,0x28,0x42,0x37,0x08,0x42,0x35,0xE7,0x39,0x30,0x08,0x42,0x2E,0xE7,
    0x39,0x31,0xE7,0x39,0x31,0xE7,0x39,0x30,0xC7,0x39,0x30,0xE7,0x39,0x30,0xE7,0x39,
    0x32,0xE7,0x39,0x36,0xE7,0x39,0x37,0xE7,0x39,0x36,0x07,0x3A,0x33,0xC7,0x39,0x2E,
    0xC7,0x39,0x2B,0xC6,0x31,0x2C,0xC7,0x39,0x2B,0xE7,0x39,0x31,0xE7,0x39,0x38,0x08,
    0x42,0x39,0xC7,0x39,0x38,0xC7,0x39,0x33,0xA6,0x31,0x2D,0xA6,0x31,0x2E,0x86,0x31,
    0x2D,0xA6,0x31,0x2E,0xE7,0x39,0x34,0xA6,0x31,0x36,0xA6,0x31,0x32,0xA6,0x31,0x32,
    0xC7,0x39,0x2F,0xC7,0x39,0x2F,0xC7,0x39,0x2F,0xC7,0x39,0x30,0xE7,0x39,0x36,0xE7,
    0x39,0x39,0xC7,0x39,0x39,0xC7,0x39,0x38,0xC6,0x31,0x35,0xC7,0x39,0x2F,0xC7,0x39,
    0x30,0xC6,0x31,0x31,0xE7,0x39,0x32,0xC7,0x39,0x34,0xE7,0x39,0x38,0xC7,0x39,0x34,
    0xC7,0x39,0x30,0xE7,0x39,0x30,0xC7,0x39,0x2E,0xE7,0x39,0x2C,0x28,0x42,0x2C,0x28,
    0x42,0x2B,0x28,0x42,0x2C,0x28,0x42,0x2C,0x08,0x42,0x2D,0xC7,0x39,0x2E,0xE7,0x39,
    0x2C,0xE7,0x39,0x30,0x28,0x42,0x35,0x08,0x42,0x36,0x07,0x3A,0x33,0xE7,0x39,0x30,
    0xE8,0x39,0x2D,0x07,0x3A,0x2B,0x28,0x42,0x2C,0xE7,0x39,0x2D,0x08,0x42,0x2A,0x28,
    0x42,0x28,0x08,0x42,0x2D,0xE7,0x39,0x37,0x28,0x42,0x3B,0x28,0x42,0x3A,0x08,0x42,
    0x39,0xE7,0x39,0x38,0xC6,0x39,0x33,0xC7,0x39,0x2E,0xE7,0x39,0x30,0x08,0x3A,0x33,
    0xE7,0x39,0x34,0x29,0x42,0x24,0x08,0x42,0x0F,0x00,0x00,0x05,0xC7,0x39,0x4E,0x49,
    0x4A,0xE0,0xAA,0x52,0xFF,0xAA,0x52,0xFF,0x8A,0x52,0xFF,0xAA,0x52,0xFF,0x69,0x4A,
    0xF5,0xEB,0x5A,0x9C,0xCB,0x5A,0x1E,0x00,0x00,0x00,0xEF,0x7B,0x02,0x00,0x00,0x00,
    0x00,0x00,0x00,0x00,0x00,0x00,0x00,0x00,0x00,0x00,0x00,0x00,0x00,0x00,0x00,0x00,
    0x00,0x02,0x00,0x00,0x00,0xC6,0x31,0x7C,0xE7,0x39,0xFF,0x86,0x31,0x91,0x00,0x00,
    0x00,0x28,0x42,0x7E,0xAA,0x52,0xED,0xAA,0x52,0xF9,0x89,0x4A,0xFA,0x69,0x4A,0xF9,
    0xAA,0x52,0xF6,0xCB,0x5A,0xF5,0xEB,0x5A,0xF4,0xCB,0x5A,0xF1,0xAA,0x52,0xF0,0xAA,
    0x52,0xEE,0xCB,0x5A,0xEE,0xCB,0x5A,0xEF,0x2C,0x63,0xF4,0x6D,0x6B,0xF8,0x6D,0x6B,
    0xF8,0x6D,0x6B,0xF6,0x6D,0x6B,0xF4,0x6D,0x6B,0xF3,0x6D,0x6B,0xF2,0x8E,0x73,0xF1,
    0xAE,0x73,0xF2,0xAE,0x73,0xF3,0xAE,0x73,0xF0,0xAE,0x73,0xED,0x8E,0x73,0xED,0xCE,
    0x73,0xEF,0xEF,0x7B,0xF0,0x0F,0x7C,0xF1,0xEF,0x7B,0xF2,0x50,0x84,0xF5,0x71,0x8C,
    0xF7,0x51,0x8C,0xF9,0x51,0x8C,0xF9,0x71,0x8C,0xF9,0x91,0x8C,0xF8,0x91,0x8C,0xF5,
    0x71,0x8C,0xF4,0x71,0x8C,0xF6,0x51,0x8C,0xF7,0x51,0x8C,0xF5,0x91,0x8C,0xF6,0xB2,
    0x94,0xF6,0xB2,0x94,0xF7,0xD2,0x94,0xF9,0xF3,0x9C,0xF8,0x13,0x9D,0xF6,0x13,0x9D,
    0xF6,0xF3,0x9C,0xF3,0xD2,0x94,0xF2,0xD2,0x94,0xF2,0xD3,0x9C,0xF2,0x13,0x9D,0xF5,
    0x54,0xA5,0xFA,0x54,0xA5,0xF8,0x55,0xAD,0xF7,0x34,0xA5,0xF6,0x13,0x9D,0xF3,0x34,
    0xA5,0xF4,0x55,0xAD,0xF3,0x96,0xB5,0xF2,0xD7,0xBD,0xF5,0xF7,0xBD,0xF5,0x17,0xBE,
    0xF5,0x17,0xBE,0xF5,0xD6,0xB5,0xF5,0x95,0xAD,0xF5,0x54,0xA5,0xF5,0x54,0xA5,0xF5,
    0x55,0xAD,0xF9,0x54,0xA5,0xF9,0x54,0xA5,0xF9,0x54,0xA5,0xF8,0x34,0xA5,0xF8,0xF3,
    0x9C,0xF5,0xD3,0x9C,0xF5,0xF3,0x9C,0xF6,0xD3,0x9C,0xF7,0xF3,0x9C,0xF8,0x13,0x9D,
    0xF9,0x13,0x9D,0xF6,0x14,0xA5,0xF4,0x13,0x9D,0xF4,0xD2,0x94,0xF3,0xD3,0x9C,0xF3,
    0xD2,0x94,0xF2,0x92,0x94,0xF2,0xB2,0x94,0xF3,0x92,0x94,0xF3,0xB2,0x94,0xF4,0xB2,
    0x94,0xF3,0x91,0x8C,0xF3,0x91,0x8C,0xF5,0xB2,0x94,0xF6,0x91,0x8C,0xF6,0x71,0x8C,
    0xF6,0x50,0x84,0xF5,0x30,0x84,0xF3,0x10,0x84,0xF1,0x0F,0x7C,0xF2,0xEF,0x7B,0xF3,
    0x10,0x84,0xF0,0xEF,0x7B,0xF0,0xCF,0x7B,0xF3,0xEF,0x7B,0xF8,0xEF,0x7B,0xF9,0xCF,
    0x7B,0xF8,0xCE,0x73,0xF8,0xAE,0x73,0xF7,0x6D,0x6B,0xF4,0x4C,0x6B,0xF2,0x2C,0x63,
    0xF5,0x0B,0x5B,0xFF,0xEB,0x5A,0xFE,0xCB,0x5A,0xE9,0x69,0x4A,0xCB,0x69,0x4A,0x89,
    0x28,0x42,0x19,0x86,0x31,0x2C,0x08,0x42,0x69,0xE7,0x39,0x5E,0xC7,0x39,0x60,0xE7,
    0x39,0x96,0x08,0x42,0xE6,0x69,0x4A,0xFF,0x69,0x4A,0xC3,0x49,0x4A,0x25,0x00,0x00,
    0x00,0x00,0x00,0x01,0x00,0x00,0x00,0x00,0x00,0x00,0x00,0x00,0x00,0x00,0x00,0x00,
    0x00,0x00,0x01,0x00,0x00,0x00,0x00,0x00,0x04,0xC7,0x39,0xBA,0xE7,0x39,0xFE,0x45,
    0x29,0x3A,0xE7,0x39,0x44,0x48,0x42,0xFE,0x49,0x4A,0xFF,0xE7,0x39,0xFA,0xC7,0x39,
    0xFD,0xC7,0x39,0xFF,0x08,0x42,0xFF,0x28,0x42,0xFF,0x69,0x4A,0xFF,0x69,0x4A,0xFF,
    0x69,0x4A,0xFF,0x49,0x4A,0xFF,0x89,0x4A,0xFF,0x89,0x4A,0xFF,0xCB,0x5A,0xFF,0xEB,
    0x5A,0xFF,0xEB,0x5A,0xFF,0xEB,0x5A,0xFF,0x0C,0x63,0xFF,0x2C,0x63,0xFF,0x2C,0x63,
    0xFF,0x6D,0x6B,0xFF,0x8D,0x6B,0xFF,0x6D,0x6B,0xFF,0x6D,0x6B,0xFF,0x8E,0x73,0xFF,
    0x6D,0x6B,0xFF,0x8E,0x73,0xFF,0xAE,0x73,0xFF,0xCF,0x7B,0xFF,0xAE,0x73,0xFF,0xEF,
    0x7B,0xFF,0x10,0x84,0xFF,0x30,0x84,0xFF,0x50,0x84,0xFF,0x50,0x84,0xFF,0x71,0x8C,
    0xFF,0x91,0x8C,0xFF,0x71,0x8C,0xFF,0x91,0x8C,0xFF,0x71,0x8C,0xFF,0x91,0x8C,0xFF,
    0xD3,0x9C,0xFF,0xD2,0x94,0xFF,0xD2,0x94,0xFF,0xD2,0x94,0xFF,0xF3,0x9C,0xFF,0x55,
    0xAD,0xFF,0x55,0xAD,0xFF,0x75,0xAD,0xFF,0x14,0xA5,0xFF,0x34,0xA5,0xFF,0x34,0xA5,
    0xFF,0x54,0xA5,0xFF,0x55,0xAD,0xFF,0x96,0xB5,0xFF,0xB6,0xB5,0xFF,0xB6,0xB5,0xFF,
    0xB6,0xB5,0xFF,0xB6,0xB5,0xFF,0x38,0xC6,0xFF,0xDA,0xD6,0xFF,0xFB,0xDE,0xFF,0x1B,
    0xDF,0xFF,0xFB,0xDE,0xFF,0x9A,0xD6,0xFF,0x58,0xC6,0xFF,0xF7,0xBD,0xFF,0xD6,0xB5,
    0xFF,0xB6,0xB5,0xFF,0xB6,0xB5,0xFF,0x75,0xAD,0xFF,0x55,0xAD,0xFF,0x54,0xA5,0xFF,
    0x54,0xA5,0xFF,0x34,0xA5,0xFF,0x34,0xA5,0xFF,0x54,0xA5,0xFF,0x13,0x9D,0xFF,0x13,
    0x9D,0xFF,0x13,0x9D,0xFF,0x13,0x9D,0xFF,0x34,0xA5,0xFF,0xF3,0x9C,0xFF,0xD2,0x94,
    0xFF,0xF3,0x9C,0xFF,0x92,0x94,0xFF,0x91,0x8C,0xFF,0xD2,0x94,0xFF,0x71,0x8C,0xFF,
    0xB2,0x94,0xFF,0x91,0x8C,0xFF,0x71,0x8C,0xFF,0x51,0x8C,0xFF,0x50,0x84,0xFF,0x30,
    0x84,0xFF,0x10,0x84,0xFF,0xEF,0x7B,0xFF,0xEF,0x7B,0xFF,0xCF,0x7B,0xFF,0xCE,0x73,
    0xFF,0xCF,0x7B,0xFF,0x0F,0x7C,0xFF,0xAE,0x73,0xFF,0xAE,0x73,0xFF,0xCE,0x73,0xFF,
    0xAE,0x73,0xFF,0x4D,0x6B,0xFF,0x4D,0x6B,0xFF,0x4C,0x6B,0xFF,0x2C,0x63,0xFF,0x0B,
    0x63,0xFF,0xAA,0x52,0xFA,0x49,0x4A,0xCB,0x49,0x4A,0xD9,0x48,0x42,0xFF,0x89,0x4A,
    0xFF,0xAA,0x52,0xFF,0xAA,0x52,0xC5,0xAA,0x52,0x3C,0x69,0x4A,0x2D,0xAA,0x52,0x45,
    0xAA,0x52,0x43,0x65,0x29,0x16,0xC3,0x18,0x26,0xA6,0x31,0xB5,0x08,0x42,0xFF,0x28,
    0x42,0xC9,0xAA,0x52,0x21,0x00,0x00,0x00,0xEF,0x7B,0x02,0x00,0x00,0x00,0x00,0x00,
    0x00,0x00,0x00,0x00,0x00,0x00,0x01,0x00,0x00,0x00,0x04,0x21,0x0F,0xE7,0x39,0xD0,
    0x28,0x42,0xFD,0x69,0x4A,0x23,0xA6,0x31,0x65,0x08,0x42,0xFF,0x07,0x3A,0xBF,0xA6,
    0x31,0x43,0x86,0x31,0x4D,0x65,0x29,0x4F,0x07,0x3A,0xA4,0x49,0x4A,0xFE,0x49,0x4A,
    0xFC,0x49,0x4A,0xFE,0x69,0x4A,0xFE,0x69,0x4A,0xFE,0x8A,0x52,0xFE,0x8A,0x52,0xFE,
    0xCA,0x52,0xFE,0xCB,0x5A,0xFE,0xCB,0x5A,0xFD,0xEB,0x5A,0xFE,0xEB,0x5A,0xDE,0x0B,
    0x5B,0xC0,0xCB,0x5A,0xBE,0x0C,0x63,0xC2,0x6D,0x6B,0xF3,0x6D,0x6B,0xFE,0x6D,0x6B,
    0xFD,0x8E,0x73,0xFE,0x8E,0x73,0xFE,0xAE,0x73,0xFE,0xAE,0x73,0xFE,0xCF,0x7B,0xFE,
    0xAE,0x73,0xFE,0xAE,0x73,0xFE,0x0F,0x7C,0xFE,0x10,0x84,0xFE,0x30,0x84,0xFE,0x30,
    0x84,0xFE,0x71,0x8C,0xFE,0x71,0x8C,0xFE,0x71,0x8C,0xFE,0x92,0x94,0xFE,0xB2,0x94,
    0xFE,0xD2,0x94,0xFE,0xF3,0x9C,0xFE,0xD2,0x94,0xFE,0xF3,0x9C,0xFE,0xF3,0x9C,0xFC,
    0x34,0xA5,0xFF,0xD3,0x9C,0xDF,0xAE,0x73,0x71,0x34,0xA5,0xC3,0x96,0xB5,0xFF,0x75,
    0xAD,0xFF,0x55,0xAD,0xFE,0x75,0xAD,0xFE,0x75,0xAD,0xFD,0x34,0xA5,0xDA,0x34,0xA5,
    0xCF,0x96,0xB5,0xDC,0xB6,0xB5,0xED,0x17,0xBE,0xFE,0x96,0xB5,0xDB,0x13,0x9D,0x9E,
    0xB6,0xB5,0xA2,0x96,0xB5,0xAA,0x79,0xCE,0xE9,0xBA,0xD6,0xFE,0x38,0xC6,0xFD,0x17,
    0xBE,0xFE,0xF7,0xBD,0xFE,0xD6,0xB5,0xFE,0xD6,0xB5,0xFE,0xD6,0xB5,0xFF,0xB6,0xB5,
    0xFF,0x95,0xAD,0xFF,0x96,0xB5,0xFF,0x96,0xB5,0xFF,0xB6,0xB5,0xFF,0xB6,0xB5,0xFF,
    0x75,0xAD,0xFF,0x55,0xAD,0xFF,0x54,0xA5,0xFF,0x54,0xA5,0xFF,0x34,0xA5,0xFF,0x13,
    0x9D,0xFF,0x34,0xA5,0xFF,0x54,0xA5,0xFF,0xF3,0x9C,0xFF,0xB2,0x94,0xFD,0xD2,0x94,
    0xFE,0x71,0x8C,0xFE,0xB2,0x94,0xFF,0xD2,0x94,0xFF,0xB2,0x94,0xFF,0x71,0x8C,0xFF,
    0x71,0x8C,0xFF,0x51,0x8C,0xFF,0x30,0x84,0xFF,0x10,0x84,0xFF,0x10,0x84,0xFF,0x0F,
    0x7C,0xFF,0xCF,0x7B,0xFF,0xAE,0x73,0xFF,0x10,0x84,0xFF,0xCE,0x73,0xFF,0xAE,0x73,
    0xFE,0xCE,0x73,0xFE,0xAE,0x73,0xFE,0x4D,0x6B,0xFE,0x2C,0x63,0xFE,0x2C,0x63,0xFE,
    0x2C,0x63,0xFC,0x2C,0x63,0xFD,0xCA,0x5A,0xC9,0x61,0x08,0x11,0xA6,0x31,0x12,0x65,
    0x29,0x4A,0x48,0x42,0xC6,0xAA,0x52,0xFE,0x8A,0x52,0xFF,0xCB,0x5A,0xFA,0xCB,0x5A,
    0xF5,0x69,0x4A,0xFF,0x89,0x4A,0xFF,0xCB,0x5A,0xC7,0xCB,0x5A,0x2C,0x00,0x00,0x0B,
    0xA6,0x31,0xAE,0x08,0x42,0xFF,0x08,0x42,0xA0,0xAA,0x52,0x06,0xFF,0xFF,0x01,0x00,
    0x00,0x01,0x00,0x00,0x00,0x00,0x00,0x00,0x00,0x00,0x01,0x00,0x00,0x00,0x04,0x21,
    0x0F,0xC7,0x39,0xD2,0x48,0x42,0xFD,0x89,0x4A,0x25,0x65,0x29,0x66,0x28,0x42,0xFF,
    0x08,0x42,0x96,0x00,0x00,0x00,0x00,0x00,0x00,0x00,0x00,0x00,0x28,0x42,0x63,0x49,
    0x4A,0xFF,0x48,0x42,0xFD,0x48,0x42,0xFF,0x69,0x4A,0xFF,0x69,0x4A,0xFF,0xAA,0x52,
    0xFF,0xAA,0x52,0xFF,0xCA,0x52,0xFF,0xCB,0x5A,0xFF,0xCB,0x5A,0xFD,0x2C,0x63,0xFF,
    0xCB,0x5A,0x80,0x00,0x00,0x01,0x45,0x29,0x06,0x00,0x00,0x15,0x0C,0x63,0xCB,0xAE,
    0x73,0xFF,0x6D,0x6B,0xFD,0x8E,0x73,0xFF,0xAE,0x73,0xFF,0xAE,0x73,0xFF,0xCE,0x73,
    0xFF,0xCF,0x7B,0xFF,0xCE,0x73,0xFF,0xCF,0x7B,0xFF,0x0F,0x7C,0xFF,0x30,0x84,0xFF,
    0x30,0x84,0xFF,0x50,0x84,0xFF,0x71,0x8C,0xFF,0x91,0x8C,0xFF,0x91,0x8C,0xFF,0xB2,
    0x94,0xFF,0xF3,0x9C,0xFF,0x13,0x9D,0xFF,0x13,0x9D,0xFF,0x13,0x9D,0xFF,0x14,0xA5,
    0xFD,0x54,0xA5,0xFF,0xF3,0x9C,0xEE,0x0C,0x63,0x4D,0x00,0x00,0x00,0xEB,0x5A,0x18,
    0xD2,0x94,0x8F,0xB6,0xB5,0xF1,0xB6,0xB5,0xFE,0x96,0xB5,0xFF,0x95,0xAD,0xF8,0x51,
    0x8C,0x4A,0xE3,0x18,0x08,0x08,0x42,0x13,0xB2,0x94,0x5D,0x58,0xC6,0xFF,0x75,0xAD,
    0xA4,0x00,0x00,0x00,0x00,0x00,0x00,0x00,0x00,0x06,0x17,0xBE,0xC0,0x1B,0xDF,0xFF,
    0x58,0xC6,0xFD,0x58,0xC6,0xFF,0x17,0xBE,0xFF,0xF7,0xBD,0xFF,0xB6,0xB5,0xFE,0xD2,
    0x94,0xBE,0xB2,0x94,0xA3,0xB2,0x94,0xAF,0xB2,0x94,0xB3,0xF3,0x9C,0xB8,0xF3,0x9C,
    0xBD,0xF3,0x9C,0xBE,0xD2,0x94,0xBC,0xB2,0x94,0xB9,0x71,0x8C,0xB9,0x71,0x8C,0xB8,
    0x51,0x8C,0xB5,0x51,0x8C,0xB0,0x91,0x8C,0xB1,0x51,0x8C,0xA5,0x71,0x8C,0xC8,0xF3,
    0x9C,0xFF,0xD2,0x94,0xFF,0x91,0x8C,0xFF,0x71,0x8C,0xE9,0x8D,0x6B,0x94,0xAE,0x73,
    0x92,0x8D,0x6B,0x90,0x6D,0x6B,0x8E,0x4C,0x63,0x8B,0x2C,0x63,0x89,0x2C,0x63,0x88,
    0x2C,0x63,0x86,0x0C,0x63,0x83,0xEB,0x5A,0x7C,0xCA,0x52,0x63,0x8E,0x73,0x98,0xCF,
    0x7B,0xF7,0xCE,0x73,0xFF,0xAE,0x73,0xFE,0xAE,0x73,0xFF,0x6D,0x6B,0xFF,0x2C,0x63,
    0xFF,0x4C,0x6B,0xFF,0x2C,0x63,0xFD,0x4C,0x6B,0xFF,0xAA,0x52,0x89,0x00,0x00,0x00,
    0x00,0x00,0x00,0x00,0x00,0x07,0xAA,0x52,0xB7,0xAA,0x52,0xF9,0x69,0x4A,0xF3,0x69,
    0x4A,0xF7,0x69,0x4A,0xF7,0x49,0x4A,0xEC,0x48,0x42,0xF4,0x49,0x4A,0xFF,0x48,0x42,
    0xD0,0xCB,0x5A,0x29,0x61,0x08,0x1F,0xA6,0x31,0xDD,0xE7,0x39,0xF8,0xC7,0x39,0x46,
    0x00,0x00,0x00,0xAA,0x52,0x03,0x00,0x00,0x00,0x00,0x00,0x00,0x00,0x00,0x01,0x00,
    0x00,0x00,0xE3,0x18,0x10,0xC7,0x39,0xD3,0x48,0x42,0xFD,0xCB,0x5A,0x24,0xA6,0x31,
    0x65,0x28,0x42,0xFF,0x08,0x42,0xB2,0xAA,0x52,0x09,0xAA,0x52,0x03,0xEF,0x7B,0x02,
    0x48,0x42,0x73,0x49,0x4A,0xFF,0x49,0x4A,0xFD,0x49,0x4A,0xFF,0x69,0x4A,0xFF,0x69,
    0x4A,0xFF,0xAA,0x52,0xFF,0xAA,0x52,0xFF,0xAA,0x52,0xFF,0xCB,0x5A,0xFF,0xCB,0x5A,
    0xFD,0x4C,0x63,0xFF,0x0C,0x63,0x83,0x00,0x00,0x00,0x00,0x00,0x00,0x00,0x00,0x0E,
    0x0C,0x63,0xC7,0xCE,0x73,0xFF,0x6D,0x6B,0xFD,0xAE,0x73,0xFF,0xAE,0x73,0xFF,0xEF,
    0x7B,0xFF,0xEF,0x7B,0xFF,0xCF,0x7B,0xFF,0xCE,0x73,0xFF,0x10,0x84,0xFF,0x30,0x84,
    0xFF,0x50,0x84,0xFF,0x50,0x84,0xFF,0x71,0x8C,0xFF,0x91,0x8C,0xFF,0xD2,0x94,0xFF,
    0xB2,0x94,0xFF,0xD3,0x9C,0xFF,0x13,0x9D,0xFF,0x13,0x9D,0xFF,0x34,0xA5,0xFF,0x34,
    0xA5,0xFD,0x75,0xAD,0xFF,0x54,0xA5,0xE7,0xCF,0x7B,0x53,0x00,0x00,0x00,0x58,0xC6,
    0x05,0x00,0x00,0x00,0x00,0x00,0x11,0x55,0xAD,0xCE,0x18,0xC6,0xFF,0xD6,0xB5,0xFD,
    0xD6,0xB5,0xFF,0xB2,0x94,0x54,0x00,0x00,0x00,0x00,0x00,0x00,0x75,0xAD,0x46,0x9A,
    0xD6,0xFF,0xB6,0xB5,0xAA,0xFF,0xFF,0x03,0xFF,0xFF,0x01,0x8D,0x6B,0x0B,0x59,0xCE,
    0xCB,0x1B,0xDF,0xFF,0x99,0xCE,0xFD,0x59,0xCE,0xFF,0x38,0xC6,0xFE,0x17,0xBE,0xFF,
    0xB6,0xB5,0xFA,0x0B,0x5B,0x46,0x00,0x00,0x00,0x00,0x00,0x04,0x00,0x00,0x03,0x00,
    0x00,0x05,0x00,0x00,0x07,0x00,0x00,0x08,0x00,0x00,0x07,0x00,0x00,0x04,0x00,0x00,
    0x04,0x00,0x00,0x04,0x00,0x00,0x03,0x00,0x00,0x01,0x00,0x00,0x02,0x00,0x00,0x00,
    0xA6,0x31,0x1B,0x50,0x84,0xBD,0xB2,0x94,0xFF,0x92,0x94,0xFF,0x30,0x84,0xC6,0x00,
    0x00,0x00,0x00,0x00,0x00,0x00,0x00,0x00,0x00,0x00,0x00,0x00,0x00,0x00,0x00,0x00,
    0x00,0x00,0x00,0x00,0x00,0x00,0x00,0x00,0x00,0x00,0x00,0x00,0x00,0x00,0x00,0x00,
    0x00,0x00,0x01,0x0C,0x63,0x7A,0xAE,0x73,0xFE,0x8E,0x73,0xFE,0x8D,0x6B,0xFE,0x6D,
    0x6B,0xFF,0x4C,0x63,0xFF,0x4C,0x63,0xFE,0x4C,0x6B,0xFE,0x2C,0x63,0xE6,0x08,0x42,
    0x25,0x00,0x00,0x00,0xAA,0x52,0x03,0xA6,0x31,0x0E,0x28,0x42,0x3E,0xE7,0x39,0x43,
    0xE7,0x39,0x42,0xC7,0x39,0x41,0xA6,0x31,0x3D,0x65,0x29,0x2D,0xE7,0x39,0x4B,0xE7,
    0x39,0xCD,0x08,0x42,0xFF,0x69,0x4A,0xAC,0x2C,0x63,0x05,0x86,0x31,0x89,0x28,0x42,
    0xFF,0x07,0x3A,0x80,0x00,0x00,0x00,0xAA,0x52,0x03,0x00,0x00,0x00,0x00,0x00,0x00,
    0x00,0x00,0x01,0x00,0x00,0x00,0xE3,0x18,0x11,0xC6,0x31,0xD4,0x28,0x42,0xFC,0xAA,
    0x52,0x24,0x86,0x31,0x5D,0x08,0x42,0xFF,0x28,0x42,0xCA,0xAA,0x52,0x12,0x00,0x00,
    0x00,0x00,0x00,0x00,0x28,0x42,0x7B,0x69,0x4A,0xFE,0x49,0x4A,0xFC,0x69,0x4A,0xFF,
    0x69,0x4A,0xFF,0x89,0x4A,0xFF,0xAA,0x52,0xFF,0xAA,0x52,0xFF,0xAA,0x52,0xFF,0xCB,
    0x5A,0xFF,0xCB,0x5A,0xFD,0x2C,0x63,0xFF,0xEB,0x5A,0x88,0x00,0x00,0x01,0xFF,0xFF,
    0x01,0x00,0x00,0x0E,0x0C,0x63,0xC6,0xCE,0x73,0xFF,0x8D,0x6B,0xFD,0xAE,0x73,0xFF,
    0xCE,0x73,0xFF,0xEF,0x7B,0xFF,0xEF,0x7B,0xFF,0xEF,0x7B,0xFF,0xEF,0x7B,0xFF,0x10,
    0x84,0xFF,0x50,0x84,0xFF,0x71,0x8C,0xFF,0x71,0x8C,0xFF,0x92,0x94,0xFF,0xB2,0x94,
    0xFF,0xD2,0x94,0xFF,0xF3,0x9C,0xFF,0xF3,0x9C,0xFF,0x34,0xA5,0xFF,0x14,0xA5,0xFE,
    0x54,0xA5,0xFE,0xB6,0xB5,0xFF,0x54,0xA5,0xD0,0x50,0x84,0x40,0x00,0x00,0x00,0xF7,
    0xBD,0x04,0x00,0x00,0x00,0xCB,0x5A,0x0E,0x75,0xAD,0xA4,0xF7,0xBD,0xFD,0xF7,0xBD,
    0xFE,0xF7,0xBD,0xFE,0x17,0xBE,0xFF,0xB2,0x94,0x5A,0x00,0x00,0x01,0x00,0x00,0x01,
    0x96,0xB5,0x54,0xFB,0xDE,0xFF,0xD7,0xBD,0xAA,0x00,0x00,0x02,0x00,0x00,0x00,0xC7,
    0x39,0x0D,0x58,0xC6,0xCF,0x1B,0xDF,0xFF,0xBA,0xD6,0xFD,0x99,0xCE,0xFF,0x79,0xCE,
    0xFE,0x38,0xC6,0xFF,0xD6,0xB5,0xF9,0x6D,0x6B,0x41,0x00,0x00,0x00,0x00,0x00,0x00,
    0x00,0x00,0x00,0x00,0x00,0x00,0x00,0x00,0x00,0x00,0x00,0x00,0x00,0x00,0x00,0x00,
    0x00,0x00,0x00,0x00,0x00,0x00,0x00,0x00,0x00,0x00,0x00,0x00,0x00,0x00,0x00,0x00,
    0x00,0xFF,0xFF,0x02,0x00,0x00,0x00,0x49,0x4A,0x40,0x71,0x8C,0xF5,0xD2,0x94,0xFF,
    0x71,0x8C,0xC5,0x00,0x00,0x00,0x00,0x00,0x00,0x00,0x00,0x00,0x00,0x00,0x00,0x00,
    0x00,0x00,0x00,0x00,0x00,0x00,0x00,0x00,0x00,0x00,0x00,0xFF,0xFF,0x02,0xEF,0x7B,
    0x02,0xF7,0xBD,0x04,0x00,0x00,0x00,0x2C,0x63,0x6D,0x8E,0x73,0xFF,0x8E,0x73,0xFE,
    0x6D,0x6B,0xFE,0x6D,0x6B,0xFF,0x4C,0x6B,0xFF,0x2C,0x63,0xFD,0x2C,0x63,0xFF,0x89,
    0x52,0x7C,0x00,0x00,0x00,0xFF,0xFF,0x01,0x00,0x00,0x00,0x00,0x00,0x00,0x00,0x00,
    0x00,0x00,0x00,0x00,0x00,0x00,0x00,0x00,0x00,0x00,0x00,0x00,0x00,0x00,0x00,0x00,
    0x00,0x00,0x00,0xC7,0x39,0x56,0x07,0x3A,0xFC,0x08,0x42,0xE7,0x86,0x31,0x31,0xA6,
    0x31,0x64,0x48,0x42,0xFE,0x07,0x3A,0x8F,0x00,0x00,0x00,0xEF,0x7B,0x02,0x00,0x00,
    0x00,0x00,0x00,0x00,0x00,0x00,0x01,0x00,0x00,0x00,0xE3,0x18,0x11,0xC6,0x31,0xD4,
    0x08,0x42,0xFB,0x89,0x4A,0x22,0xA6,0x31,0x58,0x08,0x42,0xFF,0x48,0x42,0xD0,0xAA,
    0x52,0x15,0x00,0x00,0x00,0x00,0x00,0x00,0x48,0x42,0x81,0x8A,0x52,0xFF,0x69,0x4A,
    0xFA,0x69,0x4A,0xFD,0x89,0x4A,0xFE,0x8A,0x52,0xFF,0xAA,0x52,0xFF,0xAA,0x52,0xFF,
    0xCB,0x5A,0xFF,0xEB,0x5A,0xFF,0xEB,0x5A,0xFD,0x4C,0x63,0xFF,0xCB,0x5A,0x88,0x00,
    0x00,0x00,0x00,0x00,0x00,0x82,0x10,0x0E,0x2C,0x63,0xC6,0xCF,0x7B,0xFF,0x8E,0x73,
    0xFD,0xAE,0x73,0xFF,0xCF,0x7B,0xFF,0xEF,0x7B,0xFF,0xEF,0x7B,0xFF,0x30,0x84,0xFF,
    0x30,0x84,0xFE,0x50,0x84,0xFE,0x71,0x8C,0xFF,0xB2,0x94,0xFF,0x92,0x94,0xFF,0xB2,
    0x94,0xFF,0xD2,0x94,0xFF,0xF3,0x9C,0xFF,0x14,0xA5,0xFF,0x13,0x9D,0xFE,0x54,0xA5,
    0xFC,0x75,0xAD,0xFF,0x75,0xAD,0xFF,0x34,0xA5,0xAC,0x0F,0x7C,0x23,0x00,0x00,0x00,
    0xB2,0x94,0x05,0x00,0x00,0x00,0xAA,0x52,0x12,0x75,0xAD,0xA6,0x38,0xC6,0xFF,0xF7,
    0xBD,0xFF,0xF7,0xBD,0xFE,0x17,0xBE,0xFE,0x38,0xC6,0xFF,0x13,0x9D,0x59,0x00,0x00,
    0x00,0x00,0x00,0x00,0xD6,0xB5,0x57,0x3C,0xE7,0xFF,0x38,0xC6,0xA9,0x00,0x00,0x02,
    0x00,0x00,0x00,0xA6,0x31,0x0E,0x58,0xC6,0xD0,0x1B,0xDF,0xFF,0xBA,0xD6,0xFD,0xBA,
    0xD6,0xFF,0x79,0xCE,0xFE,0x38,0xC6,0xFF,0xF7,0xBD,0xFC,0xEF,0x7B,0x6F,0x71,0x8C,
    0x32,0x51,0x8C,0x3C,0x51,0x8C,0x3A,0x10,0x84,0x3B,0x10,0x84,0x3B,0x10,0x84,0x3D,
    0xEF,0x7B,0x3D,0x30,0x84,0x3C,0x0F,0x7C,0x3C,0x0F,0x7C,0x3C,0xEF,0x7B,0x37,0xA6,
    0x31,0x09,0x00,0x00,0x00,0xFF,0xFF,0x02,0x00,0x00,0x04,0x30,0x84,0x8C,0xF3,0x9C,
    0xFD,0xD2,0x94,0xFF,0x91,0x94,0xD8,0x6D,0x6B,0x47,0x4C,0x6B,0x46,0x6D,0x6B,0x4D,
    0x8D,0x73,0x4E,0x6D,0x6B,0x50,0x8D,0x6B,0x54,0xAE,0x73,0x5B,0x8D,0x6B,0x40,0x00,
    0x00,0x02,0xFF,0xFF,0x01,0x00,0x00,0x01,0x2C,0x63,0x14,0x8D,0x6B,0xCF,0xAE,0x73,
    0xFF,0xAE,0x73,0xFD,0x6D,0x6B,0xFF,0x8D,0x6B,0xFF,0x6D,0x6B,0xFC,0x8D,0x6B,0xFF,
    0xEB,0x5A,0xC6,0x45,0x29,0x12,0x00,0x00,0x00,0x00,0x00,0x00,0x69,0x4A,0x10,0x2C,
    0x63,0x20,0x2C,0x63,0x20,0x4C,0x63,0x1F,0xEB,0x5A,0x25,0x49,0x4A,0x22,0xEF,0x7B,
    0x02,0xE7,0x39,0x04,0x00,0x00,0x00,0x28,0x42,0x77,0x28,0x42,0xFE,0xE7,0x39,0xD3,
    0xE3,0x18,0x19,0xA6,0x31,0x6D,0x28,0x42,0xFE,0x08,0x42,0x87,0x00,0x00,0x00,0xEF,
    0x7B,0x02,0x00,0x00,0x00,0x00,0x00,0x00,0x00,0x00,0x01,0x00,0x00,0x00,0xC3,0x18,
    0x12,0xC7,0x39,0xD6,0x28,0x42,0xFB,0x69,0x4A,0x23,0xC7,0x39,0x59,0x28,0x42,0xFF,
    0x49,0x4A,0xD0,0xAA,0x52,0x15,0x00,0x00,0x00,0x00,0x00,0x00,0x48,0x42,0x4B,0x89,
    0x4A,0xE2,0xAA,0x52,0xFF,0xAA,0x52,0xFF,0x8A,0x52,0xFF,0xAA,0x52,0xFD,0xAA,0x52,
    0xFE,0xAA,0x52,0xFF,0xEB,0x5A,0xFF,0x0C,0x63,0xFF,0x0C,0x63,0xFD,0x4D,0x6B,0xFF,
    0xEB,0x5A,0x88,0x00,0x00,0x00,0x00,0x00,0x00,0x82,0x10,0x0E,0x4C,0x63,0xC5,0xEF,
    0x7B,0xFF,0x8E,0x73,0xFD,0xAE,0x73,0xFF,0xEF,0x7B,0xFF,0x10,0x84,0xFF,0x30,0x84,
    0xFF,0x51,0x8C,0xFE,0x92,0x94,0xFF,0x71,0x8C,0xFF,0x92,0x94,0xFF,0xB2,0x94,0xFF,
    0xD2,0x94,0xFF,0xD2,0x94,0xFF,0xF3,0x9C,0xFF,0x13,0x9D,0xFD,0x34,0xA5,0xFC,0x54,
    0xA5,0xFF,0xD6,0xB5,0xFF,0x55,0xAD,0xDE,0x91,0x8C,0x6E,0xC3,0x18,0x09,0x00,0x00,
    0x00,0xFF,0xFF,0x03,0x00,0x00,0x00,0xEF,0x7B,0x2C,0xB6,0xB5,0xBB,0x38,0xC6,0xFF,
    0xF7,0xBD,0xFD,0xF7,0xBD,0xFF,0x17,0xBE,0xFF,0x17,0xBE,0xFF,0x38,0xC6,0xFF,0xD2,
    0x94,0x55,0x00,0x00,0x00,0x00,0x00,0x00,0x17,0xBE,0x56,0x5C,0xE7,0xFF,0x17,0xBE,
    0xA9,0x00,0x00,0x02,0x00,0x00,0x00,0x08,0x42,0x0F,0x79,0xCE,0xD1,0x1B,0xDF,0xFF,
    0xBA,0xD6,0xFD,0x99,0xCE,0xFD,0x58,0xC6,0xFD,0x58,0xC6,0xFF,0x58,0xC6,0xFF,0xF7,
    0xBD,0xF6,0x17,0xBE,0xF3,0x18,0xC6,0xF4,0x17,0xBE,0xF3,0x17,0xBE,0xFC,0xD6,0xB5,
    0xF6,0xB6,0xB5,0xF4,0xB6,0xB5,0xF5,0xB6,0xB5,0xF5,0x96,0xB5,0xF2,0xB6,0xB5,0xFA,
    0x34,0xA5,0xA0,0xA6,0x31,0x09,0xEF,0x7B,0x02,0x00,0x00,0x00,0xAA,0x52,0x34,0xF3,
    0x9C,0xF1,0x14,0xA5,0xFF,0xF2,0x9C,0xFE,0xD2,0x9C,0xFE,0xD2,0x94,0xF8,0x91,0x8C,
    0xFA,0xB2,0x94,0xFB,0x91,0x94,0xFC,0x71,0x8C,0xFC,0x71,0x8C,0xFB,0xB2,0x94,0xFF,
    0xAE,0x73,0x8B,0x00,0x00,0x00,0xFF,0xFF,0x03,0x00,0x00,0x00,0x8D,0x6B,0x68,0xEF,
    0x7B,0xFE,0xAE,0x73,0xFE,0xAE,0x73,0xFF,0x8D,0x6B,0xFF,0x6D,0x6B,0xFD,0x8E,0x73,
    0xFF,0x4D,0x6B,0xE7,0x69,0x4A,0x3B,0x00,0x00,0x00,0xFF,0xFF,0x01,0xE7,0x39,0x0C,
    0x2C,0x63,0xB3,0x2C,0x63,0xE7,0x0C,0x63,0xD9,0xCB,0x5A,0xD5,0xEB,0x5A,0xE3,0x48,
    0x42,0x7C,0x00,0x00,0x00,0x00,0x00,0x00,0x65,0x29,0x16,0x08,0x42,0xCE,0x49,0x4A,
    0xFF,0xC7,0x39,0x8F,0x00,0x00,0x00,0x07,0x3A,0xAE,0x28,0x42,0xFF,0xC7,0x39,0x66,
    0x00,0x00,0x00,0xAA,0x52,0x03,0x00,0x00,0x00,0x00,0x00,0x00,0x00,0x00,0x01,0x00,
    0x00,0x00,0xC3,0x18,0x12,0xC6,0x31,0xD5,0x08,0x42,0xFA,0x49,0x4A,0x22,0xC6,0x31,
    0x61,0x28,0x42,0xFF,0x49,0x4A,0xD4,0xEB,0x5A,0x15,0x00,0x00,0x00,0xFF,0xFF,0x01,
    0x00,0x00,0x00,0x28,0x42,0x2B,0x8A,0x52,0x76,0x69,0x4A,0xBF,0x89,0x4A,0xFB,0xAA,
    0x52,0xFF,0xCA,0x52,0xFF,0xCB,0x5A,0xFD,0xEB,0x5A,0xFE,0x0C,0x63,0xFF,0x0C,0x63,
    0xFD,0x6D,0x6B,0xFF,0xEB,0x5A,0x87,0x00,0x00,0x00,0x00,0x00,0x00,0x82,0x10,0x0D,
    0x4C,0x63,0xC4,0xEF,0x7B,0xFF,0xAE,0x73,0xFD,0xCE,0x73,0xFF,0x0F,0x7C,0xFF,0x30,
    0x84,0xFF,0x50,0x84,0xFF,0x91,0x8C,0xFF,0x91,0x8C,0xE3,0xB2,0x94,0xF8,0xD2,0x94,
    0xFE,0xD3,0x9C,0xFF,0xD3,0x9C,0xFF,0xD2,0x94,0xFD,0x34,0xA5,0xFE,0x34,0xA5,0xFF,
    0x75,0xAD,0xFF,0x34,0xA5,0xE6,0x34,0xA5,0x90,0x0F,0x7C,0x2D,0x00,0x00,0x00,0x00,
    0x00,0x00,0x54,0xA5,0x03,0x00,0x00,0x00,0x30,0x84,0x3D,0xF7,0xBD,0xD8,0x99,0xCE,
    0xFF,0x18,0xC6,0xFD,0x17,0xBE,0xFF,0x17,0xBE,0xFF,0x18,0xC6,0xFE,0x38,0xC6,0xFF,
    0x17,0xBE,0xF5,0xB2,0x94,0x41,0x00,0x00,0x00,0x00,0x00,0x00,0x38,0xC6,0x57,0x5C,
    0xE7,0xFF,0x17,0xBE,0xA8,0x00,0x00,0x02,0x00,0x00,0x00,0x28,0x42,0x0E,0x79,0xCE,
    0xD0,0x1B,0xDF,0xFF,0xBA,0xD6,0xFD,0xBA,0xD6,0xFF,0x9A,0xD6,0xFF,0x79,0xCE,0xFD,
    0x59,0xCE,0xFF,0x59,0xCE,0xFF,0x58,0xC6,0xFF,0x38,0xC6,0xFF,0x58,0xC6,0xFF,0xD6,
    0xB5,0xD3,0x95,0xAD,0xF6,0xD6,0xB5,0xFF,0xB6,0xB5,0xFF,0xB6,0xB5,0xFE,0xF7,0xBD,
    0xFF,0x95,0xAD,0xE0,0x0F,0x7C,0x29,0x00,0x00,0x00,0xFF,0xFF,0x03,0x00,0x00,0x06,
    0x50,0x84,0xAA,0x55,0xAD,0xFF,0x13,0x9D,0xFE,0x13,0xA5,0xFF,0xD2,0x94,0xFF,0xB2,
    0x94,0xFF,0x91,0x8C,0xFF,0x91,0x8C,0xFF,0x71,0x8C,0xFF,0x50,0x84,0xFF,0x91,0x8C,
    0xFF,0x51,0x8C,0xE2,0xEB,0x5A,0x2F,0x00,0x00,0x00,0xEF,0x7B,0x02,0xA8,0x52,0x12,
    0xCE,0x73,0xC8,0xEF,0x7B,0xFF,0xAE,0x73,0xFD,0xAE,0x73,0xFF,0x8D,0x6B,0xFE,0x8D,
    0x6B,0xFF,0x4D,0x6B,0xE5,0x8A,0x52,0x4F,0x00,0x00,0x00,0x54,0xA5,0x03,0x00,0x00,
    0x00,0x0B,0x5B,0x53,0xCB,0x5A,0x89,0x89,0x4A,0xA3,0x8A,0x52,0xFB,0xAA,0x52,0xFF,
    0x69,0x4A,0xF3,0x86,0x31,0x38,0x00,0x00,0x00,0x00,0x00,0x00,0x28,0x42,0x46,0x48,
    0x42,0xF8,0x28,0x42,0xFE,0xA6,0x31,0x4B,0xA6,0x31,0x30,0x08,0x42,0xF7,0x08,0x42,
    0xE9,0x85,0x29,0x29,0x00,0x00,0x00,0x00,0x00,0x02,0x00,0x00,0x00,0x00,0x00,0x00,
    0x00,0x00,0x01,0x00,0x00,0x00,0xE3,0x18,0x11,0xA6,0x31,0xD4,0x08,0x42,0xFA,0x49,
    0x4A,0x22,0xC7,0x39,0x6A,0x48,0x42,0xFF,0x48,0x42,0xD4,0xEB,0x5A,0x15,0x00,0x00,
    0x00,0x00,0x00,0x01,0x00,0x00,0x01,0x00,0x00,0x00,0x00,0x00,0x00,0x24,0x21,0x0D,
    0x28,0x42,0x4B,0x69,0x4A,0x9E,0xAA,0x52,0xF3,0x0C,0x63,0xFF,0xEB,0x5A,0xFF,0xEB,
    0x5A,0xFE,0x0C,0x63,0xFD,0x6D,0x6B,0xFF,0x0C,0x63,0x88,0x00,0x00,0x00,0x00,0x00,
    0x00,0x00,0x00,0x0C,0x4D,0x6B,0xC3,0xEF,0x7B,0xFF,0xCE,0x73,0xFD,0xCF,0x7B,0xFF,
    0x10,0x84,0xFF,0x10,0x84,0xFE,0x92,0x94,0xFE,0xB2,0x94,0xE8,0x2C,0x63,0x3E,0x71,
    0x8C,0x8B,0x34,0xA5,0xFF,0x13,0x9D,0xFE,0x14,0xA5,0xFF,0x34,0xA5,0xFF,0x54,0xA5,
    0xFF,0xF3,0x9C,0xD4,0xB2,0x94,0x84,0x0F,0x7C,0x31,0x00,0x00,0x00,0x00,0x00,0x00,
    0xFF,0xFF,0x03,0x00,0x00,0x01,0xFF,0xFF,0x02,0x00,0x00,0x00,0xD2,0x94,0xA0,0x79,
    0xCE,0xFF,0x38,0xC6,0xFA,0x38,0xC6,0xFF,0x38,0xC6,0xFF,0x38,0xC6,0xFF,0x38,0xC6,
    0xFE,0x79,0xCE,0xFF,0x38,0xC6,0xE7,0xF3,0x9C,0x29,0x00,0x00,0x00,0x00,0x00,0x00,
    0x17,0xBE,0x59,0x5C,0xE7,0xFF,0x17,0xBE,0xA8,0x00,0x00,0x02,0x00,0x00,0x00,0xAA,
    0x52,0x0F,0xBA,0xD6,0xD1,0x3C,0xE7,0xFF,0xDA,0xD6,0xFE,0x38,0xC6,0xBF,0x38,0xC6,
    0xC5,0xDA,0xD6,0xFF,0x59,0xCE,0xFD,0x58,0xC6,0xFD,0x58,0xC6,0xFE,0x59,0xCE,0xFF,
    0xD6,0xB5,0x97,0xAE,0x73,0x17,0x91,0x8C,0x63,0x95,0xAD,0xEF,0xD6,0xB5,0xFF,0xF7,
    0xBD,0xFF,0xD7,0xBD,0xEC,0xB2,0x94,0x4A,0x00,0x00,0x00,0xFF,0xFF,0x04,0x00,0x00,
    0x00,0x6D,0x6B,0x60,0xF3,0x9C,0xFC,0x34,0xA5,0xFD,0x34,0xA5,0xFF,0x13,0x9D,0xFF,
    0xD2,0x94,0xFF,0xD2,0x94,0xFE,0xB2,0x94,0xFE,0xB1,0x94,0xFE,0x91,0x8C,0xFD,0x50,
    0x8C,0xFC,0x71,0x8C,0xFF,0x30,0x84,0x6B,0x00,0x00,0x00,0xFF,0xFF,0x02,0x00,0x00,
    0x00,0x8D,0x6B,0x73,0xEF,0x7B,0xFE,0xCE,0x73,0xFD,0xEF,0x7B,0xFF,0xAE,0x73,0xFE,
    0xCE,0x73,0xFF,0x4D,0x6B,0xCB,0xAA,0x52,0x38,0x00,0x00,0x00,0xEF,0x7B,0x04,0x00,
    0x00,0x00,0xCB,0x5A,0x39,0xEB,0x5A,0x60,0x00,0x00,0x00,0x00,0x00,0x00,0x28,0x42,
    0x4D,0x69,0x4A,0xC9,0x69,0x4A,0x9D,0x00,0x00,0x02,0xFF,0xFF,0x01,0x00,0x00,0x00,
    0x89,0x4A,0x8B,0x89,0x4A,0xFF,0x48,0x42,0xD1,0x86,0x31,0x0A,0x08,0x42,0x6F,0x08,
    0x42,0xFF,0xC7,0x39,0x9D,0x00,0x00,0x01,0x00,0x00,0x01,0x00,0x00,0x00,0x00,0x00,
    0x00,0x00,0x00,0x00,0x00,0x00,0x01,0x00,0x00,0x00,0xE3,0x18,0x11,0xC6,0x31,0xD5,
    0x08,0x42,0xFA,0x08,0x42,0x22,0xC7,0x39,0x6D,0x49,0x4A,0xFF,0x48,0x42,0xD4,0xEB,
    0x5A,0x15,0x00,0x00,0x00,0x00,0x00,0x01,0x00,0x00,0x00,0x00,0x00,0x00,0xEF,0x7B,
    0x02,0x00,0x00,0x00,0x00,0x00,0x00,0x00,0x00,0x00,0x69,0x4A,0x43,0xCA,0x52,0xAB,
    0xCB,0x5A,0xFB,0x0C,0x63,0xFF,0x2C,0x63,0xFC,0x8D,0x6B,0xFF,0x4C,0x63,0x89,0x00,
    0x00,0x00,0x00,0x00,0x00,0x82,0x10,0x0D,0x6D,0x6B,0xC4,0xEF,0x7B,0xFF,0xCF,0x7B,
    0xFD,0xEF,0x7B,0xFF,0x30,0x84,0xFF,0x30,0x84,0xFD,0xD2,0x94,0xFF,0x30,0x84,0x84,
    0x00,0x00,0x00,0x28,0x42,0x0E,0x91,0x8C,0x9E,0x34,0xA5,0xFE,0x54,0xA5,0xFC,0xF3,
    0x9C,0xAE,0x71,0x8C,0x5D,0x2C,0x63,0x1B,0x00,0x00,0x00,0x00,0x00,0x00,0xFF,0xFF,
    0x03,0x00,0x00,0x00,0x00,0x00,0x00,0x00,0x00,0x01,0xFF,0xFF,0x02,0x00,0x00,0x00,
    0xB2,0x94,0x9F,0x38,0xC6,0xFE,0x38,0xC6,0xFC,0x58,0xC6,0xFF,0x58,0xC6,0xFF,0x59,
    0xCE,0xFF,0x58,0xC6,0xFD,0x79,0xCE,0xFF,0x38,0xC6,0xDB,0xB6,0xB5,0x19,0x00,0x00,
    0x00,0x00,0x00,0x00,0xD7,0xBD,0x5F,0x3C,0xE7,0xFF,0x17,0xBE,0xA6,0x00,0x00,0x02,
    0x00,0x00,0x00,0x69,0x4A,0x10,0xBA,0xD6,0xD2,0x3C,0xE7,0xFF,0xDA,0xD6,0xFF,0xF3,
    0x9C,0x5E,0x91,0x8C,0x26,0x18,0xC6,0xD6,0x9A,0xD6,0xFF,0x79,0xCE,0xFE,0x79,0xCE,
    0xFF,0x55,0xAD,0x81,0x00,0x00,0x00,0x00,0x00,0x00,0x00,0x00,0x00,0x71,0x8C,0x56,
    0xB6,0xB5,0xF1,0xB6,0xB5,0xF3,0x92,0x94,0x57,0x00,0x00,0x00,0xF7,0xBD,0x04,0x00,
    0x00,0x00,0xAA,0x52,0x36,0xD3,0x9C,0xE6,0x34,0xA5,0xFF,0x13,0x9D,0xFE,0x34,0xA5,
    0xFF,0xF3,0x9C,0xFF,0xF2,0x9C,0xFF,0xF3,0x9C,0xFF,0xF2,0x9C,0xFF,0xB2,0x94,0xFF,
    0x91,0x8C,0xFC,0x91,0x8C,0xFF,0x0F,0x7C,0xA1,0x2C,0x63,0x0A,0x54,0xA5,0x03,0x00,
    0x00,0x00,0x4D,0x6B,0x28,0x0F,0x84,0xDC,0xEF,0x7B,0xFD,0xCE,0x73,0xFD,0xCE,0x7B,
    0xFF,0xAE,0x73,0xFE,0xEF,0x7B,0xFF,0x6D,0x6B,0xB4,0x28,0x42,0x16,0x00,0x00,0x00,
    0x00,0x00,0x00,0x2C,0x63,0x2F,0x0C,0x63,0x9E,0x00,0x00,0x10,0x00,0x00,0x00,0xAA,
    0x52,0x03,0x00,0x00,0x00,0x08,0x42,0x1B,0x28,0x42,0x1C,0x00,0x00,0x00,0x00,0x00,
    0x01,0x69,0x4A,0x27,0x89,0x4A,0xE4,0x69,0x4A,0xFF,0x28,0x42,0x8A,0xA2,0x10,0x0C,
    0x49,0x4A,0xC8,0x08,0x42,0xFF,0xA6,0x31,0x57,0x00,0x00,0x00,0xEF,0x7B,0x02,0x00,
    0x00,0x00,0x00,0x00,0x00,0x00,0x00,0x00,0x00,0x00,0x01,0x00,0x00,0x00,0xC3,0x18,
    0x12,0xC7,0x39,0xD5,0x07,0x3A,0xF9,0x08,0x42,0x22,0xC7,0x39,0x6B,0x49,0x4A,0xFF,
    0x69,0x4A,0xD9,0xEB,0x5A,0x18,0x00,0x00,0x00,0x00,0x00,0x00,0xEB,0x5A,0x3E,0x6D,
    0x6B,0x4B,0xFF,0xFF,0x01,0x00,0x00,0x00,0xAA,0x52,0x03,0xEF,0x7B,0x02,0x00,0x00,
    0x00,0x00,0x00,0x06,0x08,0x42,0x5B,0x0C,0x63,0xED,0x4D,0x6B,0xFE,0x8D,0x6B,0xFF,
    0x2C,0x63,0x86,0x00,0x00,0x00,0x00,0x00,0x00,0x82,0x10,0x0E,0x8D,0x6B,0xC7,0x0F,
    0x7C,0xFF,0xCF,0x7B,0xFD,0xCE,0x73,0xFE,0x30,0x84,0xFE,0x71,0x8C,0xFF,0xAE,0x73,
    0xA9,0xE3,0x18,0x10,0x54,0xA5,0x03,0x00,0x00,0x00,0xA6,0x31,0x29,0xF3,0x9C,0xEB,
    0x75,0xAD,0xFD,0xF3,0x9C,0x67,0x00,0x00,0x00,0x00,0x00,0x00,0xFF,0xFF,0x02,0x00,
    0x00,0x00,0x00,0x00,0x00,0x14,0xA5,0x44,0x75,0xAD,0x80,0xE7,0x39,0x14,0x00,0x00,
    0x00,0x00,0x00,0x00,0x91,0x8C,0x9E,0x17,0xBE,0xFF,0x38,0xC6,0xFC,0x38,0xC6,0xFF,
    0x58,0xC6,0xFF,0x79,0xCE,0xFF,0x79,0xCE,0xFD,0xBA,0xD6,0xFF,0x58,0xC6,0xC6,0xCB,
    0x5A,0x0B,0x00,0x00,0x00,0x00,0x00,0x00,0xD7,0xBD,0x77,0x3C,0xE7,0xFF,0xD6,0xB5,
    0xA0,0x00,0x00,0x00,0x00,0x00,0x00,0xAA,0x52,0x0F,0xFB,0xDE,0xCF,0x9D,0xEF,0xFE,
    0xBA,0xD6,0xDB,0x30,0x84,0x27,0x00,0x00,0x00,0x50,0x84,0x2C,0xF7,0xBD,0xCA,0xBA,
    0xD6,0xFF,0x79,0xCE,0xFF,0xF7,0xBD,0xAD,0x13,0x9D,0x1C,0x00,0x00,0x00,0xFF,0xFF,
    0x03,0x00,0x00,0x00,0x71,0x8C,0x58,0xEF,0x7B,0x54,0x00,0x00,0x00,0xFF,0xFF,0x04,
    0x00,0x00,0x00,0x0F,0x7C,0x23,0x54,0xA5,0xD0,0x95,0xAD,0xFF,0x54,0xA5,0xFD,0x54,
    0xA5,0xFF,0x34,0xA5,0xFF,0xF3,0x9C,0xFF,0x13,0x9D,0xFF,0x13,0x9D,0xFF,0xF3,0x9C,
    0xFF,0xB2,0x94,0xFC,0xF2,0x9C,0xFF,0x0F,0x84,0xB9,0x89,0x4A,0x16,0x00,0x00,0x00,
    0xEF,0x7B,0x04,0x00,0x00,0x00,0xAE,0x73,0x2F,0xEF,0x7B,0xE0,0x0F,0x7C,0xFF,0xEF,
    0x7B,0xFC,0xCE,0x7B,0xFF,0xAE,0x73,0xFF,0xAE,0x73,0xFE,0xCF,0x7B,0xFF,0xAE,0x73,
    0xCF,0x6D,0x6B,0x3D,0xAE,0x73,0x2A,0x2C,0x63,0xCD,0xEB,0x5A,0xF4,0x0C,0x63,0x8A,
    0xAE,0x73,0x17,0x00,0x00,0x00,0xEF,0x7B,0x02,0x00,0x00,0x00,0x00,0x00,0x00,0xEF,
    0x7B,0x02,0x00,0x00,0x00,0xCB,0x5A,0x7D,0xAA,0x52,0xFF,0x49,0x4A,0xF0,0x86,0x31,
    0x32,0x28,0x42,0x4A,0x69,0x4A,0xFF,0x28,0x42,0xD6,0x85,0x29,0x1A,0x00,0x00,0x00,
    0x00,0x00,0x01,0x00,0x00,0x00,0x00,0x00,0x00,0x00,0x00,0x00,0x00,0x00,0x01,0x00,
    0x00,0x00,0xC3,0x18,0x12,0xC7,0x39,0xD4,0x07,0x3A,0xF8,0xE7,0x39,0x20,0xC7,0x39,
    0x67,0x69,0x4A,0xFF,0x69,0x4A,0xD9,0xEB,0x5A,0x18,0x00,0x00,0x00,0x00,0x00,0x00,
    0x28,0x42,0x88,0xEB,0x5A,0xF9,0x0C,0x63,0xA4,0x4D,0x6B,0x44,0x00,0x00,0x00,0x00,
    0x00,0x00,0xEF,0x7B,0x06,0x00,0x00,0x00,0xCB,0x5A,0x4A,0x4D,0x6B,0xF2,0x4D,0x6B,
    0xFE,0x8D,0x6B,0xFF,0x2C,0x63,0x82,0x00,0x00,0x00,0x00,0x00,0x00,0x04,0x21,0x0E,
    0xAE,0x73,0xC7,0x30,0x84,0xFD,0xEF,0x7B,0xFB,0x10,0x84,0xFF,0x30,0x84,0xFF,0x8E,
    0x73,0xA9,0x41,0x08,0x14,0x00,0x00,0x00,0xF7,0xBD,0x04,0x00,0x00,0x00,0xB2,0x94,
    0x7F,0x75,0xAD,0xFC,0x55,0xAD,0xFF,0x34,0xA5,0xDC,0x6D,0x6B,0x27,0x00,0x00,0x00,
    0x00,0x00,0x02,0x91,0x8C,0x37,0x75,0xAD,0x8F,0xF7,0xBD,0xF1,0xB6,0xB5,0xDF,0x86,
    0x31,0x19,0x00,0x00,0x00,0x00,0x00,0x00,0xB2,0x94,0x9F,0x38,0xC6,0xFF,0x38,0xC6,
    0xFC,0x38,0xC6,0xFF,0x38,0xC6,0xFF,0x59,0xCE,0xFF,0x79,0xCE,0xFD,0xFB,0xDE,0xFF,
    0x38,0xC6,0xA4,0x00,0x00,0x00,0xFF,0xFF,0x01,0x00,0x00,0x01,0x79,0xCE,0xA5,0x5C,
    0xE7,0xFF,0xD6,0xB5,0x9F,0x00,0x00,0x00,0x00,0x00,0x00,0xE7,0x39,0x0C,0xDA,0xD6,
    0xCE,0xBE,0xF7,0xFF,0x38,0xC6,0x7C,0x00,0x00,0x00,0xFF,0xFF,0x03,0x00,0x00,0x00,
    0xF7,0xBD,0xA8,0xDA,0xD6,0xFF,0x58,0xC6,0xFC,0xBA,0xD6,0xFF,0x17,0xBE,0xC0,0xD2,
    0x94,0x1A,0x00,0x00,0x00,0xEF,0x7B,0x04,0x00,0x00,0x00,0x00,0x00,0x00,0x54,0xA5,
    0x03,0x00,0x00,0x00,0x10,0x84,0x17,0x96,0xB5,0xBE,0xF7,0xBD,0xFF,0x75,0xAD,0xFD,
    0x75,0xAD,0xFF,0x54,0xA5,0xFF,0x13,0x9D,0xFF,0x13,0x9D,0xFF,0x34,0xA5,0xFF,0xF3,
    0x9C,0xFD,0xF3,0x9C,0xFE,0x13,0xA5,0xFF,0x50,0x84,0xC0,0xAA,0x52,0x20,0x00,0x00,
    0x00,0x54,0xA5,0x03,0x00,0x00,0x00,0xEF,0x7B,0x02,0x00,0x00,0x00,0xAA,0x52,0x3F,
    0xAE,0x73,0xD1,0x30,0x84,0xFF,0xCE,0x7B,0xFD,0xCF,0x7B,0xFF,0xCE,0x73,0xFF,0x8D,
    0x6B,0xFE,0xAE,0x73,0xFF,0xAE,0x73,0xE7,0x6D,0x6B,0xDF,0x2C,0x63,0xFF,0x0C,0x63,
    0xFF,0x2C,0x63,0xFF,0x4D,0x6B,0xC9,0x8D,0x6B,0x56,0x00,0x00,0x02,0x00,0x00,0x01,
    0x54,0xA5,0x03,0x00,0x00,0x00,0xEB,0x5A,0x2A,0xAA,0x52,0xE3,0x89,0x4A,0xFF,0x08,
    0x42,0x99,0x00,0x00,0x00,0x69,0x4A,0xA6,0x49,0x4A,0xFF,0xE7,0x39,0x7D,0x00,0x00,
    0x00,0xFF,0xFF,0x01,0x00,0x00,0x00,0x00,0x00,0x00,0x00,0x00,0x00,0x00,0x00,0x00,
    0x00,0x00,0x01,0x00,0x00,0x00,0xC3,0x18,0x12,0xE7,0x39,0xD6,0x08,0x42,0xF6,0x08,
    0x42,0x1E,0xC7,0x39,0x67,0x69,0x4A,0xFF,0x69,0x4A,0xD9,0xEB,0x5A,0x18,0x00,0x00,
    0x00,0x00,0x00,0x00,0x28,0x42,0x73,0xAA,0x52,0xFF,0xCA,0x52,0xFF,0xEB,0x5A,0xF1,
    0x0C,0x63,0x9A,0x4D,0x6B,0x38,0x00,0x00,0x00,0xA6,0x31,0x13,0x6D,0x6B,0xD1,0x4D,
    0x6B,0xFF,0x2C,0x63,0xFB,0x6D,0x6B,0xFF,0x0C,0x63,0x7B,0x00,0x00,0x00,0x00,0x00,
    0x00,0xE3,0x18,0x10,0xAE,0x73,0xCD,0x71,0x8C,0xFF,0x30,0x84,0xFF,0x10,0x84,0xE7,
    0x4C,0x63,0x78,0x00,0x00,0x10,0x00,0x00,0x00,0xB2,0x94,0x05,0x00,0x00,0x00,0x10,
    0x84,0x4F,0x13,0x9D,0xF2,0x14,0xA5,0xFF,0x34,0xA5,0xFD,0x55,0xAD,0xFF,0xB2,0x94,
    0x97,0xD3,0x9C,0x63,0xB6,0xB5,0xAA,0x75,0xAD,0xEC,0xB6,0xB5,0xFF,0x17,0xBE,0xFF,
    0x75,0xAD,0xD4,0xA6,0x31,0x1B,0x00,0x00,0x00,0x00,0x00,0x00,0xD2,0x94,0xA0,0x38,
    0xC6,0xFF,0x38,0xC6,0xFC,0x58,0xC6,0xFF,0x38,0xC6,0xFF,0x58,0xC6,0xFE,0x99,0xCE,
    0xFE,0x99,0xCE,0xF6,0xD3,0x9C,0x4C,0x00,0x00,0x00,0x00,0x00,0x00,0x6D,0x6B,0x1B,
    0x59,0xCE,0xD4,0x5C,0xE7,0xFF,0xF7,0xBD,0xA0,0x00,0x00,0x00,0x00,0x00,0x00,0xA6,
    0x31,0x0E,0xDA,0xD6,0xD8,0x99,0xCE,0xBD,0xCB,0x5A,0x16,0xFF,0xFF,0x02,0x00,0x00,
    0x00,0x75,0xAD,0x43,0x79,0xCE,0xF2,0x79,0xCE,0xFF,0x58,0xC6,0xFE,0x38,0xC6,0xFC,
    0x59,0xCE,0xFF,0xF7,0xBD,0xBC,0x30,0x84,0x1C,0x00,0x00,0x00,0xF7,0xBD,0x04,0x54,
    0xA5,0x03,0x00,0x00,0x00,0xD3,0x9C,0x22,0x75,0xAD,0xB6,0xD6,0xB5,0xFF,0xB6,0xB5,
    0xFD,0xB6,0xB5,0xFF,0x75,0xAD,0xFF,0x54,0xA5,0xFF,0x34,0xA5,0xFF,0x33,0xA5,0xFE,
    0x13,0x9D,0xFD,0x13,0xA5,0xFF,0xF3,0x9C,0xFF,0x71,0x8C,0xAA,0x08,0x42,0x1E,0x00,
    0x00,0x00,0x54,0xA5,0x03,0x00,0x00,0x00,0x00,0x00,0x01,0x00,0x00,0x00,0x54,0xA5,
    0x03,0x00,0x00,0x00,0x08,0x42,0x25,0xAE,0x73,0xB7,0x30,0x84,0xFF,0xEF,0x7B,0xFE,
    0x8E,0x73,0xFE,0x8D,0x6B,0xFF,0x6D,0x6B,0xFD,0x6D,0x6B,0xFF,0x6D,0x6B,0xFF,0x4D,
    0x63,0xFD,0x2C,0x63,0xFC,0x0C,0x63,0xFE,0x4C,0x63,0xFF,0x0B,0x5B,0x94,0x00,0x00,
    0x04,0xEF,0x7B,0x02,0xEF,0x7B,0x02,0xB2,0x94,0x05,0x89,0x4A,0x9F,0x69,0x4A,0xFF,
    0x28,0x42,0xE2,0xE3,0x18,0x22,0xAA,0x52,0x45,0x89,0x4A,0xF9,0x08,0x42,0xE0,0x85,
    0x29,0x24,0x00,0x00,0x00,0x00,0x00,0x02,0x00,0x00,0x00,0x00,0x00,0x00,0x00,0x00,
    0x00,0x00,0x00,0x00,0x00,0x00,0x01,0x00,0x00,0x00,0x04,0x21,0x15,0xE7,0x39,0xD9,
    0x08,0x42,0xF5,0x28,0x42,0x1D,0xE7,0x39,0x68,0x69,0x4A,0xFF,0x69,0x4A,0xD8,0xAA,
    0x52,0x17,0x00,0x00,0x00,0x00,0x00,0x00,0x69,0x4A,0x6D,0xCB,0x5A,0xFE,0xAA,0x52,
    0xFB,0xAA,0x52,0xFF,0xCA,0x52,0xFF,0x0C,0x63,0xEA,0xAE,0x73,0x87,0x8D,0x6B,0x98,
    0x6D,0x6B,0xFF,0x0C,0x63,0xFE,0x2C,0x63,0xFD,0x6D,0x6B,0xFF,0xEB,0x5A,0x78,0x00,
    0x00,0x00,0x00,0x00,0x00,0xE3,0x18,0x10,0x6D,0x6B,0xC1,0x10,0x84,0xD8,0xAE,0x73,
    0x7F,0xCB,0x5A,0x32,0x00,0x00,0x00,0x00,0x00,0x00,0xF7,0xBD,0x04,0x00,0x00,0x00,
    0xAE,0x73,0x43,0xB2,0x94,0xE1,0xF3,0x9C,0xFF,0xD3,0x9C,0xFE,0x34,0xA5,0xFF,0x34,
    0xA5,0xFE,0x75,0xAD,0xFE,0xB6,0xB5,0xFF,0xD7,0xBD,0xFF,0x96,0xB5,0xFF,0x75,0xAD,
    0xFB,0xD7,0xBD,0xFE,0x75,0xAD,0xD3,0x04,0x21,0x17,0x00,0x00,0x00,0x00,0x00,0x00,
    0xF3,0x9C,0x9F,0x59,0xCE,0xFF,0x38,0xC6,0xFC,0x58,0xC6,0xFF,0x58,0xC6,0xFF,0x38,
    0xC6,0xFD,0xBA,0xD6,0xFF,0xF7,0xBD,0xB8,0x00,0x00,0x05,0xFF,0xFF,0x02,0x00,0x00,
    0x00,0xF7,0xBD,0x42,0xBA,0xD6,0xF5,0x3C,0xE7,0xFF,0xF7,0xBD,0xA0,0x00,0x00,0x00,
    0x00,0x00,0x00,0x8E,0x73,0x0D,0xF7,0xBD,0x69,0x0F,0x7C,0x21,0x00,0x00,0x00,0xFF,
    0xFF,0x02,0xEB,0x5A,0x08,0x58,0xC6,0xB5,0xDA,0xD6,0xFF,0x79,0xCE,0xFD,0x58,0xC6,
    0xFF,0x38,0xC6,0xFF,0x17,0xBE,0xFC,0x79,0xCE,0xFF,0x58,0xC6,0xBD,0xD2,0x94,0x17,
    0x00,0x00,0x00,0xF7,0xBD,0x04,0x00,0x00,0x00,0xB2,0x94,0x59,0x95,0xAD,0xFF,0x96,
    0xB5,0xFD,0xB6,0xB5,0xFE,0xB6,0xB5,0xFF,0x96,0xB5,0xFF,0x54,0xA5,0xFF,0x54,0xA5,
    0xFF,0x55,0xAD,0xFF,0x54,0xA5,0xFF,0xB2,0x94,0xD7,0xCE,0x73,0x63,0x00,0x00,0x0B,
    0x00,0x00,0x00,0xF7,0xBD,0x04,0x00,0x00,0x00,0x8E,0x73,0x5B,0x71,0x8C,0xA8,0xA9,
    0x52,0x24,0x00,0x00,0x00,0xB2,0x94,0x05,0x00,0x00,0x00,0x65,0x29,0x16,0x8E,0x73,
    0xA9,0xEF,0x7B,0xFF,0x8D,0x73,0xFE,0x8E,0x73,0xFF,0x6D,0x6B,0xFF,0x4C,0x63,0xFD,
    0x6D,0x6B,0xFB,0x4D,0x6B,0xFF,0x8D,0x6B,0xFF,0x2C,0x63,0xF4,0x89,0x52,0x77,0x00,
    0x00,0x09,0xFF,0xFF,0x01,0xEF,0x7B,0x02,0x00,0x00,0x00,0xCA,0x52,0x77,0x48,0x42,
    0xF9,0x28,0x42,0xFB,0xC7,0x39,0x6D,0xE7,0x39,0x04,0xAA,0x52,0xBF,0xAA,0x52,0xFF,
    0x08,0x42,0x7F,0x00,0x00,0x00,0xFF,0xFF,0x01,0x00,0x00,0x00,0x00,0x00,0x00,0x00,
    0x00,0x00,0x00,0x00,0x00,0x00,0x00,0x00,0x00,0x00,0x01,0x00,0x00,0x00,0x24,0x21,
    0x14,0xE7,0x39,0xD8,0x28,0x42,0xF7,0x69,0x4A,0x20,0xE7,0x39,0x6C,0x89,0x4A,0xFF,
    0x69,0x4A,0xCB,0x69,0x4A,0x13,0x00,0x00,0x00,0x00,0x00,0x00,0x69,0x4A,0x73,0xCB,
    0x5A,0xFF,0xAA,0x52,0xFD,0xAA,0x52,0xFE,0xCB,0x5A,0xFD,0xCB,0x5A,0xFF,0x8E,0x73,
    0xFF,0xAE,0x73,0xFF,0x2C,0x63,0xFF,0x2C,0x63,0xFF,0x2C,0x63,0xFD,0x6D,0x6B,0xFF,
    0x2C,0x63,0x7D,0x00,0x00,0x00,0xFF,0xFF,0x01,0xE7,0x39,0x04,0x69,0x4A,0x2D,0xE7,
    0x39,0x1C,0x00,0x00,0x00,0x00,0x00,0x00,0xF7,0xBD,0x04,0x00,0x00,0x00,0x00,0x00,
    0x00,0x51,0x8C,0x4E,0xB2,0x94,0xE1,0xD2,0x94,0xFF,0xD2,0x94,0xFD,0xD3,0x9C,0xFF,
    0x13,0x9D,0xFF,0x34,0xA5,0xFF,0x54,0xA5,0xFF,0x95,0xAD,0xFE,0x75,0xAD,0xFD,0x95,
    0xAD,0xFE,0x95,0xAD,0xFD,0xD6,0xB5,0xFF,0x75,0xAD,0xD4,0x45,0x29,0x18,0x00,0x00,
    0x00,0x00,0x00,0x00,0xF3,0x9C,0x9E,0x79,0xCE,0xFF,0x58,0xC6,0xFC,0x38,0xC6,0xFF,
    0x38,0xC6,0xFE,0x79,0xCE,0xFF,0x38,0xC6,0xEA,0x30,0x84,0x3D,0x00,0x00,0x00,0xFF,
    0xFF,0x03,0x00,0x00,0x00,0x79,0xCE,0x87,0xFB,0xDE,0xFF,0x1B,0xDF,0xFF,0xD7,0xBD,
    0xA3,0x00,0x00,0x00,0x00,0x00,0x00,0x00,0x00,0x01,0x00,0x00,0x00,0x00,0x00,0x00,
    0xFF,0xFF,0x04,0x00,0x00,0x00,0x38,0xC6,0x77,0x1B,0xDF,0xFE,0xBA,0xD6,0xFD,0x79,
    0xCE,0xFF,0x58,0xC6,0xFF,0x38,0xC6,0xFF,0x38,0xC6,0xFF,0x59,0xCE,0xFC,0xBA,0xD6,
    0xFF,0xD6,0xB5,0xA7,0x00,0x00,0x08,0xFF,0xFF,0x01,0xFF,0xFF,0x02,0x04,0x21,0x07,
    0xF3,0x9C,0x95,0xD6,0xB5,0xFF,0xB6,0xB5,0xFE,0xB6,0xB5,0xFF,0x75,0xAD,0xFF,0x55,
    0xAD,0xFF,0x75,0xAD,0xFE,0x13,0x9D,0xE8,0x51,0x8C,0x8B,0x89,0x4A,0x22,0x00,0x00,
    0x00,0xFF,0xFF,0x01,0xFF,0xFF,0x02,0x00,0x00,0x00,0x0F,0x7C,0x58,0xD2,0x9C,0xE9,
    0xD2,0x9C,0xFF,0x30,0x84,0xC8,0xA9,0x52,0x2C,0x00,0x00,0x00,0x2C,0x63,0x05,0x00,
    0x00,0x00,0x61,0x08,0x11,0x2C,0x63,0xA2,0xAE,0x73,0xFD,0xAE,0x73,0xFE,0x6D,0x6B,
    0xFF,0x6D,0x6B,0xFF,0x8D,0x6B,0xFF,0x6D,0x6B,0xFD,0x2C,0x63,0xC4,0x68,0x4A,0x4C,
    0x00,0x00,0x00,0x00,0x00,0x00,0xFF,0xFF,0x01,0x00,0x00,0x00,0xAA,0x52,0x71,0x69,
    0x4A,0xF6,0x48,0x4A,0xFF,0xC7,0x39,0xA9,0x00,0x00,0x00,0xAA,0x52,0x6C,0xAA,0x52,
    0xFF,0x69,0x4A,0xDC,0x86,0x31,0x22,0x00,0x00,0x00,0x00,0x00,0x02,0x00,0x00,0x00,
    0x00,0x00,0x00,0x00,0x00,0x00,0x00,0x00,0x00,0x00,0x00,0x00,0x00,0x00,0x01,0x00,
    0x00,0x00,0xC3,0x18,0x13,0x07,0x3A,0xD6,0x49,0x4A,0xF9,0x69,0x4A,0x23,0x08,0x42,
    0x6F,0x89,0x4A,0xFF,0x48,0x42,0xBC,0x4C,0x63,0x0C,0x00,0x00,0x01,0x00,0x00,0x01,
    0xAA,0x52,0x75,0xCB,0x5A,0xFF,0xAA,0x52,0xFD,0xAA,0x52,0xFF,0xCB,0x5A,0xFF,0xEB,
    0x5A,0xFE,0x2C,0x63,0xFD,0x4D,0x6B,0xFE,0x2C,0x63,0xFF,0x2C,0x63,0xFF,0x2C,0x63,
    0xFD,0xAE,0x73,0xFF,0x0C,0x63,0x77,0xFF,0xFF,0x01,0x54,0xA5,0x03,0x00,0x00,0x01,
    0x00,0x00,0x00,0x00,0x00,0x00,0xFF,0xFF,0x02,0x00,0x00,0x00,0x00,0x00,0x00,0xCB,
    0x5A,0x16,0x71,0x8C,0x85,0xB2,0x94,0xF2,0xF3,0x9C,0xFF,0xD2,0x94,0xFD,0xF3,0x9C,
    0xFF,0xF3,0x9C,0xFF,0x13,0x9D,0xFF,0x34,0xA5,0xFF,0x55,0xAD,0xFF,0x75,0xAD,0xFE,
    0x96,0xB5,0xFF,0xB6,0xB5,0xFF,0xB6,0xB5,0xFD,0xD7,0xBD,0xFF,0x55,0xAD,0xD3,0x45,
    0x29,0x18,0x00,0x00,0x00,0x00,0x00,0x00,0xF3,0x9C,0x9D,0xBA,0xD6,0xFF,0x58,0xC6,
    0xFD,0x38,0xC6,0xFE,0x58,0xC6,0xFE,0x18,0xC6,0xF5,0x91,0x8C,0x58,0x00,0x00,0x00,
    0xF7,0xBD,0x04,0x00,0x00,0x00,0x0B,0x5B,0x1F,0x38,0xC6,0xDF,0xDA,0xD6,0xFF,0x1B,
    0xDF,0xFF,0x17,0xBE,0xA6,0xEF,0x7B,0x02,0x00,0x00,0x00,0xEF,0x7B,0x02,0xFF,0xFF,
    0x04,0xFF,0xFF,0x01,0x00,0x00,0x00,0x95,0xAD,0x5D,0x3C,0xE7,0xF2,0x1B,0xDF,0xFE,
    0xBA,0xD6,0xFE,0x99,0xCE,0xFF,0x79,0xCE,0xFF,0x79,0xCE,0xFF,0x59,0xCE,0xFF,0x59,
    0xCE,0xFF,0x59,0xCE,0xFC,0x59,0xCE,0xFF,0xB2,0x94,0x7E,0x00,0x00,0x00,0xF7,0xBD,
    0x04,0xFF,0xFF,0x01,0xC7,0x39,0x11,0x55,0xAD,0xC4,0x17,0xBE,0xFF,0x96,0xB5,0xFD,
    0x54,0xA5,0xFE,0x95,0xAD,0xFF,0x54,0xA5,0xF5,0xCB,0x5A,0x5C,0x00,0x00,0x00,0x00,
    0x00,0x00,0x58,0xC6,0x05,0x00,0x00,0x00,0x00,0x00,0x02,0x50,0x84,0x70,0x13,0x9D,
    0xF3,0x13,0x9D,0xFF,0x50,0x8C,0xFB,0x71,0x8C,0xFF,0x70,0x8C,0xD0,0x2C,0x63,0x2E,
    0x00,0x00,0x00,0xAA,0x52,0x06,0x00,0x00,0x00,0x00,0x00,0x0F,0x6D,0x6B,0xCD,0xCE,
    0x7B,0xFF,0x6D,0x6B,0xFE,0x0B,0x63,0xF0,0xCA,0x5A,0xA3,0x89,0x4A,0x55,0x61,0x08,
    0x12,0x00,0x00,0x00,0x54,0xA5,0x03,0x00,0x00,0x00,0x00,0x00,0x03,0xEB,0x5A,0x7C,
    0xEB,0x5A,0xF9,0x89,0x4A,0xFF,0x07,0x3A,0xCB,0x41,0x08,0x18,0xAA,0x52,0x35,0x89,
    0x4A,0xEB,0x69,0x4A,0xFE,0x07,0x3A,0x69,0x00,0x00,0x00,0xEF,0x7B,0x02,0x00,0x00,
    0x00,0x00,0x00,0x00,0x00,0x00,0x00,0x00,0x00,0x00,0x00,0x00,0x00,0x00,0x00,0x00,
    0x00,0x00,0x01,0x00,0x00,0x00,0xC3,0x18,0x13,0x08,0x42,0xD6,0x69,0x4A,0xFA,0xCA,
    0x52,0x22,0x08,0x42,0x6F,0x89,0x4A,0xFF,0x28,0x42,0xB2,0xEF,0x7B,0x08,0x00,0x00,
    0x00,0x00,0x00,0x00,0xAA,0x52,0x72,0xCB,0x5A,0xFF,0xAA,0x52,0xFD,0xAA,0x52,0xFF,
    0xCB,0x5A,0xFF,0xEB,0x5A,0xFF,0x0C,0x63,0xFF,0x4D,0x6B,0xFF,0x2C,0x63,0xFF,0x2C,
    0x63,0xFF,0x4C,0x63,0xFD,0xAE,0x73,0xFF,0x4D,0x6B,0x91,0x00,0x00,0x00,0x00,0x00,
    0x00,0x00,0x00,0x00,0x00,0x00,0x00,0x00,0x00,0x00,0x00,0x00,0x00,0x48,0x42,0x1F,
    0x10,0x84,0x78,0x92,0x94,0xCF,0xD3,0x9C,0xFF,0xB2,0x94,0xFF,0xD2,0x94,0xFD,0xF3,
    0x9C,0xFF,0xD3,0x9C,0xFF,0x13,0x9D,0xFF,0x13,0x9D,0xFF,0x34,0xA5,0xFF,0x75,0xAD,
    0xFF,0x75,0xAD,0xFF,0x96,0xB5,0xFF,0xB6,0xB5,0xFF,0xB6,0xB5,0xFD,0x17,0xBE,0xFF,
    0x96,0xB5,0xCF,0xC7,0x39,0x15,0xFF,0xFF,0x01,0xFF,0xFF,0x01,0xF3,0x9C,0x99,0x99,
    0xCE,0xFF,0x59,0xCE,0xFD,0x58,0xC6,0xFF,0x79,0xCE,0xFE,0x58,0xC6,0xF7,0x34,0xA5,
    0x7A,0x00,0x00,0x05,0x00,0x00,0x00,0x00,0x00,0x00,0x14,0xA5,0x89,0xDA,0xD6,0xFF,
    0x99,0xCE,0xFC,0xFB,0xDE,0xFF,0x95,0xAD,0x98,0x00,0x00,0x00,0xFF,0xFF,0x01,0x00,
    0x00,0x00,0x00,0x00,0x00,0x00,0x00,0x09,0x13,0x9D,0x74,0xDA,0xD6,0xF1,0x3C,0xE7,
    0xFF,0xDA,0xD6,0xFE,0xBA,0xD6,0xFF,0x99,0xCE,0xFF,0x99,0xCE,0xFF,0x79,0xCE,0xFF,
    0x79,0xCE,0xFF,0x79,0xCE,0xFF,0x58,0xC6,0xFE,0x58,0xC6,0xFE,0xF7,0xBD,0xF3,0xCE,
    0x73,0x46,0x00,0x00,0x00,0x00,0x00,0x00,0x61,0x08,0x10,0x54,0xA5,0xB4,0x17,0xBE,
    0xFF,0x95,0xAD,0xFD,0x75,0xAD,0xFF,0x75,0xAD,0xFD,0x96,0xB5,0xFF,0x14,0xA5,0xBC,
    0x69,0x4A,0x17,0x00,0x00,0x00,0x00,0x00,0x00,0xCA,0x5A,0x24,0x91,0x8C,0xA3,0x13,
    0x9D,0xFE,0x13,0x9D,0xFF,0xB2,0x94,0xFE,0x50,0x8C,0xFF,0x50,0x8C,0xFC,0x91,0x8C,
    0xFF,0x30,0x84,0xCE,0xCB,0x5A,0x27,0x00,0x00,0x00,0x00,0x00,0x00,0x0C,0x63,0x6B,
    0xCE,0x73,0xEF,0xAE,0x73,0xFD,0x8D,0x6B,0xFF,0xAA,0x52,0xD1,0x00,0x00,0x12,0x00,
    0x00,0x00,0xFF,0xFF,0x01,0xFF,0xFF,0x01,0x00,0x00,0x00,0x49,0x4A,0x22,0x2C,0x63,
    0xA2,0xEB,0x5A,0xFE,0xCA,0x5A,0xFF,0x48,0x4A,0xD7,0xE3,0x18,0x28,0xAA,0x52,0x1A,
    0x8A,0x52,0xCA,0x49,0x4A,0xFF,0x08,0x42,0xA0,0xE3,0x18,0x08,0xFF,0xFF,0x01,0x00,
    0x00,0x01,0x00,0x00,0x00,0x00,0x00,0x00,0x00,0x00,0x00,0x00,0x00,0x00,0x00,0x00,
    0x00,0x00,0x00,0x00,0x00,0x00,0x01,0x00,0x00,0x00,0xC3,0x18,0x13,0x28,0x42,0xD6,
    0x89,0x4A,0xFB,0xAA,0x52,0x23,0xE7,0x39,0x6B,0x69,0x4A,0xFE,0x28,0x42,0xB1,0xE7,
    0x39,0x08,0x00,0x00,0x05,0x00,0x00,0x02,0x69,0x4A,0x78,0xCB,0x5A,0xFF,0xAA,0x52,
    0xFD,0xCB,0x5A,0xFF,0xCB,0x5A,0xFF,0xEB,0x5A,0xFF,0x0C,0x63,0xFF,0x4D,0x6B,0xFF,
    0x2C,0x63,0xFF,0x2C,0x63,0xFF,0x4D,0x6B,0xFE,0xAE,0x73,0xFF,0xEF,0x7B,0xEF,0x6D,
    0x6B,0x5C,0x00,0x00,0x06,0x86,0x31,0x14,0xCF,0x73,0x32,0x8D,0x6B,0x6A,0x10,0x84,
    0x9E,0x51,0x8C,0xDA,0xB2,0x94,0xFF,0x91,0x8C,0xFF,0x91,0x8C,0xFD,0xB2,0x94,0xFE,
    0xD2,0x94,0xFF,0xD3,0x9C,0xFF,0xF3,0x9C,0xFF,0x13,0x9D,0xFF,0x13,0x9D,0xFF,0x13,
    0x9D,0xFF,0x75,0xAD,0xFF,0x95,0xAD,0xFF,0x75,0xAD,0xFF,0xB6,0xB5,0xFF,0xB6,0xB5,
    0xFD,0x18,0xC6,0xFF,0xB6,0xB5,0xCB,0x00,0x00,0x0D,0x00,0x00,0x00,0x00,0x00,0x00,
    0x91,0x8C,0x88,0x59,0xCE,0xFF,0x38,0xC6,0xFD,0x79,0xCE,0xFF,0x79,0xCE,0xFF,0x79,
    0xCE,0xFF,0x9A,0xD6,0xFF,0x96,0xB5,0x94,0x00,0x00,0x06,0xCF,0x7B,0x4F,0x38,0xC6,
    0xF8,0xDA,0xD6,0xFE,0xBA,0xD6,0xFD,0xFB,0xDE,0xFF,0x58,0xC6,0xD9,0xCE,0x73,0x3A,
    0x00,0x00,0x00,0x65,0x29,0x16,0xD2,0x94,0x5F,0xF7,0xBD,0xBF,0xDA,0xD6,0xFF,0xFB,
    0xDE,0xFF,0xBA,0xD6,0xFE,0xBA,0xD6,0xFF,0xBA,0xD6,0xFF,0xBA,0xD6,0xFF,0xBA,0xD6,
    0xFF,0x99,0xCE,0xFF,0x99,0xCE,0xFF,0x79,0xCE,0xFF,0x58,0xC6,0xFF,0x38,0xC6,0xFD,
    0x58,0xC6,0xFF,0x75,0xAD,0xCF,0x41,0x08,0x17,0xCF,0x7B,0x2B,0x96,0xB5,0xBE,0xF7,
    0xBD,0xFF,0x96,0xB5,0xFE,0x95,0xAD,0xFF,0x75,0xAD,0xFF,0x75,0xAD,0xFF,0x55,0xAD,
    0xFE,0xB6,0xB5,0xFF,0x71,0x8C,0x93,0x61,0x08,0x12,0x71,0x8C,0x6B,0x13,0x9D,0xDA,
    0x13,0x9D,0xFF,0xF2,0x9C,0xFE,0xF2,0x9C,0xFE,0x91,0x94,0xFF,0x71,0x8C,0xFF,0x71,
    0x8C,0xFF,0x30,0x84,0xFD,0x50,0x84,0xFF,0x0F,0x7C,0xC1,0x65,0x29,0x22,0x4D,0x6B,
    0x6B,0xCE,0x73,0xF9,0xCE,0x73,0xFF,0x8D,0x73,0xFE,0x6D,0x6B,0xFE,0x6D,0x6B,0xFF,
    0x2C,0x63,0x94,0x00,0x00,0x05,0x00,0x00,0x00,0x00,0x00,0x0B,0x0B,0x63,0x63,0x6D,
    0x6B,0xD5,0x4C,0x6B,0xFF,0xEB,0x5A,0xFF,0xA9,0x52,0xCC,0x44,0x29,0x2A,0x2B,0x63,
    0x19,0xCA,0x52,0xBB,0x69,0x4A,0xFF,0x08,0x42,0xC4,0x45,0x29,0x18,0x00,0x00,0x00,
    0x00,0x00,0x01,0x00,0x00,0x00,0x00,0x00,0x00,0x00,0x00,0x00,0x00,0x00,0x00,0x00,
    0x00,0x00,0x00,0x00,0x00,0x00,0x00,0x00,0x00,0x00,0x01,0x00,0x00,0x00,0x24,0x21,
    0x14,0x28,0x42,0xD7,0x8A,0x52,0xFB,0xCB,0x5A,0x21,0xE7,0x39,0x5F,0x69,0x4A,0xFF,
    0x49,0x4A,0xE6,0xCA,0x52,0xA9,0x0C,0x63,0xAB,0x0C,0x63,0xAF,0xAA,0x52,0xDA,0xAA,
    0x52,0xFD,0xCA,0x52,0xFD,0xCA,0x52,0xFD,0xCB,0x5A,0xFD,0xEB,0x5A,0xFD,0xEB,0x5A,
    0xFD,0x0C,0x63,0xFD,0x2C,0x63,0xFD,0x4D,0x6B,0xFD,0x6D,0x6B,0xFD,0x6D,0x6B,0xFD,
    0xAE,0x73,0xFF,0xEF,0x7B,0xEB,0x0F,0x7C,0xB6,0x2F,0x84,0xCB,0x50,0x84,0xEC,0x30,
    0x84,0xFF,0x50,0x84,0xFF,0x50,0x84,0xFF,0x50,0x84,0xFC,0x71,0x8C,0xFB,0x71,0x8C,
    0xFD,0xB2,0x94,0xFD,0xD3,0x9C,0xFD,0xD2,0x94,0xFD,0xF3,0x9C,0xFD,0xF3,0x9C,0xFD,
    0x14,0xA5,0xFD,0x13,0x9D,0xFD,0x54,0xA5,0xFD,0x75,0xAD,0xFD,0x75,0xAD,0xFD,0x95,
    0xAD,0xFD,0xD6,0xB5,0xFC,0xD6,0xB5,0xFD,0xB6,0xB5,0xE9,0xF3,0x9C,0xA3,0xD3,0x9C,
    0x9D,0xB2,0x94,0x9A,0x34,0xA5,0xD2,0x38,0xC6,0xFD,0x58,0xC6,0xFC,0x58,0xC6,0xFD,
    0x79,0xCE,0xFD,0x79,0xCE,0xFC,0x79,0xCE,0xFD,0x79,0xCE,0xFE,0x34,0xA5,0xB1,0xD6,
    0xB5,0xDD,0xBA,0xD6,0xFE,0x99,0xCE,0xFD,0x99,0xCE,0xFE,0x99,0xCE,0xFD,0x1B,0xDF,
    0xFF,0x59,0xCE,0xD9,0x75,0xAD,0x9D,0x59,0xCE,0xCE,0xDA,0xD6,0xFF,0x3C,0xE7,0xFF,
    0xDA,0xD6,0xFC,0xBA,0xD6,0xFC,0xBA,0xD6,0xFD,0xBA,0xD6,0xFD,0xBA,0xD6,0xFD,0xBA,
    0xD6,0xFD,0x99,0xCE,0xFD,0x9A,0xD6,0xFD,0x79,0xCE,0xFD,0x58,0xC6,0xFD,0x38,0xC6,
    0xFD,0x38,0xC6,0xFD,0x17,0xBE,0xFD,0x17,0xBE,0xFD,0x34,0xA5,0xB8,0xB6,0xB5,0xD9,
    0x17,0xBE,0xFF,0x95,0xAD,0xFD,0x96,0xB5,0xFD,0x96,0xB5,0xFD,0x95,0xAD,0xFD,0x75,
    0xAD,0xFD,0x34,0xA5,0xFD,0x75,0xAD,0xFC,0x75,0xAD,0xEE,0x54,0xAD,0xC9,0x75,0xAD,
    0xFF,0x54,0xA5,0xFF,0xD2,0x94,0xFB,0xF2,0x9C,0xFD,0xF2,0x9C,0xFD,0x91,0x8C,0xFD,
    0x71,0x8C,0xFD,0x50,0x8C,0xFD,0x30,0x84,0xFD,0x0F,0x84,0xFC,0x0F,0x84,0xFF,0x30,
    0x84,0xD2,0x0F,0x84,0xF0,0xCE,0x73,0xFF,0xAE,0x73,0xFC,0x6D,0x6B,0xFE,0x6D,0x6B,
    0xFD,0x4D,0x6B,0xFD,0x2C,0x63,0xF9,0xCA,0x52,0x65,0xCA,0x5A,0x5A,0x2C,0x63,0xBF,
    0x2C,0x63,0xFC,0x2C,0x63,0xFF,0xEB,0x5A,0xFC,0xCA,0x5A,0xA0,0x65,0x29,0x15,0x2B,
    0x63,0x27,0x2C,0x63,0xC5,0xAA,0x52,0xFF,0x28,0x42,0xD8,0xA6,0x31,0x33,0x00,0x00,
    0x00,0xFF,0xFF,0x01,0x00,0x00,0x00,0x00,0x00,0x00,0x00,0x00,0x00,0x00,0x00,0x00,
    0x00,0x00,0x00,0x00,0x00,0x00,0x00,0x00,0x00,0x00,0x00,0x00,0x00,0x00,0x01,0x00,
    0x00,0x00,0x24,0x21,0x0D,0x48,0x42,0xCE,0x69,0x4A,0xFE,0x48,0x42,0x30,0xA6,0x31,
    0x34,0x48,0x42,0xF8,0x89,0x4A,0xFF,0x8A,0x52,0xFF,0xAA,0x52,0xFF,0xAA,0x52,0xFF,
    0xAA,0x52,0xFF,0xCA,0x52,0xFF,0xEB,0x5A,0xFF,0x0C,0x63,0xFF,0x0B,0x5B,0xFF,0xEB,
    0x5A,0xFF,0x0C,0x63,0xFF,0x2C,0x63,0xFF,0x8D,0x6B,0xFF,0x8E,0x73,0xFF,0xAE,0x73,
    0xFF,0xAE,0x73,0xFF,0xCE,0x73,0xFF,0x0F,0x7C,0xFF,0x71,0x8C,0xFF,0x91,0x8C,0xFF,
    0x71,0x8C,0xFF,0x30,0x84,0xFF,0x50,0x84,0xFF,0x71,0x8C,0xFF,0x91,0x8C,0xFF,0xB2,
    0x94,0xFF,0xD2,0x94,0xFF,0xF3,0x9C,0xFF,0x34,0xA5,0xFF,0x34,0xA5,0xFF,0x34,0xA5,
    0xFF,0x34,0xA5,0xFF,0x54,0xA5,0xFF,0x75,0xAD,0xFF,0x95,0xAD,0xFF,0x96,0xB5,0xFF,
    0xD7,0xBD,0xFF,0xD6,0xB5,0xFF,0xF7,0xBD,0xFF,0x38,0xC6,0xFF,0x38,0xC6,0xFF,0x99,
    0xCE,0xFF,0x79,0xCE,0xFF,0x18,0xC6,0xFF,0x58,0xC6,0xFF,0x79,0xCE,0xFF,0xBA,0xD6,
    0xFF,0xDA,0xD6,0xFF,0xBA,0xD6,0xFF,0xDA,0xD6,0xFF,0xDA,0xD6,0xFF,0xDA,0xD6,0xFF,
    0x1B,0xDF,0xFF,0xDA,0xD6,0xFF,0xDA,0xD6,0xFF,0x1B,0xDF,0xFF,0x1B,0xDF,0xFF,0xFB,
    0xDE,0xFF,0x1B,0xDF,0xFF,0x9D,0xEF,0xFF,0xBE,0xF7,0xFF,0xBE,0xF7,0xFF,0x5C,0xEF,
    0xFF,0x3C,0xE7,0xFF,0x1C,0xE7,0xFF,0x1B,0xDF,0xFF,0xFB,0xDE,0xFF,0x1B,0xDF,0xFF,
    0xFB,0xDE,0xFF,0xFB,0xDE,0xFF,0xFB,0xDE,0xFF,0xFB,0xDE,0xFF,0xDA,0xD6,0xFF,0xBA,
    0xD6,0xFF,0x9A,0xD6,0xFF,0x99,0xCE,0xFF,0x79,0xCE,0xFF,0x79,0xCE,0xFF,0xBA,0xD6,
    0xFF,0x59,0xCE,0xFF,0xF7,0xBD,0xFF,0x17,0xBE,0xFF,0x18,0xC6,0xFF,0xF7,0xBD,0xFF,
    0xF7,0xBD,0xFF,0xB6,0xB5,0xFF,0xB6,0xB5,0xFF,0xD6,0xB5,0xFF,0xB6,0xB5,0xFF,0x17,
    0xBE,0xFF,0x95,0xB5,0xFF,0x74,0xAD,0xFF,0x74,0xAD,0xFF,0x54,0xA5,0xFF,0x13,0x9D,
    0xFF,0xF3,0x9C,0xFF,0xD2,0x94,0xFF,0x91,0x8C,0xFF,0x71,0x8C,0xFF,0x50,0x8C,0xFF,
    0x50,0x84,0xFF,0x91,0x8C,0xFF,0x50,0x84,0xFF,0x30,0x84,0xFF,0x0F,0x7C,0xFF,0xAE,
    0x73,0xFF,0xAE,0x73,0xFF,0xAE,0x73,0xFF,0x6D,0x6B,0xFF,0x4C,0x6B,0xF6,0x2C,0x63,
    0xFF,0x2C,0x63,0xFF,0xCA,0x52,0xFF,0xAA,0x52,0xCE,0xAA,0x52,0x53,0x00,0x00,0x00,
    0xAA,0x52,0x50,0x2C,0x63,0xDF,0xEB,0x5A,0xFF,0x49,0x4A,0xCE,0xE7,0x39,0x35,0x00,
    0x00,0x00,0xEF,0x7B,0x02,0x00,0x00,0x00,0x00,0x00,0x00,0x00,0x00,0x00,0x00,0x00,
    0x00,0x00,0x00,0x00,0x00,0x00,0x00,0x00,0x00,0x00,0x00,0x00,0x00,0x00,0x00,0x00,
    0x00,0x00,0x01,0x00,0x00,0x01,0x00,0x00,0x01,0x08,0x42,0x9F,0x28,0x42,0xFF,0x49,
    0x4A,0x8F,0x00,0x00,0x00,0xA6,0x31,0x61,0x28,0x42,0xC9,0x28,0x42,0xD5,0x28,0x42,
    0xD4,0x28,0x42,0xD3,0x48,0x42,0xD3,0x69,0x4A,0xD4,0x89,0x4A,0xD6,0xAA,0x52,0xD5,
    0x89,0x4A,0xD4,0x69,0x4A,0xD3,0x89,0x4A,0xD4,0xAA,0x52,0xD6,0x0B,0x5B,0xD7,0x0C,
    0x63,0xD9,0x0C,0x63,0xD8,0x0C,0x63,0xD7,0x4C,0x6B,0xD7,0x6D,0x6B,0xD7,0x8D,0x73,
    0xD5,0x8D,0x73,0xD5,0xAE,0x73,0xD5,0xAE,0x73,0xD6,0x8E,0x73,0xD7,0xAE,0x73,0xD9,
    0xCE,0x73,0xD9,0xCF,0x7B,0xD9,0x0F,0x7C,0xDB,0x30,0x84,0xDD,0x30,0x84,0xDD,0x71,
    0x8C,0xDC,0x71,0x8C,0xDD,0x91,0x8C,0xDD,0x91,0x8C,0xDC,0x91,0x8C,0xDB,0x91,0x8C,
    0xDA,0xB2,0x94,0xDA,0xD2,0x94,0xDA,0xF3,0x9C,0xDB,0x13,0x9D,0xDC,0x54,0xA5,0xDE,
    0x55,0xAD,0xDD,0x54,0xA5,0xDB,0x54,0xA5,0xDA,0x34,0xA5,0xD9,0x14,0xA5,0xDB,0x75,
    0xAD,0xDC,0x75,0xAD,0xDC,0x96,0xB5,0xDD,0xB6,0xB5,0xDE,0x96,0xB5,0xDE,0xB6,0xB5,
    0xDE,0xB6,0xB5,0xDC,0xB6,0xB5,0xDA,0xB6,0xB5,0xDA,0xB6,0xB5,0xDC,0xD6,0xB5,0xDE,
    0xB6,0xB5,0xDF,0xD6,0xB5,0xDE,0xD6,0xB5,0xDE,0xF7,0xBD,0xDC,0x38,0xC6,0xDB,0x38,
    0xC6,0xDD,0x38,0xC6,0xDE,0x38,0xC6,0xE0,0xF7,0xBD,0xE1,0xD7,0xBD,0xDF,0xD6,0xBD,
    0xDF,0xD6,0xB5,0xDF,0xB6,0xB5,0xDF,0xB6,0xB5,0xDF,0xB6,0xB5,0xDD,0x96,0xB5,0xDD,
    0xB6,0xB5,0xDD,0x96,0xB5,0xDD,0x95,0xAD,0xDD,0x75,0xAD,0xDE,0x75,0xAD,0xDF,0x75,
    0xAD,0xDE,0x54,0xA5,0xDC,0x34,0xA5,0xDD,0x55,0xAD,0xE0,0x54,0xA5,0xE1,0x13,0x9D,
    0xDF,0x13,0x9D,0xDF,0xF3,0x9C,0xDE,0xB2,0x94,0xDD,0xF3,0x9C,0xDE,0xD2,0x9C,0xDF,
    0xD2,0x9C,0xDE,0xF3,0x9C,0xDC,0xD2,0x94,0xDD,0xB1,0x94,0xE0,0x91,0x8C,0xDF,0x50,
    0x84,0xDC,0x0F,0x84,0xDB,0x0F,0x84,0xDB,0xEF,0x7B,0xDA,0xCE,0x7B,0xDB,0xCE,0x7B,
    0xDB,0xAE,0x73,0xDC,0xAE,0x73,0xDC,0xAE,0x73,0xDA,0xAE,0x73,0xDD,0xAE,0x73,0xDE,
    0x6D,0x6B,0xDE,0x2C,0x63,0xDE,0x2C,0x63,0xDE,0x2C,0x63,0xDA,0x2C,0x63,0xEB,0x2C,
    0x63,0xFF,0xCA,0x5A,0xFB,0x69,0x4A,0xD2,0x28,0x42,0x6D,0x02,0x21,0x0F,0xAE,0x73,
    0x13,0x0B,0x63,0x90,0x0C,0x63,0xF8,0xEB,0x5A,0xFF,0x49,0x4A,0xBB,0xE7,0x39,0x28,
    0x00,0x00,0x00,0xEF,0x7B,0x02,0x00,0x00,0x00,0x00,0x00,0x00,0x00,0x00,0x00,0x00,
    0x00,0x00,0x00,0x00,0x00,0x00,0x00,0x00,0x00,0x00,0x00,0x00,0x00,0x00,0x00,0x00,
    0x00,0x00,0x00,0x00,0x00,0x00,0x00,0xEF,0x7B,0x02,0x00,0x00,0x00,0xA6,0x31,0x47,
    0xC7,0x39,0xF9,0x28,0x42,0xF6,0x2C,0x63,0x7A,0xEF,0x7B,0x0E,0x00,0x00,0x10,0x00,
    0x00,0x17,0x00,0x00,0x14,0x00,0x00,0x13,0x00,0x00,0x12,0x00,0x00,0x12,0x00,0x00,
    0x12,0x00,0x00,0x0F,0x00,0x00,0x0D,0x00,0x00,0x0E,0x00,0x00,0x0F,0x00,0x00,0x11,
    0x00,0x00,0x12,0x00,0x00,0x11,0x00,0x00,0x11,0x00,0x00,0x12,0x00,0x00,0x15,0x00,
    0x00,0x15,0x00,0x00,0x15,0x00,0x00,0x13,0x00,0x00,0x10,0x00,0x00,0x10,0x00,0x00,
    0x11,0x00,0x00,0x12,0x00,0x00,0x11,0x00,0x00,0x13,0x00,0x00,0x14,0x00,0x00,0x17,
    0x00,0x00,0x1A,0x00,0x00,0x1B,0x00,0x00,0x1C,0x00,0x00,0x1B,0x00,0x00,0x18,0x00,
    0x00,0x14,0x00,0x00,0x12,0x00,0x00,0x12,0x00,0x00,0x12,0x00,0x00,0x12,0x00,0x00,
    0x15,0x00,0x00,0x18,0x00,0x00,0x1A,0x00,0x00,0x1A,0x00,0x00,0x18,0x00,0x00,0x16,
    0x00,0x00,0x14,0x00,0x00,0x13,0x00,0x00,0x13,0x00,0x00,0x13,0x00,0x00,0x14,0x00,
    0x00,0x17,0x00,0x00,0x18,0x00,0x00,0x15,0x00,0x00,0x15,0x00,0x00,0x12,0x00,0x00,
    0x12,0x00,0x00,0x14,0x00,0x00,0x15,0x00,0x00,0x14,0x00,0x00,0x13,0x00,0x00,0x13,
    0x00,0x00,0x14,0x00,0x00,0x19,0x00,0x00,0x1A,0x00,0x00,0x1C,0x00,0x00,0x1E,0x00,
    0x00,0x1A,0x00,0x00,0x16,0x00,0x00,0x16,0x00,0x00,0x16,0x00,0x00,0x15,0x00,0x00,
    0x14,0x00,0x00,0x14,0x00,0x00,0x14,0x00,0x00,0x14,0x00,0x00,0x15,0x00,0x00,0x18,
    0x00,0x00,0x1A,0x00,0x00,0x1A,0x00,0x00,0x19,0x00,0x00,0x1A,0x00,0x00,0x1D,0x00,
    0x00,0x1A,0x00,0x00,0x16,0x00,0x00,0x16,0x00,0x00,0x16,0x00,0x00,0x14,0x00,0x00,
    0x15,0x00,0x00,0x19,0x00,0x00,0x1D,0x00,0x00,0x1D,0x00,0x00,0x1B,0x00,0x00,0x20,
    0x00,0x00,0x1D,0x00,0x00,0x15,0x00,0x00,0x14,0x00,0x00,0x14,0x00,0x00,0x13,0x00,
    0x00,0x14,0x00,0x00,0x17,0x00,0x00,0x1A,0x00,0x00,0x19,0x00,0x00,0x1A,0x00,0x00,
    0x1A,0x00,0x00,0x1C,0x00,0x00,0x21,0x00,0x00,0x23,0x00,0x00,0x23,0x00,0x00,0x1C,
    0x03,0x21,0x26,0x08,0x42,0x3C,0x86,0x31,0x32,0x00,0x00,0x0F,0x90,0x73,0x0D,0xCE,
    0x73,0x6A,0x2C,0x63,0xD9,0xEB,0x5A,0xFF,0xAA,0x52,0xFB,0x28,0x42,0x90,0xA2,0x10,
    0x16,0x00,0x00,0x00,0x00,0x00,0x02,0x00,0x00,0x00,0x00,0x00,0x00,0x00,0x00,0x00,
    0x00,0x00,0x00,0x00,0x00,0x00,0x00,0x00,0x00,0x00,0x00,0x00,0x00,0x00,0x00,0x00,
    0x00,0x00,0x00,0x00,0x00,0x00,0x00,0x00,0x00,0x00,0x00,0x00,0x00,0x00,0x00,0x00,
    0x01,0x00,0x00,0x03,0xA6,0x31,0x84,0x08,0x42,0xFF,0x8A,0x52,0xFF,0x0B,0x5B,0xD5,
    0x8E,0x73,0xB4,0xCE,0x73,0xAF,0xAE,0x73,0xAD,0xAE,0x73,0xAC,0x8E,0x73,0xAC,0x8E,
    0x73,0xAB,0x8D,0x6B,0xA9,0x6D,0x6B,0xA7,0x8D,0x6B,0xA5,0x8E,0x73,0xA6,0xCE,0x73,
    0xA8,0xCF,0x7B,0xA9,0xEF,0x7B,0xA7,0xEF,0x7B,0xA7,0x10,0x84,0xA8,0x51,0x8C,0xAA,
    0x51,0x8C,0xAC,0x71,0x8C,0xAC,0x71,0x8C,0xAC,0x71,0x8C,0xAA,0x71,0x8C,0xA8,0x91,
    0x8C,0xA9,0x91,0x8C,0xAA,0x92,0x94,0xA9,0xB2,0x94,0xA7,0x91,0x8C,0xA9,0xB2,0x94,
    0xA8,0xB2,0x94,0xA8,0xF3,0x9C,0xAA,0x13,0x9D,0xAC,0x13,0x9D,0xAC,0x54,0xA5,0xAC,
    0x54,0xA5,0xAB,0x55,0xAD,0xA8,0x34,0xA5,0xA6,0x54,0xA5,0xA7,0x54,0xA5,0xA7,0x75,
    0xAD,0xA7,0x75,0xAD,0xA8,0xD7,0xBD,0xA9,0xF7,0xBD,0xAB,0x17,0xBE,0xAA,0x17,0xBE,
    0xAA,0x17,0xBE,0xAA,0x17,0xBE,0xA9,0xF7,0xBD,0xA8,0xF7,0xBD,0xA7,0x18,0xC6,0xA8,
    0x38,0xC6,0xA8,0x58,0xC6,0xAB,0x59,0xCE,0xAC,0x79,0xCE,0xAC,0x99,0xCE,0xAC,0x79,
    0xCE,0xAA,0x79,0xCE,0xA9,0x79,0xCE,0xA8,0x99,0xCE,0xA9,0x79,0xCE,0xA7,0x79,0xCE,
    0xA6,0x99,0xCE,0xA6,0xBA,0xD6,0xA6,0xBA,0xD6,0xAA,0xDA,0xD6,0xAB,0xFB,0xDE,0xA9,
    0xFB,0xDE,0xAA,0xDA,0xD6,0xAB,0xBA,0xD6,0xA8,0xBA,0xD6,0xA7,0x99,0xCE,0xA7,0x79,
    0xCE,0xA7,0x79,0xCE,0xA6,0x59,0xCE,0xA7,0x58,0xC6,0xA7,0x38,0xC6,0xA7,0x38,0xC6,
    0xA7,0x38,0xC6,0xA8,0x79,0xCE,0xAA,0x79,0xCE,0xAB,0x58,0xC6,0xAA,0x38,0xC6,0xAB,
    0x38,0xC6,0xAC,0x18,0xC6,0xAA,0xF7,0xBD,0xA8,0xB6,0xB5,0xA8,0x95,0xAD,0xA8,0x75,
    0xAD,0xA7,0x75,0xAD,0xA8,0x96,0xAD,0xAB,0x75,0xAD,0xAE,0x55,0xAD,0xAE,0x75,0xAD,
    0xAD,0x55,0xAD,0xAD,0x34,0xA5,0xAC,0xF3,0x9C,0xAA,0xF3,0x9C,0xA9,0xB2,0x94,0xA9,
    0xB2,0x94,0xA9,0xD2,0x94,0xA9,0xD2,0x94,0xAB,0xD2,0x94,0xAD,0x91,0x8C,0xAD,0x91,
    0x8C,0xAD,0x51,0x8C,0xAA,0x51,0x8C,0xAB,0x51,0x8C,0xAF,0x91,0x8C,0xB0,0x91,0x8C,
    0xB1,0x30,0x84,0xAE,0xCE,0x73,0x63,0x34,0xA5,0x29,0x50,0x84,0x44,0x10,0x84,0x8C,
    0x6D,0x6B,0xD6,0x0C,0x63,0xFF,0xCB,0x5A,0xFF,0x48,0x42,0xCD,0xC7,0x39,0x51,0x00,
    0x00,0x00,0x00,0x00,0x00,0x00,0x00,0x02,0x00,0x00,0x00,0x00,0x00,0x00,0x00,0x00,
    0x00,0x00,0x00,0x00,0x00,0x00,0x00,0x00,0x00,0x00,0x00,0x00,0x00,0x00,0x00,0x00,
    0x00,0x00,0x00,0x00,0x00,0x00,0x00,0x00,0x00,0x00,0x00,0x00,0x00,0x00,0x00,0x00,
    0x00,0x00,0x00,0x00,0x01,0x00,0x00,0x00,0x00,0x00,0x06,0xC6,0x31,0x77,0x48,0x42,
    0xDE,0x8A,0x52,0xFF,0xCB,0x5A,0xFF,0xCB,0x5A,0xFF,0xCB,0x5A,0xFF,0xAA,0x52,0xFF,
    0xAA,0x52,0xFF,0xAA,0x52,0xFF,0xAA,0x52,0xFF,0xAA,0x52,0xFF,0xEB,0x5A,0xFF,0xEB,
    0x5A,0xFF,0x0C,0x63,0xFF,0x2C,0x63,0xFF,0x4D,0x6B,0xFF,0x6D,0x6B,0xFF,0x8E,0x73,
    0xFF,0xAE,0x73,0xFF,0xCF,0x7B,0xFF,0xCF,0x7B,0xFF,0xEF,0x7B,0xFF,0x10,0x84,0xFF,
    0x30,0x84,0xFF,0x51,0x8C,0xFF,0x51,0x8C,0xFF,0x50,0x84,0xFF,0x71,0x8C,0xFF,0x71,
    0x8C,0xFF,0x91,0x8C,0xFF,0xB2,0x94,0xFF,0xD2,0x94,0xFF,0x13,0x9D,0xFF,0x13,0x9D,
    0xFF,0x34,0xA5,0xFF,0x75,0xAD,0xFF,0x96,0xB5,0xFF,0x75,0xAD,0xFF,0x75,0xAD,0xFF,
    0x96,0xB5,0xFF,0xB6,0xB5,0xFF,0xD6,0xB5,0xFF,0xF7,0xBD,0xFF,0x38,0xC6,0xFF,0x38,
    0xC6,0xFF,0x79,0xCE,0xFF,0x79,0xCE,0xFF,0x59,0xCE,0xFF,0x79,0xCE,0xFF,0x79,0xCE,
    0xFF,0x99,0xCE,0xFF,0xBA,0xD6,0xFF,0xDA,0xD6,0xFF,0xFB,0xDE,0xFF,0x1B,0xDF,0xFF,
    0x3C,0xE7,0xFF,0x1B,0xDF,0xFF,0xFB,0xDE,0xFF,0xFB,0xDE,0xFF,0xFB,0xDE,0xFF,0x1B,
    0xDF,0xFF,0x1B,0xDF,0xFF,0x3C,0xE7,0xFF,0x3C,0xE7,0xFF,0x5C,0xE7,0xFF,0x7D,0xEF,
    0xFF,0x9D,0xEF,0xFF,0x9D,0xEF,0xFF,0x9D,0xEF,0xFF,0x7D,0xEF,0xFF,0x5C,0xE7,0xFF,
    0x3C,0xE7,0xFF,0x1B,0xDF,0xFF,0xFB,0xDE,0xFF,0xFB,0xDE,0xFF,0xBA,0xD6,0xFF,0xBA,
    0xD6,0xFF,0xDA,0xD6,0xFF,0xDA,0xD6,0xFF,0xBA,0xD6,0xFF,0xBA,0xD6,0xFF,0x9A,0xD6,
    0xFF,0x99,0xCE,0xFF,0x79,0xCE,0xFF,0x58,0xC6,0xFF,0x38,0xC6,0xFF,0xF7,0xBD,0xFF,
    0xB6,0xB5,0xFF,0xB6,0xB5,0xFF,0x96,0xB5,0xFF,0x75,0xAD,0xFF,0x75,0xAD,0xFF,0x75,
    0xAD,0xFF,0x75,0xAD,0xFF,0x34,0xA5,0xFF,0xF3,0x9C,0xFF,0xF3,0x9C,0xFF,0xD2,0x94,
    0xFF,0xB2,0x94,0xFF,0x91,0x8C,0xFF,0x71,0x8C,0xFF,0x71,0x8C,0xFF,0x71,0x8C,0xFF,
    0x50,0x84,0xFF,0x0F,0x7C,0xFF,0xEF,0x7B,0xFF,0xAE,0x73,0xFF,0xAE,0x73,0xFF,0xEF,
    0x7B,0xFF,0xEF,0x7B,0xFF,0xCF,0x7B,0xFF,0xCF,0x7B,0xFF,0xAE,0x73,0xFB,0xCE,0x73,
    0xFF,0xAE,0x73,0xFF,0x2C,0x63,0xFF,0x69,0x4A,0xDC,0xE7,0x39,0x7A,0xA2,0x10,0x16,
    0x00,0x00,0x00,0x00,0x00,0x00,0x00,0x00,0x01,0x00,0x00,0x00,0x00,0x00,0x00,0x00,
    0x00,0x00,0x00,0x00,0x00,0x00,0x00,0x00,0x00,0x00,0x00,0x00,0x00,0x00,0x00,0x00,
    0x00,0x00,0x00,0x00,0x00,0x00,0x00,0x00,0x00,0x00,0x00,0x00,0x00,0x00,0x00,0x00,
    0x00,0x00,0x00,0x00,0x00,0x00,0x00,0x00,0x00,0x00,0x00,0x01,0x00,0x00,0x00,0x00,
    0x00,0x00,0x65,0x29,0x1C,0x07,0x3A,0x4E,0xE7,0x39,0x74,0xE7,0x39,0x77,0xC7,0x39,
    0x75,0xC6,0x31,0x73,0xE7,0x39,0x73,0xC7,0x39,0x72,0xE7,0x39,0x70,0x08,0x42,0x6F,
    0x28,0x42,0x70,0x48,0x42,0x71,0x49,0x4A,0x70,0x49,0x4A,0x6E,0x49,0x4A,0x6F,0x89,
    0x4A,0x72,0x8A,0x52,0x73,0x8A,0x52,0x73,0xAA,0x52,0x75,0x89,0x4A,0x75,0x89,0x4A,
    0x75,0xCA,0x52,0x73,0xCB,0x5A,0x73,0xEB,0x5A,0x74,0xEB,0x5A,0x73,0xEB,0x5A,0x70,
    0x0B,0x5B,0x6F,0x2C,0x63,0x70,0x0C,0x63,0x6F,0x4C,0x63,0x6C,0x2C,0x63,0x6A,0x4D,
    0x6B,0x6A,0x6D,0x6B,0x6A,0x6D,0x6B,0x6A,0xAE,0x73,0x6D,0xEF,0x7B,0x6F,0xEF,0x7B,
    0x6F,0xCF,0x7B,0x6C,0xEF,0x7B,0x70,0xCF,0x7B,0x70,0xEF,0x7B,0x71,0xEF,0x7B,0x71,
    0x10,0x84,0x73,0x0F,0x7C,0x74,0x30,0x84,0x74,0x30,0x84,0x73,0x30,0x84,0x74,0x51,
    0x8C,0x74,0x51,0x8C,0x75,0x50,0x84,0x75,0x71,0x8C,0x76,0x71,0x8C,0x77,0x91,0x8C,
    0x77,0xB2,0x94,0x77,0xD2,0x94,0x77,0xB2,0x94,0x77,0xB2,0x94,0x76,0xB2,0x94,0x75,
    0xB2,0x94,0x75,0xB2,0x94,0x75,0xD2,0x94,0x75,0xD2,0x94,0x75,0xD2,0x94,0x75,0xF3,
    0x9C,0x75,0xF3,0x9C,0x75,0xF3,0x9C,0x74,0xF3,0x9C,0x76,0xF3,0x9C,0x75,0xD3,0x9C,
    0x76,0xD3,0x9C,0x76,0xD2,0x94,0x76,0xB2,0x94,0x76,0xB2,0x94,0x76,0xB2,0x94,0x75,
    0x91,0x8C,0x73,0xB2,0x94,0x72,0xD2,0x94,0x73,0x92,0x94,0x74,0x71,0x8C,0x74,0x51,
    0x8C,0x74,0x50,0x84,0x75,0x51,0x8C,0x74,0x50,0x84,0x74,0x10,0x84,0x75,0x30,0x84,
    0x76,0x10,0x84,0x77,0x0F,0x7C,0x76,0xEF,0x7B,0x77,0xCE,0x73,0x76,0xAE,0x73,0x76,
    0xAE,0x73,0x75,0xCE,0x73,0x75,0x8D,0x6B,0x76,0x6D,0x6B,0x74,0x4D,0x6B,0x75,0x6D,
    0x6B,0x76,0x4D,0x6B,0x77,0x4D,0x6B,0x78,0x2C,0x63,0x77,0x0C,0x63,0x75,0x0C,0x63,
    0x75,0xEB,0x5A,0x74,0xEB,0x5A,0x73,0xCA,0x52,0x73,0xCA,0x52,0x73,0xAA,0x52,0x74,
    0x89,0x4A,0x72,0xAA,0x52,0x75,0x8A,0x52,0x74,0xEB,0x5A,0x8D,0x0C,0x63,0xC3,0xEB,
    0x5A,0xD7,0xEB,0x5A,0xCC,0xCA,0x52,0xAE,0x49,0x4A,0x65,0x04,0x21,0x1C,0x00,0x00,
    0x00,0x00,0x00,0x00,0xEF,0x7B,0x02,0x00,0x00,0x01,0x00,0x00,0x00,0x00,0x00,0x00,
    0x00,0x00,0x00,0x00,0x00,0x00,0x00,0x00,0x00,0x00,0x00,0x00,0x00,0x00,0x00,0x00,
    0x00,0x00,0x00,0x00,0x00,0x00,0x00,0x00,0x00,0x00,0x00,0x00,0x00,0x00,0x00,0x00,
    0x00,0x00,0x00,0x00,0x00,0x00,0x00,0x00,0x00,0x00,0x00,0x00,0x00,0x00,0x00,0x00,
    0x00,0x00,0x01,0xFF,0xFF,0x01,0x00,0x00,0x00,0x00,0x00,0x00,0x00,0x00,0x00,0x00,
    0x00,0x00,0x00,0x00,0x00,0x00,0x00,0x00,0x00,0x00,0x00,0x00,0x00,0x00,0x00,0x00,
    0x00,0x00,0x00,0x00,0x00,0x00,0x00,0x00,0x00,0x00,0x00,0x00,0x00,0x00,0x00,0x00,
    0x00,0x00,0x00,0x00,0x00,0x00,0x00,0x00,0x00,0x00,0x00,0x00,0x00,0x00,0x00,0x00,
    0x00,0x00,0x00,0x00,0x00,0x00,0x00,0x00,0x00,0x00,0x00,0x00,0x00,0x00,0x00,0x00,
    0x00,0x00,0x00,0x00,0x00,0x00,0x00,0x00,0x00,0x00,0x00,0x00,0x00,0x00,0x00,0x00,
    0x00,0x00,0x00,0x00,0x00,0x00,0x00,0x00,0x00,0x00,0x00,0x00,0x00,0x00,0x00,0x00,
    0x00,0x00,0x00,0x00,0x00,0x00,0x00,0x00,0x00,0x00,0x00,0x00,0x00,0x00,0x00,0x00,
    0x00,0x00,0x00,0x00,0x00,0x00,0x00,0x00,0x00,0x00,0x00,0x00,0x00,0x00,0x00,0x00,
    0x00,0x00,0x00,0x00,0x00,0x00,0x00,0x00,0x00,0x00,0x00,0x00,0x00,0x00,0x00,0x00,
    0x00,0x00,0x00,0x00,0x00,0x00,0x00,0x00,0x00,0x00,0x00,0x00,0x00,0x00,0x00,0x00,
    0x00,0x00,0x00,0x00,0x00,0x00,0x00,0x00,0x00,0x00,0x00,0x00,0x00,0x00,0x00,0x00,
    0x00,0x00,0x00,0x00,0x00,0x00,0x00,0x00,0x00,0x00,0x00,0x00,0x00,0x00,0x00,0x00,
    0x00,0x00,0x00,0x00,0x00,0x00,0x00,0x00,0x00,0x00,0x00,0x00,0x00,0x00,0x00,0x00,
    0x00,0x00,0x00,0x00,0x00,0x00,0x00,0x00,0x00,0x00,0x00,0x00,0x00,0x00,0x00,0x00,
    0x00,0x00,0x00,0x00,0x00,0x00,0x00,0x00,0x00,0x00,0x00,0x00,0x00,0x00,0x00,0x00,
    0x00,0x00,0x00,0x00,0x00,0x00,0x00,0x00,0x00,0x00,0x00,0x00,0x00,0x00,0x00,0x00,
    0x00,0x00,0x00,0x00,0x00,0x00,0x00,0x00,0x00,0x00,0x00,0x00,0x00,0x00,0x00,0x00,
    0x00,0x00,0x00,0x00,0x00,0x00,0x00,0x00,0x00,0x00,0x00,0x00,0x00,0x00,0x00,0x00,
    0x00,0x00,0x00,0x00,0x00,0x00,0x00,0x00,0x00,0x00,0x00,0x00,0x00,0x00,0x00,0x00,
    0x00,0x00,0x00,0x00,0x00,0x00,0x00,0x00,0x00,0x00,0x00,0x00,0x00,0x00,0x00,0x00,
    0x00,0x00,0x0B,0x04,0x21,0x17,0x00,0x00,0x0F,0x00,0x00,0x02,0x00,0x00,0x00,0x00,
    0x00,0x00,0xEF,0x7B,0x02,0x00,0x00,0x01,0x00,0x00,0x00,0x00,0x00,0x00,0x00,0x00,
    0x00,0x00,0x00,0x00,0x00,0x00,0x00,0x00,0x00,0x00,0x00,0x00,0x00,0x00,0x00,0x00,
    0x00,0x00,0x00,0x00,0x00,0x00,0x00,0x00,0x00,0x00,0x00,0x00,0x00,0x00,0x00,0x00,
    0x00,0x00,0x00,0x00,0x00,0x00,0x00,0x00,0x00,0x00,0x00,0x00,0x00,0x00,0x00,0x00,
    0x00,0x00,0x00,0x00,0x00,0x00,0x00,0x00,0x00,0x00,0x00,0x00,0x02,0xEF,0x7B,0x02,
    0xEF,0x7B,0x02,0xEF,0x7B,0x02,0xEF,0x7B,0x02,0xEF,0x7B,0x02,0xEF,0x7B,0x02,0xEF,
    0x7B,0x02,0xEF,0x7B,0x02,0xEF,0x7B,0x02,0xEF,0x7B,0x02,0xEF,0x7B,0x02,0xEF,0x7B,
    0x02,0xEF,0x7B,0x02,0xEF,0x7B,0x02,0xEF,0x7B,0x02,0xEF,0x7B,0x02,0xEF,0x7B,0x02,
    0xEF,0x7B,0x02,0xEF,0x7B,0x02,0xEF,0x7B,0x02,0xEF,0x7B,0x02,0xEF,0x7B,0x02,0xEF,
    0x7B,0x02,0xEF,0x7B,0x02,0xEF,0x7B,0x02,0xEF,0x7B,0x02,0xEF,0x7B,0x02,0xEF,0x7B,
    0x02,0xFF,0xFF,0x02,0xFF,0xFF,0x02,0xFF,0xFF,0x02,0xFF,0xFF,0x02,0xFF,0xFF,0x02,
    0xFF,0xFF,0x02,0xFF,0xFF,0x02,0xFF,0xFF,0x02,0xFF,0xFF,0x02,0xFF,0xFF,0x02,0xFF,
    0xFF,0x02,0xFF,0xFF,0x02,0xFF,0xFF,0x02,0xFF,0xFF,0x02,0xFF,0xFF,0x02,0xFF,0xFF,
    0x02,0xFF,0xFF,0x02,0xFF,0xFF,0x02,0xFF,0xFF,0x02,0xFF,0xFF,0x02,0xFF,0xFF,0x02,
    0xFF,0xFF,0x02,0xFF,0xFF,0x02,0xFF,0xFF,0x02,0xFF,0xFF,0x02,0xFF,0xFF,0x02,0xFF,
    0xFF,0x02,0xFF,0xFF,0x02,0xFF,0xFF,0x02,0xFF,0xFF,0x02,0xFF,0xFF,0x02,0xFF,0xFF,
    0x02,0xFF,0xFF,0x02,0xFF,0xFF,0x02,0xFF,0xFF,0x02,0xFF,0xFF,0x02,0xFF,0xFF,0x02,
    0xFF,0xFF,0x02,0xFF,0xFF,0x02,0xFF,0xFF,0x02,0xFF,0xFF,0x02,0xFF,0xFF,0x02,0xFF,
    0xFF,0x02,0xFF,0xFF,0x02,0xFF,0xFF,0x02,0xFF,0xFF,0x02,0xFF,0xFF,0x02,0xFF,0xFF,
    0x02,0xFF,0xFF,0x02,0xFF,0xFF,0x02,0xFF,0xFF,0x02,0xFF,0xFF,0x02,0xFF,0xFF,0x02,
    0xFF,0xFF,0x02,0xFF,0xFF,0x02,0xFF,0xFF,0x02,0xFF,0xFF,0x02,0xFF,0xFF,0x02,0xFF,
    0xFF,0x02,0xFF,0xFF,0x02,0xFF,0xFF,0x02,0xFF,0xFF,0x02,0xFF,0xFF,0x02,0xFF,0xFF,
    0x02,0xFF,0xFF,0x02,0xFF,0xFF,0x02,0xFF,0xFF,0x02,0xFF,0xFF,0x02,0xFF,0xFF,0x02,
    0xEF,0x7B,0x02,0xEF,0x7B,0x02,0xEF,0x7B,0x02,0xEF,0x7B,0x02,0xEF,0x7B,0x02,0xEF,
    0x7B,0x02,0xEF,0x7B,0x02,0xEF,0x7B,0x02,0xEF,0x7B,0x02,0xEF,0x7B,0x02,0xEF,0x7B,
    0x02,0xFF,0xFF,0x01,0x00,0x00,0x00,0x00,0x00,0x00,0x00,0x00,0x00,0x00,0x00,0x00,
    0xEF,0x7B,0x02,0x00,0x00,0x02,0x00,0x00,0x00,0x00,0x00,0x00,0x00,0x00,0x00,0x00,
    0x00,0x00,0x00,0x00,0x00,0x00,0x00,0x00,0x00,0x00,0x00,0x00,0x00,0x00,0x00,0x00,
    0x00,0x00,0x00,0x00,0x00,0x00,0x00,0x00,0x00,0x00,0x00,0x00,0x00,0x00,0x00,0x00,
    0x00,0x00,0x00,0x00,0x00,0x00,0x00,0x00,0x00,0x00,0x00,0x00,0x00,0x00,0x00,0x00,
    0x00,0x00,0x00,0x00,0x00,0x00,0x00,0x00,0x00,0x00,0x00,0x00,0x00,0x00,0x00,0x00,
    0x00,0x00,0x00,0x00,0x00,0x00,0x00,0x00,0x00,0x00,0x00,0x00,0x00,0x00,0x00,0x00,
    0x00,0x00,0x00,0x00,0x00,0x00,0x00,0x00,0x00,0x00,0x00,0x00,0x00,0x00,0x00,0x00,
    0x00,0x00,0x00,0x00,0x00,0x00,0x00,0x00,0x00,0x00,0x00,0x00,0x00,0x00,0x00,0x00,
    0x00,0x00,0x00,0x00,0x00,0x00,0x00,0x00,0x00,0x00,0x00,0x00,0x00,0x00,0x00,0x00,
    0x00,0x00,0x00,0x00,0x00,0x00,0x00,0x00,0x00,0x00,0x00,0x00,0x00,0x00,0x00,0x00,
    0x00,0x00,0x00,0x00,0x00,0x00,0x00,0x00,0x00,0x00,0x00,0x00,0x00,0x00,0x00,0x00,
    0x00,0x00,0x00,0x00,0x00,0x00,0x00,0x00,0x00,0x00,0x00,0x00,0x00,0x00,0x00,0x00,
    0x00,0x00,0x00,0x00,0x00,0x00,0x00,0x00,0x00,0x00,0x00,0x00,0x00,0x00,0x00,0x00,
    0x00,0x00,0x00,0x00,0x00,0x00,0x00,0x00,0x00,0x00,0x00,0x00,0x00,0x00,0x00,0x00,
    0x00,0x00,0x00,0x00,0x00,0x00,0x00,0x00,0x00,0x00,0x00,0x00,0x00,0x00,0x00,0x00,
    0x00,0x00,0x00,0x00,0x00,0x00,0x00,0x00,0x00,0x00,0x00,0x00,0x00,0x00,0x00,0x00,
    0x00,0x00,0x00,0x00,0x00,0x00,0x00,0x00,0x00,0x00,0x00,0x00,0x00,0x00,0x00,0x00,
    0x00,0x00,0x00,0x00,0x00,0x00,0x00,0x00,0x00,0x00,0x00,0x00,0x00,0x00,0x00,0x00,
    0x00,0x00,0x00,0x00,0x00,0x00,0x00,0x00,0x00,0x00,0x00,0x00,0x00,0x00,0x00,0x00,
    0x00,0x00,0x00,0x00,0x00,0x00,0x00,0x00,0x00,0x00,0x00,0x00,0x00,0x00,0x00,0x00,
    0x00,0x00,0x00,0x00,0x00,0x00,0x00,0x00,0x00,0x00,0x00,0x00,0x00,0x00,0x00,0x00,
    0x00,0x00,0x00,0x00,0x00,0x00,0x00,0x00,0x00,0x00,0x00,0x00,0x00,0x00,0x00,0x00,
    0x00,0x00,0x00,0x00,0x00,0x00,0x00,0x00,0x00,0x00,0x00,0x00,0x00,0x00,0x00,0x00,
    0x00,0x00,0x00,0x00,0x00,0x00,0x00,0x00,0x00,0x00,0x00,0x00,0x00,0x00,0x00,0x00,
    0x00,0x00,0x00,0x00,0x00,0x00,0x00,0x00,0x00,0x00,0x00,0x00,0x00,0x00,0x00,0x00,
    0x00,0x00,0x00,0x00,0x00,0x00,0x00,0x00,0x00,0x00,0x01,0x00,0x00,0x01,0x00,0x00,
    0x01,0x00,0x00,0x01,0x00,0x00,0x00,0x00,0x00,0x00,0x00,0x00,0x00,0x00,0x00,0x00,
    0x00,0x00,0x00,0x00,0x00,0x00,0x00,0x00,0x00,0x00,0x00,0x00,0x00,0x00,0x00,0x00,
    0x00,0x00,0x00,0x00,0x00,0x00,0x00,0x00,0x00,0x00,0x00,0x00,0x00,0x00,0x00,0x00,
    0x00,0x00,0x00,0x00,0x00,0x00,0x00,0x00,0x00,0x00,0x00,0x00,0x00,0x00,0x00,0x00,
};

const lv_img_dsc_t ui_img_trailmaster_jap = {
    .header.always_zero = 0,
    .header.w = 140,
    .header.h = 68,
    .data_size = sizeof(ui_img_trailmaster_jap_data),
    .header.cf = LV_IMG_CF_TRUE_COLOR_ALPHA,
    .data = ui_img_trailmaster_jap_data
};
