// This file is custom converted for LVGL v8
#include "ui.h"

#ifndef LV_ATTRIBUTE_MEM_ALIGN
#define LV_ATTRIBUTE_MEM_ALIGN
#endif

// IMAGE DATA: Trailmaster Logo (206x92 px)
const LV_ATTRIBUTE_MEM_ALIGN uint8_t ui_img_trailmaster_data[] = {
    0x00,0x00,0x00,0x00,0x00,0x00,0x00,0x00,0x00,0x00,0x00,0x00,0x00,0x00,0x00,0x00,
    0x00,0x00,0x00,0x00,0x00,0x00,0x00,0x00,0x00,0x00,0x00,0x00,0x00,0x00,0x00,0x00,
    0x00,0x00,0x00,0x00,0x00,0x00,0x00,0x00,0x00,0x00,0x00,0x00,0x00,0x00,0x00,0x00,
    0x00,0x00,0x00,0x00,0x00,0x00,0x00,0x00,0x00,0x00,0x00,0x00,0x00,0x00,0x00,0x00,
    0x00,0x00,0x00,0x00,0x00,0x00,0x00,0x00,0x00,0x00,0x00,0x00,0x00,0x00,0x00,0x00,
    0x00,0x00,0x00,0x00,0x00,0x00,0x00,0x00,0x00,0x00,0x00,0x00,0x00,0x00,0x00,0x00,
    0x00,0x00,0x00,0x00,0x00,0x00,0x00,0x00,0x00,0x00,0x00,0x00,0x00,0x00,0x00,0x00,
    0x00,0x00,0x00,0x00,0x00,0x00,0x00,0x00,0x00,0x00,0x00,0x00,0x00,0x00,0x00,0x00,
    0x00,0x00,0x00,0x00,0x00,0x00,0x00,0x00,0x00,0x00,0x00,0x00,0x00,0x00,0x00,0x00,
    0x00,0x00,0x00,0x00,0x00,0x00,0x00,0x00,0x00,0x00,0x00,0x00,0x00,0x00,0x00,0x00,
    0x00,0x00,0x00,0x00,0x00,0x00,0x00,0x00,0x00,0x00,0x00,0x00,0x00,0x00,0x00,0x00,
    0x00,0x00,0x00,0x00,0x00,0x00,0x00,0x00,0x00,0x00,0x00,0x00,0x00,0x00,0x00,0x00,
    0x00,0x00,0x00,0x00,0x00,0x00,0x00,0x00,0x00,0x00,0x00,0x00,0x00,0x00,0x00,0x00,
    0x00,0x00,0x00,0x00,0x00,0x00,0x00,0x00,0x00,0x00,0x00,0x00,0x00,0x00,0x00,0x00,
    0x00,0x00,0x00,0x00,0x00,0x00,0x00,0x00,0x00,0x00,0x00,0x00,0x00,0x00,0x00,0x00,
    0x00,0x00,0x00,0x00,0x00,0x00,0x00,0x00,0x00,0x00,0x00,0x00,0x00,0x00,0x00,0x00,
    0x00,0x00,0x00,0x00,0x00,0x00,0x00,0x00,0x00,0x00,0x00,0x00,0x00,0x00,0x00,0x00,
    0x00,0x00,0x00,0x00,0x00,0x00,0x00,0x00,0x00,0x00,0x00,0x00,0x00,0x00,0x00,0x00,
    0x00,0x00,0x00,0x00,0x00,0x00,0x00,0x00,0x00,0x00,0x00,0x00,0x00,0x00,0x00,0x00,
    0x00,0x00,0x00,0x00,0x00,0x00,0x00,0x00,0x00,0x00,0x00,0x00,0x00,0x00,0x00,0x00,
    0x00,0x00,0x00,0x00,0x00,0x00,0x00,0x00,0x00,0x00,0x00,0x00,0x00,0x00,0x00,0x00,
    0x00,0x00,0x00,0x00,0x00,0x00,0x00,0x00,0x00,0x00,0x00,0x00,0x00,0x00,0x00,0x00,
    0x00,0x00,0x00,0x00,0x00,0x00,0x00,0x00,0x00,0x00,0x00,0x00,0x00,0x00,0x00,0x00,
    0x00,0x00,0x00,0x00,0x00,0x00,0x00,0x00,0x00,0x00,0x00,0x00,0x00,0x00,0x00,0x00,
    0x00,0x00,0x00,0x00,0x00,0x00,0x00,0x00,0x00,0x00,0x00,0x00,0x00,0x00,0x00,0x00,
    0x00,0x00,0x00,0x00,0x00,0x00,0x00,0x00,0x00,0x00,0x00,0x00,0x00,0x00,0x00,0x00,
    0x00,0x00,0x00,0x00,0x00,0x00,0x00,0x00,0x00,0x00,0x00,0x00,0x00,0x00,0x00,0x00,
    0x00,0x00,0x00,0x00,0x00,0x00,0x00,0x00,0x00,0x00,0x00,0x00,0x00,0x00,0x00,0x00,
    0x00,0x00,0x00,0x00,0x00,0x00,0x00,0x00,0x00,0x00,0x00,0x00,0x00,0x00,0x00,0x00,
    0x00,0x00,0x00,0x00,0x00,0x00,0x00,0x00,0x00,0x00,0x00,0x00,0x00,0x00,0x00,0x00,
    0x00,0x00,0x00,0x00,0x00,0x00,0x00,0x00,0x00,0x00,0x00,0x00,0x00,0x00,0x00,0x00,
    0x00,0x00,0x00,0x00,0x00,0x00,0x00,0x00,0x00,0x00,0x00,0x00,0x00,0x00,0x00,0x00,
    0x00,0x00,0x00,0x00,0x00,0x00,0x00,0x00,0x00,0x00,0x00,0x00,0x00,0x00,0x00,0x00,
    0x00,0x00,0x00,0x00,0x00,0x00,0x00,0x00,0x00,0x00,0x00,0x00,0x00,0x00,0x00,0x00,
    0x00,0x00,0x00,0x00,0x00,0x00,0x00,0x00,0x00,0x00,0x00,0x00,0x00,0x00,0x00,0x00,
    0x00,0x00,0x00,0x00,0x00,0x00,0x00,0x00,0x00,0x00,0x00,0x00,0x00,0x00,0x00,0x00,
    0x00,0x00,0x00,0x00,0x00,0x00,0x00,0x00,0x00,0x00,0x00,0x00,0x00,0x00,0x00,0x00,
    0x00,0x00,0x00,0x00,0x00,0x00,0x00,0x00,0x00,0x00,0x00,0x00,0x00,0x00,0x00,0x00,
    0x00,0x00,0x00,0x00,0x00,0x00,0x00,0x00,0x00,0x00,0x00,0x00,0x00,0x00,0x00,0x00,
    0x00,0x00,0x00,0x00,0x00,0x00,0x00,0x00,0x00,0x00,0x00,0x00,0x00,0x00,0x00,0x00,
    0x00,0x00,0x00,0x00,0x00,0x00,0x00,0x00,0x00,0x00,0x00,0x00,0x00,0x00,0x00,0x00,
    0x00,0x00,0x00,0x00,0x00,0x00,0x00,0x00,0x00,0x00,0x00,0x00,0x00,0x00,0x00,0x00,
    0x00,0x00,0x00,0x00,0x00,0x00,0x00,0x00,0x00,0x00,0x00,0x00,0x00,0x00,0x00,0x00,
    0x00,0x00,0x00,0x00,0x00,0x00,0x00,0x00,0x00,0x00,0x00,0x00,0x00,0x00,0x00,0x00,
    0x00,0x00,0x00,0x00,0x00,0x00,0x00,0x00,0x00,0x00,0x00,0x00,0x00,0x00,0x00,0x00,
    0x00,0x00,0x00,0x00,0x00,0x00,0x00,0x00,0x00,0x00,0x00,0x00,0x00,0x00,0x00,0x00,
    0x00,0x00,0x00,0x00,0x00,0x00,0x00,0x00,0x00,0x00,0x00,0x00,0x00,0x00,0x00,0x00,
    0x00,0x00,0x00,0x00,0x00,0x00,0x00,0x00,0x00,0x00,0x00,0x00,0x00,0x00,0x00,0x00,
    0x00,0x00,0x00,0x00,0x00,0x00,0x00,0x00,0x00,0x00,0x00,0x00,0x00,0x00,0x00,0x00,
    0x00,0x00,0x00,0x00,0x00,0x00,0x00,0x00,0x00,0x00,0x00,0x00,0x00,0x00,0x00,0x00,
    0x00,0x00,0x00,0x00,0x00,0x00,0x00,0x00,0x00,0x00,0x00,0x00,0x00,0x00,0x00,0x00,
    0x00,0x00,0x00,0x00,0x00,0x00,0x00,0x00,0x00,0x00,0x00,0x00,0x00,0x00,0x00,0x00,
    0x00,0x00,0x00,0x00,0x00,0x00,0x00,0x00,0x00,0x00,0x00,0x00,0x00,0x00,0x00,0x00,
    0x00,0x00,0x00,0x00,0x00,0x00,0x00,0x00,0x00,0x00,0x00,0x00,0x00,0x00,0x00,0x00,
    0x00,0x00,0x00,0x00,0x00,0x00,0x00,0x00,0x00,0x00,0x00,0x00,0x00,0x00,0x00,0x00,
    0x00,0x00,0x00,0x00,0x00,0x00,0x00,0x00,0x00,0x00,0x00,0x00,0x00,0x00,0x00,0x00,
    0x00,0x00,0x00,0x00,0x00,0x00,0x00,0x00,0x00,0x00,0x00,0x00,0x00,0x00,0x00,0x00,
    0x00,0x00,0x00,0x00,0x00,0x00,0x00,0x00,0x00,0x00,0x00,0x00,0x00,0x00,0x00,0x00,
    0x00,0x00,0x00,0x00,0x00,0x00,0x00,0x00,0x00,0x00,0x00,0x00,0x00,0x00,0x00,0x00,
    0x00,0x00,0x00,0x00,0x00,0x00,0x00,0x00,0x00,0x00,0x00,0x00,0x00,0x00,0x00,0x00,
    0x00,0x00,0x00,0x00,0x00,0x00,0x00,0x00,0x00,0x00,0x00,0x00,0x00,0x00,0x00,0x00,
    0x00,0x00,0x00,0x00,0x00,0x00,0x00,0x00,0x00,0x00,0x00,0x00,0x00,0x00,0x00,0x00,
    0x00,0x00,0x00,0x00,0x00,0x00,0x00,0x00,0x00,0x00,0x00,0x00,0x00,0x00,0x00,0x00,
    0x00,0x00,0x00,0x00,0x00,0x00,0x00,0x00,0x00,0x00,0x00,0x00,0x00,0x00,0x00,0x00,
    0x00,0x00,0x00,0x00,0x00,0x00,0x00,0x00,0x00,0x00,0x00,0x00,0x00,0x00,0x00,0x00,
    0x00,0x00,0x00,0x00,0x00,0x00,0x00,0x00,0x00,0x00,0x00,0x00,0x00,0x00,0x00,0x00,
    0x00,0x00,0x00,0x00,0x00,0x00,0x00,0x00,0x00,0x00,0x00,0x00,0x00,0x00,0x00,0x00,
    0x00,0x00,0x00,0x00,0x00,0x00,0x00,0x00,0x00,0x00,0x00,0x00,0x00,0x00,0x00,0x00,
    0x00,0x00,0x00,0x00,0x00,0x00,0x00,0x00,0x00,0x00,0x00,0x00,0x00,0x00,0x00,0x00,
    0x00,0x00,0x00,0x00,0x00,0x00,0x00,0x00,0x00,0x00,0x00,0x00,0x00,0x00,0x00,0x00,
    0x00,0x00,0x00,0x00,0x00,0x00,0x00,0x00,0x00,0x00,0x00,0x00,0x00,0x00,0x00,0x00,
    0x00,0x00,0x00,0x00,0x00,0x00,0x00,0x00,0x00,0x00,0x00,0x00,0x00,0x00,0x00,0x00,
    0x00,0x00,0x00,0x00,0x00,0x00,0x00,0x00,0x00,0x00,0x00,0x00,0x00,0x00,0x00,0x00,
    0x00,0x00,0x00,0x00,0x00,0x00,0x00,0x00,0x00,0x00,0x00,0x00,0x00,0x00,0x00,0x00,
    0x00,0x00,0x00,0x00,0x00,0x00,0x00,0x00,0x00,0x00,0x00,0x00,0x00,0x00,0x00,0x00,
    0x00,0x00,0x00,0x00,0x00,0x00,0x00,0x00,0x00,0x00,0x00,0x00,0x00,0x00,0x00,0x00,
    0x00,0x00,0x00,0x00,0x00,0x00,0x00,0x00,0x00,0x00,0x00,0x00,0x00,0x00,0x00,0x00,
    0x00,0x00,0x00,0x00,0x00,0x00,0x00,0x00,0x00,0x00,0x00,0x00,0x00,0x00,0x00,0x00,
    0x00,0x00,0x00,0x00,0x00,0x00,0x00,0x00,0x00,0x00,0x00,0x00,0x00,0x00,0x00,0x00,
    0x00,0x00,0x00,0x00,0x00,0x00,0x00,0x00,0x00,0x00,0x00,0x00,0x00,0x00,0x00,0x00,
    0x00,0x00,0x00,0x00,0x00,0x00,0x00,0x00,0x00,0x00,0x00,0x00,0x00,0x00,0x00,0x00,
    0x00,0x00,0x00,0x00,0x00,0x00,0x00,0x00,0x00,0x00,0x00,0x00,0x00,0x00,0x00,0x00,
    0x00,0x00,0x00,0x00,0x00,0x00,0x00,0x00,0x00,0x00,0x00,0x00,0x00,0x00,0x00,0x00,
    0x00,0x00,0x00,0x00,0x00,0x00,0x00,0x00,0x00,0x00,0x00,0x00,0x00,0x00,0x00,0x00,
    0x00,0x00,0x00,0x00,0x00,0x00,0x00,0x00,0x00,0x00,0x00,0x00,0x00,0x00,0x00,0x00,
    0x00,0x00,0x00,0x00,0x00,0x00,0x00,0x00,0x00,0x00,0x00,0x00,0x00,0x00,0x00,0x00,
    0x00,0x00,0x00,0x00,0x00,0x00,0x00,0x00,0x00,0x00,0x00,0x00,0x00,0x00,0x00,0x00,
    0x00,0x00,0x00,0x00,0x00,0x00,0x00,0x00,0x00,0x00,0x00,0x00,0x00,0x00,0x00,0x00,
    0x00,0x00,0x00,0x00,0x00,0x00,0x00,0x00,0x00,0x00,0x00,0x00,0x00,0x00,0x00,0x00,
    0x00,0x00,0x00,0x00,0x00,0x00,0x00,0x00,0x00,0x00,0x00,0x00,0x00,0x00,0x00,0x00,
    0x00,0x00,0x00,0x00,0x00,0x00,0x00,0x00,0x00,0x00,0x00,0x00,0x00,0x00,0x00,0x00,
    0x00,0x00,0x00,0x00,0x00,0x00,0x00,0x00,0x00,0x00,0x00,0x00,0x00,0x00,0x00,0x00,
    0x00,0x00,0x00,0x00,0x00,0x00,0x00,0x00,0x00,0x00,0x00,0x00,0x00,0x00,0x00,0x00,
    0x00,0x00,0x00,0x00,0x00,0x00,0x00,0x00,0x00,0x00,0x00,0x00,0x00,0x00,0x00,0x00,
    0x00,0x00,0x00,0x00,0x00,0x00,0x00,0x00,0x00,0x00,0x00,0x00,0x00,0x00,0x00,0x00,
    0x00,0x00,0x00,0x00,0x00,0x00,0x00,0x00,0x00,0x00,0x00,0x00,0x00,0x00,0x00,0x00,
    0x00,0x00,0x00,0x00,0x00,0x00,0x00,0x00,0x00,0x00,0x00,0x00,0x00,0x00,0x00,0x00,
    0x00,0x00,0x00,0x00,0x00,0x00,0x00,0x00,0x00,0x00,0x00,0x00,0x00,0x00,0x00,0x00,
    0x00,0x00,0x00,0x00,0x00,0x00,0x00,0x00,0x00,0x00,0x00,0x00,0x00,0x00,0x00,0x00,
    0x00,0x00,0x00,0x00,0x00,0x00,0x00,0x00,0x00,0x00,0x00,0x00,0x00,0x00,0x00,0x00,
    0x00,0x00,0x00,0x00,0x00,0x00,0x00,0x00,0x00,0x00,0x00,0x00,0x00,0x00,0x00,0x00,
    0x00,0x00,0x00,0x00,0x00,0x00,0x00,0x00,0x00,0x00,0x00,0x00,0x00,0x00,0x00,0x00,
    0x00,0x00,0x00,0x00,0x00,0x00,0x00,0x00,0x00,0x00,0x00,0x00,0x00,0x00,0x00,0x00,
    0x00,0x00,0x00,0x00,0x00,0x00,0x00,0x00,0x00,0x00,0x00,0x00,0x00,0x00,0x00,0x00,
    0x00,0x00,0x00,0x00,0x00,0x00,0x00,0x00,0x00,0x00,0x00,0x00,0x00,0x00,0x00,0x00,
    0x00,0x00,0x00,0x00,0x00,0x00,0x00,0x00,0x00,0x00,0x00,0x00,0x00,0x00,0x00,0x00,
    0x00,0x00,0x00,0x00,0x00,0x00,0x00,0x00,0x00,0x00,0x00,0x00,0x00,0x00,0x00,0x00,
    0x00,0x00,0x00,0x00,0x00,0x00,0x00,0x00,0x00,0x00,0x00,0x00,0x00,0x00,0x00,0x00,
    0x00,0x00,0x00,0x00,0x00,0x00,0x00,0x00,0x00,0x00,0x00,0x00,0x00,0x00,0x00,0x00,
    0x00,0x00,0x00,0x00,0x00,0x00,0x00,0x00,0x00,0x00,0x00,0x00,0x00,0x00,0x00,0x00,
    0x00,0x00,0x00,0x00,0x00,0x00,0x00,0x00,0x00,0x00,0x00,0x00,0x00,0x00,0x00,0x00,
    0x00,0x00,0x00,0x00,0x00,0x00,0x00,0x00,0x00,0x00,0x00,0x00,0x00,0x00,0x00,0x00,
    0x00,0x00,0x00,0x00,0x00,0x00,0x00,0x00,0x00,0x00,0x00,0x00,0x00,0x00,0x00,0x00,
    0x00,0x00,0x00,0x00,0x00,0x00,0x00,0x00,0x00,0x00,0x00,0x00,0x00,0x00,0x00,0x00,
    0x00,0x00,0x00,0x00,0x00,0x00,0x00,0x00,0x00,0x00,0x00,0x00,0x00,0x00,0x00,0x00,
    0x00,0x00,0x00,0x00,0x00,0x00,0x00,0x00,0x00,0x00,0x00,0x00,0x00,0x00,0x00,0x00,
    0x00,0x00,0x00,0x00,0x00,0x00,0x00,0x00,0x00,0x00,0x00,0x00,0x00,0x00,0x00,0x00,
    0x00,0x00,0x00,0x00,0x00,0x00,0x00,0x00,0x00,0x00,0x00,0x00,0x00,0x00,0x00,0x00,
    0x00,0x00,0x00,0x00,0x00,0x00,0x00,0x00,0x00,0x00,0x00,0x00,0x00,0x00,0x00,0x00,
    0x00,0x00,0x00,0x00,0x00,0x00,0x00,0x00,0x00,0x00,0x00,0x00,0x00,0x00,0x00,0x00,
    0x00,0x00,0x00,0x00,0x00,0x00,0x00,0x00,0x00,0x00,0x00,0x00,0x00,0x00,0x00,0x00,
    0x00,0x00,0x00,0x00,0x00,0x00,0x00,0x00,0x00,0x00,0x00,0x00,0x00,0x00,0x00,0x00,
    0x00,0x00,0x00,0x00,0x00,0x00,0x00,0x00,0x00,0x00,0x00,0x00,0x00,0x00,0x00,0x00,
    0x00,0x00,0x00,0x00,0x00,0x00,0x00,0x00,0x00,0x00,0x00,0x00,0x00,0x00,0x00,0x00,
    0x00,0x00,0x00,0x00,0x00,0x00,0x00,0x00,0x00,0x00,0x00,0x00,0x00,0x00,0x00,0x00,
    0x00,0x00,0x00,0x00,0x00,0x00,0x00,0x00,0x00,0x00,0x00,0x00,0x00,0x00,0x00,0x00,
    0x00,0x00,0x00,0x00,0x00,0x00,0x00,0x00,0x00,0x00,0x00,0x00,0x00,0x00,0x00,0x00,
    0x00,0x00,0x00,0x00,0x00,0x00,0x00,0x00,0x00,0x00,0x00,0x00,0x00,0x00,0x00,0x00,
    0x00,0x00,0x00,0x00,0x00,0x00,0x00,0x00,0x00,0x00,0x00,0x00,0x00,0x00,0x00,0x00,
    0x00,0x00,0x00,0x00,0x00,0x00,0x00,0x00,0x00,0x00,0x00,0x00,0x00,0x00,0x00,0x00,
    0x00,0x00,0x00,0x00,0x00,0x00,0x00,0x00,0x00,0x00,0x00,0x00,0x00,0x00,0x00,0x00,
    0x00,0x00,0x00,0x00,0x00,0x00,0x00,0x00,0x00,0x00,0x00,0x00,0x00,0x00,0x00,0x00,
    0x00,0x00,0x00,0x00,0x00,0x00,0x00,0x00,0x00,0x00,0x00,0x00,0x00,0x00,0x00,0x00,
    0x00,0x00,0x00,0x00,0x00,0x00,0x00,0x00,0x00,0x00,0x00,0x00,0x00,0x00,0x00,0x00,
    0x00,0x00,0x00,0x00,0x00,0x00,0x00,0x00,0x00,0x00,0x00,0x00,0x00,0x00,0x00,0x00,
    0x00,0x00,0x00,0x00,0x00,0x01,0x00,0x00,0x01,0x00,0x00,0x00,0x00,0x00,0x00,0x00,
    0x00,0x00,0x00,0x00,0x00,0x00,0x00,0x00,0x00,0x00,0x00,0x00,0x00,0x00,0x00,0x00,
    0x00,0x00,0x00,0x00,0x00,0x00,0x00,0x00,0x00,0x00,0x00,0x00,0x00,0x00,0x00,0x00,
    0x00,0x00,0x00,0x00,0x00,0x00,0x00,0x00,0x00,0x00,0x00,0x00,0x00,0x00,0x00,0x00,
    0x00,0x00,0x00,0x00,0x00,0x00,0x00,0x00,0x00,0x00,0x00,0x00,0x00,0x00,0x00,0x00,
    0x00,0x00,0x00,0x00,0x00,0x00,0x00,0x00,0x00,0x00,0x00,0x00,0x00,0x00,0x00,0x00,
    0x00,0x00,0x00,0x00,0x00,0x00,0x00,0x00,0x00,0x00,0x00,0x00,0x00,0x00,0x00,0x00,
    0x00,0x00,0x00,0x00,0x00,0x00,0x00,0x00,0x00,0x00,0x00,0x00,0x00,0x00,0x00,0x00,
    0x00,0x00,0x00,0x00,0x00,0x00,0x00,0x00,0x00,0x00,0x00,0x00,0x00,0x00,0x00,0x00,
    0x00,0x00,0x00,0x00,0x00,0x00,0x00,0x00,0x00,0x00,0x00,0x00,0x00,0x00,0x00,0x00,
    0x00,0x00,0x00,0x00,0x00,0x00,0x00,0x00,0x00,0x00,0x00,0x00,0x00,0x00,0x00,0x00,
    0x00,0x00,0x00,0x00,0x00,0x00,0x00,0x00,0x00,0x00,0x00,0x00,0x00,0x00,0x00,0x00,
    0x00,0x00,0x00,0x00,0x00,0x00,0x00,0x00,0x00,0x00,0x00,0x00,0x00,0x00,0x00,0x00,
    0x00,0x00,0x00,0x00,0x00,0x00,0x00,0x00,0x00,0x00,0x00,0x00,0x00,0x00,0x00,0x00,
    0x00,0x00,0x00,0x00,0x00,0x00,0x00,0x00,0x00,0x00,0x00,0x00,0x00,0x00,0x00,0x00,
    0x00,0x00,0x00,0x00,0x00,0x00,0x00,0x00,0x00,0x00,0x00,0x00,0x00,0x00,0x00,0x00,
    0x00,0x00,0x00,0x00,0x00,0x00,0x00,0x00,0x00,0x00,0x00,0x00,0x00,0x00,0x00,0x00,
    0x00,0x00,0x00,0x00,0x00,0x00,0x00,0x00,0x00,0x00,0x00,0x00,0x00,0x00,0x00,0x00,
    0x00,0x00,0x00,0x00,0x00,0x00,0x00,0x00,0x00,0x00,0x00,0x00,0x00,0x00,0x00,0x00,
    0x00,0x00,0x00,0x00,0x00,0x00,0x00,0x00,0x00,0x00,0x00,0x00,0x00,0x00,0x00,0x00,
    0x00,0x00,0x00,0x00,0x00,0x00,0x00,0x00,0x00,0x00,0x00,0x00,0x00,0x00,0x00,0x00,
    0x00,0x00,0x00,0x00,0x00,0x00,0x00,0x00,0x00,0x00,0x00,0x00,0x00,0x00,0x00,0x00,
    0x00,0x00,0x00,0x00,0x00,0x00,0x00,0x00,0x00,0x00,0x00,0x00,0x00,0x00,0x00,0x00,
    0x00,0x00,0x00,0x00,0x00,0x00,0x00,0x00,0x00,0x00,0x00,0x00,0x00,0x00,0x00,0x00,
    0x00,0x00,0x00,0x00,0x00,0x00,0x00,0x00,0x00,0x00,0x00,0x00,0x00,0x00,0x00,0x00,
    0x00,0x00,0x00,0x00,0x00,0x00,0x00,0x00,0x00,0x00,0x00,0x00,0x00,0x00,0x00,0x00,
    0x00,0x00,0x00,0x00,0x00,0x00,0x00,0x00,0x00,0x00,0x00,0x00,0x00,0x00,0x00,0x00,
    0x00,0x00,0x00,0x00,0x00,0x00,0x00,0x00,0x00,0x00,0x00,0x00,0x00,0x00,0x00,0x00,
    0x00,0x00,0x00,0x00,0x00,0x00,0x00,0x00,0x00,0x00,0x00,0x00,0x00,0x00,0x00,0x00,
    0x00,0x00,0x00,0x00,0x00,0x00,0x00,0x00,0x00,0x00,0x00,0x00,0x00,0x00,0x00,0x00,
    0x00,0x00,0x00,0x00,0x00,0x00,0x00,0x00,0x00,0x00,0x00,0x00,0x00,0x00,0x00,0x00,
    0x00,0x00,0x00,0x00,0x00,0x00,0x00,0x00,0x00,0x00,0x00,0x00,0x00,0x00,0x00,0x00,
    0x00,0x00,0x00,0x00,0x00,0x00,0x00,0x00,0x00,0x00,0x00,0x00,0x00,0x00,0x00,0x00,
    0x00,0x00,0x00,0x00,0x00,0x00,0x00,0x00,0x00,0x00,0x00,0x00,0x00,0x00,0x00,0x00,
    0x00,0x00,0x00,0x00,0x00,0x00,0x00,0x00,0x00,0x00,0x00,0x00,0x00,0x00,0x00,0x00,
    0x00,0x00,0x00,0x00,0x00,0x00,0x00,0x00,0x00,0x00,0x00,0x00,0x00,0x00,0x00,0x00,
    0x00,0x00,0x00,0x00,0x00,0x00,0x00,0x00,0x00,0x00,0x00,0x00,0x00,0x00,0x00,0x00,
    0x00,0x00,0x00,0x00,0x00,0x00,0x00,0x00,0x00,0x00,0x00,0x00,0x00,0x00,0x00,0x00,
    0x00,0x00,0x00,0x00,0x00,0x00,0x00,0x00,0x00,0x00,0xFF,0xFF,0x01,0x00,0x00,0x00,
    0x00,0x00,0x00,0x00,0x00,0x01,0x00,0x00,0x00,0x00,0x00,0x00,0x00,0x00,0x00,0x00,
    0x00,0x00,0x00,0x00,0x00,0x00,0x00,0x00,0x00,0x00,0x00,0x00,0x00,0x00,0x00,0x00,
    0x00,0x00,0x00,0x00,0x00,0x00,0x00,0x00,0x00,0x00,0x00,0x00,0x00,0x00,0x00,0x00,
    0x00,0x00,0x00,0x00,0x00,0x00,0x00,0x00,0x00,0x00,0x00,0x00,0x00,0x00,0x00,0x00,
    0x00,0x00,0x00,0x00,0x00,0x00,0x00,0x00,0x00,0x00,0x00,0x00,0x00,0x00,0x00,0x00,
    0x00,0x00,0x00,0x00,0x00,0x00,0x00,0x00,0x00,0x00,0x00,0x00,0x00,0x00,0x00,0x00,
    0x00,0x00,0x00,0x00,0x00,0x00,0x00,0x00,0x00,0x00,0x00,0x00,0x00,0x00,0x00,0x00,
    0x00,0x00,0x00,0x00,0x00,0x00,0x00,0x00,0x00,0x00,0x00,0x00,0x00,0x00,0x00,0x00,
    0x00,0x00,0x00,0x00,0x00,0x00,0x00,0x00,0x00,0x00,0x00,0x00,0x00,0x00,0x00,0x00,
    0x00,0x00,0x00,0x00,0x00,0x00,0x00,0x00,0x00,0x00,0x00,0x00,0x00,0x00,0x00,0x00,
    0x00,0x00,0x00,0x00,0x00,0x00,0x00,0x00,0x00,0x00,0x00,0x00,0x00,0x00,0x00,0x00,
    0x00,0x00,0x00,0x00,0x00,0x00,0x00,0x00,0x00,0x00,0x00,0x00,0x00,0x00,0x00,0x00,
    0x00,0x00,0x00,0x00,0x00,0x00,0x00,0x00,0x00,0x00,0x00,0x00,0x00,0x00,0x00,0x00,
    0x00,0x00,0x00,0x00,0x00,0x00,0x00,0x00,0x00,0x00,0x00,0x00,0x00,0x00,0x00,0x00,
    0x00,0x00,0x00,0x00,0x00,0x00,0x00,0x00,0x00,0x00,0x00,0x00,0x00,0x00,0x00,0x00,
    0x00,0x00,0x00,0x00,0x00,0x00,0x00,0x00,0x00,0x00,0x00,0x00,0x00,0x00,0x00,0x00,
    0x00,0x00,0x00,0x00,0x00,0x00,0x00,0x00,0x00,0x00,0x00,0x00,0x00,0x00,0x00,0x00,
    0x00,0x00,0x00,0x00,0x00,0x00,0x00,0x00,0x00,0x00,0x00,0x00,0x00,0x00,0x00,0x00,
    0x00,0x00,0x00,0x00,0x00,0x00,0x00,0x00,0x00,0x00,0x00,0x00,0x00,0x00,0x00,0x00,
    0x00,0x00,0x00,0x00,0x00,0x00,0x00,0x00,0x00,0x00,0x00,0x00,0x00,0x00,0x00,0x00,
    0x00,0x00,0x00,0x00,0x00,0x00,0x00,0x00,0x00,0x00,0x00,0x00,0x00,0x00,0x00,0x00,
    0x00,0x00,0x00,0x00,0x00,0x00,0x00,0x00,0x00,0x00,0x00,0x00,0x00,0x00,0x00,0x00,
    0x00,0x00,0x00,0x00,0x00,0x00,0x00,0x00,0x00,0x00,0x00,0x00,0x00,0x00,0x00,0x00,
    0x00,0x00,0x00,0x00,0x00,0x00,0x00,0x00,0x00,0x00,0x00,0x00,0x00,0x00,0x00,0x00,
    0x00,0x00,0x00,0x00,0x00,0x00,0x00,0x00,0x00,0x00,0x00,0x00,0x00,0x00,0x00,0x00,
    0x00,0x00,0x00,0x00,0x00,0x00,0x00,0x00,0x00,0x00,0x00,0x00,0x00,0x00,0x00,0x00,
    0x00,0x00,0x00,0x00,0x00,0x00,0x00,0x00,0x00,0x00,0x00,0x00,0x00,0x00,0x00,0x00,
    0x00,0x00,0x00,0x00,0x00,0x00,0x00,0x00,0x00,0x00,0x00,0x00,0x00,0x00,0x00,0x00,
    0x00,0x00,0x00,0x00,0x00,0x00,0x00,0x00,0x00,0x00,0x00,0x00,0x00,0x00,0x00,0x00,
    0x00,0x00,0x00,0x00,0x00,0x00,0x00,0x00,0x00,0x00,0x00,0x00,0x00,0x00,0x00,0x00,
    0x00,0x00,0x00,0x00,0x00,0x00,0x00,0x00,0x00,0x00,0x00,0x00,0x00,0x00,0x00,0x00,
    0x00,0x00,0x00,0x00,0x00,0x00,0x00,0x00,0x00,0x00,0x00,0x00,0x00,0x00,0x00,0x00,
    0x00,0x00,0x00,0x00,0x00,0x00,0x00,0x00,0x00,0x00,0x00,0x00,0x00,0x00,0x00,0x00,
    0x00,0x00,0x00,0x00,0x00,0x00,0x00,0x00,0x00,0x00,0x00,0x00,0x00,0x00,0x00,0x00,
    0x00,0x00,0x00,0x00,0x00,0x00,0x00,0x00,0x00,0x00,0x00,0x00,0x00,0x00,0x00,0x00,
    0x00,0x00,0x00,0x00,0x00,0x00,0x00,0x00,0x00,0x00,0x00,0x00,0x00,0x00,0x00,0x00,
    0x00,0x00,0x00,0x00,0x00,0x00,0x00,0x00,0x00,0x00,0x00,0x00,0x00,0x00,0x00,0x00,
    0x00,0x00,0x00,0x00,0x00,0x00,0x00,0x00,0x00,0x00,0x00,0x00,0x00,0x00,0x00,0x00,
    0x00,0xFF,0xFF,0x02,0x00,0x00,0x00,0x08,0x42,0x36,0x00,0x00,0x10,0x00,0x00,0x00,
    0x00,0x00,0x01,0x00,0x00,0x00,0x00,0x00,0x00,0x00,0x00,0x00,0x00,0x00,0x00,0x00,
    0x00,0x00,0x00,0x00,0x00,0x00,0x00,0x00,0x00,0x00,0x00,0x00,0x00,0x00,0x00,0x00,
    0x00,0x00,0x00,0x00,0x00,0x00,0x00,0x00,0x00,0x00,0x00,0x00,0x00,0x00,0x00,0x00,
    0x00,0x00,0x00,0x00,0x00,0x00,0x00,0x00,0x00,0x00,0x00,0x00,0x00,0x00,0x00,0x00,
    0x00,0x00,0x00,0x00,0x00,0x00,0x00,0x00,0x00,0x00,0x00,0x00,0x00,0x00,0x00,0x00,
    0x00,0x00,0x00,0x00,0x00,0x00,0x00,0x00,0x00,0x00,0x00,0x00,0x00,0x00,0x00,0x00,
    0x00,0x00,0x00,0x00,0x00,0x00,0x00,0x00,0x00,0x00,0x00,0x00,0x00,0x00,0x00,0x00,
    0x00,0x00,0x00,0x00,0x00,0x00,0x00,0x00,0x00,0x00,0x00,0x00,0x00,0x00,0x00,0x00,
    0x00,0x00,0x00,0x00,0x00,0x00,0x00,0x00,0x00,0x00,0x00,0x00,0x00,0x00,0x00,0x00,
    0x00,0x00,0x00,0x00,0x00,0x00,0x00,0x00,0x00,0x00,0x00,0x00,0x00,0x00,0x00,0x00,
    0x00,0x00,0x00,0x00,0x00,0x00,0x00,0x00,0x00,0x00,0x00,0x00,0x00,0x00,0x00,0x00,
    0x00,0x00,0x00,0x00,0x00,0x00,0x00,0x00,0x00,0x00,0x00,0x00,0x00,0x00,0x00,0x00,
    0x00,0x00,0x00,0x00,0x00,0x00,0x00,0x00,0x00,0x00,0x00,0x00,0x00,0x00,0x00,0x00,
    0x00,0x00,0x00,0x00,0x00,0x00,0x00,0x00,0x00,0x00,0x00,0x00,0x00,0x00,0x00,0x00,
    0x00,0x00,0x00,0x00,0x00,0x00,0x00,0x00,0x00,0x00,0x00,0x00,0x00,0x00,0x00,0x00,
    0x00,0x00,0x00,0x00,0x00,0x00,0x00,0x00,0x00,0x00,0x00,0x00,0x00,0x00,0x00,0x00,
    0x00,0x00,0x00,0x00,0x00,0x00,0x00,0x00,0x00,0x00,0x00,0x00,0x00,0x00,0x00,0x00,
    0x00,0x00,0x00,0x00,0x00,0x00,0x00,0x00,0x00,0x00,0x00,0x00,0x00,0x00,0x00,0x00,
    0x00,0x00,0x00,0x00,0x00,0x00,0x00,0x00,0x00,0x00,0x00,0x00,0x00,0x00,0x00,0x00,
    0x00,0x00,0x00,0x00,0x00,0x00,0x00,0x00,0x00,0x00,0x00,0x00,0x00,0x00,0x00,0x00,
    0x00,0x00,0x00,0x00,0x00,0x00,0x00,0x00,0x00,0x00,0x00,0x00,0x00,0x00,0x00,0x00,
    0x00,0x00,0x00,0x00,0x00,0x00,0x00,0x00,0x00,0x00,0x00,0x00,0x00,0x00,0x00,0x00,
    0x00,0x00,0x00,0x00,0x00,0x00,0x00,0x00,0x00,0x00,0x00,0x00,0x00,0x00,0x00,0x00,
    0x00,0x00,0x00,0x00,0x00,0x00,0x00,0x00,0x00,0x00,0x00,0x00,0x00,0x00,0x00,0x00,
    0x00,0x00,0x00,0x00,0x00,0x00,0x00,0x00,0x00,0x00,0x00,0x00,0x00,0x00,0x00,0x00,
    0x00,0x00,0x00,0x00,0x00,0x00,0x00,0x00,0x00,0x00,0x00,0x00,0x00,0x00,0x00,0x00,
    0x00,0x00,0x00,0x00,0x00,0x00,0x00,0x00,0x00,0x00,0x00,0x00,0x00,0x00,0x00,0x00,
    0x00,0x00,0x00,0x00,0x00,0x00,0x00,0x00,0x00,0x00,0x00,0x00,0x00,0x00,0x00,0x00,
    0x00,0x00,0x00,0x00,0x00,0x00,0x00,0x00,0x00,0x00,0x00,0x00,0x00,0x00,0x00,0x00,
    0x00,0x00,0x00,0x00,0x00,0x00,0x00,0x00,0x00,0x00,0x00,0x00,0x00,0x00,0x00,0x00,
    0x00,0x00,0x00,0x00,0x00,0x00,0x00,0x00,0x00,0x00,0x00,0x00,0x00,0x00,0x00,0x00,
    0x00,0x00,0x00,0x00,0x00,0x00,0x00,0x00,0x00,0x00,0x00,0x00,0x00,0x00,0x00,0x00,
    0x00,0x00,0x00,0x00,0x00,0x00,0x00,0x00,0x00,0x00,0x00,0x00,0x00,0x00,0x00,0x00,
    0x00,0x00,0x00,0x00,0x00,0x00,0x00,0x00,0x00,0x00,0x00,0x00,0x00,0x00,0x00,0x00,
    0x00,0x00,0x00,0x00,0x00,0x00,0x00,0x00,0x00,0x00,0x00,0x00,0x00,0x00,0x00,0x00,
    0x00,0x00,0x00,0x00,0x00,0x00,0x00,0x00,0x00,0x00,0x00,0x00,0x00,0x00,0x00,0x00,
    0x00,0x00,0x00,0x00,0x00,0x00,0x00,0x00,0x00,0x00,0x00,0x00,0x00,0x00,0x00,0x00,
    0x00,0x00,0x00,0x00,0x00,0x00,0x00,0x00,0xAA,0x52,0x03,0x00,0x00,0x00,0x8E,0x73,
    0x48,0x79,0xCE,0xF1,0x95,0xAD,0x95,0x00,0x00,0x02,0xFF,0xFF,0x02,0xFF,0xFF,0x01,
    0x00,0x00,0x00,0x00,0x00,0x00,0x00,0x00,0x00,0x00,0x00,0x00,0x00,0x00,0x00,0x00,
    0x00,0x00,0x00,0x00,0x00,0x00,0x00,0x00,0x00,0x00,0x00,0x00,0x00,0x00,0x00,0x00,
    0x00,0x00,0x00,0x00,0x00,0x00,0x00,0x00,0x00,0x00,0x00,0x00,0x00,0x00,0x00,0x00,
    0x00,0x00,0x00,0x00,0x00,0x00,0x00,0x00,0x00,0x00,0x00,0x00,0x00,0x00,0x00,0x00,
    0x00,0x00,0x00,0x00,0x00,0x00,0x00,0x00,0x00,0x00,0x00,0x00,0x00,0x00,0x00,0x00,
    0x00,0x00,0x00,0x00,0x00,0x00,0x00,0x00,0x00,0x00,0x00,0x00,0x00,0x00,0x00,0x00,
    0x00,0x00,0x00,0x00,0x00,0x00,0x00,0x00,0x00,0x00,0x00,0x00,0x00,0x00,0x00,0x00,
    0x00,0x00,0x00,0x00,0x00,0x00,0x00,0x00,0x00,0x00,0x00,0x00,0x00,0x00,0x00,0x00,
    0x00,0x00,0x00,0x00,0x00,0x00,0x00,0x00,0x00,0x00,0x00,0x00,0x00,0x00,0x00,0x00,
    0x00,0x00,0x00,0x00,0x00,0x00,0x00,0x00,0x00,0x00,0x00,0x00,0x00,0x00,0x00,0x00,
    0x00,0x00,0x00,0x00,0x00,0x00,0x00,0x00,0x00,0x00,0x00,0x00,0x00,0x00,0x00,0x00,
    0x00,0x00,0x00,0x00,0x00,0x00,0x00,0x00,0x00,0x00,0x00,0x00,0x00,0x00,0x00,0x00,
    0x00,0x00,0x00,0x00,0x00,0x00,0x00,0x00,0x00,0x00,0x00,0x00,0x00,0x00,0x00,0x00,
    0x00,0x00,0x00,0x00,0x00,0x00,0x00,0x00,0x00,0x00,0x00,0x00,0x00,0x00,0x00,0x00,
    0x00,0x00,0x00,0x00,0x00,0x00,0x00,0x00,0x00,0x00,0x00,0x00,0x00,0x00,0x00,0x00,
    0x00,0x00,0x00,0x00,0x00,0x00,0x00,0x00,0x00,0x00,0x00,0x00,0x00,0x00,0x00,0x00,
    0x00,0x00,0x00,0x00,0x00,0x00,0x00,0x00,0x00,0x00,0x00,0x00,0x00,0x00,0x00,0x00,
    0x00,0x00,0x00,0x00,0x00,0x00,0x00,0x00,0x00,0x00,0x00,0x00,0x00,0x00,0x00,0x00,
    0x00,0x00,0x00,0x00,0x00,0x00,0x00,0x00,0x00,0x00,0x00,0x00,0x00,0x00,0x00,0x00,
    0x00,0x00,0x00,0x00,0x00,0x00,0x00,0x00,0x00,0x00,0x00,0x00,0x00,0x00,0x00,0x00,
    0x00,0x00,0x00,0x00,0x00,0x00,0x00,0x00,0x00,0x00,0x00,0x00,0x00,0x00,0x00,0x00,
    0x00,0x00,0x00,0x00,0x00,0x00,0x00,0x00,0x00,0x00,0x00,0x00,0x00,0x00,0x00,0x00,
    0x00,0x00,0x00,0x00,0x00,0x00,0x00,0x00,0x00,0x00,0x00,0x00,0x00,0x00,0x00,0x00,
    0x00,0x00,0x00,0x00,0x00,0x00,0x00,0x00,0x00,0x00,0x00,0x00,0x00,0x00,0x00,0x00,
    0x00,0x00,0x00,0x00,0x00,0x00,0x00,0x00,0x00,0x00,0x00,0x00,0x00,0x00,0x00,0x00,
    0x00,0x00,0x00,0x00,0x00,0x00,0x00,0x00,0x00,0x00,0x00,0x00,0x00,0x00,0x00,0x00,
    0x00,0x00,0x00,0x00,0x00,0x00,0x00,0x00,0x00,0x00,0x00,0x00,0x00,0x00,0x00,0x00,
    0x00,0x00,0x00,0x00,0x00,0x00,0x00,0x00,0x00,0x00,0x00,0x00,0x00,0x00,0x00,0x00,
    0x00,0x00,0x00,0x00,0x00,0x00,0x00,0x00,0x00,0x00,0x00,0x00,0x00,0x00,0x00,0x00,
    0x00,0x00,0x00,0x00,0x00,0x00,0x00,0x00,0x00,0x00,0x00,0x00,0x00,0x00,0x00,0x00,
    0x00,0x00,0x00,0x00,0x00,0x00,0x00,0x00,0x00,0x00,0x00,0x00,0x00,0x00,0x00,0x00,
    0x00,0x00,0x00,0x00,0x00,0x00,0x00,0x00,0x00,0x00,0x00,0x00,0x00,0x00,0x00,0x00,
    0x00,0x00,0x00,0x00,0x00,0x00,0x00,0x00,0x00,0x00,0x00,0x00,0x00,0x00,0x00,0x00,
    0x00,0x00,0x00,0x00,0x00,0x00,0x00,0x00,0x00,0x00,0x00,0x00,0x00,0x00,0x00,0x00,
    0x00,0x00,0x00,0x00,0x00,0x00,0x00,0x00,0x00,0x00,0x00,0x00,0x00,0x00,0x00,0x00,
    0x00,0x00,0x00,0x00,0x00,0x00,0x00,0x00,0x00,0x00,0x00,0x00,0x00,0x00,0x00,0x00,
    0x00,0x00,0x00,0x00,0x00,0x00,0x00,0x00,0x00,0x00,0x00,0x00,0x00,0x00,0x01,0xFF,
    0xFF,0x02,0x00,0x00,0x00,0xCE,0x73,0x46,0x99,0xCE,0xE7,0x99,0xCE,0xFF,0xBA,0xD6,
    0xFF,0x75,0xAD,0x8E,0x00,0x00,0x00,0xFF,0xFF,0x02,0x00,0x00,0x01,0x00,0x00,0x00,
    0x00,0x00,0x00,0x00,0x00,0x00,0x00,0x00,0x00,0x00,0x00,0x00,0x00,0x00,0x00,0x00,
    0x00,0x00,0x00,0x00,0x00,0x00,0x00,0x00,0x00,0x00,0x00,0x00,0x00,0x00,0x00,0x00,
    0x00,0x00,0x00,0x00,0x00,0x00,0x00,0x00,0x00,0x00,0x00,0x00,0x00,0x00,0x00,0x00,
    0x00,0x00,0x00,0x00,0x00,0x00,0x00,0x00,0x00,0x00,0x00,0x00,0x00,0x00,0x00,0x00,
    0x00,0x00,0x00,0x00,0x00,0x00,0x00,0x00,0x00,0x00,0x00,0x00,0x00,0x00,0x00,0x00,
    0x00,0x00,0x00,0x00,0x00,0x00,0x00,0x00,0x00,0x00,0x00,0x00,0x00,0x00,0x00,0x00,
    0x00,0x00,0x00,0x00,0x00,0x00,0x00,0x00,0x00,0x00,0x00,0x00,0x00,0x00,0x00,0x00,
    0x00,0x00,0x00,0x00,0x00,0x00,0x00,0x00,0x00,0x00,0x00,0x00,0x00,0x00,0x00,0x00,
    0x00,0x00,0x00,0x00,0x00,0x00,0x00,0x00,0x00,0x00,0x00,0x00,0x00,0x00,0x00,0x00,
    0x00,0x00,0x00,0x00,0x00,0x00,0x00,0x00,0x00,0x00,0x00,0x00,0x00,0x00,0x00,0x00,
    0x00,0x00,0x00,0x00,0x00,0x00,0x00,0x00,0x00,0x00,0x00,0x00,0x00,0x00,0x00,0x00,
    0x00,0x00,0x00,0x00,0x00,0x00,0x00,0x00,0x00,0x00,0x00,0x00,0x00,0x00,0x00,0x00,
    0x00,0x00,0x00,0x00,0x00,0x00,0x00,0x00,0x00,0x00,0x00,0x00,0x00,0x00,0x00,0x00,
    0x00,0x00,0x00,0x00,0x00,0x00,0x00,0x00,0x00,0x00,0x00,0x00,0x00,0x00,0x00,0x00,
    0x00,0x00,0x00,0x00,0x00,0x00,0x00,0x00,0x00,0x00,0x00,0x00,0x00,0x00,0x00,0x00,
    0x00,0x00,0x00,0x00,0x00,0x00,0x00,0x00,0x00,0x00,0x00,0x00,0x00,0x00,0x00,0x00,
    0x00,0x00,0x00,0x00,0x00,0x00,0x00,0x00,0x00,0x00,0x00,0x00,0x00,0x00,0x00,0x00,
    0x00,0x00,0x00,0x00,0x00,0x00,0x00,0x00,0x00,0x00,0x00,0x00,0x00,0x00,0x00,0x00,
    0x00,0x00,0x00,0x00,0x00,0x00,0x00,0x00,0x00,0x00,0x00,0x00,0x00,0x00,0x00,0x00,
    0x00,0x00,0x00,0x00,0x00,0x00,0x00,0x00,0x00,0x00,0x00,0x00,0x00,0x00,0x00,0x00,
    0x00,0x00,0x00,0x00,0x00,0x00,0x00,0x00,0x00,0x00,0x00,0x00,0x00,0x00,0x00,0x00,
    0x00,0x00,0x00,0x00,0x00,0x00,0x00,0x00,0x00,0x00,0x00,0x00,0x00,0x00,0x00,0x00,
    0x00,0x00,0x00,0x00,0x00,0x00,0x00,0x00,0x00,0x00,0x00,0x00,0x00,0x00,0x00,0x00,
    0x00,0x00,0x00,0x00,0x00,0x00,0x00,0x00,0x00,0x00,0x00,0x00,0x00,0x00,0x00,0x00,
    0x00,0x00,0x00,0x00,0x00,0x00,0x00,0x00,0x00,0x00,0x00,0x00,0x00,0x00,0x00,0x00,
    0x00,0x00,0x00,0x00,0x00,0x00,0x00,0x00,0x00,0x00,0x00,0x00,0x00,0x00,0x00,0x00,
    0x00,0x00,0x00,0x00,0x00,0x00,0x00,0x00,0x00,0x00,0x00,0x00,0x00,0x00,0x00,0x00,
    0x00,0x00,0x00,0x00,0x00,0x00,0x00,0x00,0x00,0x00,0x00,0x00,0x00,0x00,0x00,0x00,
    0x00,0x00,0x00,0x00,0x00,0x00,0x00,0x00,0x00,0x00,0x00,0x00,0x00,0x00,0x00,0x00,
    0x00,0x00,0x00,0x00,0x00,0x00,0x00,0x00,0x00,0x00,0x00,0x00,0x00,0x00,0x00,0x00,
    0x00,0x00,0x00,0x00,0x00,0x00,0x00,0x00,0x00,0x00,0x00,0x00,0x00,0x00,0x00,0x00,
    0x00,0x00,0x00,0x00,0x00,0x00,0x00,0x00,0x00,0x00,0x00,0x00,0x00,0x00,0x00,0x00,
    0x00,0x00,0x00,0x00,0x00,0x00,0x00,0x00,0x00,0x00,0x00,0x00,0x00,0x00,0x00,0x00,
    0x00,0x00,0x00,0x00,0x00,0x00,0x00,0x00,0x00,0x00,0x00,0x00,0x00,0x00,0x00,0x00,
    0x00,0x00,0x00,0x00,0x00,0x00,0x00,0x00,0x00,0x00,0x00,0x00,0x00,0x00,0x00,0x00,
    0x00,0x00,0x00,0x00,0x00,0x00,0x00,0x00,0x00,0x00,0x00,0x00,0x00,0x00,0x00,0x00,
    0x00,0x00,0x00,0x00,0x00,0x00,0xFF,0xFF,0x03,0x00,0x00,0x00,0xEF,0x7B,0x40,0x58,
    0xC6,0xEB,0x9A,0xD6,0xFF,0x38,0xC6,0xFD,0x58,0xC6,0xFE,0xBA,0xD6,0xFF,0x34,0xA5,
    0x84,0x00,0x00,0x00,0xFF,0xFF,0x02,0x00,0x00,0x00,0x00,0x00,0x00,0x00,0x00,0x00,
    0x00,0x00,0x00,0x00,0x00,0x00,0x00,0x00,0x00,0x00,0x00,0x00,0x00,0x00,0x00,0x00,
    0x00,0x00,0x00,0x00,0x00,0x00,0x00,0x00,0x00,0x00,0x00,0x00,0x00,0x00,0x00,0x00,
    0x00,0x00,0x00,0x00,0x00,0x00,0x00,0x00,0x00,0x00,0x00,0x00,0x00,0x00,0x00,0x00,
    0x00,0x00,0x00,0x00,0x00,0x00,0x00,0x00,0x00,0x00,0x00,0x00,0x00,0x00,0x00,0x00,
    0x00,0x00,0x00,0x00,0x00,0x00,0x00,0x00,0x00,0x00,0x00,0x00,0x00,0x00,0x00,0x00,
    0x00,0x00,0x00,0x00,0x00,0x00,0x00,0x00,0x00,0x00,0x00,0x00,0x00,0x00,0x00,0x00,
    0x00,0x00,0x00,0x00,0x00,0x00,0x00,0x00,0x00,0x00,0x00,0x00,0x00,0x00,0x00,0x00,
    0x00,0x00,0x00,0x00,0x00,0x00,0x00,0x00,0x00,0x00,0x00,0x00,0x00,0x00,0x00,0x00,
    0x00,0x00,0x00,0x00,0x00,0x00,0x00,0x00,0x00,0x00,0x00,0x00,0x00,0x00,0x00,0x00,
    0x00,0x00,0x00,0x00,0x00,0x00,0x00,0x00,0x00,0x00,0x00,0x00,0x00,0x00,0x00,0x00,
    0x00,0x00,0x00,0x00,0x00,0x00,0x00,0x00,0x00,0x00,0x00,0x00,0x00,0x00,0x00,0x00,
    0x00,0x00,0x00,0x00,0x00,0x00,0x00,0x00,0x00,0x00,0x00,0x00,0x00,0x00,0x00,0x00,
    0x00,0x00,0x00,0x00,0x00,0x00,0x00,0x00,0x00,0x00,0x00,0x00,0x00,0x00,0x00,0x00,
    0x00,0x00,0x00,0x00,0x00,0x00,0x00,0x00,0x00,0x00,0x00,0x00,0x00,0x00,0x00,0x00,
    0x00,0x00,0x00,0x00,0x00,0x00,0x00,0x00,0x00,0x00,0x00,0x00,0x00,0x00,0x00,0x00,
    0x00,0x00,0x00,0x00,0x00,0x00,0x00,0x00,0x00,0x00,0x00,0x00,0x00,0x00,0x00,0x00,
    0x00,0x00,0x00,0x00,0x00,0x00,0x00,0x00,0x00,0x00,0x00,0x00,0x00,0x00,0x00,0x00,
    0x00,0x00,0x00,0x00,0x00,0x00,0x00,0x00,0x00,0x00,0x00,0x00,0x00,0x00,0x00,0x00,
    0x00,0x00,0x00,0x00,0x00,0x00,0x00,0x00,0x00,0x00,0x00,0x00,0x00,0x00,0x00,0x00,
    0x00,0x00,0x00,0x00,0x00,0x00,0x00,0x00,0x00,0x00,0x00,0x00,0x00,0x00,0x00,0x00,
    0x00,0x00,0x00,0x00,0x00,0x00,0x00,0x00,0x00,0x00,0x00,0x00,0x00,0x00,0x00,0x00,
    0x00,0x00,0x00,0x00,0x00,0x00,0x00,0x00,0x00,0x00,0x00,0x00,0x00,0x00,0x00,0x00,
    0x00,0x00,0x00,0x00,0x00,0x00,0x00,0x00,0x00,0x00,0x00,0x00,0x00,0x00,0x00,0x00,
    0x00,0x00,0x00,0x00,0x00,0x00,0x00,0x00,0x00,0x00,0x00,0x00,0x00,0x00,0x00,0x00,
    0x00,0x00,0x00,0x00,0x00,0x00,0x00,0x00,0x00,0x00,0x00,0x00,0x00,0x00,0x00,0x00,
    0x00,0x00,0x00,0x00,0x00,0x00,0x00,0x00,0x00,0x00,0x00,0x00,0x00,0x00,0x00,0x00,
    0x00,0x00,0x00,0x00,0x00,0x00,0x00,0x00,0x00,0x00,0x00,0x00,0x00,0x00,0x00,0x00,
    0x00,0x00,0x00,0x00,0x00,0x00,0x00,0x00,0x00,0x00,0x00,0x00,0x00,0x00,0x00,0x00,
    0x00,0x00,0x00,0x00,0x00,0x00,0x00,0x00,0x00,0x00,0x00,0x00,0x00,0x00,0x00,0x00,
    0x00,0x00,0x00,0x00,0x00,0x00,0x00,0x00,0x00,0x00,0x00,0x00,0x00,0x00,0x00,0x00,
    0x00,0x00,0x00,0x00,0x00,0x00,0x00,0x00,0x00,0x00,0x00,0x00,0x00,0x00,0x00,0x00,
    0x00,0x00,0x00,0x00,0x00,0x00,0x00,0x00,0x00,0x00,0x00,0x00,0x00,0x00,0x00,0x00,
    0x00,0x00,0x00,0x00,0x00,0x00,0x00,0x00,0x00,0x00,0x00,0x00,0x00,0x00,0x00,0x00,
    0x00,0x00,0x00,0x00,0x00,0x00,0x00,0x00,0x00,0x00,0x00,0x00,0x00,0x00,0x00,0x00,
    0x00,0x00,0x00,0x00,0x00,0x00,0x00,0x00,0x00,0x00,0x00,0x00,0x00,0x00,0x00,0x00,
    0x00,0x00,0x00,0x00,0x00,0x00,0x00,0x00,0x00,0x00,0x00,0x00,0x00,0xEF,0x7B,0x02,
    0x00,0x00,0x00,0x0C,0x63,0x40,0x58,0xC6,0xE7,0xDA,0xD6,0xFF,0x38,0xC6,0xFC,0x58,
    0xC6,0xFE,0x79,0xCE,0xFF,0x79,0xCE,0xFA,0xDA,0xD6,0xFF,0x13,0x9D,0x7F,0x00,0x00,
    0x00,0x58,0xC6,0x05,0xFF,0xFF,0x01,0x00,0x00,0x00,0x00,0x00,0x00,0x00,0x00,0x00,
    0x00,0x00,0x00,0x00,0x00,0x00,0x00,0x00,0x00,0x00,0x00,0x00,0x00,0x00,0x00,0x00,
    0x00,0x00,0x00,0x00,0x00,0x00,0x00,0x00,0x00,0x00,0x00,0x00,0x00,0x00,0x00,0x00,
    0x00,0x00,0x00,0x00,0x00,0x00,0x00,0x00,0x00,0x00,0x00,0x00,0x00,0x00,0x00,0x00,
    0x00,0x00,0x00,0x00,0x00,0x00,0x00,0x00,0x00,0x00,0x00,0x00,0x00,0x00,0x00,0x00,
    0x00,0x00,0x00,0x00,0x00,0x00,0x00,0x00,0x00,0x00,0x00,0x00,0x00,0x00,0x00,0x00,
    0x00,0x00,0x00,0x00,0x00,0x00,0x00,0x00,0x00,0x00,0x00,0x00,0x00,0x00,0x00,0x00,
    0x00,0x00,0x00,0x00,0x00,0x00,0x00,0x00,0x00,0x00,0x00,0x00,0x00,0x00,0x00,0x00,
    0x00,0x00,0x00,0x00,0x00,0x00,0x00,0x00,0x00,0x00,0x00,0x00,0x00,0x00,0x00,0x00,
    0x00,0x00,0x00,0x00,0x00,0x00,0x00,0x00,0x00,0x00,0x00,0x00,0x00,0x00,0x00,0x00,
    0x00,0x00,0x00,0x00,0x00,0x00,0x00,0x00,0x00,0x00,0x00,0x00,0x00,0x00,0x00,0x00,
    0x00,0x00,0x00,0x00,0x00,0x00,0x00,0x00,0x00,0x00,0x00,0x00,0x00,0x00,0x00,0x00,
    0x00,0x00,0x00,0x00,0x00,0x00,0x00,0x00,0x00,0x00,0x00,0x00,0x00,0x00,0x00,0x00,
    0x00,0x00,0x00,0x00,0x00,0x00,0x00,0x00,0x00,0x00,0x00,0x00,0x00,0x00,0x00,0x00,
    0x00,0x00,0x00,0x00,0x00,0x00,0x00,0x00,0x00,0x00,0x00,0x00,0x00,0x00,0x00,0x00,
    0x00,0x00,0x00,0x00,0x00,0x00,0x00,0x00,0x00,0x00,0x00,0x00,0x00,0x00,0x00,0x00,
    0x00,0x00,0x00,0x00,0x00,0x00,0x00,0x00,0x00,0x00,0x00,0x00,0x00,0x00,0x00,0x00,
    0x00,0x00,0x00,0x00,0x00,0x00,0x00,0x00,0x00,0x00,0x00,0x00,0x00,0x00,0x00,0x00,
    0x00,0x00,0x00,0x00,0x00,0x00,0x00,0x00,0x00,0x00,0x00,0x00,0x00,0x00,0x00,0x00,
    0x00,0x00,0x00,0x00,0x00,0x00,0x00,0x00,0x00,0x00,0x00,0x00,0x00,0x00,0x00,0x00,
    0x00,0x00,0x00,0x00,0x00,0x00,0x00,0x00,0x00,0x00,0x00,0x00,0x00,0x00,0x00,0x00,
    0x00,0x00,0x00,0x00,0x00,0x00,0x00,0x00,0x00,0x00,0x00,0x00,0x00,0x00,0x00,0x00,
    0x00,0x00,0x00,0x00,0x00,0x00,0x00,0x00,0x00,0x00,0x00,0x00,0x00,0x00,0x00,0x00,
    0x00,0x00,0x00,0x00,0x00,0x00,0x00,0x00,0x00,0x00,0x00,0x00,0x00,0x00,0x00,0x00,
    0x00,0x00,0x00,0x00,0x00,0x00,0x00,0x00,0x00,0x00,0x00,0x00,0x00,0x00,0x00,0x00,
    0x00,0x00,0x00,0x00,0x00,0x00,0x00,0x00,0x00,0x00,0x00,0x00,0x00,0x00,0x00,0x00,
    0x00,0x00,0x00,0x00,0x00,0x00,0x00,0x00,0x00,0x00,0x00,0x00,0x00,0x00,0x00,0x00,
    0x00,0x00,0x00,0x00,0x00,0x00,0x00,0x00,0x00,0x00,0x00,0x00,0x00,0x00,0x00,0x00,
    0x00,0x00,0x00,0x00,0x00,0x00,0x00,0x00,0x00,0x00,0x00,0x00,0x00,0x00,0x00,0x00,
    0x00,0x00,0x00,0x00,0x00,0x00,0x00,0x00,0x00,0x00,0x00,0x00,0x00,0x00,0x00,0x00,
    0x00,0x00,0x00,0x00,0x00,0x00,0x00,0x00,0x00,0x00,0x00,0x00,0x00,0x00,0x00,0x00,
    0x00,0x00,0x00,0x00,0x00,0x00,0x00,0x00,0x00,0x00,0x00,0x00,0x00,0x00,0x00,0x00,
    0x00,0x00,0x00,0x00,0x00,0x00,0x00,0x00,0x00,0x00,0x00,0x00,0x00,0x00,0x00,0x00,
    0x00,0x00,0x00,0x00,0x00,0x00,0x00,0x00,0x00,0x00,0x00,0x00,0x00,0x00,0x00,0x00,
    0x00,0x00,0x00,0x00,0x00,0x00,0x00,0x00,0x00,0x00,0x00,0x00,0x00,0x00,0x00,0x00,
    0x00,0x00,0x00,0x00,0x00,0x00,0x00,0x00,0x00,0x00,0x00,0x00,0x00,0x00,0x00,0x00,
    0x00,0x00,0x00,0x00,0xFF,0xFF,0x02,0x00,0x00,0x00,0xCF,0x7B,0x39,0x79,0xCE,0xE3,
    0xFB,0xDE,0xFF,0x59,0xCE,0xFC,0xDA,0xD6,0xFF,0xBA,0xD6,0xFF,0xBA,0xD6,0xFF,0x79,
    0xCE,0xFE,0x99,0xCE,0xFD,0xFB,0xDE,0xFF,0xD2,0x94,0x72,0x00,0x00,0x00,0x54,0xA5,
    0x03,0x00,0x00,0x01,0x00,0x00,0x00,0x00,0x00,0x00,0x00,0x00,0x00,0x00,0x00,0x00,
    0x00,0x00,0x00,0x00,0x00,0x00,0x00,0x00,0x00,0x00,0x00,0x00,0x00,0x00,0x00,0x00,
    0x00,0x00,0x00,0x00,0x00,0x00,0x00,0x00,0x00,0x00,0x00,0x00,0x00,0x00,0x00,0x00,
    0x00,0x00,0x00,0x00,0x00,0x00,0x00,0x00,0x00,0x00,0x00,0x00,0x00,0x00,0x00,0x00,
    0x00,0x00,0x00,0x00,0x00,0x00,0x00,0x00,0x00,0x00,0x00,0x00,0x00,0x00,0x00,0x00,
    0x00,0x00,0x00,0x00,0x00,0x00,0x00,0x00,0x00,0x00,0x00,0x00,0x00,0x00,0x00,0x00,
    0x00,0x00,0x00,0x00,0x00,0x00,0x00,0x00,0x00,0x00,0x00,0x00,0x00,0x00,0x00,0x00,
    0x00,0x00,0x00,0x00,0x00,0x00,0x00,0x00,0x00,0x00,0x00,0x00,0x00,0x00,0x00,0x00,
    0x00,0x00,0x00,0x00,0x00,0x00,0x00,0x00,0x00,0x00,0x00,0x00,0x00,0x00,0x00,0x00,
    0x00,0x00,0x00,0x00,0x00,0x00,0x00,0x00,0x00,0x00,0x00,0x00,0x00,0x00,0x00,0x00,
    0x00,0x00,0x00,0x00,0x00,0x00,0x00,0x00,0x00,0x00,0x00,0x00,0x00,0x00,0x00,0x00,
    0x00,0x00,0x00,0x00,0x00,0x00,0x00,0x00,0x00,0x00,0x00,0x00,0x00,0x00,0x00,0x00,
    0x00,0x00,0x00,0x00,0x00,0x00,0x00,0x00,0x00,0x00,0x00,0x00,0x00,0x00,0x00,0x00,
    0x00,0x00,0x00,0x00,0x00,0x00,0x00,0x00,0x00,0x00,0x00,0x00,0x00,0x00,0x00,0x00,
    0x00,0x00,0x00,0x00,0x00,0x00,0x00,0x00,0x00,0x00,0x00,0x00,0x00,0x00,0x00,0x00,
    0x00,0x00,0x00,0x00,0x00,0x00,0x00,0x00,0x00,0x00,0x00,0x00,0x00,0x00,0x00,0x00,
    0x00,0x00,0x00,0x00,0x00,0x00,0x00,0x00,0x00,0x00,0x00,0x00,0x00,0x00,0x00,0x00,
    0x00,0x00,0x00,0x00,0x00,0x00,0x00,0x00,0x00,0x00,0x00,0x00,0x00,0x00,0x00,0x00,
    0x00,0x00,0x00,0x00,0x00,0x00,0x00,0x00,0x00,0x00,0x00,0x00,0x00,0x00,0x00,0x00,
    0x00,0x00,0x00,0x00,0x00,0x00,0x00,0x00,0x00,0x00,0x00,0x00,0x00,0x00,0x00,0x00,
    0x00,0x00,0x00,0x00,0x00,0x00,0x00,0x00,0x00,0x00,0x00,0x00,0x00,0x00,0x00,0x00,
    0x00,0x00,0x00,0x00,0x00,0x00,0x00,0x00,0x00,0x00,0x00,0x00,0x00,0x00,0x00,0x00,
    0x00,0x00,0x00,0x00,0x00,0x00,0x00,0x00,0x00,0x00,0x00,0x00,0x00,0x00,0x00,0x00,
    0x00,0x00,0x00,0x00,0x00,0x00,0x00,0x00,0x00,0x00,0x00,0x00,0x00,0x00,0x00,0x00,
    0x00,0x00,0x00,0x00,0x00,0x00,0x00,0x00,0x00,0x00,0x00,0x00,0x00,0x00,0x00,0x00,
    0x00,0x00,0x00,0x00,0x00,0x00,0x00,0x00,0x00,0x00,0x00,0x00,0x00,0x00,0x00,0x00,
    0x00,0x00,0x00,0x00,0x00,0x00,0x00,0x00,0x00,0x00,0x00,0x00,0x00,0x00,0x00,0x00,
    0x00,0x00,0x00,0x00,0x00,0x00,0x00,0x00,0x00,0x00,0x00,0x00,0x00,0x00,0x00,0x00,
    0x00,0x00,0x00,0x00,0x00,0x00,0x00,0x00,0x00,0x00,0x00,0x00,0x00,0x00,0x00,0x00,
    0x00,0x00,0x00,0x00,0x00,0x00,0x00,0x00,0x00,0x00,0x00,0x00,0x00,0x00,0x00,0x00,
    0x00,0x00,0x00,0x00,0x00,0x00,0x00,0x00,0x00,0x00,0x00,0x00,0x00,0x00,0x00,0x00,
    0x00,0x00,0x00,0x00,0x00,0x00,0x00,0x00,0x00,0x00,0x00,0x00,0x00,0x00,0x00,0x00,
    0x00,0x00,0x00,0x00,0x00,0x00,0x00,0x00,0x00,0x00,0x00,0x00,0x00,0x00,0x00,0x00,
    0x00,0x00,0x00,0x00,0x00,0x00,0x00,0x00,0x00,0x00,0x00,0x00,0x00,0x00,0x00,0x00,
    0x00,0x00,0x00,0x00,0x00,0x00,0x00,0x00,0x00,0x00,0x00,0x00,0x00,0x00,0x00,0x00,
    0x00,0x00,0x00,0x00,0x00,0x00,0x00,0x00,0x00,0x00,0x00,0xF7,0xBD,0x04,0x00,0x00,
    0x00,0x8D,0x6B,0x35,0x38,0xC6,0xE4,0xDA,0xD6,0xFF,0x58,0xC6,0xFC,0xDA,0xD6,0xFF,
    0x17,0xBE,0xE6,0xD7,0xBD,0xE6,0x79,0xCE,0xFF,0x79,0xCE,0xFE,0x79,0xCE,0xFE,0x79,
    0xCE,0xFB,0xBA,0xD6,0xFD,0xD2,0x94,0x68,0x00,0x00,0x00,0xFF,0xFF,0x03,0x00,0x00,
    0x00,0x00,0x00,0x00,0x00,0x00,0x00,0x00,0x00,0x00,0x00,0x00,0x00,0x00,0x00,0x00,
    0x00,0x00,0x00,0x00,0x00,0x00,0x00,0x00,0x00,0x00,0x00,0x00,0x00,0x00,0x00,0x00,
    0x00,0x00,0x00,0x00,0x00,0x00,0x00,0x00,0x00,0x00,0x00,0x00,0x00,0x00,0x00,0x00,
    0x00,0x00,0x00,0x00,0x00,0x00,0x00,0x00,0x00,0x00,0x00,0x00,0x00,0x00,0x00,0x00,
    0x00,0x00,0x00,0x00,0x00,0x00,0x00,0x00,0x00,0x00,0x00,0x00,0x00,0x00,0x00,0x00,
    0x00,0x00,0x00,0x00,0x00,0x00,0x00,0x00,0x00,0x00,0x00,0x00,0x00,0x00,0x00,0x00,
    0x00,0x00,0x00,0x00,0x00,0x00,0x00,0x00,0x00,0x00,0x00,0x00,0x00,0x00,0x00,0x00,
    0x00,0x00,0x00,0x00,0x00,0x00,0x00,0x00,0x00,0x00,0x00,0x00,0x00,0x00,0x00,0x00,
    0x00,0x00,0x00,0x00,0x00,0x00,0x00,0x00,0x00,0x00,0x00,0x00,0x00,0x00,0x00,0x00,
    0x00,0x00,0x00,0x00,0x00,0x00,0x00,0x00,0x00,0x00,0x00,0x00,0x00,0x00,0x00,0x00,
    0x00,0x00,0x00,0x00,0x00,0x00,0x00,0x00,0x00,0x00,0x00,0x00,0x00,0x00,0x00,0x00,
    0x00,0x00,0x00,0x00,0x00,0x00,0x00,0x00,0x00,0x00,0x00,0x00,0x00,0x00,0x00,0x00,
    0x00,0x00,0x00,0x00,0x00,0x00,0x00,0x00,0x00,0x00,0x00,0x00,0x00,0x00,0x00,0x00,
    0x00,0x00,0x00,0x00,0x00,0x00,0x00,0x00,0x00,0x00,0x00,0x00,0x00,0x00,0x00,0x00,
    0x00,0x00,0x00,0x00,0x00,0x00,0x00,0x00,0x00,0x00,0x00,0x00,0x00,0x00,0x00,0x00,
    0x00,0x00,0x00,0x00,0x00,0x00,0x00,0x00,0x00,0x00,0x00,0x00,0x00,0x00,0x00,0x00,
    0x00,0x00,0x00,0x00,0x00,0x00,0x00,0x00,0x00,0x00,0x00,0x00,0x00,0x00,0x00,0x00,
    0x00,0x00,0x00,0x00,0x00,0x00,0x00,0x00,0x00,0x00,0x00,0x00,0x00,0x00,0x00,0x00,
    0x00,0x00,0x00,0x00,0x00,0x00,0x00,0x00,0x00,0x00,0x00,0x00,0x00,0x00,0x00,0x00,
    0x00,0x00,0x00,0x00,0x00,0x00,0x00,0x00,0x00,0x00,0x00,0x00,0x00,0x00,0x00,0x00,
    0x00,0x00,0x00,0x00,0x00,0x00,0x00,0x00,0x00,0x00,0x00,0x00,0x00,0x00,0x00,0x00,
    0x00,0x00,0x00,0x00,0x00,0x00,0x00,0x00,0x00,0x00,0x00,0x00,0x00,0x00,0x00,0x00,
    0x00,0x00,0x00,0x00,0x00,0x00,0x00,0x00,0x00,0x00,0x00,0x00,0x00,0x00,0x00,0x00,
    0x00,0x00,0x00,0x00,0x00,0x00,0x00,0x00,0x00,0x00,0x00,0x00,0x00,0x00,0x00,0x00,
    0x00,0x00,0x00,0x00,0x00,0x00,0x00,0x00,0x00,0x00,0x00,0x00,0x00,0x00,0x00,0x00,
    0x00,0x00,0x00,0x00,0x00,0x00,0x00,0x00,0x00,0x00,0x00,0x00,0x00,0x00,0x00,0x00,
    0x00,0x00,0x00,0x00,0x00,0x00,0x00,0x00,0x00,0x00,0x00,0x00,0x00,0x00,0x00,0x00,
    0x00,0x00,0x00,0x00,0x00,0x00,0x00,0x00,0x00,0x00,0x00,0x00,0x00,0x00,0x00,0x00,
    0x00,0x00,0x00,0x00,0x00,0x00,0x00,0x00,0x00,0x00,0x00,0x00,0x00,0x00,0x00,0x00,
    0x00,0x00,0x00,0x00,0x00,0x00,0x00,0x00,0x00,0x00,0x00,0x00,0x00,0x00,0x00,0x00,
    0x00,0x00,0x00,0x00,0x00,0x00,0x00,0x00,0x00,0x00,0x00,0x00,0x00,0x00,0x00,0x00,
    0x00,0x00,0x00,0x00,0x00,0x00,0x00,0x00,0x00,0x00,0x00,0x00,0x00,0x00,0x00,0x00,
    0x00,0x00,0x00,0x00,0x00,0x00,0x00,0x00,0x00,0x00,0x00,0x00,0x00,0x00,0x00,0x00,
    0x00,0x00,0x00,0x00,0x00,0x00,0x00,0x00,0x00,0x00,0x00,0x00,0x00,0x00,0x00,0x00,
    0x00,0x00,0x00,0x00,0x00,0x00,0x00,0x00,0x00,0x00,0x00,0x00,0x00,0x00,0x00,0x00,
    0x00,0x00,0xEF,0x7B,0x02,0x00,0x00,0x00,0x4D,0x6B,0x32,0x38,0xC6,0xDD,0xDA,0xD6,
    0xFF,0x79,0xCE,0xFA,0xDA,0xD6,0xFF,0x9A,0xD6,0xF5,0x51,0x8C,0x3C,0xF3,0x9C,0xA7,
    0x1B,0xDF,0xFF,0x79,0xCE,0xFD,0xBA,0xD6,0xFF,0x99,0xCE,0xFD,0xDA,0xD6,0xFE,0xBA,
    0xD6,0xFC,0x50,0x84,0x5E,0x00,0x00,0x00,0x2C,0x63,0x05,0x00,0x00,0x01,0x00,0x00,
    0x00,0x00,0x00,0x00,0x00,0x00,0x00,0x00,0x00,0x00,0x00,0x00,0x00,0x00,0x00,0x00,
    0x00,0x00,0x00,0x00,0x00,0x00,0x00,0x00,0x00,0x00,0x00,0x00,0x00,0x00,0x00,0x00,
    0x00,0x00,0x00,0x00,0x00,0x00,0x00,0x00,0x00,0x00,0x00,0x00,0x00,0x00,0x00,0x00,
    0x00,0x00,0x00,0x00,0x00,0x00,0x00,0x00,0x00,0x00,0x00,0x00,0x00,0x00,0x00,0x00,
    0x00,0x00,0x00,0x00,0x00,0x00,0x00,0x00,0x00,0x00,0x00,0x00,0x00,0x00,0x00,0x00,
    0x00,0x00,0x00,0x00,0x00,0x00,0x00,0x00,0x00,0x00,0x00,0x00,0x00,0x00,0x00,0x00,
    0x00,0x00,0x00,0x00,0x00,0x00,0x00,0x00,0x00,0x00,0x00,0x00,0x00,0x00,0x00,0x00,
    0x00,0x00,0x00,0x00,0x00,0x00,0x00,0x00,0x00,0x00,0x00,0x00,0x00,0x00,0x00,0x00,
    0x00,0x00,0x00,0x00,0x00,0x00,0x00,0x00,0x00,0x00,0x00,0x00,0x00,0x00,0x00,0x00,
    0x00,0x00,0x00,0x00,0x00,0x00,0x00,0x00,0x00,0x00,0x00,0x00,0x00,0x00,0x00,0x00,
    0x00,0x00,0x00,0x00,0x00,0x00,0x00,0x00,0x00,0x00,0x00,0x00,0x00,0x00,0x00,0x00,
    0x00,0x00,0x00,0x00,0x00,0x00,0x00,0x00,0x00,0x00,0x00,0x00,0x00,0x00,0x00,0x00,
    0x00,0x00,0x00,0x00,0x00,0x00,0x00,0x00,0x00,0x00,0x00,0x00,0x00,0x00,0x00,0x00,
    0x00,0x00,0x00,0x00,0x00,0x00,0x00,0x00,0x00,0x00,0x00,0x00,0x00,0x00,0x00,0x00,
    0x00,0x00,0x00,0x00,0x00,0x00,0x00,0x00,0x00,0x00,0x00,0x00,0x00,0x00,0x00,0x00,
    0x00,0x00,0x00,0x00,0x00,0x00,0x00,0x00,0x00,0x00,0x00,0x00,0x00,0x00,0x00,0x00,
    0x00,0x00,0x00,0x00,0x00,0x00,0x00,0x00,0x00,0x00,0x00,0x00,0x00,0x00,0x00,0x00,
    0x00,0x00,0x00,0x00,0x00,0x00,0x00,0x00,0x00,0x00,0x00,0x00,0x00,0x00,0x00,0x00,
    0x00,0x00,0x00,0x00,0x00,0x00,0x00,0x00,0x00,0x00,0x00,0x00,0x00,0x00,0x00,0x00,
    0x00,0x00,0x00,0x00,0x00,0x00,0x00,0x00,0x00,0x00,0x00,0x00,0x00,0x00,0x00,0x00,
    0x00,0x00,0x00,0x00,0x00,0x00,0x00,0x00,0x00,0x00,0x00,0x00,0x00,0x00,0x00,0x00,
    0x00,0x00,0x00,0x00,0x00,0x00,0x00,0x00,0x00,0x00,0x00,0x00,0x00,0x00,0x00,0x00,
    0x00,0x00,0x00,0x00,0x00,0x00,0x00,0x00,0x00,0x00,0x00,0x00,0x00,0x00,0x00,0x00,
    0x00,0x00,0x00,0x00,0x00,0x00,0x00,0x00,0x00,0x00,0x00,0x00,0x00,0x00,0x00,0x00,
    0x00,0x00,0x00,0x00,0x00,0x00,0x00,0x00,0x00,0x00,0x00,0x00,0x00,0x00,0x00,0x00,
    0x00,0x00,0x00,0x00,0x00,0x00,0x00,0x00,0x00,0x00,0x00,0x00,0x00,0x00,0x00,0x00,
    0x00,0x00,0x00,0x00,0x00,0x00,0x00,0x00,0x00,0x00,0x00,0x00,0x00,0x00,0x00,0x00,
    0x00,0x00,0x00,0x00,0x00,0x00,0x00,0x00,0x00,0x00,0x00,0x00,0x00,0x00,0x00,0x00,
    0x00,0x00,0x00,0x00,0x00,0x00,0x00,0x00,0x00,0x00,0x00,0x00,0x00,0x00,0x00,0x00,
    0x00,0x00,0x00,0x00,0x00,0x00,0x00,0x00,0x00,0x00,0x00,0x00,0x00,0x00,0x00,0x00,
    0x00,0x00,0x00,0x00,0x00,0x00,0x00,0x00,0x00,0x00,0x00,0x00,0x00,0x00,0x00,0x00,
    0x00,0x00,0x00,0x00,0x00,0x00,0x00,0x00,0x00,0x00,0x00,0x00,0x00,0x00,0x00,0x00,
    0x00,0x00,0x00,0x00,0x00,0x00,0x00,0x00,0x00,0x00,0x00,0x00,0x00,0x00,0x00,0x00,
    0x00,0x00,0x00,0x00,0x00,0x00,0x00,0x00,0x00,0x00,0x00,0x00,0x00,0x00,0x00,0x00,
    0x00,0x00,0x00,0x00,0x00,0x00,0x00,0x00,0x00,0xFF,0xFF,0x02,0x00,0x00,0x00,0xAE,
    0x73,0x31,0x38,0xC6,0xDA,0xBA,0xD6,0xFF,0x38,0xC6,0xFC,0x79,0xCE,0xFB,0xBA,0xD6,
    0xFE,0xD2,0x94,0x71,0x00,0x00,0x00,0xF7,0xBD,0xD5,0xFB,0xDE,0xFF,0x99,0xCE,0xFE,
    0x9A,0xD6,0xFF,0x79,0xCE,0xFF,0x79,0xCE,0xFC,0xDA,0xD6,0xFC,0x79,0xCE,0xF1,0x8D,
    0x6B,0x4B,0x00,0x00,0x00,0xFF,0xFF,0x02,0xFF,0xFF,0x01,0xFF,0xFF,0x01,0x00,0x00,
    0x00,0x00,0x00,0x00,0x00,0x00,0x00,0x00,0x00,0x00,0x00,0x00,0x00,0x00,0x00,0x00,
    0x00,0x00,0x00,0x00,0x00,0x00,0x00,0x00,0x00,0x00,0x00,0x00,0x00,0x00,0x00,0x00,
    0x00,0x00,0x00,0x00,0x00,0x00,0x00,0x00,0x00,0x00,0x00,0x00,0x00,0x00,0x00,0x00,
    0x00,0x00,0x00,0x00,0x00,0x00,0x00,0x00,0x00,0x00,0x00,0x00,0x00,0x00,0x00,0x00,
    0x00,0x00,0x00,0x00,0x00,0x00,0x00,0x00,0x00,0x00,0x00,0x00,0x00,0x00,0x00,0x00,
    0x00,0x00,0x00,0x00,0x00,0x00,0x00,0x00,0x00,0x00,0x00,0x00,0x00,0x00,0x00,0x00,
    0x00,0x00,0x00,0x00,0x00,0x00,0x00,0x00,0x00,0x00,0x00,0x00,0x00,0x00,0x00,0x00,
    0x00,0x00,0x00,0x00,0x00,0x00,0x00,0x00,0x00,0x00,0x00,0x00,0x00,0x00,0x00,0x00,
    0x00,0x00,0x00,0x00,0x00,0x00,0x00,0x00,0x00,0x00,0x00,0x00,0x00,0x00,0x00,0x00,
    0x00,0x00,0x00,0x00,0x00,0x00,0x00,0x00,0x00,0x00,0x00,0x00,0x00,0x00,0x00,0x00,
    0x00,0x00,0x00,0x00,0x00,0x00,0x00,0x00,0x00,0x00,0x00,0x00,0x00,0x00,0x00,0x00,
    0x00,0x00,0x00,0x00,0x00,0x00,0x00,0x00,0x00,0x00,0x00,0x00,0x00,0x00,0x00,0x00,
    0x00,0x00,0x00,0x00,0x00,0x00,0x00,0x00,0x00,0x00,0x00,0x00,0x00,0x00,0x00,0x00,
    0x00,0x00,0x00,0x00,0x00,0x00,0x00,0x00,0x00,0x00,0x00,0x00,0x00,0x00,0x00,0x00,
    0x00,0x00,0x00,0x00,0x00,0x00,0x00,0x00,0x00,0x00,0x00,0x00,0x00,0x00,0x00,0x00,
    0x00,0x00,0x00,0x00,0x00,0x00,0x00,0x00,0x00,0x00,0x00,0x00,0x00,0x00,0x00,0x00,
    0x00,0x00,0x00,0x00,0x00,0x00,0x00,0x00,0x00,0x00,0x00,0x00,0x00,0x00,0x00,0x00,
    0x00,0x00,0x00,0x00,0x00,0x00,0x00,0x00,0x00,0x00,0x00,0x00,0x00,0x00,0x00,0x00,
    0x00,0x00,0x00,0x00,0x00,0x00,0x00,0x00,0x00,0x00,0x00,0x00,0x00,0x00,0x00,0x00,
    0x00,0x00,0x00,0x00,0x00,0x00,0x00,0x00,0x00,0x00,0x00,0x00,0x00,0x00,0x00,0x00,
    0x00,0x00,0x00,0x00,0x00,0x00,0x00,0x00,0x00,0x00,0x00,0x00,0x00,0x00,0x00,0x00,
    0x00,0x00,0x00,0x00,0x00,0x00,0x00,0x00,0x00,0x00,0x00,0x00,0x00,0x00,0x00,0x00,
    0x00,0x00,0x00,0x00,0x00,0x00,0x00,0x00,0x00,0x00,0x00,0x00,0x00,0x00,0x00,0x00,
    0x00,0x00,0x00,0x00,0x00,0x00,0x00,0x00,0x00,0x00,0x00,0x00,0x00,0x00,0x00,0x00,
    0x00,0x00,0x00,0x00,0x00,0x00,0x00,0x00,0x00,0x00,0x00,0x00,0x00,0x00,0x00,0x00,
    0x00,0x00,0x00,0x00,0x00,0x00,0x00,0x00,0x00,0x00,0x00,0x00,0x00,0x00,0x00,0x00,
    0x00,0x00,0x00,0x00,0x00,0x00,0x00,0x00,0x00,0x00,0x00,0x00,0x00,0x00,0x00,0x00,
    0x00,0x00,0x00,0x00,0x00,0x00,0x00,0x00,0x00,0x00,0x00,0x00,0x00,0x00,0x00,0x00,
    0x00,0x00,0x00,0x00,0x00,0x00,0x00,0x00,0x00,0x00,0x00,0x00,0x00,0x00,0x00,0x00,
    0x00,0x00,0x00,0x00,0x00,0x00,0x00,0x00,0x00,0x00,0x00,0x00,0x00,0x00,0x00,0x00,
    0x00,0x00,0x00,0x00,0x00,0x00,0x00,0x00,0x00,0x00,0x00,0x00,0x00,0x00,0x00,0x00,
    0x00,0x00,0x00,0x00,0x00,0x00,0x00,0x00,0x00,0x00,0x00,0x00,0x00,0x00,0x00,0x00,
    0x00,0x00,0x00,0x00,0x00,0x00,0x00,0x00,0x00,0x00,0x00,0x00,0x00,0x00,0x00,0x00,
    0x00,0x00,0x00,0x00,0x00,0x00,0x00,0x00,0x00,0x00,0xFF,0xFF,0x01,0xFF,0xFF,0x03,
    0x58,0xC6,0x05,0x00,0x00,0x00,0xAE,0x73,0x35,0x38,0xC6,0xDD,0x99,0xCE,0xFF,0x38,
    0xC6,0xFC,0x58,0xC6,0xFD,0xDA,0xD6,0xFF,0xB6,0xB5,0xB8,0x00,0x00,0x06,0x49,0x4A,
    0x22,0x79,0xCE,0xF3,0xDA,0xD6,0xFF,0xBA,0xD6,0xFF,0xBA,0xD6,0xFF,0xBA,0xD6,0xFF,
    0x9A,0xD6,0xFF,0x58,0xC6,0xFC,0x9A,0xD6,0xFB,0x58,0xC6,0xE8,0x4C,0x63,0x3E,0x00,
    0x00,0x00,0x00,0x00,0x00,0x00,0x00,0x00,0xEF,0x7B,0x02,0x00,0x00,0x00,0x00,0x00,
    0x00,0x00,0x00,0x00,0x00,0x00,0x00,0x00,0x00,0x00,0x00,0x00,0x00,0x00,0x00,0x00,
    0x00,0x00,0x00,0x00,0x00,0x00,0x00,0x00,0x00,0x00,0x00,0x00,0x00,0x00,0x00,0x00,
    0x00,0x00,0x00,0x00,0x00,0x00,0x00,0x00,0x00,0x00,0x00,0x00,0x00,0x00,0x00,0x00,
    0x00,0x00,0x00,0x00,0x00,0x00,0x00,0x00,0x00,0x00,0x00,0x00,0x00,0x00,0x00,0x00,
    0x00,0x00,0x00,0x00,0x00,0x00,0x00,0x00,0x00,0x00,0x00,0x00,0x00,0x00,0x00,0x00,
    0x00,0x00,0x00,0x00,0x00,0x00,0x00,0x00,0x00,0x00,0x00,0x00,0x00,0x00,0x00,0x00,
    0x00,0x00,0x00,0x00,0x00,0x00,0x00,0x00,0x00,0x00,0x00,0x00,0x00,0x00,0x00,0x00,
    0x00,0x00,0x00,0x00,0x00,0x00,0x00,0x00,0x00,0x00,0x00,0x00,0x00,0x00,0x00,0x00,
    0x00,0x00,0x00,0x00,0x00,0x00,0x00,0x00,0x00,0x00,0x00,0x00,0x00,0x00,0x00,0x00,
    0x00,0x00,0x00,0x00,0x00,0x00,0x00,0x00,0x00,0x00,0x00,0x00,0x00,0x00,0x00,0x00,
    0x00,0x00,0x00,0x00,0x00,0x00,0x00,0x00,0x00,0x00,0x00,0x00,0x00,0x00,0x00,0x00,
    0x00,0x00,0x00,0x00,0x00,0x00,0x00,0x00,0x00,0x00,0x00,0x00,0x00,0x00,0x00,0x00,
    0x00,0x00,0x00,0x00,0x00,0x00,0x00,0x00,0x00,0x00,0x00,0x00,0x00,0x00,0x00,0x00,
    0x00,0x00,0x00,0x00,0x00,0x00,0x00,0x00,0x00,0x00,0x00,0x00,0x00,0x00,0x00,0x00,
    0x00,0x00,0x00,0x00,0x00,0x00,0x00,0x00,0x00,0x00,0x00,0x00,0x00,0x00,0x00,0x00,
    0x00,0x00,0x00,0x00,0x00,0x00,0x00,0x00,0x00,0x00,0x00,0x00,0x00,0x00,0x00,0x00,
    0x00,0x00,0x00,0x00,0x00,0x00,0x00,0x00,0x00,0x00,0x00,0x00,0x00,0x00,0x00,0x00,
    0x00,0x00,0x00,0x00,0x00,0x00,0x00,0x00,0x00,0x00,0x00,0x00,0x00,0x00,0x00,0x00,
    0x00,0x00,0x00,0x00,0x00,0x00,0x00,0x00,0x00,0x00,0x00,0x00,0x00,0x00,0x00,0x00,
    0x00,0x00,0x00,0x00,0x00,0x00,0x00,0x00,0x00,0x00,0x00,0x00,0x00,0x00,0x00,0x00,
    0x00,0x00,0x00,0x00,0x00,0x00,0x00,0x00,0x00,0x00,0x00,0x00,0x00,0x00,0x00,0x00,
    0x00,0x00,0x00,0x00,0x00,0x00,0x00,0x00,0x00,0x00,0x00,0x00,0x00,0x00,0x00,0x00,
    0x00,0x00,0x00,0x00,0x00,0x00,0x00,0x00,0x00,0x00,0x00,0x00,0x00,0x00,0x00,0x00,
    0x00,0x00,0x00,0x00,0x00,0x00,0x00,0x00,0x00,0x00,0x00,0x00,0x00,0x00,0x00,0x00,
    0x00,0x00,0x00,0x00,0x00,0x00,0x00,0x00,0x00,0x00,0x00,0x00,0x00,0x00,0x00,0x00,
    0x00,0x00,0x00,0x00,0x00,0x00,0x00,0x00,0x00,0x00,0x00,0x00,0x00,0x00,0x00,0x00,
    0x00,0x00,0x00,0x00,0x00,0x00,0x00,0x00,0x00,0x00,0x00,0x00,0x00,0x00,0x00,0x00,
    0x00,0x00,0x00,0x00,0x00,0x00,0x00,0x00,0x00,0x00,0x00,0x00,0x00,0x00,0x00,0x00,
    0x00,0x00,0x00,0x00,0x00,0x00,0x00,0x00,0x00,0x00,0x00,0x00,0x00,0x00,0x00,0x00,
    0x00,0x00,0x00,0x00,0x00,0x00,0x00,0x00,0x00,0x00,0x00,0x00,0x00,0x00,0x00,0x00,
    0x00,0x00,0x00,0x00,0x00,0x00,0x00,0x00,0x00,0x00,0x00,0x00,0x00,0x00,0x00,0x00,
    0x00,0x00,0x00,0x00,0x00,0x00,0x00,0x00,0x00,0x00,0x00,0x00,0x00,0x00,0x00,0x00,
    0x00,0x00,0x00,0x00,0x00,0x00,0x00,0x00,0x00,0x00,0x00,0x00,0x00,0x00,0x00,0x00,
    0x00,0x00,0x00,0x01,0x00,0x00,0x00,0x00,0x00,0x00,0x00,0x00,0x00,0x6D,0x6B,0x3B,
    0x58,0xC6,0xDE,0xBA,0xD6,0xFF,0x58,0xC6,0xFD,0xBA,0xD6,0xFF,0x59,0xCE,0xFC,0x58,
    0xC6,0xE7,0x69,0x4A,0x30,0x00,0x00,0x00,0xAA,0x52,0x47,0xBA,0xD6,0xF8,0x99,0xCE,
    0xFD,0xBA,0xD6,0xFF,0x9A,0xD6,0xFF,0xBA,0xD6,0xFF,0x99,0xCE,0xFF,0x9A,0xD6,0xFE,
    0xBA,0xD6,0xFF,0xBA,0xD6,0xFE,0x58,0xC6,0xD7,0x30,0x84,0x81,0xF3,0x9C,0x98,0x89,
    0x4A,0x19,0x00,0x00,0x00,0x00,0x00,0x02,0x00,0x00,0x00,0x00,0x00,0x00,0x00,0x00,
    0x00,0x00,0x00,0x00,0x00,0x00,0x00,0x00,0x00,0x00,0x00,0x00,0x00,0x00,0x00,0x00,
    0x00,0x00,0x00,0x00,0x00,0x00,0x00,0x00,0x00,0x00,0x00,0x00,0x00,0x00,0x00,0x00,
    0x00,0x00,0x00,0x00,0x00,0x00,0x00,0x00,0x00,0x00,0x00,0x00,0x00,0x00,0x00,0x00,
    0x00,0x00,0x00,0x00,0x00,0x00,0x00,0x00,0x00,0x00,0x00,0x00,0x00,0x00,0x00,0x00,
    0x00,0x00,0x00,0x00,0x00,0x00,0x00,0x00,0x00,0x00,0x00,0x00,0x00,0x00,0x00,0x00,
    0x00,0x00,0x00,0x00,0x00,0x00,0x00,0x00,0x00,0x00,0x00,0x00,0x00,0x00,0x00,0x00,
    0x00,0x00,0x00,0x00,0x00,0x00,0x00,0x00,0x00,0x00,0x00,0x00,0x00,0x00,0x00,0x00,
    0x00,0x00,0x00,0x00,0x00,0x00,0x00,0x00,0x00,0x00,0x00,0x00,0x00,0x00,0x00,0x00,
    0x00,0x00,0x00,0x00,0x00,0x00,0x00,0x00,0x00,0x00,0x00,0x00,0x00,0x00,0x00,0x00,
    0x00,0x00,0x00,0x00,0x00,0x00,0x00,0x00,0x00,0x00,0x00,0x00,0x00,0x00,0x00,0x00,
    0x00,0x00,0x00,0x00,0x00,0x00,0x00,0x00,0x00,0x00,0x00,0x00,0x00,0x00,0x00,0x00,
    0x00,0x00,0x00,0x00,0x00,0x00,0x00,0x00,0x00,0x00,0x00,0x00,0x00,0x00,0x00,0x00,
    0x00,0x00,0x00,0x00,0x00,0x00,0x00,0x00,0x00,0x00,0x00,0x00,0x00,0x00,0x00,0x00,
    0x00,0x00,0x00,0x00,0x00,0x00,0x00,0x00,0x00,0x00,0x00,0x00,0x00,0x00,0x00,0x00,
    0x00,0x00,0x00,0x00,0x00,0x00,0x00,0x00,0x00,0x00,0x00,0x00,0x00,0x00,0x00,0x00,
    0x00,0x00,0x00,0x00,0x00,0x00,0x00,0x00,0x00,0x00,0x00,0x00,0x00,0x00,0x00,0x00,
    0x00,0x00,0x00,0x00,0x00,0x00,0x00,0x00,0x00,0x00,0x00,0x00,0x00,0x00,0x00,0x00,
    0x00,0x00,0x00,0x00,0x00,0x00,0x00,0x00,0x00,0x00,0x00,0x00,0x00,0x00,0x00,0x00,
    0x00,0x00,0x00,0x00,0x00,0x00,0x00,0x00,0x00,0x00,0x00,0x00,0x00,0x00,0x00,0x00,
    0x00,0x00,0x00,0x00,0x00,0x00,0x00,0x00,0x00,0x00,0x00,0x00,0x00,0x00,0x00,0x00,
    0x00,0x00,0x00,0x00,0x00,0x00,0x00,0x00,0x00,0x00,0x00,0x00,0x00,0x00,0x00,0x00,
    0x00,0x00,0x00,0x00,0x00,0x00,0x00,0x00,0x00,0x00,0x00,0x00,0x00,0x00,0x00,0x00,
    0x00,0x00,0x00,0x00,0x00,0x00,0x00,0x00,0x00,0x00,0x00,0x00,0x00,0x00,0x00,0x00,
    0x00,0x00,0x00,0x00,0x00,0x00,0x00,0x00,0x00,0x00,0x00,0x00,0x00,0x00,0x00,0x00,
    0x00,0x00,0x00,0x00,0x00,0x00,0x00,0x00,0x00,0x00,0x00,0x00,0x00,0x00,0x00,0x00,
    0x00,0x00,0x00,0x00,0x00,0x00,0x00,0x00,0x00,0x00,0x00,0x00,0x00,0x00,0x00,0x00,
    0x00,0x00,0x00,0x00,0x00,0x00,0x00,0x00,0x00,0x00,0x00,0x00,0x00,0x00,0x00,0x00,
    0x00,0x00,0x00,0x00,0x00,0x00,0x00,0x00,0x00,0x00,0x00,0x00,0x00,0x00,0x00,0x00,
    0x00,0x00,0x00,0x00,0x00,0x00,0x00,0x00,0x00,0x00,0x00,0x00,0x00,0x00,0x00,0x00,
    0x00,0x00,0x00,0x00,0x00,0x00,0x00,0x00,0x00,0x00,0x00,0x00,0x00,0x00,0x00,0x00,
    0x00,0x00,0x00,0x00,0x00,0x00,0x00,0x00,0x00,0x00,0x00,0x00,0x00,0x00,0x00,0x00,
    0x00,0x00,0x00,0x00,0x00,0x00,0x00,0x00,0x00,0x00,0x00,0x00,0x00,0x00,0x00,0x00,
    0x00,0x00,0x00,0x00,0x00,0x00,0x00,0x00,0xFF,0xFF,0x01,0x00,0x00,0x00,0x49,0x4A,
    0x1B,0x54,0xA5,0x53,0x30,0x84,0x4D,0x58,0xC6,0xDF,0xBA,0xD6,0xFF,0x38,0xC6,0xFC,
    0x38,0xC6,0xF0,0xB6,0xB5,0xD4,0xBA,0xD6,0xFF,0x91,0x8C,0x75,0x00,0x00,0x00,0x00,
    0x00,0x01,0x71,0x8C,0x72,0xFB,0xDE,0xFF,0x99,0xCE,0xFB,0xDA,0xD6,0xFF,0xBA,0xD6,
    0xFF,0x9A,0xD6,0xFF,0xFB,0xDE,0xFF,0x75,0xAD,0xB9,0xB6,0xB5,0xB5,0xFB,0xDE,0xFF,
    0xBA,0xD6,0xFF,0xDA,0xD6,0xFF,0x3C,0xE7,0xFF,0xB6,0xB5,0xBF,0x48,0x42,0x18,0x00,
    0x00,0x00,0xEF,0x7B,0x02,0x00,0x00,0x00,0x00,0x00,0x00,0x00,0x00,0x00,0x00,0x00,
    0x00,0x00,0x00,0x00,0x00,0x00,0x00,0x00,0x00,0x00,0x00,0x00,0x00,0x00,0x00,0x00,
    0x00,0x00,0x00,0x00,0x00,0x00,0x00,0x00,0x00,0x00,0x00,0x00,0x00,0x00,0x00,0x00,
    0x00,0x00,0x00,0x00,0x00,0x00,0x00,0x00,0x00,0x00,0x00,0x00,0x00,0x00,0x00,0x00,
    0x00,0x00,0x00,0x00,0x00,0x00,0x00,0x00,0x00,0x00,0x00,0x00,0x00,0x00,0x00,0x00,
    0x00,0x00,0x00,0x00,0x00,0x00,0x00,0x00,0x00,0x00,0x00,0x00,0x00,0x00,0x00,0x00,
    0x00,0x00,0x00,0x00,0x00,0x00,0x00,0x00,0x00,0x00,0x00,0x00,0x00,0x00,0x00,0x00,
    0x00,0x00,0x00,0x00,0x00,0x00,0x00,0x00,0x00,0x00,0x00,0x00,0x00,0x00,0x00,0x00,
    0x00,0x00,0x00,0x00,0x00,0x00,0x00,0x00,0x00,0x00,0x00,0x00,0x00,0x00,0x00,0x00,
    0x00,0x00,0x00,0x00,0x00,0x00,0x00,0x00,0x00,0x00,0x00,0x00,0x00,0x00,0x00,0x00,
    0x00,0x00,0x00,0x00,0x00,0x00,0x00,0x00,0x00,0x00,0x00,0x00,0x00,0x00,0x00,0x00,
    0x00,0x00,0x00,0x00,0x00,0x00,0x00,0x00,0x00,0x00,0x00,0x00,0x00,0x00,0x00,0x00,
    0x00,0x00,0x00,0x00,0x00,0x00,0x00,0x00,0x00,0x00,0x00,0x00,0x00,0x00,0x00,0x00,
    0x00,0x00,0x00,0x00,0x00,0x00,0x00,0x00,0x00,0x00,0x00,0x00,0x00,0x00,0x00,0x00,
    0x00,0x00,0x00,0x00,0x00,0x00,0x00,0x00,0x00,0x00,0x00,0x00,0x00,0x00,0x00,0x00,
    0x00,0x00,0x00,0x00,0x00,0x00,0x00,0x00,0x00,0x00,0x00,0x00,0x00,0x00,0x00,0x00,
    0x00,0x00,0x00,0x00,0x00,0x00,0x00,0x00,0x00,0x00,0x00,0x00,0x00,0x00,0x00,0x00,
    0x00,0x00,0x00,0x00,0x00,0x00,0x00,0x00,0x00,0x00,0x00,0x00,0x00,0x00,0x00,0x00,
    0x00,0x00,0x00,0x00,0x00,0x00,0x00,0x00,0x00,0x00,0x00,0x00,0x00,0x00,0x00,0x00,
    0x00,0x00,0x00,0x00,0x00,0x00,0x00,0x00,0x00,0x00,0x00,0x00,0x00,0x00,0x00,0x00,
    0x00,0x00,0x00,0x00,0x00,0x00,0x00,0x00,0x00,0x00,0x00,0x00,0x00,0x00,0x00,0x00,
    0x00,0x00,0x00,0x00,0x00,0x00,0x00,0x00,0x00,0x00,0x00,0x00,0x00,0x00,0x00,0x00,
    0x00,0x00,0x00,0x00,0x00,0x00,0x00,0x00,0x00,0x00,0x00,0x00,0x00,0x00,0x00,0x00,
    0x00,0x00,0x00,0x00,0x00,0x00,0x00,0x00,0x00,0x00,0x00,0x00,0x00,0x00,0x00,0x00,
    0x00,0x00,0x00,0x00,0x00,0x00,0x00,0x00,0x00,0x00,0x00,0x00,0x00,0x00,0x00,0x00,
    0x00,0x00,0x00,0x00,0x00,0x00,0x00,0x00,0x00,0x00,0x00,0x00,0x00,0x00,0x00,0x00,
    0x00,0x00,0x00,0x00,0x00,0x00,0x00,0x00,0x00,0x00,0x00,0x00,0x00,0x00,0x00,0x00,
    0x00,0x00,0x00,0x00,0x00,0x00,0x00,0x00,0x00,0x00,0x00,0x00,0x00,0x00,0x00,0x00,
    0x00,0x00,0x00,0x00,0x00,0x00,0x00,0x00,0x00,0x00,0x00,0x00,0x00,0x00,0x00,0x00,
    0x00,0x00,0x00,0x00,0x00,0x00,0x00,0x00,0x00,0x00,0x00,0x00,0x00,0x00,0x00,0x00,
    0x00,0x00,0x00,0x00,0x00,0x00,0x00,0x00,0x00,0x00,0x00,0x00,0x00,0x00,0x00,0x00,
    0x00,0x00,0x00,0x00,0x00,0x00,0x00,0x00,0x00,0x00,0x00,0x00,0x00,0x00,0x00,0x00,
    0x00,0x00,0x00,0x00,0x00,0x00,0x00,0x00,0x00,0x00,0x00,0x00,0x00,0x00,0x00,0x00,
    0x00,0x02,0x00,0x00,0x00,0x00,0x00,0x0D,0xB6,0xB5,0xAB,0x58,0xC6,0xFC,0xF7,0xBD,
    0xFA,0x99,0xCE,0xFF,0x38,0xC6,0xFB,0xBA,0xD6,0xFF,0xB2,0x94,0x82,0x34,0xA5,0x59,
    0xD6,0xB5,0xC9,0x49,0x4A,0x11,0xFF,0xFF,0x01,0x00,0x00,0x00,0xD6,0xB5,0xA9,0x3C,
    0xE7,0xFF,0xDA,0xD6,0xFD,0xBA,0xD6,0xFF,0xBA,0xD6,0xFF,0x9A,0xD6,0xFE,0xFB,0xDE,
    0xFF,0x58,0xC6,0xCE,0x00,0x00,0x20,0x75,0xAD,0x8F,0xBA,0xD6,0xFF,0x9A,0xD6,0xFD,
    0x58,0xC6,0xFA,0x1B,0xDF,0xFF,0xB6,0xB5,0xBC,0x00,0x00,0x15,0x00,0x00,0x00,0xE7,
    0x39,0x04,0x00,0x00,0x00,0x00,0x00,0x00,0x00,0x00,0x00,0x00,0x00,0x00,0x00,0x00,
    0x00,0x00,0x00,0x00,0x00,0x00,0x00,0x00,0x00,0x00,0x00,0x00,0x00,0x00,0x00,0x00,
    0x00,0x00,0x00,0x00,0x00,0x00,0x00,0x00,0x00,0x00,0x00,0x00,0x00,0x00,0x00,0x00,
    0x00,0x00,0x00,0x00,0x00,0x00,0x00,0x00,0x00,0x00,0x00,0x00,0x00,0x00,0x00,0x00,
    0x00,0x00,0x00,0x00,0x00,0x00,0x00,0x00,0x00,0x00,0x00,0x00,0x00,0x00,0x00,0x00,
    0x00,0x00,0x00,0x00,0x00,0x00,0x00,0x00,0x00,0x00,0x00,0x00,0x00,0x00,0x00,0x00,
    0x00,0x00,0x00,0x00,0x00,0x00,0x00,0x00,0x00,0x00,0x00,0x00,0x00,0x00,0x00,0x00,
    0x00,0x00,0x00,0x00,0x00,0x00,0x00,0x00,0x00,0x00,0x00,0x00,0x00,0x00,0x00,0x00,
    0x00,0x00,0x00,0x00,0x00,0x00,0x00,0x00,0x00,0x00,0x00,0x00,0x00,0x00,0x00,0x00,
    0x00,0x00,0x00,0x00,0x00,0x00,0x00,0x00,0x00,0x00,0x00,0x00,0x00,0x00,0x00,0x00,
    0x00,0x00,0x00,0x00,0x00,0x00,0x00,0x00,0x00,0x00,0x00,0x00,0x00,0x00,0x00,0x00,
    0x00,0x00,0x00,0x00,0x00,0x00,0x00,0x00,0x00,0x00,0x00,0x00,0x00,0x00,0x00,0x00,
    0x00,0x00,0x00,0x00,0x00,0x00,0x00,0x00,0x00,0x00,0x00,0x00,0x00,0x00,0x00,0x00,
    0x00,0x00,0x00,0x00,0x00,0x00,0x00,0x00,0x00,0x00,0x00,0x00,0x00,0x00,0x00,0x00,
    0x00,0x00,0x00,0x00,0x00,0x00,0x00,0x00,0x00,0x00,0x00,0x00,0x00,0x00,0x00,0x00,
    0x00,0x00,0x00,0x00,0x00,0x00,0x00,0x00,0x00,0x00,0x00,0x00,0x00,0x00,0x00,0x00,
    0x00,0x00,0x00,0x00,0x00,0x00,0x00,0x00,0x00,0x00,0x00,0x00,0x00,0x00,0x00,0x00,
    0x00,0x00,0x00,0x00,0x00,0x00,0x00,0x00,0x00,0x00,0x00,0x00,0x00,0x00,0x00,0x00,
    0x00,0x00,0x00,0x00,0x00,0x00,0x00,0x00,0x00,0x00,0x00,0x00,0x00,0x00,0x00,0x00,
    0x00,0x00,0x00,0x00,0x00,0x00,0x00,0x00,0x00,0x00,0x00,0x00,0x00,0x00,0x00,0x00,
    0x00,0x00,0x00,0x00,0x00,0x00,0x00,0x00,0x00,0x00,0x00,0x00,0x00,0x00,0x00,0x00,
    0x00,0x00,0x00,0x00,0x00,0x00,0x00,0x00,0x00,0x00,0x00,0x00,0x00,0x00,0x00,0x00,
    0x00,0x00,0x00,0x00,0x00,0x00,0x00,0x00,0x00,0x00,0x00,0x00,0x00,0x00,0x00,0x00,
    0x00,0x00,0x00,0x00,0x00,0x00,0x00,0x00,0x00,0x00,0x00,0x00,0x00,0x00,0x00,0x00,
    0x00,0x00,0x00,0x00,0x00,0x00,0x00,0x00,0x00,0x00,0x00,0x00,0x00,0x00,0x00,0x00,
    0x00,0x00,0x00,0x00,0x00,0x00,0x00,0x00,0x00,0x00,0x00,0x00,0x00,0x00,0x00,0x00,
    0x00,0x00,0x00,0x00,0x00,0x00,0x00,0x00,0x00,0x00,0x00,0x00,0x00,0x00,0x00,0x00,
    0x00,0x00,0x00,0x00,0x00,0x00,0x00,0x00,0x00,0x00,0x00,0x00,0x00,0x00,0x00,0x00,
    0x00,0x00,0x00,0x00,0x00,0x00,0x00,0x00,0x00,0x00,0x00,0x00,0x00,0x00,0x00,0x00,
    0x00,0x00,0x00,0x00,0x00,0x00,0x00,0x00,0x00,0x00,0x00,0x00,0x00,0x00,0x00,0x00,
    0x00,0x00,0x00,0x00,0x00,0x00,0x00,0x00,0x00,0x00,0x00,0x00,0x00,0x00,0x00,0x00,
    0x00,0x00,0x00,0x00,0x00,0x00,0x00,0x00,0x00,0x00,0x00,0x00,0x00,0x00,0x00,0x00,
    0x00,0x00,0x00,0x00,0x00,0x00,0xFF,0xFF,0x01,0x00,0x00,0x00,0x00,0x00,0x03,0xB6,
    0xB5,0x9D,0x79,0xCE,0xFF,0x17,0xBE,0xFE,0x38,0xC6,0xFF,0x17,0xBE,0xFC,0x99,0xCE,
    0xFF,0xD6,0xB5,0xCB,0x00,0x00,0x0D,0x17,0xBE,0x16,0xCF,0x7B,0x35,0x00,0x00,0x00,
    0x00,0x00,0x00,0x00,0x00,0x1C,0x79,0xCE,0xD8,0xFB,0xDE,0xFF,0xBA,0xD6,0xFE,0xBA,
    0xD6,0xFF,0xBA,0xD6,0xFF,0x99,0xCE,0xFF,0x99,0xCE,0xFC,0x3C,0xE7,0xFF,0x75,0xAD,
    0x80,0x00,0x00,0x00,0x71,0x8C,0x70,0xBA,0xD6,0xF8,0xDA,0xD6,0xFF,0x58,0xC6,0xFA,
    0x1B,0xDF,0xFF,0xD7,0xBD,0xB5,0x00,0x00,0x10,0x00,0x00,0x00,0x00,0x00,0x02,0x00,
    0x00,0x00,0x00,0x00,0x00,0x00,0x00,0x00,0x00,0x00,0x00,0x00,0x00,0x00,0x00,0x00,
    0x00,0x00,0x00,0x00,0x00,0x00,0x00,0x00,0x00,0x00,0x00,0x00,0x00,0x00,0x00,0x00,
    0x00,0x00,0x00,0x00,0x00,0x00,0x00,0x00,0x00,0x00,0x00,0x00,0x00,0x00,0x00,0x00,
    0x00,0x00,0x00,0x00,0x00,0x00,0x00,0x00,0x00,0x00,0x00,0x00,0x00,0x00,0x00,0x00,
    0x00,0x00,0x00,0x00,0x00,0x00,0x00,0x00,0x00,0x00,0x00,0x00,0x00,0x00,0x00,0x00,
    0x00,0x00,0x00,0x00,0x00,0x00,0x00,0x00,0x00,0x00,0x00,0x00,0x00,0x00,0x00,0x00,
    0x00,0x00,0x00,0x00,0x00,0x00,0x00,0x00,0x00,0x00,0x00,0x00,0x00,0x00,0x00,0x00,
    0x00,0x00,0x00,0x00,0x00,0x00,0x00,0x00,0x00,0x00,0x00,0x00,0x00,0x00,0x00,0x00,
    0x00,0x00,0x00,0x00,0x00,0x00,0x00,0x00,0x00,0x00,0x00,0x00,0x00,0x00,0x00,0x00,
    0x00,0x00,0x00,0x00,0x00,0x00,0x00,0x00,0x00,0x00,0x00,0x00,0x00,0x00,0x00,0x00,
    0x00,0x00,0x00,0x00,0x00,0x00,0x00,0x00,0x00,0x00,0x00,0x00,0x00,0x00,0x00,0x00,
    0x00,0x00,0x00,0x00,0x00,0x00,0x00,0x00,0x00,0x00,0x00,0x00,0x00,0x00,0x00,0x00,
    0x00,0x00,0x00,0x00,0x00,0x00,0x00,0x00,0x00,0x00,0x00,0x00,0x00,0x00,0x00,0x00,
    0x00,0x00,0x00,0x00,0x00,0x00,0x00,0x00,0x00,0x00,0x00,0x00,0x00,0x00,0x00,0x00,
    0x00,0x00,0x00,0x00,0x00,0x00,0x00,0x00,0x00,0x00,0x00,0x00,0x00,0x00,0x00,0x00,
    0x00,0x00,0x00,0x00,0x00,0x00,0x00,0x00,0x00,0x00,0x00,0x00,0x00,0x00,0x00,0x00,
    0x00,0x00,0x00,0x00,0x00,0x00,0x00,0x00,0x00,0x00,0x00,0x00,0x00,0x00,0x00,0x00,
    0x00,0x00,0x00,0x00,0x00,0x00,0x00,0x00,0x00,0x00,0x00,0x00,0x00,0x00,0x00,0x00,
    0x00,0x00,0x00,0x00,0x00,0x00,0x00,0x00,0x00,0x00,0x00,0x00,0x00,0x00,0x00,0x00,
    0x00,0x00,0x00,0x00,0x00,0x00,0x00,0x00,0x00,0x00,0x00,0x00,0x00,0x00,0x00,0x00,
    0x00,0x00,0x00,0x00,0x00,0x00,0x00,0x00,0x00,0x00,0x00,0x00,0x00,0x00,0x00,0x00,
    0x00,0x00,0x00,0x00,0x00,0x00,0x00,0x00,0x00,0x00,0x00,0x00,0x00,0x00,0x00,0x00,
    0x00,0x00,0x00,0x00,0x00,0x00,0x00,0x00,0x00,0x00,0x00,0x00,0x00,0x00,0x00,0x00,
    0x00,0x00,0x00,0x00,0x00,0x00,0x00,0x00,0x00,0x00,0x00,0x00,0x00,0x00,0x00,0x00,
    0x00,0x00,0x00,0x00,0x00,0x00,0x00,0x00,0x00,0x00,0x00,0x00,0x00,0x00,0x00,0x00,
    0x00,0x00,0x00,0x00,0x00,0x00,0x00,0x00,0x00,0x00,0x00,0x00,0x00,0x00,0x00,0x00,
    0x00,0x00,0x00,0x00,0x00,0x00,0x00,0x00,0x00,0x00,0x00,0x00,0x00,0x00,0x00,0x00,
    0x00,0x00,0x00,0x00,0x00,0x00,0x00,0x00,0x00,0x00,0x00,0x00,0x00,0x00,0x00,0x00,
    0x00,0x00,0x00,0x00,0x00,0x00,0x00,0x00,0x00,0x00,0x00,0x00,0x00,0x00,0x00,0x00,
    0x00,0x00,0x00,0x00,0x00,0x00,0x00,0x00,0x00,0x00,0x00,0x00,0x00,0x00,0x00,0x00,
    0x00,0x00,0x00,0x00,0x00,0x00,0x00,0x00,0x00,0x00,0x00,0x00,0x00,0x00,0x00,0x00,
    0x00,0x00,0x00,0x00,0x00,0x00,0x00,0x00,0x00,0x00,0x00,0x00,0x00,0xFF,0xFF,0x01,
    0xFF,0xFF,0x02,0x00,0x00,0x04,0x54,0xA5,0x93,0x9A,0xD6,0xFF,0x58,0xC6,0xFC,0x38,
    0xC6,0xFD,0x58,0xC6,0xFD,0x79,0xCE,0xFD,0x79,0xCE,0xF3,0xCF,0x7B,0x4B,0x00,0x00,
    0x00,0xEF,0x7B,0x02,0x00,0x00,0x00,0xF7,0xBD,0x04,0x00,0x00,0x00,0x91,0x8C,0x54,
    0xBA,0xD6,0xF9,0xBA,0xD6,0xFA,0xBA,0xD6,0xFE,0xBA,0xD6,0xFF,0xDA,0xD6,0xFF,0xBA,
    0xD6,0xFF,0x9A,0xD6,0xFD,0xFB,0xDE,0xFD,0x79,0xCE,0xE7,0x49,0x4A,0x25,0x00,0x00,
    0x00,0xEF,0x7B,0x53,0x79,0xCE,0xF0,0xBA,0xD6,0xFD,0x59,0xCE,0xFB,0xFB,0xDE,0xFF,
    0xB6,0xB5,0xB6,0xC3,0x18,0x12,0x00,0x00,0x00,0xEF,0x7B,0x02,0x00,0x00,0x00,0x00,
    0x00,0x00,0x00,0x00,0x00,0x00,0x00,0x00,0x00,0x00,0x00,0x00,0x00,0x00,0x00,0x00,
    0x00,0x00,0x00,0x00,0x00,0x00,0x00,0x00,0x00,0x00,0x00,0x00,0x00,0x00,0x00,0x00,
    0x00,0x00,0x00,0x00,0x00,0x00,0x00,0x00,0x00,0x00,0x00,0x00,0x00,0x00,0x00,0x00,
    0x00,0x00,0x00,0x00,0x00,0x00,0x00,0x00,0x00,0x00,0x00,0x00,0x00,0x00,0x00,0x00,
    0x00,0x00,0x00,0x00,0x00,0x00,0x00,0x00,0x00,0x00,0x00,0x00,0x00,0x00,0x00,0x00,
    0x00,0x00,0x00,0x00,0x00,0x00,0x00,0x00,0x00,0x00,0x00,0x00,0x00,0x00,0x00,0x00,
    0x00,0x00,0x00,0x00,0x00,0x00,0x00,0x00,0x00,0x00,0x00,0x00,0x00,0x00,0x00,0x00,
    0x00,0x00,0x00,0x00,0x00,0x00,0x00,0x00,0x00,0x00,0x00,0x00,0x00,0x00,0x00,0x00,
    0x00,0x00,0x00,0x00,0x00,0x00,0x00,0x00,0x00,0x00,0x00,0x00,0x00,0x00,0x00,0x00,
    0x00,0x00,0x00,0x00,0x00,0x00,0x00,0x00,0x00,0x00,0x00,0x00,0x00,0x00,0x00,0x00,
    0x00,0x00,0x00,0x00,0x00,0x00,0x00,0x00,0x00,0x00,0x00,0x00,0x00,0x00,0x00,0x00,
    0x00,0x00,0x00,0x00,0x00,0x00,0x00,0x00,0x00,0x00,0x00,0x00,0x00,0x00,0x00,0x00,
    0x00,0x00,0x00,0x00,0x00,0x00,0x00,0x00,0x00,0x00,0x00,0x00,0x00,0x00,0x00,0x00,
    0x00,0x00,0x00,0x00,0x00,0x00,0x00,0x00,0x00,0x00,0x00,0x00,0x00,0x00,0x00,0x00,
    0x00,0x00,0x00,0x00,0x00,0x00,0x00,0x00,0x00,0x00,0x00,0x00,0x00,0x00,0x00,0x00,
    0x00,0x00,0x00,0x00,0x00,0x00,0x00,0x00,0x00,0x00,0x00,0x00,0x00,0x00,0x00,0x00,
    0x00,0x00,0x00,0x00,0x00,0x00,0x00,0x00,0x00,0x00,0x00,0x00,0x00,0x00,0x00,0x00,
    0x00,0x00,0x00,0x00,0x00,0x00,0x00,0x00,0x00,0x00,0x00,0x00,0x00,0x00,0x00,0x00,
    0x00,0x00,0x00,0x00,0x00,0x00,0x00,0x00,0x00,0x00,0x00,0x00,0x00,0x00,0x00,0x00,
    0x00,0x00,0x00,0x00,0x00,0x00,0x00,0x00,0x00,0x00,0x00,0x00,0x00,0x00,0x00,0x00,
    0x00,0x00,0x00,0x00,0x00,0x00,0x00,0x00,0x00,0x00,0x00,0x00,0x00,0x00,0x00,0x00,
    0x00,0x00,0x00,0x00,0x00,0x00,0x00,0x00,0x00,0x00,0x00,0x00,0x00,0x00,0x00,0x00,
    0x00,0x00,0x00,0x00,0x00,0x00,0x00,0x00,0x00,0x00,0x00,0x00,0x00,0x00,0x00,0x00,
    0x00,0x00,0x00,0x00,0x00,0x00,0x00,0x00,0x00,0x00,0x00,0x00,0x00,0x00,0x00,0x00,
    0x00,0x00,0x00,0x00,0x00,0x00,0x00,0x00,0x00,0x00,0x00,0x00,0x00,0x00,0x00,0x00,
    0x00,0x00,0x00,0x00,0x00,0x00,0x00,0x00,0x00,0x00,0x00,0x00,0x00,0x00,0x00,0x00,
    0x00,0x00,0x00,0x00,0x00,0x00,0x00,0x00,0x00,0x00,0x00,0x00,0x00,0x00,0x00,0x00,
    0x00,0x00,0x00,0x00,0x00,0x00,0x00,0x00,0x00,0x00,0x00,0x00,0x00,0x00,0x00,0x00,
    0x00,0x00,0x00,0x00,0x00,0x00,0x00,0x00,0x00,0x00,0x00,0x00,0x00,0x00,0x00,0x00,
    0x00,0x00,0x00,0xFF,0xFF,0x01,0xFF,0xFF,0x01,0xEF,0x7B,0x02,0x00,0x00,0x00,0x00,
    0x00,0x00,0x00,0x00,0x00,0x00,0x00,0x00,0x00,0x00,0x00,0x00,0x00,0x00,0x00,0x00,
    0x00,0x00,0x00,0x00,0x00,0x00,0x00,0xFF,0xFF,0x01,0x00,0x00,0x00,0x54,0xA5,0x8A,
    0xBA,0xD6,0xFF,0x59,0xCE,0xFC,0x9A,0xD6,0xFF,0x99,0xCE,0xFF,0x17,0xBE,0xFE,0xBA,
    0xD6,0xFF,0x34,0xA5,0x8B,0x00,0x00,0x01,0x54,0xA5,0x03,0x00,0x00,0x01,0xEF,0x7B,
    0x02,0xFF,0xFF,0x02,0x00,0x00,0x02,0xF7,0xBD,0x99,0xFB,0xDE,0xFE,0xDA,0xD6,0xF4,
    0xFB,0xDE,0xFF,0xBA,0xD6,0xFF,0xDA,0xD6,0xFF,0xDA,0xD6,0xFF,0xBA,0xD6,0xFF,0xBA,
    0xD6,0xFC,0x1B,0xDF,0xFF,0x38,0xC6,0xC5,0xE7,0x39,0x29,0x00,0x00,0x00,0xB2,0x94,
    0x7F,0xBA,0xD6,0xFF,0x79,0xCE,0xFD,0x58,0xC6,0xFC,0x1B,0xDF,0xFF,0x96,0xB5,0xB1,
    0x00,0x00,0x12,0x00,0x00,0x00,0xAA,0x52,0x03,0x00,0x00,0x00,0x00,0x00,0x00,0x00,
    0x00,0x00,0x00,0x00,0x00,0x00,0x00,0x00,0x00,0x00,0x00,0x00,0x00,0x00,0xFF,0xFF,
    0x02,0xFF,0xFF,0x02,0x00,0x00,0x00,0x00,0x00,0x00,0x00,0x00,0x00,0x00,0x00,0x00,
    0x00,0x00,0x00,0x00,0x00,0x00,0x00,0x00,0x00,0x00,0x00,0x00,0x00,0x00,0x00,0x00,
    0x00,0x00,0x00,0x00,0x00,0x00,0x00,0x00,0x00,0x00,0x00,0x00,0x00,0x00,0x00,0x00,
    0x00,0x00,0x00,0x00,0x00,0x00,0x00,0x00,0x00,0x00,0x00,0x00,0x00,0x00,0x00,0x00,
    0x00,0x00,0x00,0x00,0x00,0x00,0x00,0x00,0x00,0x00,0x00,0x00,0x00,0x00,0x00,0x00,
    0x00,0x00,0x00,0x00,0x00,0x00,0x00,0x00,0x00,0x00,0x00,0x00,0x00,0x00,0x00,0x00,
    0x00,0x00,0x00,0x00,0x00,0x00,0x00,0x00,0x00,0x00,0x00,0x00,0x00,0x00,0x00,0x00,
    0x00,0x00,0x00,0x00,0x00,0x00,0x00,0x00,0x00,0x00,0x00,0x00,0x00,0x00,0x00,0x00,
    0x00,0x00,0x00,0x00,0x00,0x00,0x00,0x00,0x00,0x00,0x00,0x00,0x00,0x00,0x00,0x00,
    0x00,0x00,0x00,0x00,0x00,0x00,0x00,0x00,0x00,0x00,0x00,0x00,0x00,0x00,0x00,0x00,
    0x00,0x00,0x00,0x00,0x00,0x00,0x00,0x00,0x00,0x00,0x00,0x00,0x00,0x00,0x00,0x00,
    0x00,0x00,0x00,0x00,0x00,0x00,0x00,0x00,0x00,0x00,0x00,0x00,0x00,0x00,0x00,0x00,
    0x00,0x00,0x00,0x00,0x00,0x00,0x00,0x00,0x00,0x00,0x00,0x00,0x00,0x00,0x00,0x00,
    0x00,0x00,0x00,0x00,0x00,0x00,0x00,0x00,0x00,0x00,0x00,0x00,0x00,0x00,0x00,0x00,
    0x00,0x00,0x00,0x00,0x00,0x00,0x00,0x00,0x00,0x00,0x00,0x00,0x00,0x00,0x00,0x00,
    0x00,0x00,0x00,0x00,0x00,0x00,0x00,0x00,0x00,0x00,0x00,0x00,0x00,0x00,0x00,0x00,
    0x00,0x00,0x00,0x00,0x00,0x00,0x00,0x00,0x00,0x00,0x00,0x00,0x00,0x00,0x00,0x00,
    0x00,0x00,0x00,0x00,0x00,0x00,0x00,0x00,0x00,0x00,0x00,0x00,0x00,0x00,0x00,0x00,
    0x00,0x00,0x00,0x00,0x00,0x00,0x00,0x00,0x00,0x00,0x00,0x00,0x00,0x00,0x00,0x00,
    0x00,0x00,0x00,0x00,0x00,0x00,0x00,0x00,0x00,0x00,0x00,0x00,0x00,0x00,0x00,0x00,
    0x00,0x00,0x00,0x00,0x00,0x00,0x00,0x00,0x00,0x00,0x00,0x00,0x00,0x00,0x00,0x00,
    0x00,0x00,0x00,0x00,0x00,0x00,0x00,0x00,0x00,0x00,0x00,0x00,0x00,0x00,0x00,0x00,
    0x00,0x00,0x00,0x00,0x00,0x00,0x00,0x00,0x00,0x00,0x00,0x00,0x00,0x00,0x00,0x00,
    0x00,0x00,0x00,0x00,0x00,0x00,0x00,0x00,0x00,0x00,0x00,0x00,0x00,0x00,0x00,0x00,
    0x00,0x00,0x00,0x00,0x00,0x00,0x00,0x00,0x00,0x00,0x00,0x00,0x00,0x00,0x00,0x00,
    0x00,0x00,0x00,0x00,0x00,0x00,0x00,0x00,0x00,0x00,0x00,0x00,0x00,0x00,0x00,0x00,
    0x00,0x00,0x00,0x00,0x00,0x00,0x00,0x00,0x00,0x00,0x00,0x00,0x00,0x00,0x00,0x00,
    0x00,0x00,0x00,0x00,0x00,0x00,0x00,0x00,0x00,0x00,0x00,0x00,0x01,0x00,0x00,0x00,
    0x00,0x00,0x00,0x00,0x00,0x00,0x54,0xA5,0x03,0x00,0x00,0x00,0x00,0x00,0x00,0x00,
    0x00,0x00,0x00,0x00,0x00,0x00,0x00,0x00,0x00,0x00,0x00,0x00,0x00,0x01,0xF7,0xBD,
    0x04,0x00,0x00,0x00,0x13,0x9D,0x7B,0x79,0xCE,0xFF,0x79,0xCE,0xFD,0x79,0xCE,0xFE,
    0xB6,0xB5,0xE5,0xD6,0xB5,0xF3,0x99,0xCE,0xFF,0xD6,0xB5,0xC8,0x00,0x00,0x15,0x00,
    0x00,0x00,0x00,0x00,0x01,0x00,0x00,0x00,0xEF,0x7B,0x02,0x00,0x00,0x00,0x8D,0x6B,
    0x21,0xF7,0xBD,0xD8,0x1B,0xDF,0xF8,0x99,0xCE,0xF2,0xBA,0xD6,0xF2,0xDA,0xD6,0xFE,
    0xBA,0xD6,0xFF,0x9A,0xD6,0xFF,0xBA,0xD6,0xFF,0xBA,0xD6,0xFF,0xBA,0xD6,0xFC,0x1B,
    0xDF,0xFF,0x99,0xCE,0xEA,0xB2,0x94,0x53,0x00,0x00,0x26,0x79,0xCE,0xED,0x99,0xCE,
    0xFF,0x58,0xC6,0xFE,0x38,0xC6,0xFB,0x3C,0xE7,0xFF,0xB6,0xB5,0xAF,0x00,0x00,0x0C,
    0x00,0x00,0x00,0x00,0x00,0x02,0x00,0x00,0x00,0x00,0x00,0x00,0x00,0x00,0x00,0x00,
    0x00,0x00,0xEF,0x7B,0x02,0xFF,0xFF,0x02,0x00,0x00,0x00,0x00,0x00,0x00,0xFF,0xFF,
    0x01,0x00,0x00,0x00,0x00,0x00,0x00,0x00,0x00,0x00,0x00,0x00,0x00,0x00,0x00,0x00,
    0x00,0x00,0x00,0x00,0x00,0x00,0x00,0x00,0x00,0x00,0x00,0x00,0x00,0x00,0x00,0x00,
    0x00,0x00,0x00,0x00,0x00,0x00,0x00,0x00,0x00,0x00,0x00,0x00,0x00,0x00,0x00,0x00,
    0x00,0x00,0x00,0x00,0x00,0x00,0x00,0x00,0x00,0x00,0x00,0x00,0x00,0x00,0x00,0x00,
    0x00,0x00,0x00,0x00,0x00,0x00,0x00,0x00,0x00,0x00,0x00,0x00,0x00,0x00,0x00,0x00,
    0x00,0x00,0x00,0x00,0x00,0x00,0x00,0x00,0x00,0x00,0x00,0x00,0x00,0x00,0x00,0x00,
    0x00,0x00,0x00,0x00,0x00,0x00,0x00,0x00,0x00,0x00,0x00,0x00,0x00,0x00,0x00,0x00,
    0x00,0x00,0x00,0x00,0x00,0x00,0x00,0x00,0x00,0x00,0x00,0x00,0x00,0x00,0x00,0x00,
    0x00,0x00,0x00,0x00,0x00,0x00,0x00,0x00,0x00,0x00,0x00,0x00,0x00,0x00,0x00,0x00,
    0x00,0x00,0x00,0x00,0x00,0x00,0x00,0x00,0x00,0x00,0x00,0x00,0x00,0x00,0x00,0x00,
    0x00,0x00,0x00,0x00,0x00,0x00,0x00,0x00,0x00,0x00,0x00,0x00,0x00,0x00,0x00,0x00,
    0x00,0x00,0x00,0x00,0x00,0x00,0x00,0x00,0x00,0x00,0x00,0x00,0x00,0x00,0x00,0x00,
    0x00,0x00,0x00,0x00,0x00,0x00,0x00,0x00,0x00,0x00,0x00,0x00,0x00,0x00,0x00,0x00,
    0x00,0x00,0x00,0x00,0x00,0x00,0x00,0x00,0x00,0x00,0x00,0x00,0x00,0x00,0x00,0x00,
    0x00,0x00,0x00,0x00,0x00,0x00,0x00,0x00,0x00,0x00,0x00,0x00,0x00,0x00,0x00,0x00,
    0x00,0x00,0x00,0x00,0x00,0x00,0x00,0x00,0x00,0x00,0x00,0x00,0x00,0x00,0x00,0x00,
    0x00,0x00,0x00,0x00,0x00,0x00,0x00,0x00,0x00,0x00,0x00,0x00,0x00,0x00,0x00,0x00,
    0x00,0x00,0x00,0x00,0x00,0x00,0x00,0x00,0x00,0x00,0x00,0x00,0x00,0x00,0x00,0x00,
    0x00,0x00,0x00,0x00,0x00,0x00,0x00,0x00,0x00,0x00,0x00,0x00,0x00,0x00,0x00,0x00,
    0x00,0x00,0x00,0x00,0x00,0x00,0x00,0x00,0x00,0x00,0x00,0x00,0x00,0x00,0x00,0x00,
    0x00,0x00,0x00,0x00,0x00,0x00,0x00,0x00,0x00,0x00,0x00,0x00,0x00,0x00,0x00,0x00,
    0x00,0x00,0x00,0x00,0x00,0x00,0x00,0x00,0x00,0x00,0x00,0x00,0x00,0x00,0x00,0x00,
    0x00,0x00,0x00,0x00,0x00,0x00,0x00,0x00,0x00,0x00,0x00,0x00,0x00,0x00,0x00,0x00,
    0x00,0x00,0x00,0x00,0x00,0x00,0x00,0x00,0x00,0x00,0x00,0x00,0x00,0x00,0x00,0x00,
    0x00,0x00,0x00,0x00,0x00,0x00,0x00,0x00,0x00,0x00,0x00,0x00,0x00,0x00,0x00,0x00,
    0x00,0x00,0x00,0x00,0x00,0x00,0x00,0x00,0x00,0x00,0x00,0x00,0x00,0x00,0x00,0x00,
    0x00,0x00,0x00,0x00,0x00,0x00,0x00,0x00,0x00,0x00,0x00,0x00,0x00,0x00,0x00,0x00,
    0x00,0xEF,0x7B,0x02,0x00,0x00,0x00,0x45,0x29,0x17,0xF3,0x9C,0x7C,0x2C,0x63,0x20,
    0x00,0x00,0x00,0xFF,0xFF,0x02,0x00,0x00,0x01,0x00,0x00,0x00,0x00,0x00,0x00,0x00,
    0x00,0x00,0x00,0x00,0x00,0x54,0xA5,0x03,0x00,0x00,0x00,0x91,0x8C,0x65,0x79,0xCE,
    0xF9,0x17,0xBE,0xFD,0x9A,0xD6,0xFF,0xF7,0xBD,0xD6,0x08,0x42,0x48,0x17,0xBE,0xDB,
    0x79,0xCE,0xEF,0x0C,0x63,0x40,0x00,0x00,0x00,0xEF,0x7B,0x02,0x00,0x00,0x00,0x00,
    0x00,0x00,0xFF,0xFF,0x01,0x00,0x00,0x00,0x91,0x8C,0x5E,0x5C,0xE7,0xFF,0x59,0xCE,
    0xDB,0x8D,0x6B,0x68,0x38,0xC6,0xD4,0x1B,0xDF,0xFF,0xBA,0xD6,0xFC,0xBA,0xD6,0xFF,
    0xBA,0xD6,0xFF,0xBA,0xD6,0xFF,0x9A,0xD6,0xFF,0x99,0xCE,0xFA,0xFB,0xDE,0xFF,0xFB,
    0xDE,0xFF,0x75,0xAD,0xAB,0x38,0xC6,0xDD,0xFB,0xDE,0xFF,0x99,0xCE,0xFE,0x58,0xC6,
    0xFF,0x18,0xC6,0xFC,0xFB,0xDE,0xFF,0xB6,0xB5,0xAD,0x00,0x00,0x0E,0x00,0x00,0x00,
    0xEF,0x7B,0x02,0x00,0x00,0x00,0x00,0x00,0x01,0xEF,0x7B,0x02,0x00,0x00,0x00,0x00,
    0x00,0x00,0xEF,0x7B,0x48,0xD2,0x94,0x54,0x00,0x00,0x00,0xEF,0x7B,0x02,0x00,0x00,
    0x01,0x00,0x00,0x00,0x00,0x00,0x00,0x00,0x00,0x00,0x00,0x00,0x00,0x00,0x00,0x00,
    0x00,0x00,0x00,0x00,0x00,0x00,0x00,0x00,0x00,0x00,0x00,0x00,0x00,0x00,0x00,0x00,
    0x00,0x00,0x00,0x00,0x00,0x00,0x00,0x00,0x00,0x00,0x00,0x00,0x00,0x00,0x00,0x00,
    0x00,0x00,0x00,0x00,0x00,0x00,0x00,0x00,0x00,0x00,0x00,0x00,0x00,0x00,0x00,0x00,
    0x00,0x00,0x00,0x00,0x00,0x00,0x00,0x00,0x00,0x00,0x00,0x00,0x00,0x00,0x00,0x00,
    0x00,0x00,0x00,0x00,0x00,0x00,0x00,0x00,0x00,0x00,0x00,0x00,0x00,0x00,0x00,0x00,
    0x00,0x00,0x00,0x00,0x00,0x00,0x00,0x00,0x00,0x00,0x00,0x00,0x00,0x00,0x00,0x00,
    0x00,0x00,0x00,0x00,0x00,0x00,0x00,0x00,0x00,0x00,0x00,0x00,0x00,0x00,0x00,0x00,
    0x00,0x00,0x00,0x00,0x00,0x00,0x00,0x00,0x00,0x00,0x00,0x00,0x00,0x00,0x00,0x00,
    0x00,0x00,0x00,0x00,0x00,0x00,0x00,0x00,0x00,0x00,0x00,0x00,0x00,0x00,0x00,0x00,
    0x00,0x00,0x00,0x00,0x00,0x00,0x00,0x00,0x00,0x00,0x00,0x00,0x00,0x00,0x00,0x00,
    0x00,0x00,0x00,0x00,0x00,0x00,0x00,0x00,0x00,0x00,0x00,0x00,0x00,0x00,0x00,0x00,
    0x00,0x00,0x00,0x00,0x00,0x00,0x00,0x00,0x00,0x00,0x00,0x00,0x00,0x00,0x00,0x00,
    0x00,0x00,0x00,0x00,0x00,0x00,0x00,0x00,0x00,0x00,0x00,0x00,0x00,0x00,0x00,0x00,
    0x00,0x00,0x00,0x00,0x00,0x00,0x00,0x00,0x00,0x00,0x00,0x00,0x00,0x00,0x00,0x00,
    0x00,0x00,0x00,0x00,0x00,0x00,0x00,0x00,0x00,0x00,0x00,0x00,0x00,0x00,0x00,0x00,
    0x00,0x00,0x00,0x00,0x00,0x00,0x00,0x00,0x00,0x00,0x00,0x00,0x00,0x00,0x00,0x00,
    0x00,0x00,0x00,0x00,0x00,0x00,0x00,0x00,0x00,0x00,0x00,0x00,0x00,0x00,0x00,0x00,
    0x00,0x00,0x00,0x00,0x00,0x00,0x00,0x00,0x00,0x00,0x00,0x00,0x00,0x00,0x00,0x00,
    0x00,0x00,0x00,0x00,0x00,0x00,0x00,0x00,0x00,0x00,0x00,0x00,0x00,0x00,0x00,0x00,
    0x00,0x00,0x00,0x00,0x00,0x00,0x00,0x00,0x00,0x00,0x00,0x00,0x00,0x00,0x00,0x00,
    0x00,0x00,0x00,0x00,0x00,0x00,0x00,0x00,0x00,0x00,0x00,0x00,0x00,0x00,0x00,0x00,
    0x00,0x00,0x00,0x00,0x00,0x00,0x00,0x00,0x00,0x00,0x00,0x00,0x00,0x00,0x00,0x00,
    0x00,0x00,0x00,0x00,0x00,0x00,0x00,0x00,0x00,0x00,0x00,0x00,0x00,0x00,0x00,0x00,
    0x00,0x00,0x00,0x00,0x00,0x00,0x00,0x00,0x00,0x00,0x00,0x00,0x00,0x00,0x00,0x00,
    0x00,0x00,0x00,0x00,0x00,0x00,0x00,0x00,0x00,0x00,0x00,0x00,0x00,0x00,0x00,0x00,
    0x00,0x00,0x00,0x00,0x00,0x00,0x00,0x00,0x54,0xA5,0x03,0x00,0x00,0x00,0xA6,0x31,
    0x13,0x13,0x9D,0xAE,0xD7,0xBD,0xF5,0xB6,0xB5,0xCF,0x51,0x8C,0x4E,0x00,0x00,0x00,
    0x00,0x00,0x00,0xAA,0x52,0x03,0x00,0x00,0x00,0x00,0x00,0x00,0x54,0xA5,0x03,0x00,
    0x00,0x00,0xAE,0x73,0x4C,0x38,0xC6,0xF2,0x18,0xC6,0xFE,0x38,0xC6,0xFC,0x38,0xC6,
    0xF3,0x6D,0x6B,0x46,0x48,0x42,0x1F,0x79,0xCE,0xF8,0x13,0x9D,0x91,0x00,0x00,0x00,
    0xFF,0xFF,0x02,0x00,0x00,0x00,0x00,0x00,0x00,0x00,0x00,0x00,0x00,0x00,0x00,0x00,
    0x00,0x00,0xD7,0xBD,0xC3,0x99,0xCE,0xD6,0xEF,0x7B,0x2C,0xCB,0x5A,0x13,0x38,0xC6,
    0xE7,0x1B,0xDF,0xFE,0xBA,0xD6,0xFC,0xDA,0xD6,0xFF,0xDA,0xD6,0xFF,0xBA,0xD6,0xFF,
    0xBA,0xD6,0xFF,0xBA,0xD6,0xFF,0xBA,0xD6,0xFD,0x99,0xCE,0xFE,0x1B,0xDF,0xFF,0x9A,
    0xD6,0xFF,0x79,0xCE,0xFF,0x9A,0xD6,0xFF,0xBA,0xD6,0xFF,0x79,0xCE,0xFF,0x38,0xC6,
    0xFC,0xDA,0xD6,0xFF,0x96,0xB5,0xAB,0x00,0x00,0x10,0x00,0x00,0x00,0x58,0xC6,0x05,
    0x00,0x00,0x00,0x00,0x00,0x00,0xC7,0x39,0x27,0x55,0xAD,0x90,0xD6,0xB5,0xE9,0x38,
    0xC6,0xF0,0xB2,0x94,0x5D,0x00,0x00,0x00,0xFF,0xFF,0x02,0x00,0x00,0x01,0x00,0x00,
    0x00,0x00,0x00,0x00,0x00,0x00,0x00,0x00,0x00,0x00,0x00,0x00,0x00,0x00,0x00,0x00,
    0x00,0x00,0x00,0x00,0x00,0x00,0x00,0x00,0x00,0x00,0x00,0x00,0x00,0x00,0x00,0x00,
    0x00,0x00,0x00,0x00,0x00,0x00,0x00,0x00,0x00,0x00,0x00,0x00,0x00,0x00,0x00,0x00,
    0x00,0x00,0x00,0x00,0x00,0x00,0x00,0x00,0x00,0x00,0x00,0x00,0x00,0x00,0x00,0x00,
    0x00,0x00,0x00,0x00,0x00,0x00,0x00,0x00,0x00,0x00,0x00,0x00,0x00,0x00,0x00,0x00,
    0x00,0x00,0x00,0x00,0x00,0x00,0x00,0x00,0x00,0x00,0x00,0x00,0x00,0x00,0x00,0x00,
    0x00,0x00,0x00,0x00,0x00,0x00,0x00,0x00,0x00,0x00,0x00,0x00,0x00,0x00,0x00,0x00,
    0x00,0x00,0x00,0x00,0x00,0x00,0x00,0x00,0x00,0x00,0x00,0x00,0x00,0x00,0x00,0x00,
    0x00,0x00,0x00,0x00,0x00,0x00,0x00,0x00,0x00,0x00,0x00,0x00,0x00,0x00,0x00,0x00,
    0x00,0x00,0x00,0x00,0x00,0x00,0x00,0x00,0x00,0x00,0x00,0x00,0x00,0x00,0x00,0x00,
    0x00,0x00,0x00,0x00,0x00,0x00,0x00,0x00,0x00,0x00,0x00,0x00,0x00,0x00,0x00,0x00,
    0x00,0x00,0x00,0x00,0x00,0x00,0x00,0x00,0x00,0x00,0x00,0x00,0x00,0x00,0x00,0x00,
    0x00,0x00,0x00,0x00,0x00,0x00,0x00,0x00,0x00,0x00,0x00,0x00,0x00,0x00,0x00,0x00,
    0x00,0x00,0x00,0x00,0x00,0x00,0x00,0x00,0x00,0x00,0x00,0x00,0x00,0x00,0x00,0x00,
    0x00,0x00,0x00,0x00,0x00,0x00,0x00,0x00,0x00,0x00,0x00,0x00,0x00,0x00,0x00,0x00,
    0x00,0x00,0x00,0x00,0x00,0x00,0x00,0x00,0x00,0x00,0x00,0x00,0x00,0x00,0x00,0x00,
    0x00,0x00,0x00,0x00,0x00,0x00,0x00,0x00,0x00,0x00,0x00,0x00,0x00,0x00,0x00,0x00,
    0x00,0x00,0x00,0x00,0x00,0x00,0x00,0x00,0x00,0x00,0x00,0x00,0x00,0x00,0x00,0x00,
    0x00,0x00,0x00,0x00,0x00,0x00,0x00,0x00,0x00,0x00,0x00,0x00,0x00,0x00,0x00,0x00,
    0x00,0x00,0x00,0x00,0x00,0x00,0x00,0x00,0x00,0x00,0x00,0x00,0x00,0x00,0x00,0x00,
    0x00,0x00,0x00,0x00,0x00,0x00,0x00,0x00,0x00,0x00,0x00,0x00,0x00,0x00,0x00,0x00,
    0x00,0x00,0x00,0x00,0x00,0x00,0x00,0x00,0x00,0x00,0x00,0x00,0x00,0x00,0x00,0x00,
    0x00,0x00,0x00,0x00,0x00,0x00,0x00,0x00,0x00,0x00,0x00,0x00,0x00,0x00,0x00,0x00,
    0x00,0x00,0x00,0x00,0x00,0x00,0x00,0x00,0x00,0x00,0x00,0x00,0x00,0x00,0x00,0x00,
    0x00,0x00,0x00,0x00,0x00,0x00,0x00,0x00,0x00,0x00,0x00,0x00,0x00,0x00,0x00,0x00,
    0x00,0x00,0x00,0x00,0x00,0x00,0x00,0x00,0x00,0x00,0x00,0x00,0x00,0x00,0x00,0xEF,
    0x7B,0x02,0x00,0x00,0x00,0xA6,0x31,0x13,0xF3,0x9C,0xB9,0xB6,0xB5,0xFF,0x54,0xA5,
    0xF5,0xD7,0xBD,0xFF,0xD7,0xBD,0xF7,0xF3,0x9C,0x79,0x00,0x00,0x06,0x00,0x00,0x00,
    0x54,0xA5,0x03,0xAA,0x52,0x03,0x00,0x00,0x00,0xCB,0x5A,0x35,0x18,0xC6,0xE1,0x38,
    0xC6,0xFF,0xF7,0xBD,0xFB,0x79,0xCE,0xFF,0xB2,0x94,0x7A,0x00,0x00,0x00,0x51,0x8C,
    0x55,0xF7,0xBD,0xD4,0x04,0x21,0x1C,0xFF,0xFF,0x01,0xEF,0x7B,0x02,0x00,0x00,0x00,
    0x00,0x00,0x00,0xFF,0xFF,0x01,0x00,0x00,0x00,0x0C,0x63,0x3F,0x95,0xAD,0xAC,0x86,
    0x31,0x1D,0x00,0x00,0x00,0x34,0xA5,0x48,0xDA,0xD6,0xFF,0xDA,0xD6,0xFA,0xDA,0xD6,
    0xFD,0xBA,0xD6,0xFE,0xBA,0xD6,0xFF,0xBA,0xD6,0xFF,0xBA,0xD6,0xFF,0xBA,0xD6,0xFF,
    0xDA,0xD6,0xFF,0xBA,0xD6,0xFF,0xBA,0xD6,0xFD,0xBA,0xD6,0xFF,0x79,0xCE,0xFF,0x59,
    0xCE,0xFF,0x58,0xC6,0xFF,0x79,0xCE,0xFF,0x79,0xCE,0xFF,0x58,0xC6,0xFB,0xFB,0xDE,
    0xFF,0xB6,0xB5,0xAC,0x00,0x00,0x0E,0x00,0x00,0x00,0x28,0x42,0x12,0xB2,0x94,0x78,
    0xF7,0xBD,0xDD,0x79,0xCE,0xFF,0xF7,0xBD,0xFF,0xF7,0xBD,0xFC,0xF7,0xBD,0xF2,0x91,
    0x8C,0x5F,0x00,0x00,0x00,0xFF,0xFF,0x03,0x00,0x00,0x00,0x00,0x00,0x00,0x00,0x00,
    0x00,0x00,0x00,0x00,0x00,0x00,0x00,0x00,0x00,0x00,0x00,0x00,0x00,0x00,0x00,0x00,
    0x00,0x00,0x00,0x00,0x00,0x00,0x00,0x00,0x00,0x00,0x00,0x00,0x00,0x00,0x00,0x00,
    0x00,0x00,0x00,0x00,0x00,0x00,0x00,0x00,0x00,0x00,0x00,0x00,0x00,0x00,0x00,0x00,
    0x00,0x00,0x00,0x00,0x00,0x00,0x00,0x00,0x00,0x00,0x00,0x00,0x00,0x00,0x00,0x00,
    0x00,0x00,0x00,0x00,0x00,0x00,0x00,0x00,0x00,0x00,0x00,0x00,0x00,0x00,0x00,0x00,
    0x00,0x00,0x00,0x00,0x00,0x00,0x00,0x00,0x00,0x00,0x00,0x00,0x00,0x00,0x00,0x00,
    0x00,0x00,0x00,0x00,0x00,0x00,0x00,0x00,0x00,0x00,0x00,0x00,0x00,0x00,0x00,0x00,
    0x00,0x00,0x00,0x00,0x00,0x00,0x00,0x00,0x00,0x00,0x00,0x00,0x00,0x00,0x00,0x00,
    0x00,0x00,0x00,0x00,0x00,0x00,0x00,0x00,0x00,0x00,0x00,0x00,0x00,0x00,0x00,0x00,
    0x00,0x00,0x00,0x00,0x00,0x00,0x00,0x00,0x00,0x00,0x00,0x00,0x00,0x00,0x00,0x00,
    0x00,0x00,0x00,0x00,0x00,0x00,0x00,0x00,0x00,0x00,0x00,0x00,0x00,0x00,0x00,0x00,
    0x00,0x00,0x00,0x00,0x00,0x00,0x00,0x00,0x00,0x00,0x00,0x00,0x00,0x00,0x00,0x00,
    0x00,0x00,0x00,0x00,0x00,0x00,0x00,0x00,0x00,0x00,0x00,0x00,0x00,0x00,0x00,0x00,
    0x00,0x00,0x00,0x00,0x00,0x00,0x00,0x00,0x00,0x00,0x00,0x00,0x00,0x00,0x00,0x00,
    0x00,0x00,0x00,0x00,0x00,0x00,0x00,0x00,0x00,0x00,0x00,0x00,0x00,0x00,0x00,0x00,
    0x00,0x00,0x00,0x00,0x00,0x00,0x00,0x00,0x00,0x00,0x00,0x00,0x00,0x00,0x00,0x00,
    0x00,0x00,0x00,0x00,0x00,0x00,0x00,0x00,0x00,0x00,0x00,0x00,0x00,0x00,0x00,0x00,
    0x00,0x00,0x00,0x00,0x00,0x00,0x00,0x00,0x00,0x00,0x00,0x00,0x00,0x00,0x00,0x00,
    0x00,0x00,0x00,0x00,0x00,0x00,0x00,0x00,0x00,0x00,0x00,0x00,0x00,0x00,0x00,0x00,
    0x00,0x00,0x00,0x00,0x00,0x00,0x00,0x00,0x00,0x00,0x00,0x00,0x00,0x00,0x00,0x00,
    0x00,0x00,0x00,0x00,0x00,0x00,0x00,0x00,0x00,0x00,0x00,0x00,0x00,0x00,0x00,0x00,
    0x00,0x00,0x00,0x00,0x00,0x00,0x00,0x00,0x00,0x00,0x00,0x00,0x00,0x00,0x00,0x00,
    0x00,0x00,0x00,0x00,0x00,0x00,0x00,0x00,0x00,0x00,0x00,0x00,0x00,0x00,0x00,0x00,
    0x00,0x00,0x00,0x00,0x00,0x00,0x00,0x00,0x00,0x00,0x00,0x00,0x00,0x00,0x00,0x00,
    0x00,0x00,0x00,0x00,0x00,0x00,0x00,0x00,0x00,0x00,0x00,0x00,0x00,0x00,0x00,0x00,
    0x00,0x00,0x00,0x00,0x00,0x00,0xFF,0xFF,0x02,0x00,0x00,0x00,0x4D,0x6B,0x1A,0x13,
    0x9D,0xC6,0xB6,0xB5,0xFF,0x54,0xA5,0xFD,0xB6,0xB5,0xFF,0x95,0xAD,0xFD,0x95,0xAD,
    0xFD,0x17,0xBE,0xFF,0x75,0xAD,0xB3,0x8D,0x6B,0x26,0x00,0x00,0x00,0x00,0x00,0x00,
    0x4D,0x6B,0x26,0x17,0xBE,0xD4,0x38,0xC6,0xFF,0xD6,0xB5,0xFA,0x79,0xCE,0xFF,0x34,
    0xA5,0xA4,0x00,0x00,0x06,0xFF,0xFF,0x01,0xCA,0x52,0x4F,0x71,0x8C,0x5B,0x00,0x00,
    0x00,0x54,0xA5,0x03,0x00,0x00,0x00,0x00,0x00,0x00,0x00,0x00,0x00,0x00,0x00,0x01,
    0x00,0x00,0x00,0x28,0x42,0x2C,0x00,0x00,0x14,0x00,0x00,0x00,0x54,0xA5,0x03,0x91,
    0x8C,0x78,0x1B,0xDF,0xFC,0x79,0xCE,0xEC,0xFB,0xDE,0xFF,0xFB,0xDE,0xFF,0xBA,0xD6,
    0xFF,0xDA,0xD6,0xFF,0xDA,0xD6,0xFF,0xDA,0xD6,0xFF,0xDA,0xD6,0xFF,0xBA,0xD6,0xFF,
    0x9A,0xD6,0xFF,0x9A,0xD6,0xFF,0xBA,0xD6,0xFF,0x99,0xCE,0xFF,0x59,0xCE,0xFF,0x38,
    0xC6,0xFF,0x38,0xC6,0xFF,0x59,0xCE,0xFF,0x38,0xC6,0xFD,0xFB,0xDE,0xFF,0xD6,0xB5,
    0xAF,0x14,0xA5,0x55,0xB6,0xB5,0xCE,0x59,0xCE,0xFC,0x18,0xC6,0xFC,0xF7,0xBD,0xFF,
    0xF7,0xBD,0xFD,0xF7,0xBD,0xFE,0xD6,0xB5,0xFF,0xD7,0xBD,0xF5,0x71,0x8C,0x61,0x00,
    0x00,0x00,0xFF,0xFF,0x02,0x00,0x00,0x01,0x00,0x00,0x00,0x00,0x00,0x00,0x00,0x00,
    0x00,0x00,0x00,0x00,0x00,0x00,0x00,0x00,0x00,0x00,0x00,0x00,0x00,0x00,0x00,0x00,
    0x00,0x00,0x00,0x00,0x00,0x00,0x00,0x00,0x00,0x00,0x00,0x00,0x00,0x00,0x00,0x00,
    0x00,0x00,0x00,0x00,0x00,0x00,0x00,0x00,0x00,0x00,0x00,0x00,0x00,0x00,0x00,0x00,
    0x00,0x00,0x00,0x00,0x00,0x00,0x00,0x00,0x00,0x00,0x00,0x00,0x00,0x00,0x00,0x00,
    0x00,0x00,0x00,0x00,0x00,0x00,0x00,0x00,0x00,0x00,0x00,0x00,0x00,0x00,0x00,0x00,
    0x00,0x00,0x00,0x00,0x00,0x00,0x00,0x00,0x00,0x00,0x00,0x00,0x00,0x00,0x00,0x00,
    0x00,0x00,0x00,0x00,0x00,0x00,0x00,0x00,0x00,0x00,0x00,0x00,0x00,0x00,0x00,0x00,
    0x00,0x00,0x00,0x00,0x00,0x00,0x00,0x00,0x00,0x00,0x00,0x00,0x00,0x00,0x00,0x00,
    0x00,0x00,0x00,0x00,0x00,0x00,0x00,0x00,0x00,0x00,0x00,0x00,0x00,0x00,0x00,0x00,
    0x00,0x00,0x00,0x00,0x00,0x00,0x00,0x00,0x00,0x00,0x00,0x00,0x00,0x00,0x00,0x00,
    0x00,0x00,0x00,0x00,0x00,0x00,0x00,0x00,0x00,0x00,0x00,0x00,0x00,0x00,0x00,0x00,
    0x00,0x00,0x00,0x00,0x00,0x00,0x00,0x00,0x00,0x00,0x00,0x00,0x00,0x00,0x00,0x00,
    0x00,0x00,0x00,0x00,0x00,0x00,0x00,0x00,0x00,0x00,0x00,0x00,0x00,0x00,0x00,0x00,
    0x00,0x00,0x00,0x00,0x00,0x00,0x00,0x00,0x00,0x00,0x00,0x00,0x00,0x00,0x00,0x00,
    0x00,0x00,0x00,0x00,0x00,0x00,0x00,0x00,0x00,0x00,0x00,0x00,0x00,0x00,0x00,0x00,
    0x00,0x00,0x00,0x00,0x00,0x00,0x00,0x00,0x00,0x00,0x00,0x00,0x00,0x00,0x00,0x00,
    0x00,0x00,0x00,0x00,0x00,0x00,0x00,0x00,0x00,0x00,0x00,0x00,0x00,0x00,0x00,0x00,
    0x00,0x00,0x00,0x00,0x00,0x00,0x00,0x00,0x00,0x00,0x00,0x00,0x00,0x00,0x00,0x00,
    0x00,0x00,0x00,0x00,0x00,0x00,0x00,0x00,0x00,0x00,0x00,0x00,0x00,0x00,0x00,0x00,
    0x00,0x00,0x00,0x00,0x00,0x00,0x00,0x00,0x00,0x00,0x00,0x00,0x00,0x00,0x00,0x00,
    0x00,0x00,0x00,0x00,0x00,0x00,0x00,0x00,0x00,0x00,0x00,0x00,0x00,0x00,0x00,0x00,
    0x00,0x00,0x00,0x00,0x00,0x00,0x00,0x00,0x00,0x00,0x00,0x00,0x00,0x00,0x00,0x00,
    0x00,0x00,0x00,0x00,0x00,0x00,0x00,0x00,0x00,0x00,0x00,0x00,0x00,0x00,0x00,0x00,
    0x00,0x00,0x00,0x00,0x00,0x00,0x00,0x00,0x00,0x00,0x00,0x00,0x00,0x00,0x00,0x00,
    0x00,0x00,0x00,0x00,0x00,0x00,0x00,0x00,0x00,0x00,0x00,0x00,0x00,0xEF,0x7B,0x04,
    0x00,0x00,0x00,0xCB,0x5A,0x1E,0xF3,0x9C,0xCA,0x75,0xAD,0xFF,0x14,0xA5,0xFB,0xB6,
    0xB5,0xFF,0x75,0xAD,0xFF,0x96,0xB5,0xFF,0x96,0xB5,0xFF,0x95,0xAD,0xFC,0x58,0xC6,
    0xFF,0xF7,0xBD,0xE1,0x50,0x84,0x4F,0x85,0x29,0x24,0xD6,0xB5,0xCC,0x79,0xCE,0xFF,
    0xB6,0xB5,0xF8,0x79,0xCE,0xFF,0x95,0xAD,0xC3,0x61,0x08,0x12,0x00,0x00,0x00,0x00,
    0x00,0x00,0x00,0x00,0x09,0x00,0x00,0x03,0x00,0x00,0x01,0x00,0x00,0x00,0x00,0x00,
    0x00,0x00,0x00,0x00,0x00,0x00,0x00,0x00,0x00,0x00,0x00,0x00,0x00,0x00,0x00,0x00,
    0x00,0x00,0x00,0xFF,0xFF,0x01,0x00,0x00,0x00,0x75,0xAD,0xAE,0x1B,0xDF,0xF3,0xDA,
    0xD6,0xF6,0x38,0xC6,0xE4,0x79,0xCE,0xEA,0x1B,0xDF,0xFF,0xBA,0xD6,0xFE,0xBA,0xD6,
    0xFF,0xBA,0xD6,0xFF,0xBA,0xD6,0xFF,0xBA,0xD6,0xFF,0xBA,0xD6,0xFF,0xBA,0xD6,0xFF,
    0x79,0xCE,0xFF,0x79,0xCE,0xFF,0x9A,0xD6,0xFF,0x99,0xCE,0xFF,0x58,0xC6,0xFF,0x17,
    0xBE,0xFF,0x38,0xC6,0xFF,0x38,0xC6,0xFE,0xBA,0xD6,0xFF,0x79,0xCE,0xFF,0x58,0xC6,
    0xF9,0x18,0xC6,0xFB,0x96,0xB5,0xD1,0x71,0x8C,0xAD,0xD6,0xB5,0xFB,0xF7,0xBD,0xFF,
    0x17,0xBE,0xFD,0xD6,0xB5,0xFE,0xD6,0xB5,0xF5,0xB2,0x94,0x60,0x00,0x00,0x00,0xFF,
    0xFF,0x02,0x00,0x00,0x01,0x00,0x00,0x00,0x00,0x00,0x00,0x00,0x00,0x00,0x00,0x00,
    0x00,0x00,0x00,0x00,0x00,0x00,0x00,0x00,0x00,0x00,0x00,0x00,0x00,0x00,0x00,0x00,
    0x00,0x00,0x00,0x00,0x00,0x00,0x00,0x00,0x00,0x00,0x00,0x00,0x00,0x00,0x00,0x00,
    0x00,0x00,0x00,0x00,0x00,0x00,0x00,0x00,0x00,0x00,0x00,0x00,0x00,0x00,0x00,0x00,
    0x00,0x00,0x00,0x00,0x00,0x00,0x00,0x00,0x00,0x00,0x00,0x00,0x00,0x00,0x00,0x00,
    0x00,0x00,0x00,0x00,0x00,0x00,0x00,0x00,0x00,0x00,0x00,0x00,0x00,0x00,0x00,0x00,
    0x00,0x00,0x00,0x00,0x00,0x00,0x00,0x00,0x00,0x00,0x00,0x00,0x00,0x00,0x00,0x00,
    0x00,0x00,0x00,0x00,0x00,0x00,0x00,0x00,0x00,0x00,0x00,0x00,0x00,0x00,0x00,0x00,
    0x00,0x00,0x00,0x00,0x00,0x00,0x00,0x00,0x00,0x00,0x00,0x00,0x00,0x00,0x00,0x00,
    0x00,0x00,0x00,0x00,0x00,0x00,0x00,0x00,0x00,0x00,0x00,0x00,0x00,0x00,0x00,0x00,
    0x00,0x00,0x00,0x00,0x00,0x00,0x00,0x00,0x00,0x00,0x00,0x00,0x00,0x00,0x00,0x00,
    0x00,0x00,0x00,0x00,0x00,0x00,0x00,0x00,0x00,0x00,0x00,0x00,0x00,0x00,0x00,0x00,
    0x00,0x00,0x00,0x00,0x00,0x00,0x00,0x00,0x00,0x00,0x00,0x00,0x00,0x00,0x00,0x00,
    0x00,0x00,0x00,0x00,0x00,0x00,0x00,0x00,0x00,0x00,0x00,0x00,0x00,0x00,0x00,0x00,
    0x00,0x00,0x00,0x00,0x00,0x00,0x00,0x00,0x00,0x00,0x00,0x00,0x00,0x00,0x00,0x00,
    0x00,0x00,0x00,0x00,0x00,0x00,0x00,0x00,0x00,0x00,0x00,0x00,0x00,0x00,0x00,0x00,
    0x00,0x00,0x00,0x00,0x00,0x00,0x00,0x00,0x00,0x00,0x00,0x00,0x00,0x00,0x00,0x00,
    0x00,0x00,0x00,0x00,0x00,0x00,0x00,0x00,0x00,0x00,0x00,0x00,0x00,0x00,0x00,0x00,
    0x00,0x00,0x00,0x00,0x00,0x00,0x00,0x00,0x00,0x00,0x00,0x00,0x00,0x00,0x00,0x00,
    0x00,0x00,0x00,0x00,0x00,0x00,0x00,0x00,0x00,0x00,0x00,0x00,0x00,0x00,0x00,0x00,
    0x00,0x00,0x00,0x00,0x00,0x00,0x00,0x00,0x00,0x00,0x00,0x00,0x00,0x00,0x00,0x00,
    0x00,0x00,0x00,0x00,0x00,0x00,0x00,0x00,0x00,0x00,0x00,0x00,0x00,0x00,0x00,0x00,
    0x00,0x00,0x00,0x00,0x00,0x00,0x00,0x00,0x00,0x00,0x00,0x00,0x00,0x00,0x00,0x00,
    0x00,0x00,0x00,0x00,0x00,0x00,0x00,0x00,0x00,0x00,0x00,0x00,0x00,0x00,0x00,0x00,
    0x00,0x00,0x00,0x00,0x00,0x00,0x00,0x00,0x00,0x00,0x00,0x00,0x00,0x00,0x00,0x00,
    0x00,0x00,0x00,0x00,0xEF,0x7B,0x02,0x00,0x00,0x00,0x48,0x42,0x18,0xD2,0x94,0xCA,
    0x54,0xA5,0xFF,0x54,0xA5,0xF3,0xB6,0xB5,0xF7,0xD3,0x9C,0xE6,0x75,0xAD,0xFD,0x96,
    0xB5,0xFF,0x96,0xB5,0xFF,0x96,0xB5,0xFF,0x75,0xAD,0xFC,0x38,0xC6,0xFF,0xF7,0xBD,
    0xF2,0xD7,0xBD,0xDF,0x17,0xBE,0xFF,0xB6,0xB5,0xFA,0x79,0xCE,0xFF,0xB6,0xB5,0xD3,
    0xA6,0x31,0x25,0x00,0x00,0x00,0xEF,0x7B,0x02,0x00,0x00,0x00,0x00,0x00,0x00,0x00,
    0x00,0x00,0x00,0x00,0x00,0x00,0x00,0x00,0x00,0x00,0x00,0x00,0x00,0x00,0x00,0x00,
    0x00,0x00,0x00,0x00,0x00,0x00,0x00,0x00,0x00,0x01,0x00,0x00,0x02,0x00,0x00,0x00,
    0x65,0x29,0x15,0x79,0xCE,0xD5,0xFB,0xDE,0xFF,0x58,0xC6,0xC0,0x8E,0x73,0x30,0xF7,
    0xBD,0xD0,0x7D,0xEF,0xFF,0xDA,0xD6,0xFD,0xDA,0xD6,0xFF,0xBA,0xD6,0xFF,0x99,0xCE,
    0xFF,0x99,0xCE,0xFF,0x99,0xCE,0xFF,0x99,0xCE,0xFF,0x79,0xCE,0xFF,0x79,0xCE,0xFF,
    0x79,0xCE,0xFF,0x79,0xCE,0xFF,0x79,0xCE,0xFF,0x79,0xCE,0xFF,0x17,0xBE,0xFF,0x38,
    0xC6,0xFF,0x17,0xBE,0xFB,0x38,0xC6,0xFD,0x58,0xC6,0xFF,0x55,0xAD,0xBA,0xCA,0x52,
    0x1F,0x51,0x8C,0x76,0x58,0xC6,0xFF,0xF7,0xBD,0xFC,0xD6,0xB5,0xFF,0xB6,0xB5,0xFE,
    0x96,0xB5,0xFE,0xD6,0xB5,0xF9,0x92,0x94,0x61,0x00,0x00,0x00,0xFF,0xFF,0x04,0x00,
    0x00,0x00,0x00,0x00,0x00,0x00,0x00,0x00,0x00,0x00,0x00,0x00,0x00,0x00,0x00,0x00,
    0x00,0x00,0x00,0x00,0x00,0x00,0x00,0x00,0x00,0x00,0x00,0x00,0x00,0x00,0x00,0x00,
    0x00,0x00,0x00,0x00,0x00,0x00,0x00,0x00,0x00,0x00,0x00,0x00,0x00,0x00,0x00,0x00,
    0x00,0x00,0x00,0x00,0x00,0x00,0x00,0x00,0x00,0x00,0x00,0x00,0x00,0x00,0x00,0x00,
    0x00,0x00,0x00,0x00,0x00,0x00,0x00,0x00,0x00,0x00,0x00,0x00,0x00,0x00,0x00,0x00,
    0x00,0x00,0x00,0x00,0x00,0x00,0x00,0x00,0x00,0x00,0x00,0x00,0x00,0x00,0x00,0x00,
    0x00,0x00,0x00,0x00,0x00,0x00,0x00,0x00,0x00,0x00,0x00,0x00,0x00,0x00,0x00,0x00,
    0x00,0x00,0x00,0x00,0x00,0x00,0x00,0x00,0x00,0x00,0x00,0x00,0x00,0x00,0x00,0x00,
    0x00,0x00,0x00,0x00,0x00,0x00,0x00,0x00,0x00,0x00,0x00,0x00,0x00,0x00,0x00,0x00,
    0x00,0x00,0x00,0x00,0x00,0x00,0x00,0x00,0x00,0x00,0x00,0x00,0x00,0x00,0x00,0x00,
    0x00,0x00,0x00,0x00,0x00,0x00,0x00,0x00,0x00,0x00,0x00,0x00,0x00,0x00,0x00,0x00,
    0x00,0x00,0x00,0x00,0x00,0x00,0x00,0x00,0x00,0x00,0x00,0x00,0x00,0x00,0x00,0x00,
    0x00,0x00,0x00,0x00,0x00,0x00,0x00,0x00,0x00,0x00,0x00,0x00,0x00,0x00,0x00,0x00,
    0x00,0x00,0x00,0x00,0x00,0x00,0x00,0x00,0x00,0x00,0x00,0x00,0x00,0x00,0x00,0x00,
    0x00,0x00,0x00,0x00,0x00,0x00,0x00,0x00,0x00,0x00,0x00,0x00,0x00,0x00,0x00,0x00,
    0x00,0x00,0x00,0x00,0x00,0x00,0x00,0x00,0x00,0x00,0x00,0x00,0x00,0x00,0x00,0x00,
    0x00,0x00,0x00,0x00,0x00,0x00,0x00,0x00,0x00,0x00,0x00,0x00,0x00,0x00,0x00,0x00,
    0x00,0x00,0x00,0x00,0x00,0x00,0x00,0x00,0x00,0x00,0x00,0x00,0x00,0x00,0x00,0x00,
    0x00,0x00,0x00,0x00,0x00,0x00,0x00,0x00,0x00,0x00,0x00,0x00,0x00,0x00,0x00,0x00,
    0x00,0x00,0x00,0x00,0x00,0x00,0x00,0x00,0x00,0x00,0x00,0x00,0x00,0x00,0x00,0x00,
    0x00,0x00,0x00,0x00,0x00,0x00,0x00,0x00,0x00,0x00,0x00,0x00,0x00,0x00,0x00,0x00,
    0x00,0x00,0x00,0x00,0x00,0x00,0x00,0x00,0x00,0x00,0x00,0x00,0x00,0x00,0x00,0x00,
    0x00,0x00,0x00,0x00,0x00,0x00,0x00,0x00,0x00,0x00,0x00,0x00,0x00,0x00,0x00,0x00,
    0x00,0x00,0x00,0x00,0x00,0x00,0x00,0x00,0x00,0x00,0x00,0x00,0x00,0x00,0x00,0x00,
    0x00,0x00,0x00,0x00,0x00,0x00,0x00,0x00,0x00,0x00,0x00,0xAA,0x52,0x03,0x00,0x00,
    0x00,0x0B,0x5B,0x1A,0xD2,0x94,0xC9,0x55,0xAD,0xFF,0x13,0x9D,0xF2,0x96,0xB5,0xFF,
    0x71,0x8C,0x98,0x8D,0x6B,0x80,0x96,0xB5,0xFF,0x96,0xB5,0xFE,0x55,0xAD,0xFE,0x96,
    0xB5,0xFF,0xB6,0xB5,0xFF,0xB6,0xB5,0xFD,0xF7,0xBD,0xFF,0x17,0xBE,0xFF,0xD7,0xBD,
    0xFD,0x17,0xBE,0xFE,0xD6,0xB5,0xE9,0xAE,0x73,0x37,0x00,0x00,0x00,0xEF,0x7B,0x04,
    0x00,0x00,0x00,0x00,0x00,0x00,0x00,0x00,0x01,0xFF,0xFF,0x01,0x00,0x00,0x01,0x00,
    0x00,0x00,0x00,0x00,0x00,0x00,0x00,0x00,0x00,0x00,0x00,0x00,0x00,0x00,0x00,0x00,
    0x00,0x00,0x00,0x00,0xFF,0xFF,0x01,0x00,0x00,0x00,0x2C,0x63,0x4B,0x1B,0xDF,0xFF,
    0x96,0xB5,0xAB,0xA2,0x10,0x0B,0x91,0x8C,0x1A,0x58,0xC6,0xF1,0x1B,0xDF,0xFF,0xDA,
    0xD6,0xFE,0xFB,0xDE,0xFF,0xDA,0xD6,0xFF,0xDA,0xD6,0xFF,0xBA,0xD6,0xFF,0xBA,0xD6,
    0xFF,0x79,0xCE,0xFF,0x79,0xCE,0xFF,0x79,0xCE,0xFF,0x79,0xCE,0xFF,0x79,0xCE,0xFF,
    0x38,0xC6,0xFF,0x38,0xC6,0xFF,0x79,0xCE,0xFF,0xF7,0xBD,0xFE,0x38,0xC6,0xFF,0x38,
    0xC6,0xFA,0xB2,0x94,0x8C,0x00,0x00,0x0A,0x61,0x08,0x10,0x55,0xAD,0xD4,0x59,0xCE,
    0xFF,0xD6,0xB5,0xFD,0xB6,0xB5,0xFF,0xB6,0xB5,0xFF,0xB6,0xB5,0xFE,0x95,0xAD,0xFF,
    0xB6,0xB5,0xF7,0x71,0x8C,0x5D,0x00,0x00,0x00,0xFF,0xFF,0x02,0x00,0x00,0x00,0x00,
    0x00,0x00,0x00,0x00,0x00,0x00,0x00,0x00,0x00,0x00,0x00,0x00,0x00,0x00,0x00,0x00,
    0x00,0x00,0x00,0x00,0x00,0x00,0x00,0x00,0x00,0x00,0x00,0x00,0x00,0x00,0x00,0x00,
    0x00,0x00,0x00,0x00,0x00,0x00,0x00,0x00,0x00,0x00,0x00,0x00,0x00,0x00,0x00,0x00,
    0x00,0x00,0x00,0x00,0x00,0x00,0x00,0x00,0x00,0x00,0x00,0x00,0x00,0x00,0x00,0x00,
    0x00,0x00,0x00,0x00,0x00,0x00,0x00,0x00,0x00,0x00,0x00,0x00,0x00,0x00,0x00,0x00,
    0x00,0x00,0x00,0x00,0x00,0x00,0x00,0x00,0x00,0x00,0x00,0x00,0x00,0x00,0x00,0x00,
    0x00,0x00,0x00,0x00,0x00,0x00,0x00,0x00,0x00,0x00,0x00,0x00,0x00,0x00,0x00,0x00,
    0x00,0x00,0x00,0x00,0x00,0x00,0x00,0x00,0x00,0x00,0x00,0x00,0x00,0x00,0x00,0x00,
    0x00,0x00,0x00,0x00,0x00,0x00,0x00,0x00,0x00,0x00,0x00,0x00,0x00,0x00,0x00,0x00,
    0x00,0x00,0x00,0x00,0x00,0x00,0x00,0x00,0x00,0x00,0x00,0x00,0x00,0x00,0x00,0x00,
    0x00,0x00,0x00,0x00,0x00,0x00,0x00,0x00,0x00,0x00,0x00,0x00,0x00,0x00,0x00,0x00,
    0x00,0x00,0x00,0x00,0x00,0x00,0x00,0x00,0x00,0x00,0x00,0x00,0x00,0x00,0x00,0x00,
    0x00,0x00,0x00,0x00,0x00,0x00,0x00,0x00,0x00,0x00,0x00,0x00,0x00,0x00,0x00,0x00,
    0x00,0x00,0x00,0x00,0x00,0x00,0x00,0x00,0x00,0x00,0x00,0x00,0x00,0x00,0x00,0x00,
    0x00,0x00,0x00,0x00,0x00,0x00,0x00,0x00,0x00,0x00,0x00,0x00,0x00,0x00,0x00,0x00,
    0x00,0x00,0x00,0x00,0x00,0x00,0x00,0x00,0x00,0x00,0x00,0x00,0x00,0x00,0x00,0x00,
    0x00,0x00,0x00,0x00,0x00,0x00,0x00,0x00,0x00,0x00,0x00,0x00,0x00,0x00,0x00,0x00,
    0x00,0x00,0x00,0x00,0x00,0x00,0x00,0x00,0x00,0x00,0x00,0x00,0x00,0x00,0x00,0x00,
    0x00,0x00,0x00,0x00,0x00,0x00,0x00,0x00,0x00,0x00,0x00,0x00,0x00,0x00,0x00,0x00,
    0x00,0x00,0x00,0x00,0x00,0x00,0x00,0x00,0x00,0x00,0x00,0x00,0x00,0x00,0x00,0x00,
    0x00,0x00,0x00,0x00,0x00,0x00,0x00,0x00,0x00,0x00,0x00,0x00,0x00,0x00,0x00,0x00,
    0x00,0x00,0x00,0x00,0x00,0x00,0x00,0x00,0x00,0x00,0x00,0x00,0x00,0x00,0x00,0x00,
    0x00,0x00,0x00,0x00,0x00,0x00,0x00,0x00,0x00,0x00,0x00,0x00,0x00,0x00,0x00,0x00,
    0x00,0x00,0x00,0x00,0x00,0x00,0x00,0x00,0x00,0x00,0x00,0x00,0x00,0x00,0x00,0x00,
    0x00,0x00,0xEF,0x7B,0x04,0x00,0x00,0x00,0xCA,0x52,0x1F,0xB2,0x94,0xCC,0x54,0xA5,
    0xFF,0xD3,0x9C,0xFA,0x75,0xAD,0xFF,0x13,0x9D,0xD4,0x00,0x00,0x11,0x13,0x9D,0x98,
    0xF7,0xBD,0xFF,0x75,0xAD,0xFC,0x75,0xAD,0xFF,0x95,0xAD,0xFF,0xD6,0xB5,0xFF,0xB6,
    0xB5,0xFF,0xD6,0xB5,0xFE,0xD6,0xB5,0xFD,0x17,0xBE,0xFE,0xF7,0xBD,0xF9,0xEF,0x7B,
    0x59,0x00,0x00,0x00,0xFF,0xFF,0x02,0x00,0x00,0x00,0x00,0x00,0x00,0x00,0x00,0x00,
    0xFF,0xFF,0x02,0x00,0x00,0x00,0x00,0x00,0x00,0x00,0x00,0x01,0x00,0x00,0x00,0x00,
    0x00,0x00,0x00,0x00,0x00,0x00,0x00,0x00,0x00,0x00,0x00,0x00,0x00,0x00,0x54,0xA5,
    0x03,0x00,0x00,0x00,0x95,0xAD,0x93,0x95,0xAD,0x9E,0x00,0x00,0x06,0x00,0x00,0x00,
    0xB2,0x94,0x48,0xBA,0xD6,0xFE,0x99,0xCE,0xFC,0x99,0xCE,0xFE,0x9A,0xD6,0xFC,0xBA,
    0xD6,0xFE,0xDA,0xD6,0xFF,0xBA,0xD6,0xFF,0x9A,0xD6,0xFF,0xBA,0xD6,0xFF,0x99,0xCE,
    0xFF,0x79,0xCE,0xFF,0x58,0xC6,0xFF,0x58,0xC6,0xFF,0x58,0xC6,0xFE,0x38,0xC6,0xFF,
    0x17,0xBE,0xFE,0x9A,0xD6,0xFF,0xD6,0xB5,0xE2,0xCE,0x73,0x53,0x00,0x00,0x00,0x00,
    0x00,0x00,0xEF,0x7B,0x5A,0x18,0xC6,0xFF,0xF7,0xBD,0xFE,0xD7,0xBD,0xFF,0xD7,0xBD,
    0xFF,0x96,0xB5,0xFF,0xB6,0xB5,0xFF,0xB6,0xB5,0xFE,0x95,0xAD,0xFF,0xB6,0xB5,0xF5,
    0xB2,0x94,0x5A,0x00,0x00,0x00,0xFF,0xFF,0x04,0x00,0x00,0x00,0x00,0x00,0x00,0x00,
    0x00,0x01,0x00,0x00,0x00,0x00,0x00,0x00,0x00,0x00,0x00,0x00,0x00,0x00,0x00,0x00,
    0x00,0x00,0x00,0x00,0x00,0x00,0x00,0x00,0x00,0x00,0x00,0x00,0x00,0x00,0x00,0x00,
    0x00,0x00,0x00,0x00,0x00,0x00,0x00,0x00,0x00,0x00,0x00,0x00,0x00,0x00,0x00,0x00,
    0x00,0x00,0x00,0x00,0x00,0x00,0x00,0x00,0x00,0x00,0x00,0x00,0x00,0x00,0x00,0x00,
    0x00,0x00,0x00,0x00,0x00,0x00,0x00,0x00,0x00,0x00,0x00,0x00,0x00,0x00,0x00,0x00,
    0x00,0x00,0x00,0x00,0x00,0x00,0x00,0x00,0x00,0x00,0x00,0x00,0x00,0x00,0x00,0x00,
    0x00,0x00,0x00,0x00,0x00,0x00,0x00,0x00,0x00,0x00,0x00,0x00,0x00,0x00,0x00,0x00,
    0x00,0x00,0x00,0x00,0x00,0x00,0x00,0x00,0x00,0x00,0x00,0x00,0x00,0x00,0x00,0x00,
    0x00,0x00,0x00,0x00,0x00,0x00,0x00,0x00,0x00,0x00,0x00,0x00,0x00,0x00,0x00,0x00,
    0x00,0x00,0x00,0x00,0x00,0x00,0x00,0x00,0x00,0x00,0x00,0x00,0x00,0x00,0x00,0x00,
    0x00,0x00,0x00,0x00,0x00,0x00,0x00,0x00,0x00,0x00,0x00,0x00,0x00,0x00,0x00,0x00,
    0x00,0x00,0x00,0x00,0x00,0x00,0x00,0x00,0x00,0x00,0x00,0x00,0x00,0x00,0x00,0x00,
    0x00,0x00,0x00,0x00,0x00,0x00,0x00,0x00,0x00,0x00,0x00,0x00,0x00,0x00,0x00,0x00,
    0x00,0x00,0x00,0x00,0x00,0x00,0x00,0x00,0x00,0x00,0x00,0x00,0x00,0x00,0x00,0x00,
    0x00,0x00,0x00,0x00,0x00,0x00,0x00,0x00,0x00,0x00,0x00,0x00,0x00,0x00,0x00,0x00,
    0x00,0x00,0x00,0x00,0x00,0x00,0x00,0x00,0x00,0x00,0x00,0x00,0x00,0x00,0x00,0x00,
    0x00,0x00,0x00,0x00,0x00,0x00,0x00,0x00,0x00,0x00,0x00,0x00,0x00,0x00,0x00,0x00,
    0x00,0x00,0x00,0x00,0x00,0x00,0x00,0x00,0x00,0x00,0x00,0x00,0x00,0x00,0x00,0x00,
    0x00,0x00,0x00,0x00,0x00,0x00,0x00,0x00,0x00,0x00,0x00,0x00,0x00,0x00,0x00,0x00,
    0x00,0x00,0x00,0x00,0x00,0x00,0x00,0x00,0x00,0x00,0x00,0x00,0x00,0x00,0x00,0x00,
    0x00,0x00,0x00,0x00,0x00,0x00,0x00,0x00,0x00,0x00,0x00,0x00,0x00,0x00,0x00,0x00,
    0x00,0x00,0x00,0x00,0x00,0x00,0x00,0x00,0x00,0x00,0x00,0x00,0x00,0x00,0x00,0x00,
    0x00,0x00,0x00,0x00,0x00,0x00,0x00,0x00,0x00,0x00,0x00,0x00,0x00,0x00,0x00,0x00,
    0x00,0x00,0x00,0x00,0x00,0x00,0x00,0x00,0x00,0x54,0xA5,0x03,0x00,0x00,0x00,0x28,
    0x42,0x1D,0xB2,0x94,0xCC,0x13,0x9D,0xFF,0xD2,0x94,0xFB,0x34,0xA5,0xFF,0x34,0xA5,
    0xFA,0x6D,0x6B,0x3B,0xC7,0x39,0x0D,0x13,0x9D,0xD2,0xD6,0xB5,0xFF,0x55,0xAD,0xFD,
    0x75,0xAD,0xFF,0xB6,0xB5,0xFF,0x96,0xB5,0xFF,0xB6,0xB5,0xFF,0xB6,0xB5,0xFF,0xF7,
    0xBD,0xFC,0x38,0xC6,0xFF,0x71,0x8C,0x7F,0x00,0x00,0x00,0xFF,0xFF,0x03,0x00,0x00,
    0x00,0x00,0x00,0x00,0x00,0x00,0x00,0xB2,0x94,0x05,0x00,0x00,0x00,0xCB,0x5A,0x27,
    0x0B,0x5B,0x50,0x00,0x00,0x03,0x00,0x00,0x00,0x00,0x00,0x00,0x00,0x00,0x00,0x00,
    0x00,0x00,0x00,0x00,0x00,0x00,0x00,0x01,0x00,0x00,0x01,0xC3,0x18,0x09,0xAE,0x73,
    0x4B,0x00,0x00,0x07,0x00,0x00,0x00,0x00,0x00,0x01,0xB2,0x94,0x6F,0x3C,0xE7,0xFD,
    0xDA,0xD6,0xF4,0xFB,0xDE,0xFD,0x3C,0xE7,0xFF,0xFB,0xDE,0xFF,0xBA,0xD6,0xF2,0x79,
    0xCE,0xFD,0x99,0xCE,0xFF,0x79,0xCE,0xFF,0x9A,0xD6,0xFF,0x99,0xCE,0xFF,0x79,0xCE,
    0xFF,0x38,0xC6,0xFF,0x59,0xCE,0xFF,0x38,0xC6,0xFA,0x79,0xCE,0xFE,0xD6,0xB5,0xD6,
    0x0C,0x63,0x2B,0x00,0x00,0x00,0xFF,0xFF,0x01,0x00,0x00,0x03,0xF3,0x9C,0xB2,0x79,
    0xCE,0xFF,0xB6,0xB5,0xFE,0xD6,0xB5,0xFF,0xB6,0xB5,0xFF,0xB6,0xB5,0xFF,0x75,0xAD,
    0xFF,0xD6,0xB5,0xFF,0x96,0xB5,0xFD,0x55,0xAD,0xFF,0x95,0xAD,0xF9,0xB2,0x94,0x5B,
    0x00,0x00,0x00,0x00,0x00,0x01,0x00,0x00,0x00,0x00,0x00,0x00,0x00,0x00,0x00,0x00,
    0x00,0x00,0x00,0x00,0x00,0x00,0x00,0x00,0x00,0x00,0x00,0x00,0x00,0x00,0x00,0x00,
    0x00,0x00,0x00,0x00,0x00,0x00,0x00,0x00,0x00,0x00,0x00,0x00,0x00,0x00,0x00,0x00,
    0x00,0x00,0x00,0x00,0x00,0x00,0x00,0x00,0x00,0x00,0x00,0x00,0x00,0x00,0x00,0x00,
    0x00,0x00,0x00,0x00,0x00,0x00,0x00,0x00,0x00,0x00,0x00,0x00,0x00,0x00,0x00,0x00,
    0x00,0x00,0x00,0x00,0x00,0x00,0x00,0x00,0x00,0x00,0x00,0x00,0x00,0x00,0x00,0x00,
    0x00,0x00,0x00,0x00,0x00,0x00,0x00,0x00,0x00,0x00,0x00,0x00,0x00,0x00,0x00,0x00,
    0x00,0x00,0x00,0x00,0x00,0x00,0x00,0x00,0x00,0x00,0x00,0x00,0x00,0x00,0x00,0x00,
    0x00,0x00,0x00,0x00,0x00,0x00,0x00,0x00,0x00,0x00,0x00,0x00,0x00,0x00,0x00,0x00,
    0x00,0x00,0x00,0x00,0x00,0x00,0x00,0x00,0x00,0x00,0x00,0x00,0x00,0x00,0x00,0x00,
    0x00,0x00,0x00,0x00,0x00,0x00,0x00,0x00,0x00,0x00,0x00,0x00,0x00,0x00,0x00,0x00,
    0x00,0x00,0x00,0x00,0x00,0x00,0x00,0x00,0x00,0x00,0x00,0x00,0x00,0x00,0x00,0x00,
    0x00,0x00,0x00,0x00,0x00,0x00,0x00,0x00,0x00,0x00,0x00,0x00,0x00,0x00,0x00,0x00,
    0x00,0x00,0x00,0x00,0x00,0x00,0x00,0x00,0x00,0x00,0x00,0x00,0x00,0x00,0x00,0x00,
    0x00,0x00,0x00,0x00,0x00,0x00,0x00,0x00,0x00,0x00,0x00,0x00,0x00,0x00,0x00,0x00,
    0x00,0x00,0x00,0x00,0x00,0x00,0x00,0x00,0x00,0x00,0x00,0x00,0x00,0x00,0x00,0x00,
    0x00,0x00,0x00,0x00,0x00,0x00,0x00,0x00,0x00,0x00,0x00,0x00,0x00,0x00,0x00,0x00,
    0x00,0x00,0x00,0x00,0x00,0x00,0x00,0x00,0x00,0x00,0x00,0x00,0x00,0x00,0x00,0x00,
    0x00,0x00,0x00,0x00,0x00,0x00,0x00,0x00,0x00,0x00,0x00,0x00,0x00,0x00,0x00,0x00,
    0x00,0x00,0x00,0x00,0x00,0x00,0x00,0x00,0x00,0x00,0x00,0x00,0x00,0x00,0x00,0x00,
    0x00,0x00,0x00,0x00,0x00,0x00,0x00,0x00,0x00,0x00,0x00,0x00,0x00,0x00,0x00,0x00,
    0x00,0x00,0x00,0x00,0x00,0x00,0x00,0x00,0x00,0x00,0x00,0x00,0x00,0x00,0x00,0x00,
    0x00,0x00,0x00,0x00,0x00,0x00,0x00,0x00,0x00,0x00,0x00,0x00,0x00,0x00,0x00,0x00,
    0x00,0x00,0x00,0x00,0x00,0x00,0x01,0x00,0x00,0x00,0x00,0x00,0x00,0x00,0x00,0x00,
    0xEF,0x7B,0x02,0x00,0x00,0x00,0x2C,0x63,0x1B,0xB2,0x94,0xC8,0xF3,0x9C,0xFE,0xD2,
    0x94,0xFF,0xF3,0x9C,0xFD,0x55,0xAD,0xFA,0xAE,0x73,0x73,0x00,0x00,0x00,0xCF,0x7B,
    0x37,0x13,0x9D,0xF3,0xB6,0xB5,0xFE,0x75,0xAD,0xFE,0x75,0xAD,0xFF,0x75,0xAD,0xFF,
    0x95,0xAD,0xFF,0xB6,0xB5,0xFF,0xB6,0xB5,0xFD,0x17,0xBE,0xFF,0x34,0xA5,0xB4,0x00,
    0x00,0x0A,0xFF,0xFF,0x02,0xFF,0xFF,0x01,0x00,0x00,0x00,0x00,0x00,0x00,0xFF,0xFF,
    0x02,0x00,0x00,0x00,0xAE,0x73,0x2B,0x55,0xAD,0xC6,0xB2,0x94,0x51,0x00,0x00,0x00,
    0xFF,0xFF,0x03,0x00,0x00,0x00,0x00,0x00,0x00,0x00,0x00,0x00,0x00,0x00,0x00,0x00,
    0x00,0x00,0x00,0x00,0x00,0x00,0x00,0x00,0x00,0x00,0x00,0x00,0x00,0x00,0xFF,0xFF,
    0x01,0x00,0x00,0x00,0xF3,0x9C,0x94,0x3C,0xE7,0xFF,0xFB,0xDE,0xFF,0x59,0xCE,0xFB,
    0x99,0xCE,0xC9,0x54,0xA5,0x6E,0x30,0x84,0xA0,0x3C,0xE7,0xFF,0x79,0xCE,0xFF,0x79,
    0xCE,0xFF,0x58,0xC6,0xFF,0x79,0xCE,0xFF,0x99,0xCE,0xFF,0x99,0xCE,0xFF,0x18,0xC6,
    0xFA,0xBA,0xD6,0xFF,0x79,0xCE,0xFF,0xEF,0x7B,0x4B,0x00,0x00,0x00,0xF3,0x9C,0x08,
    0x00,0x00,0x01,0x49,0x4A,0x39,0x18,0xC6,0xF2,0xD6,0xB5,0xFE,0xF7,0xBD,0xFF,0xB6,
    0xB5,0xFF,0x96,0xB5,0xFF,0xD6,0xB5,0xFF,0x96,0xB5,0xFF,0x75,0xAD,0xFF,0xB6,0xB5,
    0xFF,0x75,0xAD,0xFD,0x75,0xAD,0xFF,0x95,0xAD,0xF7,0x71,0x8C,0x68,0x92,0x94,0x8E,
    0xF3,0x9C,0x8F,0x00,0x00,0x02,0xFF,0xFF,0x02,0x00,0x00,0x01,0x00,0x00,0x00,0x00,
    0x00,0x00,0x00,0x00,0x00,0x00,0x00,0x00,0x00,0x00,0x00,0x00,0x00,0x00,0x00,0x00,
    0x00,0x00,0x00,0x00,0x00,0x00,0x00,0x00,0x00,0x00,0x00,0x00,0x00,0x00,0x00,0x00,
    0x00,0x00,0x00,0x00,0x00,0x00,0x00,0x00,0x00,0x00,0x00,0x00,0x00,0x00,0x00,0x00,
    0x00,0x00,0x00,0x00,0x00,0x00,0x00,0x00,0x00,0x00,0x00,0x00,0x00,0x00,0x00,0x00,
    0x00,0x00,0x00,0x00,0x00,0x00,0x00,0x00,0x00,0x00,0x00,0x00,0x00,0x00,0x00,0x00,
    0x00,0x00,0x00,0x00,0x00,0x00,0x00,0x00,0x00,0x00,0x00,0x00,0x00,0x00,0x00,0x00,
    0x00,0x00,0x00,0x00,0x00,0x00,0x00,0x00,0x00,0x00,0x00,0x00,0x00,0x00,0x00,0x00,
    0x00,0x00,0x00,0x00,0x00,0x00,0x00,0x00,0x00,0x00,0x00,0x00,0x00,0x00,0x00,0x00,
    0x00,0x00,0x00,0x00,0x00,0x00,0x00,0x00,0x00,0x00,0x00,0x00,0x00,0x00,0x00,0x00,
    0x00,0x00,0x00,0x00,0x00,0x00,0x00,0x00,0x00,0x00,0x00,0x00,0x00,0x00,0x00,0x00,
    0x00,0x00,0x00,0x00,0x00,0x00,0x00,0x00,0x00,0x00,0x00,0x00,0x00,0x00,0x00,0x00,
    0x00,0x00,0x00,0x00,0x00,0x00,0x00,0x00,0x00,0x00,0x00,0x00,0x00,0x00,0x00,0x00,
    0x00,0x00,0x00,0x00,0x00,0x00,0x00,0x00,0x00,0x00,0x00,0x00,0x00,0x00,0x00,0x00,
    0x00,0x00,0x00,0x00,0x00,0x00,0x00,0x00,0x00,0x00,0x00,0x00,0x00,0x00,0x00,0x00,
    0x00,0x00,0x00,0x00,0x00,0x00,0x00,0x00,0x00,0x00,0x00,0x00,0x00,0x00,0x00,0x00,
    0x00,0x00,0x00,0x00,0x00,0x00,0x00,0x00,0x00,0x00,0x00,0x00,0x00,0x00,0x00,0x00,
    0x00,0x00,0x00,0x00,0x00,0x00,0x00,0x00,0x00,0x00,0x00,0x00,0x00,0x00,0x00,0x00,
    0x00,0x00,0x00,0x00,0x00,0x00,0x00,0x00,0x00,0x00,0x00,0x00,0x00,0x00,0x00,0x00,
    0x00,0x00,0x00,0x00,0x00,0x00,0x00,0x00,0x00,0x00,0x00,0x00,0x00,0x00,0x00,0x00,
    0x00,0x00,0x00,0x00,0x00,0x00,0x00,0x00,0x00,0x00,0x00,0x00,0x00,0x00,0x00,0x00,
    0x00,0x00,0x00,0x00,0x00,0x00,0x00,0x00,0x00,0x00,0x00,0x00,0x00,0x00,0x00,0x00,
    0x00,0x00,0x00,0x00,0x00,0x00,0x00,0x00,0x00,0x00,0x00,0xFF,0xFF,0x01,0x00,0x00,
    0x00,0x00,0x00,0x00,0xEF,0x7B,0x02,0xEF,0x7B,0x04,0x00,0x00,0x00,0xCA,0x52,0x22,
    0x71,0x8C,0xCE,0xF3,0x9C,0xFF,0xD2,0x94,0xF9,0x30,0x84,0xB4,0xB2,0x94,0xEA,0x51,
    0x8C,0xAA,0x00,0x00,0x06,0xFF,0xFF,0x01,0xCE,0x73,0x65,0xB6,0xB5,0xFF,0x75,0xAD,
    0xFF,0x55,0xAD,0xFF,0x75,0xAD,0xFF,0x55,0xAD,0xFF,0x95,0xAD,0xFF,0x96,0xB5,0xFD,
    0xD6,0xB5,0xFF,0xB6,0xB5,0xEA,0xCB,0x5A,0x37,0x00,0x00,0x00,0xEF,0x7B,0x04,0x00,
    0x00,0x00,0xAA,0x52,0x03,0x00,0x00,0x00,0x00,0x00,0x00,0x71,0x8C,0x4F,0x79,0xCE,
    0xE5,0x38,0xC6,0xC3,0x00,0x00,0x06,0xFF,0xFF,0x02,0x00,0x00,0x01,0xFF,0xFF,0x01,
    0x00,0x00,0x00,0x00,0x00,0x00,0x00,0x00,0x00,0x00,0x00,0x00,0x00,0x00,0x00,0x00,
    0x00,0x00,0xFF,0xFF,0x01,0x00,0x00,0x01,0x00,0x00,0x00,0x00,0x00,0x00,0xF7,0xBD,
    0xCB,0x58,0xC6,0xE8,0x55,0xAD,0x92,0x91,0x8C,0x4C,0x00,0x00,0x03,0x13,0x9D,0x37,
    0xBA,0xD6,0xE4,0xDA,0xD6,0xFD,0xBA,0xD6,0xFE,0x99,0xCE,0xFF,0x59,0xCE,0xFF,0x58,
    0xC6,0xFF,0x79,0xCE,0xFF,0x18,0xC6,0xFE,0x91,0x8C,0x75,0x13,0x9D,0x85,0xD3,0x9C,
    0x8D,0x00,0x00,0x03,0xFF,0xFF,0x02,0xFF,0xFF,0x02,0x00,0x00,0x00,0x13,0x9D,0x9D,
    0xBA,0xD6,0xFF,0x17,0xBE,0xFB,0xD6,0xB5,0xFF,0xD6,0xB5,0xFF,0xB6,0xB5,0xFF,0x96,
    0xB5,0xFF,0xD6,0xB5,0xFF,0x55,0xAD,0xFF,0x55,0xAD,0xFF,0xB6,0xB5,0xFF,0x55,0xAD,
    0xFE,0x54,0xA5,0xFF,0xB6,0xB5,0xFF,0x96,0xB5,0xFF,0x17,0xBE,0xFF,0xD2,0x94,0x8A,
    0x00,0x00,0x00,0xFF,0xFF,0x01,0x00,0x00,0x01,0x00,0x00,0x00,0x00,0x00,0x00,0x00,
    0x00,0x00,0x00,0x00,0x00,0x00,0x00,0x00,0x00,0x00,0x00,0x00,0x00,0x00,0x00,0x00,
    0x00,0x00,0x00,0x00,0x00,0x00,0x00,0x00,0x00,0x00,0x00,0x00,0x00,0x00,0x00,0x00,
    0x00,0x00,0x00,0x00,0x00,0x00,0x00,0x00,0x00,0x00,0x00,0x00,0x00,0x00,0x00,0x00,
    0x00,0x00,0x00,0x00,0x00,0x00,0x00,0x00,0x00,0x00,0x00,0x00,0x00,0x00,0x00,0x00,
    0x00,0x00,0x00,0x00,0x00,0x00,0x00,0x00,0x00,0x00,0x00,0x00,0x00,0x00,0x00,0x00,
    0x00,0x00,0x00,0x00,0x00,0x00,0x00,0x00,0x00,0x00,0x00,0x00,0x00,0x00,0x00,0x00,
    0x00,0x00,0x00,0x00,0x00,0x00,0x00,0x00,0x00,0x00,0x00,0x00,0x00,0x00,0x00,0x00,
    0x00,0x00,0x00,0x00,0x00,0x00,0x00,0x00,0x00,0x00,0x00,0x00,0x00,0x00,0x00,0x00,
    0x00,0x00,0x00,0x00,0x00,0x00,0x00,0x00,0x00,0x00,0x00,0x00,0x00,0x00,0x00,0x00,
    0x00,0x00,0x00,0x00,0x00,0x00,0x00,0x00,0x00,0x00,0x00,0x00,0x00,0x00,0x00,0x00,
    0x00,0x00,0x00,0x00,0x00,0x00,0x00,0x00,0x00,0x00,0x00,0x00,0x00,0x00,0x00,0x00,
    0x00,0x00,0x00,0x00,0x00,0x00,0x00,0x00,0x00,0x00,0x00,0x00,0x00,0x00,0x00,0x00,
    0x00,0x00,0x00,0x00,0x00,0x00,0x00,0x00,0x00,0x00,0x00,0x00,0x00,0x00,0x00,0x00,
    0x00,0x00,0x00,0x00,0x00,0x00,0x00,0x00,0x00,0x00,0x00,0x00,0x00,0x00,0x00,0x00,
    0x00,0x00,0x00,0x00,0x00,0x00,0x00,0x00,0x00,0x00,0x00,0x00,0x00,0x00,0x00,0x00,
    0x00,0x00,0x00,0x00,0x00,0x00,0x00,0x00,0x00,0x00,0x00,0x00,0x00,0x00,0x00,0x00,
    0x00,0x00,0x00,0x00,0x00,0x00,0x00,0x00,0x00,0x00,0x00,0x00,0x00,0x00,0x00,0x00,
    0x00,0x00,0x00,0x00,0x00,0x00,0x00,0x00,0x00,0x00,0x00,0x00,0x00,0x00,0x00,0x00,
    0x00,0x00,0x00,0x00,0x00,0x00,0x00,0x00,0x00,0x00,0x00,0x00,0x00,0x00,0x00,0x00,
    0x00,0x00,0x00,0x00,0x00,0x00,0x00,0x00,0x00,0x00,0x00,0x00,0x00,0x00,0x00,0x00,
    0x00,0x00,0x00,0x00,0x00,0x00,0x00,0x00,0x00,0x00,0x00,0x00,0x00,0x00,0x00,0x00,
    0x00,0x00,0xEF,0x7B,0x02,0x00,0x00,0x00,0xC7,0x39,0x0D,0x00,0x00,0x00,0x00,0x00,
    0x00,0x00,0x00,0x00,0x07,0x3A,0x23,0x91,0x8C,0xD1,0xB2,0x94,0xFF,0xD2,0x94,0xFF,
    0x71,0x8C,0xB9,0x61,0x08,0x11,0x0C,0x63,0x67,0xC7,0x39,0x27,0x00,0x00,0x00,0x00,
    0x00,0x00,0x0F,0x7C,0x91,0xF7,0xBD,0xFF,0xB2,0x94,0xD5,0x34,0xA5,0xF4,0x75,0xAD,
    0xFF,0x75,0xAD,0xFF,0x75,0xAD,0xFF,0x75,0xAD,0xFD,0x17,0xBE,0xFF,0x13,0x9D,0xAC,
    0x00,0x00,0x00,0xFF,0xFF,0x02,0x00,0x00,0x00,0xEF,0x7B,0x04,0x00,0x00,0x00,0x00,
    0x00,0x03,0xF3,0x9C,0x7D,0x38,0xC6,0xF6,0xBA,0xD6,0xFF,0x50,0x84,0x68,0x00,0x00,
    0x00,0xEF,0x7B,0x04,0x54,0xA5,0x03,0x00,0x00,0x00,0x00,0x00,0x00,0x13,0x9D,0x0B,
    0x00,0x00,0x00,0x00,0x00,0x00,0x00,0x00,0x00,0x00,0x00,0x00,0x00,0x00,0x00,0x00,
    0x00,0x00,0x00,0x00,0x00,0xEF,0x7B,0x04,0x30,0x84,0x57,0x4C,0x63,0x24,0x00,0x00,
    0x00,0x00,0x00,0x00,0x54,0xA5,0x5C,0xDA,0xD6,0xFA,0x1B,0xDF,0xFF,0x9A,0xD6,0xFD,
    0x99,0xCE,0xFF,0x99,0xCE,0xFF,0x79,0xCE,0xFF,0x58,0xC6,0xFD,0x79,0xCE,0xFE,0xF7,
    0xBD,0xDE,0x00,0x00,0x18,0x00,0x00,0x00,0x00,0x00,0x06,0x00,0x00,0x00,0xAA,0x52,
    0x03,0x00,0x00,0x00,0x28,0x42,0x2B,0xD6,0xB5,0xCD,0xD2,0x94,0x9B,0xB2,0x94,0xAE,
    0xD7,0xBD,0xFF,0xD6,0xB5,0xFE,0xD6,0xB5,0xFF,0x75,0xAD,0xFF,0xB6,0xB5,0xFF,0x96,
    0xB5,0xFF,0x34,0xA5,0xFF,0x75,0xAD,0xFF,0x96,0xB5,0xFF,0x34,0xA5,0xFF,0x75,0xAD,
    0xFE,0x75,0xAD,0xFE,0x34,0xA5,0xFB,0xD6,0xB5,0xFF,0xB2,0x94,0x82,0x00,0x00,0x00,
    0xFF,0xFF,0x04,0x00,0x00,0x00,0x00,0x00,0x00,0x00,0x00,0x00,0x00,0x00,0x00,0x00,
    0x00,0x00,0x00,0x00,0x00,0x00,0x00,0x00,0x00,0x00,0x00,0x00,0x00,0x00,0x00,0x00,
    0x00,0x00,0x00,0x00,0x00,0x00,0x00,0x00,0x00,0x00,0x00,0x00,0x00,0x00,0x00,0x00,
    0x00,0x00,0x00,0x00,0x00,0x00,0x00,0x00,0x00,0x00,0x00,0x00,0x00,0x00,0x00,0x00,
    0x00,0x00,0x00,0x00,0x00,0x00,0x00,0x00,0x00,0x00,0x00,0x00,0x00,0x00,0x00,0x00,
    0x00,0x00,0x00,0x00,0x00,0x00,0x00,0x00,0x00,0x00,0x00,0x00,0x00,0x00,0x00,0x00,
    0x00,0x00,0x00,0x00,0x00,0x00,0x00,0x00,0x00,0x00,0x00,0x00,0x00,0x00,0x00,0x00,
    0x00,0x00,0x00,0x00,0x00,0x00,0x00,0x00,0x00,0x00,0x00,0x00,0x00,0x00,0x00,0x00,
    0x00,0x00,0x00,0x00,0x00,0x00,0x00,0x00,0x00,0x00,0x00,0x00,0x00,0x00,0x00,0x00,
    0x00,0x00,0x00,0x00,0x00,0x00,0x00,0x00,0x00,0x00,0x00,0x00,0x00,0x00,0x00,0x00,
    0x00,0x00,0x00,0x00,0x00,0x00,0x00,0x00,0x00,0x00,0x00,0x00,0x00,0x00,0x00,0x00,
    0x00,0x00,0x00,0x00,0x00,0x00,0x00,0x00,0x00,0x00,0x00,0x00,0x00,0x00,0x00,0x00,
    0x00,0x00,0x00,0x00,0x00,0x00,0x00,0x00,0x00,0x00,0x00,0x00,0x00,0x00,0x00,0x00,
    0x00,0x00,0x00,0x00,0x00,0x00,0x00,0x00,0x00,0x00,0x00,0x00,0x00,0x00,0x00,0x00,
    0x00,0x00,0x00,0x00,0x00,0x00,0x00,0x00,0x00,0x00,0x00,0x00,0x00,0x00,0x00,0x00,
    0x00,0x00,0x00,0x00,0x00,0x00,0x00,0x00,0x00,0x00,0x00,0x00,0x00,0x00,0x00,0x00,
    0x00,0x00,0x00,0x00,0x00,0x00,0x00,0x00,0x00,0x00,0x00,0x00,0x00,0x00,0x00,0x00,
    0x00,0x00,0x00,0x00,0x00,0x00,0x00,0x00,0x00,0x00,0x00,0x00,0x00,0x00,0x00,0x00,
    0x00,0x00,0x00,0x00,0x00,0x00,0x00,0x00,0x00,0x00,0x00,0x00,0x00,0x00,0x00,0x00,
    0x00,0x00,0x00,0x00,0x00,0x00,0x00,0x00,0x00,0x00,0x00,0x00,0x00,0x00,0x00,0x00,
    0x00,0x00,0x00,0x00,0x00,0x00,0x00,0x00,0x00,0x00,0x00,0x00,0x00,0x00,0x00,0x00,
    0x00,0x00,0x00,0x00,0x00,0x00,0x00,0x00,0x00,0x54,0xA5,0x03,0x00,0x00,0x00,0xAA,
    0x52,0x39,0xB2,0x94,0xC3,0x30,0x84,0x8C,0x08,0x42,0x1E,0x08,0x42,0x26,0x91,0x8C,
    0xD3,0xD2,0x94,0xFF,0xF3,0x9C,0xFF,0x71,0x8C,0xC6,0x61,0x08,0x1F,0x00,0x00,0x00,
    0x00,0x00,0x00,0x00,0x00,0x00,0x00,0x00,0x01,0x54,0xA5,0x06,0xD2,0x94,0xCE,0xD2,
    0x94,0xA7,0xE3,0x18,0x42,0x54,0xA5,0xED,0x96,0xB5,0xFF,0x75,0xAD,0xFE,0x55,0xAD,
    0xFF,0x75,0xAD,0xFE,0xF7,0xBD,0xFF,0xB2,0x94,0x9B,0xFF,0xFF,0x01,0x54,0xA5,0x03,
    0xFF,0xFF,0x02,0x00,0x00,0x00,0x48,0x42,0x18,0x75,0xAD,0xA9,0x79,0xCE,0xFF,0x38,
    0xC6,0xFC,0xF7,0xBD,0xE0,0xC3,0x18,0x1D,0xEF,0x7B,0x02,0xEF,0x7B,0x04,0x00,0x00,
    0x00,0x00,0x00,0x0A,0x13,0x9D,0x81,0x10,0x84,0x64,0x00,0x00,0x00,0x54,0xA5,0x03,
    0x00,0x00,0x00,0x00,0x00,0x00,0x00,0x00,0x01,0xEF,0x7B,0x02,0x00,0x00,0x00,0x00,
    0x00,0x00,0x00,0x00,0x00,0x00,0x00,0x00,0x00,0x00,0x00,0x13,0x9D,0x75,0xBA,0xD6,
    0xFF,0xFB,0xDE,0xFF,0x99,0xCE,0xFD,0x79,0xCE,0xFF,0x79,0xCE,0xFF,0x99,0xCE,0xFF,
    0x79,0xCE,0xFF,0x58,0xC6,0xFC,0xDA,0xD6,0xFF,0x75,0xAD,0xBA,0xE7,0x39,0x04,0xFF,
    0xFF,0x03,0x00,0x00,0x00,0x00,0x00,0x01,0xEF,0x7B,0x02,0x00,0x00,0x01,0xAA,0x52,
    0x23,0x69,0x4A,0x2E,0x00,0x00,0x00,0xB2,0x94,0x8F,0x17,0xBE,0xFF,0xB6,0xB5,0xFC,
    0xD6,0xB5,0xFF,0xD6,0xB5,0xFF,0x75,0xAD,0xFF,0xB6,0xB5,0xFF,0x75,0xAD,0xFF,0x34,
    0xA5,0xFF,0x95,0xAD,0xFF,0xB6,0xB5,0xFF,0x34,0xA5,0xF7,0x14,0xA5,0xF6,0x95,0xAD,
    0xFD,0x34,0xA5,0xFD,0x95,0xAD,0xFF,0x91,0x8C,0x7F,0x00,0x00,0x00,0xEF,0x7B,0x04,
    0x00,0x00,0x01,0x00,0x00,0x00,0x00,0x00,0x00,0x00,0x00,0x00,0x00,0x00,0x00,0x00,
    0x00,0x00,0x00,0x00,0x00,0x00,0x00,0x00,0x00,0x00,0x00,0x00,0x00,0x00,0x00,0x00,
    0x00,0x00,0x00,0x00,0x00,0x00,0x00,0x00,0x00,0x00,0x00,0x00,0x00,0x00,0x00,0x00,
    0x00,0x00,0x00,0x00,0x00,0x00,0x00,0x00,0x00,0x00,0x00,0x00,0x00,0x00,0x00,0x00,
    0x00,0x00,0x00,0x00,0x00,0x00,0x00,0x00,0x00,0x00,0x00,0x00,0x00,0x00,0x00,0x00,
    0x00,0x00,0x00,0x00,0x00,0x00,0x00,0x00,0x00,0x00,0x00,0x00,0x00,0x00,0x00,0x00,
    0x00,0x00,0x00,0x00,0x00,0x00,0x00,0x00,0x00,0x00,0x00,0x00,0x00,0x00,0x00,0x00,
    0x00,0x00,0x00,0x00,0x00,0x00,0x00,0x00,0x00,0x00,0x00,0x00,0x00,0x00,0x00,0x00,
    0x00,0x00,0x00,0x00,0x00,0x00,0x00,0x00,0x00,0x00,0x00,0x00,0x00,0x00,0x00,0x00,
    0x00,0x00,0x00,0x00,0x00,0x00,0x00,0x00,0x00,0x00,0x00,0x00,0x00,0x00,0x00,0x00,
    0x00,0x00,0x00,0x00,0x00,0x00,0x00,0x00,0x00,0x00,0x00,0x00,0x00,0x00,0x00,0x00,
    0x00,0x00,0x00,0x00,0x00,0x00,0x00,0x00,0x00,0x00,0x00,0x00,0x00,0x00,0x00,0x00,
    0x00,0x00,0x00,0x00,0x00,0x00,0x00,0x00,0x00,0x00,0x00,0x00,0x00,0x00,0x00,0x00,
    0x00,0x00,0x00,0x00,0x00,0x00,0x00,0x00,0x00,0x00,0x00,0x00,0x00,0x00,0x00,0x00,
    0x00,0x00,0x00,0x00,0x00,0x00,0x00,0x00,0x00,0x00,0x00,0x00,0x00,0x00,0x00,0x00,
    0x00,0x00,0x00,0x00,0x00,0x00,0x00,0x00,0x00,0x00,0x00,0x00,0x00,0x00,0x00,0x00,
    0x00,0x00,0x00,0x00,0x00,0x00,0x00,0x00,0x00,0x00,0x00,0x00,0x00,0x00,0x00,0x00,
    0x00,0x00,0x00,0x00,0x00,0x00,0x00,0x00,0x00,0x00,0x00,0x00,0x00,0x00,0x00,0x00,
    0x00,0x00,0x00,0x00,0x00,0x00,0x00,0x00,0x00,0x00,0x00,0x00,0x00,0x00,0x00,0x00,
    0x00,0x00,0x00,0x00,0x00,0x00,0x00,0x00,0x00,0x00,0x00,0x00,0x00,0x00,0x00,0x00,
    0x00,0x00,0x00,0x00,0x00,0x00,0x00,0x00,0x00,0x00,0x00,0x00,0x00,0x00,0x00,0x00,
    0xFF,0xFF,0x02,0x00,0x00,0x00,0xAA,0x52,0x32,0xB2,0x94,0xD9,0x91,0x8C,0xFF,0xD3,
    0x9C,0xFF,0x92,0x94,0xD9,0x71,0x8C,0xDE,0xD2,0x94,0xFF,0xF3,0x9C,0xFF,0x71,0x8C,
    0xD5,0x65,0x29,0x26,0x00,0x00,0x00,0xEF,0x7B,0x02,0xFF,0xFF,0x01,0xEF,0x7B,0x02,
    0x00,0x00,0x00,0x28,0x42,0x23,0xAE,0x73,0x82,0x00,0x00,0x0A,0x89,0x4A,0x44,0x54,
    0xA5,0xF9,0x55,0xAD,0xFF,0x54,0xA5,0xFF,0x75,0xAD,0xFF,0x75,0xAD,0xFE,0xF7,0xBD,
    0xFF,0x51,0x8C,0x89,0x00,0x00,0x01,0xFF,0xFF,0x04,0x00,0x00,0x00,0xCE,0x73,0x3C,
    0xB6,0xB5,0xD1,0x99,0xCE,0xFF,0xF7,0xBD,0xFA,0x58,0xC6,0xFF,0x91,0x8C,0x99,0x00,
    0x00,0x00,0x00,0x00,0x00,0x00,0x00,0x00,0x8D,0x6B,0x42,0x38,0xC6,0xBE,0x38,0xC6,
    0xDD,0x28,0x42,0x15,0x00,0x00,0x00,0x00,0x00,0x01,0x00,0x00,0x00,0xFF,0xFF,0x02,
    0x00,0x00,0x00,0x00,0x00,0x00,0x00,0x00,0x02,0xEF,0x7B,0x02,0x00,0x00,0x00,0x00,
    0x00,0x02,0x75,0xAD,0x86,0x3C,0xE7,0xFF,0xDA,0xD6,0xFD,0x99,0xCE,0xFC,0x79,0xCE,
    0xFF,0x9A,0xD6,0xFF,0x99,0xCE,0xFF,0x59,0xCE,0xFF,0x58,0xC6,0xFD,0xBA,0xD6,0xFF,
    0x58,0xC6,0xFC,0xCF,0x7B,0x4D,0x00,0x00,0x00,0x2C,0x63,0x05,0x54,0xA5,0x03,0xFF,
    0xFF,0x01,0x00,0x00,0x00,0x00,0x00,0x00,0x00,0x00,0x00,0x00,0x00,0x00,0x82,0x10,
    0x0F,0x34,0xA5,0xBF,0x58,0xC6,0xFF,0xB6,0xB5,0xFC,0xB6,0xB5,0xFF,0xD6,0xB5,0xFF,
    0x96,0xB5,0xFF,0x75,0xAD,0xFF,0x95,0xAD,0xFF,0x54,0xA5,0xFF,0x54,0xA5,0xFE,0x17,
    0xBE,0xFF,0xEF,0x7B,0x93,0xAE,0x73,0x6D,0x55,0xAD,0xFF,0x54,0xA5,0xFC,0x34,0xA5,
    0xFC,0x54,0xA5,0xFF,0x50,0x84,0x73,0x00,0x00,0x00,0xFF,0xFF,0x01,0x00,0x00,0x00,
    0x00,0x00,0x00,0x00,0x00,0x00,0x00,0x00,0x00,0x00,0x00,0x00,0x00,0x00,0x00,0x00,
    0x00,0x00,0x00,0x00,0x00,0x00,0x00,0x00,0x00,0x00,0x00,0x00,0x00,0x00,0x00,0x00,
    0x00,0x00,0x00,0x00,0x00,0x00,0x00,0x00,0x00,0x00,0x00,0x00,0x00,0x00,0x00,0x00,
    0x00,0x00,0x00,0x00,0x00,0x00,0x00,0x00,0x00,0x00,0x00,0x00,0x00,0x00,0x00,0x00,
    0x00,0x00,0x00,0x00,0x00,0x00,0x00,0x00,0x00,0x00,0x00,0x00,0x00,0x00,0x00,0x00,
    0x00,0x00,0x00,0x00,0x00,0x00,0x00,0x00,0x00,0x00,0x00,0x00,0x00,0x00,0x00,0x00,
    0x00,0x00,0x00,0x00,0x00,0x00,0x00,0x00,0x00,0x00,0x00,0x00,0x00,0x00,0x00,0x00,
    0x00,0x00,0x00,0x00,0x00,0x00,0x00,0x00,0x00,0x00,0x00,0x00,0x00,0x00,0x00,0x00,
    0x00,0x00,0x00,0x00,0x00,0x00,0x00,0x00,0x00,0x00,0x00,0x00,0x00,0x00,0x00,0x00,
    0x00,0x00,0x00,0x00,0x00,0x00,0x00,0x00,0x00,0x00,0x00,0x00,0x00,0x00,0x00,0x00,
    0x00,0x00,0x00,0x00,0x00,0x00,0x00,0x00,0x00,0x00,0x00,0x00,0x00,0x00,0x00,0x00,
    0x00,0x00,0x00,0x00,0x00,0x00,0x00,0x00,0x00,0x00,0x00,0x00,0x00,0x00,0x00,0x00,
    0x00,0x00,0x00,0x00,0x00,0x00,0x00,0x00,0x00,0x00,0x00,0x00,0x00,0x00,0x00,0x00,
    0x00,0x00,0x00,0x00,0x00,0x00,0x00,0x00,0x00,0x00,0x00,0x00,0x00,0x00,0x00,0x00,
    0x00,0x00,0x00,0x00,0x00,0x00,0x00,0x00,0x00,0x00,0x00,0x00,0x00,0x00,0x00,0x00,
    0x00,0x00,0x00,0x00,0x00,0x00,0x00,0x00,0x00,0x00,0x00,0x00,0x00,0x00,0x00,0x00,
    0x00,0x00,0x00,0x00,0x00,0x00,0x00,0x00,0x00,0x00,0x00,0x00,0x00,0x00,0x00,0x00,
    0x00,0x00,0x00,0x00,0x00,0x00,0x00,0x00,0x00,0x00,0x00,0x00,0x00,0x00,0x00,0x00,
    0x00,0x00,0x00,0x00,0x00,0x00,0x00,0x00,0x00,0x00,0x00,0x00,0x00,0x00,0x00,0x00,
    0x00,0x00,0x00,0x00,0x00,0x00,0x00,0x00,0x00,0x00,0x00,0x00,0x00,0x00,0x00,0x00,
    0x00,0x00,0x00,0x00,0x00,0x00,0x00,0xE7,0x39,0x04,0x00,0x00,0x00,0x08,0x42,0x36,
    0x71,0x8C,0xD7,0x92,0x94,0xFF,0x50,0x84,0xFE,0x30,0x84,0xFC,0xD3,0x9C,0xFF,0xB2,
    0x94,0xFF,0xB2,0x94,0xFF,0x91,0x8C,0xE7,0x28,0x42,0x39,0x00,0x00,0x00,0xFF,0xFF,
    0x01,0x00,0x00,0x00,0x00,0x00,0x00,0x00,0x00,0x00,0x00,0x00,0x00,0x00,0x00,0x08,
    0x00,0x00,0x02,0x00,0x00,0x00,0xCA,0x52,0x5D,0x75,0xAD,0xFA,0x55,0xAD,0xFF,0x34,
    0xA5,0xFF,0x96,0xB5,0xFF,0x75,0xAD,0xFE,0xF7,0xBD,0xFF,0x8D,0x6B,0x79,0xFF,0xFF,
    0x01,0x00,0x00,0x00,0x30,0x84,0x5B,0xF7,0xBD,0xF1,0x79,0xCE,0xFF,0xF7,0xBD,0xFB,
    0xD7,0xBD,0xFF,0xF7,0xBD,0xFE,0xAE,0x73,0x3A,0x00,0x00,0x00,0xE7,0x39,0x21,0x54,
    0xA5,0x98,0x58,0xC6,0xEB,0x1B,0xDF,0xFF,0x30,0x84,0x65,0x00,0x00,0x00,0xFF,0xFF,
    0x01,0x00,0x00,0x00,0xF7,0xBD,0x04,0x00,0x00,0x00,0xAA,0x52,0x1E,0xB2,0x94,0x80,
    0xA2,0x10,0x17,0x00,0x00,0x00,0x00,0x00,0x0B,0xD6,0xB5,0x99,0x5C,0xE7,0xFF,0xFB,
    0xDE,0xFC,0x99,0xCE,0xFE,0xBA,0xD6,0xFF,0xBA,0xD6,0xFF,0x99,0xCE,0xFF,0x79,0xCE,
    0xFF,0x79,0xCE,0xFD,0xBA,0xD6,0xFF,0x58,0xC6,0xFD,0x51,0x8C,0x63,0x00,0x00,0x00,
    0x58,0xC6,0x05,0x00,0x00,0x00,0x00,0x00,0x00,0x00,0x00,0x00,0x28,0x42,0x1D,0x89,
    0x4A,0x2C,0xEF,0x7B,0x02,0xEF,0x7B,0x04,0x08,0x42,0x1B,0x75,0xAD,0xD3,0x59,0xCE,
    0xFF,0x75,0xAD,0xFD,0xB6,0xB5,0xFF,0xB6,0xB5,0xFF,0xD6,0xB5,0xFF,0x75,0xAD,0xFF,
    0x75,0xAD,0xFF,0x55,0xAD,0xFE,0x95,0xAD,0xFF,0x34,0xA5,0xEE,0x61,0x08,0x1F,0x00,
    0x00,0x00,0x51,0x8C,0xA4,0x95,0xAD,0xFF,0x55,0xAD,0xFB,0x14,0xA5,0xFD,0x54,0xA5,
    0xFE,0x30,0x84,0x69,0x00,0x00,0x00,0xF7,0xBD,0x04,0x00,0x00,0x00,0x00,0x00,0x00,
    0x00,0x00,0x00,0x00,0x00,0x00,0x00,0x00,0x00,0x00,0x00,0x00,0x00,0x00,0x00,0x00,
    0x00,0x00,0x00,0x00,0x00,0x00,0x00,0x00,0x00,0x00,0x00,0x00,0x00,0x00,0x00,0x00,
    0x00,0x00,0x00,0x00,0x00,0x00,0x00,0x00,0x00,0x00,0x00,0x00,0x00,0x00,0x00,0x00,
    0x00,0x00,0x00,0x00,0x00,0x00,0x00,0x00,0x00,0x00,0x00,0x00,0x00,0x00,0x00,0x00,
    0x00,0x00,0x00,0x00,0x00,0x00,0x00,0x00,0x00,0x00,0x00,0x00,0x00,0x00,0x00,0x00,
    0x00,0x00,0x00,0x00,0x00,0x00,0x00,0x00,0x00,0x00,0x00,0x00,0x00,0x00,0x00,0x00,
    0x00,0x00,0x00,0x00,0x00,0x00,0x00,0x00,0x00,0x00,0x00,0x00,0x00,0x00,0x00,0x00,
    0x00,0x00,0x00,0x00,0x00,0x00,0x00,0x00,0x00,0x00,0x00,0x00,0x00,0x00,0x00,0x00,
    0x00,0x00,0x00,0x00,0x00,0x00,0x00,0x00,0x00,0x00,0x00,0x00,0x00,0x00,0x00,0x00,
    0x00,0x00,0x00,0x00,0x00,0x00,0x00,0x00,0x00,0x00,0x00,0x00,0x00,0x00,0x00,0x00,
    0x00,0x00,0x00,0x00,0x00,0x00,0x00,0x00,0x00,0x00,0x00,0x00,0x00,0x00,0x00,0x00,
    0x00,0x00,0x00,0x00,0x00,0x00,0x00,0x00,0x00,0x00,0x00,0x00,0x00,0x00,0x00,0x00,
    0x00,0x00,0x00,0x00,0x00,0x00,0x00,0x00,0x00,0x00,0x00,0x00,0x00,0x00,0x00,0x00,
    0x00,0x00,0x00,0x00,0x00,0x00,0x00,0x00,0x00,0x00,0x00,0x00,0x00,0x00,0x00,0x00,
    0x00,0x00,0x00,0x00,0x00,0x00,0x00,0x00,0x00,0x00,0x00,0x00,0x00,0x00,0x00,0x00,
    0x00,0x00,0x00,0x00,0x00,0x00,0x00,0x00,0x00,0x00,0x00,0x00,0x00,0x00,0x00,0x00,
    0x00,0x00,0x00,0x00,0x00,0x00,0x00,0x00,0x00,0x00,0x00,0x00,0x00,0x00,0x00,0x00,
    0x00,0x00,0x00,0x00,0x00,0x00,0x00,0x00,0x00,0x00,0x00,0x00,0x00,0x00,0x00,0x00,
    0x00,0x00,0x00,0x00,0x00,0x00,0x00,0x00,0x00,0x00,0x00,0x00,0x00,0x00,0x00,0x00,
    0x00,0x00,0x00,0x00,0x00,0x00,0x00,0x00,0x00,0x00,0x00,0x00,0x00,0x00,0xAA,0x52,
    0x03,0x00,0x00,0x00,0x28,0x42,0x31,0x92,0x94,0xD8,0x91,0x8C,0xFF,0x30,0x84,0xFC,
    0x51,0x8C,0xFE,0x91,0x8C,0xFE,0x51,0x8C,0xFB,0xB2,0x94,0xFF,0x91,0x8C,0xF1,0xEB,
    0x5A,0x4C,0x00,0x00,0x00,0x00,0x00,0x00,0x00,0x00,0x09,0x00,0x00,0x00,0x00,0x00,
    0x01,0xEF,0x7B,0x02,0xEF,0x7B,0x02,0x00,0x00,0x00,0xFF,0xFF,0x02,0x00,0x00,0x01,
    0x4C,0x63,0x7D,0xB6,0xB5,0xFF,0x13,0x9D,0xFE,0x75,0xAD,0xFF,0x55,0xAD,0xFF,0x55,
    0xAD,0xFF,0x17,0xBE,0xFF,0x8D,0x6B,0x59,0x00,0x00,0x00,0x71,0x8C,0x7A,0xF7,0xBD,
    0xFD,0x17,0xBE,0xFF,0x17,0xBE,0xFB,0x96,0xB5,0xFD,0x58,0xC6,0xFF,0xD2,0x94,0xB6,
    0x00,0x00,0x0B,0x54,0xA5,0x5A,0xD7,0xBD,0xE3,0x79,0xCE,0xFD,0xBA,0xD6,0xFC,0x95,
    0xAD,0xC3,0xC7,0x39,0x0D,0xFF,0xFF,0x01,0xEF,0x7B,0x02,0xFF,0xFF,0x03,0x00,0x00,
    0x00,0x10,0x84,0x30,0x99,0xCE,0xD8,0x79,0xCE,0xCE,0x00,0x00,0x00,0x0B,0x5B,0x1A,
    0x38,0xC6,0xB8,0x7D,0xEF,0xFF,0xBA,0xD6,0xFC,0xDA,0xD6,0xFE,0xBA,0xD6,0xFF,0xBA,
    0xD6,0xFF,0x99,0xCE,0xFF,0x9A,0xD6,0xFF,0x79,0xCE,0xFD,0xBA,0xD6,0xFF,0x38,0xC6,
    0xEB,0x30,0x84,0x56,0x00,0x00,0x00,0x00,0x00,0x00,0x00,0x00,0x00,0x00,0x00,0x05,
    0x50,0x84,0x37,0xF3,0x9C,0x85,0xD6,0xB5,0xEB,0x71,0x8C,0x82,0xFF,0xFF,0x01,0x00,
    0x00,0x00,0x69,0x4A,0x20,0x95,0xAD,0xF2,0x38,0xC6,0xFF,0xD6,0xB5,0xFE,0x95,0xAD,
    0xFF,0x95,0xAD,0xFF,0xB6,0xB5,0xFF,0x95,0xAD,0xFF,0x55,0xAD,0xFF,0x55,0xAD,0xFE,
    0x75,0xAD,0xFF,0x55,0xAD,0xF4,0xB2,0x94,0x95,0x0F,0x7C,0x33,0x00,0x00,0x09,0xD2,
    0x94,0xB3,0x95,0xAD,0xFF,0x54,0xA5,0xFD,0xF3,0x9C,0xFF,0x13,0x9D,0xF8,0xEF,0x7B,
    0x5F,0x00,0x00,0x00,0xEF,0x7B,0x04,0x00,0x00,0x00,0x00,0x00,0x00,0x00,0x00,0x00,
    0x00,0x00,0x00,0x00,0x00,0x00,0x00,0x00,0x00,0x00,0x00,0x00,0x00,0x00,0x00,0x00,
    0x00,0x00,0x00,0x00,0x00,0x00,0x00,0x00,0x00,0x00,0x00,0x00,0x00,0x00,0x00,0x00,
    0x00,0x00,0x00,0x00,0x00,0x00,0x00,0x00,0x00,0x00,0x00,0x00,0x00,0x00,0x00,0x00,
    0x00,0x00,0x00,0x00,0x00,0x00,0x00,0x00,0x00,0x00,0x00,0x00,0x00,0x00,0x00,0x00,
    0x00,0x00,0x00,0x00,0x00,0x00,0x00,0x00,0x00,0x00,0x00,0x00,0x00,0x00,0x00,0x00,
    0x00,0x00,0x00,0x00,0x00,0x00,0x00,0x00,0x00,0x00,0x00,0x00,0x00,0x00,0x00,0x00,
    0x00,0x00,0x00,0x00,0x00,0x00,0x00,0x00,0x00,0x00,0x00,0x00,0x00,0x00,0x00,0x00,
    0x00,0x00,0x00,0x00,0x00,0x00,0x00,0x00,0x00,0x00,0x00,0x00,0x00,0x00,0x00,0x00,
    0x00,0x00,0x00,0x00,0x00,0x00,0x00,0x00,0x00,0x00,0x00,0x00,0x00,0x00,0x00,0x00,
    0x00,0x00,0x00,0x00,0x00,0x00,0x00,0x00,0x00,0x00,0x00,0x00,0x00,0x00,0x00,0x00,
    0x00,0x00,0x00,0x00,0x00,0x00,0x00,0x00,0x00,0x00,0x00,0x00,0x00,0x00,0x00,0x00,
    0x00,0x00,0x00,0x00,0x00,0x00,0x00,0x00,0x00,0x00,0x00,0x00,0x00,0x00,0x00,0x00,
    0x00,0x00,0x00,0x00,0x00,0x00,0x00,0x00,0x00,0x00,0x00,0x00,0x00,0x00,0x00,0x00,
    0x00,0x00,0x00,0x00,0x00,0x00,0x00,0x00,0x00,0x00,0x00,0x00,0x00,0x00,0x00,0x00,
    0x00,0x00,0x00,0x00,0x00,0x00,0x00,0x00,0x00,0x00,0x00,0x00,0x00,0x00,0x00,0x00,
    0x00,0x00,0x00,0x00,0x00,0x00,0x00,0x00,0x00,0x00,0x00,0x00,0x00,0x00,0x00,0x00,
    0x00,0x00,0x00,0x00,0x00,0x00,0x00,0x00,0x00,0x00,0x00,0x00,0x00,0x00,0x00,0x00,
    0x00,0x00,0x00,0x00,0x00,0x00,0x00,0x00,0x00,0x00,0x00,0x00,0x00,0x00,0x00,0x00,
    0x00,0x00,0x00,0x00,0x00,0x00,0x00,0x00,0x00,0x00,0x00,0x00,0x00,0x00,0x00,0x00,
    0x00,0x00,0x00,0x00,0x00,0xFF,0xFF,0x02,0x00,0x00,0x00,0xAA,0x52,0x2E,0x30,0x84,
    0xD8,0x91,0x8C,0xFF,0x30,0x84,0xFC,0x71,0x8C,0xFE,0xB2,0x94,0xFF,0x91,0x8C,0xFF,
    0xB2,0x94,0xFF,0x71,0x8C,0xEF,0xCB,0x5A,0x52,0x00,0x00,0x00,0x00,0x00,0x00,0xAE,
    0x73,0x75,0xAE,0x73,0x6D,0xEF,0x7B,0x02,0xFF,0xFF,0x03,0x00,0x00,0x00,0x00,0x00,
    0x00,0x00,0x00,0x01,0xFF,0xFF,0x01,0x00,0x00,0x00,0xCB,0x5A,0x35,0x13,0x9D,0xF1,
    0x96,0xB5,0xFF,0x54,0xA5,0xFE,0x75,0xAD,0xFF,0x55,0xAD,0xFF,0xF7,0xBD,0xFA,0x28,
    0x42,0x56,0xD2,0x94,0x89,0x38,0xC6,0xFF,0xB6,0xB5,0xFE,0x17,0xBE,0xFD,0xD6,0xB5,
    0xFF,0xB6,0xB5,0xFD,0x58,0xC6,0xFF,0x13,0x9D,0xB5,0x14,0xA5,0xB0,0x99,0xCE,0xFF,
    0x79,0xCE,0xFC,0x38,0xC6,0xF6,0x79,0xCE,0xF9,0xEF,0x7B,0x59,0x00,0x00,0x00,0xFF,
    0xFF,0x05,0x00,0x00,0x00,0x00,0x00,0x00,0x34,0xA5,0x64,0x9A,0xD6,0xE7,0x7D,0xEF,
    0xFF,0x54,0xA5,0x88,0xEB,0x5A,0x22,0x59,0xCE,0xD4,0x7D,0xEF,0xFF,0x9A,0xD6,0xFB,
    0xDA,0xD6,0xFF,0xBA,0xD6,0xFF,0xDA,0xD6,0xFF,0x9A,0xD6,0xFF,0x99,0xCE,0xFF,0x58,
    0xC6,0xFF,0x1B,0xDF,0xFF,0x17,0xBE,0xD8,0x6D,0x6B,0x2F,0x00,0x00,0x00,0x00,0x00,
    0x00,0x82,0x10,0x29,0x34,0xA5,0x6E,0xB6,0xB5,0xB6,0xD6,0xB5,0xF5,0xDA,0xD6,0xFF,
    0x58,0xC6,0xF3,0x86,0x31,0x2D,0x00,0x00,0x00,0x49,0x4A,0x3D,0x55,0xAD,0x9F,0x17,
    0xBE,0xFF,0xD7,0xBD,0xFE,0xF7,0xBD,0xFF,0x95,0xAD,0xFF,0x96,0xB5,0xFF,0x75,0xAD,
    0xFF,0x96,0xB5,0xFF,0x55,0xAD,0xFF,0x75,0xAD,0xFF,0x55,0xAD,0xFE,0x75,0xAD,0xFF,
    0xF7,0xBD,0xFF,0x54,0xA5,0xF7,0x34,0xA5,0x8D,0xCA,0x52,0x79,0xF3,0x9C,0xF0,0x55,
    0xAD,0xFF,0xF3,0x9C,0xFD,0xF3,0x9C,0xFF,0x34,0xA5,0xF2,0x2C,0x63,0x50,0x00,0x00,
    0x00,0xFF,0xFF,0x02,0x00,0x00,0x00,0x00,0x00,0x00,0x00,0x00,0x00,0x00,0x00,0x00,
    0x00,0x00,0x00,0x00,0x00,0x00,0x00,0x00,0x00,0x00,0x00,0x00,0x00,0x00,0x00,0x00,
    0x00,0x00,0x00,0x00,0x00,0x00,0x00,0x00,0x00,0x00,0x00,0x00,0x00,0x00,0x00,0x00,
    0x00,0x00,0x00,0x00,0x00,0x00,0x00,0x00,0x00,0x00,0x00,0x00,0x00,0x00,0x00,0x00,
    0x00,0x00,0x00,0x00,0x00,0x00,0x00,0x00,0x00,0x00,0x00,0x00,0x00,0x00,0x00,0x00,
    0x00,0x00,0x00,0x00,0x00,0x00,0x00,0x00,0x00,0x00,0x00,0x00,0x00,0x00,0x00,0x00,
    0x00,0x00,0x00,0x00,0x00,0x00,0x00,0x00,0x00,0x00,0x00,0x00,0x00,0x00,0x00,0x00,
    0x00,0x00,0x00,0x00,0x00,0x00,0x00,0x00,0x00,0x00,0x00,0x00,0x00,0x00,0x00,0x00,
    0x00,0x00,0x00,0x00,0x00,0x00,0x00,0x00,0x00,0x00,0x00,0x00,0x00,0x00,0x00,0x00,
    0x00,0x00,0x00,0x00,0x00,0x00,0x00,0x00,0x00,0x00,0x00,0x00,0x00,0x00,0x00,0x00,
    0x00,0x00,0x00,0x00,0x00,0x00,0x00,0x00,0x00,0x00,0x00,0x00,0x00,0x00,0x00,0x00,
    0x00,0x00,0x00,0x00,0x00,0x00,0x00,0x00,0x00,0x00,0x00,0x00,0x00,0x00,0x00,0x00,
    0x00,0x00,0x00,0x00,0x00,0x00,0x00,0x00,0x00,0x00,0x00,0x00,0x00,0x00,0x00,0x00,
    0x00,0x00,0x00,0x00,0x00,0x00,0x00,0x00,0x00,0x00,0x00,0x00,0x00,0x00,0x00,0x00,
    0x00,0x00,0x00,0x00,0x00,0x00,0x00,0x00,0x00,0x00,0x00,0x00,0x00,0x00,0x00,0x00,
    0x00,0x00,0x00,0x00,0x00,0x00,0x00,0x00,0x00,0x00,0x00,0x00,0x00,0x00,0x00,0x00,
    0x00,0x00,0x00,0x00,0x00,0x00,0x00,0x00,0x00,0x00,0x00,0x00,0x00,0x00,0x00,0x00,
    0x00,0x00,0x00,0x00,0x00,0x00,0x00,0x00,0x00,0x00,0x00,0x00,0x00,0x00,0x00,0x00,
    0x00,0x00,0x00,0x00,0x00,0x00,0x00,0x00,0x00,0x00,0x00,0x00,0x00,0x00,0x00,0x00,
    0x00,0x00,0x00,0x00,0x00,0x00,0x00,0x00,0x00,0x00,0x00,0x00,0xAA,0x52,0x03,0x00,
    0x00,0x00,0xE7,0x39,0x31,0x30,0x84,0xD3,0x71,0x8C,0xFF,0x10,0x84,0xFD,0x30,0x84,
    0xFE,0xB2,0x94,0xFF,0xAE,0x73,0xBF,0x6D,0x6B,0xA7,0x91,0x8C,0xF9,0xEB,0x5A,0x5C,
    0x00,0x00,0x00,0x00,0x00,0x00,0x10,0x84,0x6E,0x54,0xA5,0xF9,0xCB,0x5A,0x48,0x00,
    0x00,0x00,0x00,0x00,0x00,0xAE,0x73,0x52,0x6D,0x6B,0x81,0x00,0x00,0x07,0x00,0x00,
    0x00,0x54,0xA5,0x03,0x00,0x00,0x00,0xAE,0x73,0x5A,0x13,0x9D,0xF2,0x75,0xAD,0xFF,
    0x55,0xAD,0xFE,0x75,0xAD,0xFF,0x96,0xB5,0xFB,0x75,0xAD,0xE6,0xF7,0xBD,0xFF,0x95,
    0xAD,0xFD,0xD7,0xBD,0xFE,0xB6,0xB5,0xFF,0xD6,0xB5,0xFF,0xD6,0xB5,0xFF,0xF7,0xBD,
    0xFF,0x18,0xC6,0xFF,0x79,0xCE,0xFF,0xF7,0xBD,0xFB,0x17,0xBE,0xF9,0xBA,0xD6,0xFF,
    0xD6,0xB5,0xC0,0x04,0x21,0x07,0xFF,0xFF,0x03,0x00,0x00,0x00,0xC3,0x18,0x1D,0xB6,
    0xB5,0xA4,0xDA,0xD6,0xFF,0xDA,0xD6,0xFC,0xFB,0xDE,0xF9,0xF7,0xBD,0xC5,0x79,0xCE,
    0xD3,0xBE,0xF7,0xFF,0xBA,0xD6,0xFC,0xFB,0xDE,0xFF,0xBA,0xD6,0xFF,0xBA,0xD6,0xFF,
    0xDA,0xD6,0xFF,0x99,0xCE,0xFF,0xDA,0xD6,0xFD,0x1B,0xDF,0xFD,0xB6,0xB5,0xB4,0x00,
    0x00,0x18,0x86,0x31,0x0A,0x8D,0x6B,0x62,0xB6,0xB5,0xB5,0x59,0xCE,0xE8,0x99,0xCE,
    0xFF,0xBA,0xD6,0xFF,0x58,0xC6,0xFF,0xB6,0xB5,0xFA,0xF7,0xBD,0xE9,0x30,0x84,0x8B,
    0xB6,0xB5,0xBD,0x17,0xBE,0xF1,0x38,0xC6,0xFF,0xF7,0xBD,0xFF,0xF7,0xBD,0xFF,0xD6,
    0xB5,0xFF,0xB6,0xB5,0xFF,0x75,0xAD,0xFF,0x75,0xAD,0xFF,0x75,0xAD,0xFF,0x75,0xAD,
    0xFF,0x75,0xAD,0xFF,0x75,0xAD,0xFF,0x55,0xAD,0xFF,0x34,0xA5,0xF7,0x75,0xAD,0xFD,
    0x95,0xAD,0xFF,0x54,0xA5,0xF7,0x14,0xA5,0xF8,0x34,0xA5,0xFF,0x13,0x9D,0xFF,0xD2,
    0x94,0xFE,0xF3,0x9C,0xFF,0x13,0x9D,0xEB,0x2C,0x63,0x46,0x00,0x00,0x00,0x54,0xA5,
    0x03,0x00,0x00,0x00,0x00,0x00,0x00,0x00,0x00,0x00,0x00,0x00,0x00,0x00,0x00,0x00,
    0x00,0x00,0x00,0x00,0x00,0x00,0x00,0x00,0x00,0x00,0x00,0x00,0x00,0x00,0x00,0x00,
    0x00,0x00,0x00,0x00,0x00,0x00,0x00,0x00,0x00,0x00,0x00,0x00,0x00,0x00,0x00,0x00,
    0x00,0x00,0x00,0x00,0x00,0x00,0x00,0x00,0x00,0x00,0x00,0x00,0x00,0x00,0x00,0x00,
    0x00,0x00,0x00,0x00,0x00,0x00,0x00,0x00,0x00,0x00,0x00,0x00,0x00,0x00,0x00,0x00,
    0x00,0x00,0x00,0x00,0x00,0x00,0x00,0x00,0x00,0x00,0x00,0x00,0x00,0x00,0x00,0x00,
    0x00,0x00,0x00,0x00,0x00,0x00,0x00,0x00,0x00,0x00,0x00,0x00,0x00,0x00,0x00,0x00,
    0x00,0x00,0x00,0x00,0x00,0x00,0x00,0x00,0x00,0x00,0x00,0x00,0x00,0x00,0x00,0x00,
    0x00,0x00,0x00,0x00,0x00,0x00,0x00,0x00,0x00,0x00,0x00,0x00,0x00,0x00,0x00,0x00,
    0x00,0x00,0x00,0x00,0x00,0x00,0x00,0x00,0x00,0x00,0x00,0x00,0x00,0x00,0x00,0x00,
    0x00,0x00,0x00,0x00,0x00,0x00,0x00,0x00,0x00,0x00,0x00,0x00,0x00,0x00,0x00,0x00,
    0x00,0x00,0x00,0x00,0x00,0x00,0x00,0x00,0x00,0x00,0x00,0x00,0x00,0x00,0x00,0x00,
    0x00,0x00,0x00,0x00,0x00,0x00,0x00,0x00,0x00,0x00,0x00,0x00,0x00,0x00,0x00,0x00,
    0x00,0x00,0x00,0x00,0x00,0x00,0x00,0x00,0x00,0x00,0x00,0x00,0x00,0x00,0x00,0x00,
    0x00,0x00,0x00,0x00,0x00,0x00,0x00,0x00,0x00,0x00,0x00,0x00,0x00,0x00,0x00,0x00,
    0x00,0x00,0x00,0x00,0x00,0x00,0x00,0x00,0x00,0x00,0x00,0x00,0x00,0x00,0x00,0x00,
    0x00,0x00,0x00,0x00,0x00,0x00,0x00,0x00,0x00,0x00,0x00,0x00,0x00,0x00,0x00,0x00,
    0x00,0x00,0x00,0x00,0x00,0x00,0x00,0x00,0x00,0x00,0x00,0x00,0x00,0x00,0x00,0x00,
    0x00,0x00,0x00,0x00,0x00,0x00,0x00,0x00,0x00,0x00,0x00,0x00,0x00,0x00,0x00,0x00,
    0x00,0x00,0x00,0xAA,0x52,0x03,0x00,0x00,0x00,0x08,0x42,0x2D,0x30,0x84,0xD4,0x50,
    0x84,0xFF,0x0F,0x7C,0xFB,0x51,0x8C,0xFD,0x71,0x8C,0xFF,0x30,0x84,0xED,0x69,0x4A,
    0x2B,0x00,0x00,0x08,0xE7,0x39,0x4C,0x00,0x00,0x00,0x00,0x00,0x08,0x10,0x84,0x83,
    0x34,0xA5,0xFF,0x91,0x8C,0xBA,0x00,0x00,0x00,0xCB,0x5A,0x21,0xF3,0x9C,0x9C,0xD6,
    0xB5,0xFB,0x50,0x84,0x58,0xFF,0xFF,0x01,0x54,0xA5,0x06,0x00,0x00,0x00,0x00,0x00,
    0x00,0xE3,0x18,0x22,0xB2,0x94,0xCB,0xB6,0xB5,0xFF,0x34,0xA5,0xFC,0x75,0xAD,0xFF,
    0x75,0xAD,0xFF,0xD6,0xB5,0xFF,0x55,0xAD,0xFE,0xD6,0xB5,0xFF,0xB6,0xB5,0xFF,0xB6,
    0xB5,0xFF,0xB6,0xB5,0xFF,0xD6,0xB5,0xFF,0x17,0xBE,0xFF,0xD6,0xB5,0xFF,0x17,0xBE,
    0xFC,0x17,0xBE,0xFC,0x18,0xC6,0xFE,0x59,0xCE,0xFC,0x4D,0x6B,0x4F,0x00,0x00,0x00,
    0x00,0x00,0x00,0x10,0x84,0x47,0x58,0xC6,0xDA,0x3C,0xE7,0xFF,0x99,0xCE,0xFE,0x79,
    0xCE,0xFD,0xDA,0xD6,0xFF,0x3C,0xE7,0xFF,0x3C,0xE7,0xFF,0xBA,0xD6,0xFC,0xDA,0xD6,
    0xFF,0xDA,0xD6,0xFF,0xDA,0xD6,0xFF,0xBA,0xD6,0xFF,0xBA,0xD6,0xFF,0xBA,0xD6,0xFD,
    0xDA,0xD6,0xFF,0x17,0xBE,0xE6,0xEF,0x7B,0x57,0x54,0xA5,0x84,0xF7,0xBD,0xED,0xDA,
    0xD6,0xFF,0xBA,0xD6,0xFF,0x79,0xCE,0xFF,0x38,0xC6,0xFD,0x17,0xBE,0xFB,0xF7,0xBD,
    0xFE,0x58,0xC6,0xFF,0xF7,0xBD,0xFF,0x38,0xC6,0xFF,0x58,0xC6,0xFF,0x17,0xBE,0xFF,
    0xB6,0xB5,0xFD,0xD6,0xB5,0xFF,0xD6,0xB5,0xFF,0xD6,0xB5,0xFF,0xB6,0xB5,0xFF,0x75,
    0xAD,0xFF,0x75,0xAD,0xFF,0x75,0xAD,0xFF,0x95,0xAD,0xFF,0x55,0xAD,0xFF,0x75,0xAD,
    0xFF,0x55,0xAD,0xFF,0x54,0xA5,0xFF,0x34,0xA5,0xFD,0x14,0xA5,0xFB,0x34,0xA5,0xFF,
    0x34,0xA5,0xFF,0xF3,0x9C,0xFF,0x34,0xA5,0xFF,0xD2,0x94,0xFF,0xB2,0x94,0xFC,0x34,
    0xA5,0xFF,0x34,0xA5,0xE0,0x69,0x4A,0x38,0x00,0x00,0x00,0xFF,0xFF,0x02,0x00,0x00,
    0x00,0x00,0x00,0x00,0x00,0x00,0x00,0x00,0x00,0x00,0x00,0x00,0x00,0x00,0x00,0x00,
    0x00,0x00,0x00,0x00,0x00,0x00,0x00,0x00,0x00,0x00,0x00,0x00,0x00,0x00,0x00,0x00,
    0x00,0x00,0x00,0x00,0x00,0x00,0x00,0x00,0x00,0x00,0x00,0x00,0x00,0x00,0x00,0x00,
    0x00,0x00,0x00,0x00,0x00,0x00,0x00,0x00,0x00,0x00,0x00,0x00,0x00,0x00,0x00,0x00,
    0x00,0x00,0x00,0x00,0x00,0x00,0x00,0x00,0x00,0x00,0x00,0x00,0x00,0x00,0x00,0x00,
    0x00,0x00,0x00,0x00,0x00,0x00,0x00,0x00,0x00,0x00,0x00,0x00,0x00,0x00,0x00,0x00,
    0x00,0x00,0x00,0x00,0x00,0x00,0x00,0x00,0x00,0x00,0x00,0x00,0x00,0x00,0x00,0x00,
    0x00,0x00,0x00,0x00,0x00,0x00,0x00,0x00,0x00,0x00,0x00,0x00,0x00,0x00,0x00,0x00,
    0x00,0x00,0x00,0x00,0x00,0x00,0x00,0x00,0x00,0x00,0x00,0x00,0x00,0x00,0x00,0x00,
    0x00,0x00,0x00,0x00,0x00,0x00,0x00,0x00,0x00,0x00,0x00,0x00,0x00,0x00,0x00,0x00,
    0x00,0x00,0x00,0x00,0x00,0x00,0x00,0x00,0x00,0x00,0x00,0x00,0x00,0x00,0x00,0x00,
    0x00,0x00,0x00,0x00,0x00,0x00,0x00,0x00,0x00,0x00,0x00,0x00,0x00,0x00,0x00,0x00,
    0x00,0x00,0x00,0x00,0x00,0x00,0x00,0x00,0x00,0x00,0x00,0x00,0x00,0x00,0x00,0x00,
    0x00,0x00,0x00,0x00,0x00,0x00,0x00,0x00,0x00,0x00,0x00,0x00,0x00,0x00,0x00,0x00,
    0x00,0x00,0x00,0x00,0x00,0x00,0x00,0x00,0x00,0x00,0x00,0x00,0x00,0x00,0x00,0x00,
    0x00,0x00,0x00,0x00,0x00,0x00,0x00,0x00,0x00,0x00,0x00,0x00,0x00,0x00,0x00,0x00,
    0x00,0x00,0x00,0x00,0x00,0x00,0x00,0x00,0x00,0x00,0x00,0x00,0x00,0x00,0x00,0x00,
    0x00,0x00,0x00,0x00,0x00,0x00,0x00,0x00,0x00,0x00,0x00,0x00,0x00,0x00,0x00,0x00,
    0x00,0x00,0x00,0x00,0x00,0x00,0x00,0x00,0x00,0x00,0xEF,0x7B,0x02,0x00,0x00,0x00,
    0x28,0x42,0x2C,0x30,0x84,0xD5,0x30,0x84,0xFF,0xEF,0x7B,0xFC,0x30,0x84,0xFE,0x30,
    0x84,0xFD,0x50,0x84,0xFC,0x0C,0x63,0x6A,0x00,0x00,0x00,0x00,0x00,0x00,0x00,0x00,
    0x00,0x28,0x42,0x33,0x71,0x8C,0xAD,0xD2,0x94,0xFF,0xD2,0x94,0xF2,0x4C,0x63,0x8D,
    0x10,0x84,0x5A,0xF3,0x9C,0xD8,0xD6,0xB5,0xFF,0x71,0x8C,0x9A,0x00,0x00,0x00,0x00,
    0x00,0x00,0x00,0x00,0x00,0x00,0x00,0x1A,0xB2,0x94,0x7B,0x14,0xA5,0xDB,0x54,0xA5,
    0xFF,0x54,0xA5,0xFF,0x55,0xAD,0xFF,0x75,0xAD,0xFF,0x75,0xAD,0xFF,0x75,0xAD,0xFE,
    0x95,0xAD,0xFF,0xD6,0xB5,0xFF,0x96,0xB5,0xFF,0x96,0xB5,0xFF,0xB6,0xB5,0xFF,0x17,
    0xBE,0xFF,0xD6,0xB5,0xFF,0xF7,0xBD,0xFF,0x17,0xBE,0xFF,0xF7,0xBD,0xFC,0xBA,0xD6,
    0xFF,0x13,0x9D,0xBD,0x00,0x00,0x00,0x00,0x00,0x0C,0x34,0xA5,0x8B,0x99,0xCE,0xFB,
    0xDA,0xD6,0xFF,0x58,0xC6,0xFD,0x9A,0xD6,0xFE,0x99,0xCE,0xFF,0xDA,0xD6,0xFF,0xDA,
    0xD6,0xFF,0xDA,0xD6,0xFE,0xDA,0xD6,0xFF,0xDA,0xD6,0xFF,0xBA,0xD6,0xFF,0xBA,0xD6,
    0xFF,0xDA,0xD6,0xFF,0xBA,0xD6,0xFF,0x9A,0xD6,0xFF,0xBA,0xD6,0xFF,0x99,0xCE,0xF7,
    0x99,0xCE,0xFB,0x1B,0xDF,0xFF,0x99,0xCE,0xFF,0x38,0xC6,0xFF,0x38,0xC6,0xFD,0x17,
    0xBE,0xFD,0x38,0xC6,0xFF,0x38,0xC6,0xFF,0x17,0xBE,0xFF,0x17,0xBE,0xFF,0x38,0xC6,
    0xFF,0xD6,0xB5,0xFE,0xB6,0xB5,0xFD,0xD6,0xB5,0xFE,0xD7,0xBD,0xFF,0xB6,0xB5,0xFF,
    0xD6,0xB5,0xFF,0xB6,0xB5,0xFF,0xB6,0xB5,0xFF,0x95,0xAD,0xFF,0x75,0xAD,0xFF,0x75,
    0xAD,0xFF,0x75,0xAD,0xFF,0x75,0xAD,0xFF,0x55,0xAD,0xFF,0x75,0xAD,0xFF,0x54,0xA5,
    0xFF,0x34,0xA5,0xFF,0x34,0xA5,0xFF,0x13,0x9D,0xFE,0x34,0xA5,0xFF,0xF3,0x9C,0xFF,
    0x13,0x9D,0xFF,0xF3,0x9C,0xFF,0xD2,0x94,0xFF,0xD2,0x94,0xFC,0x14,0xA5,0xFF,0x34,
    0xA5,0xDA,0xEB,0x5A,0x2A,0x00,0x00,0x00,0xFF,0xFF,0x02,0x00,0x00,0x00,0x00,0x00,
    0x00,0x00,0x00,0x00,0x00,0x00,0x00,0x00,0x00,0x00,0x00,0x00,0x00,0x00,0x00,0x00,
    0x00,0x00,0x00,0x00,0x00,0x00,0x00,0x00,0x00,0x00,0x00,0x00,0x00,0x00,0x00,0x00,
    0x00,0x00,0x00,0x00,0x00,0x00,0x00,0x00,0x00,0x00,0x00,0x00,0x00,0x00,0x00,0x00,
    0x00,0x00,0x00,0x00,0x00,0x00,0x00,0x00,0x00,0x00,0x00,0x00,0x00,0x00,0x00,0x00,
    0x00,0x00,0x00,0x00,0x00,0x00,0x00,0x00,0x00,0x00,0x00,0x00,0x00,0x00,0x00,0x00,
    0x00,0x00,0x00,0x00,0x00,0x00,0x00,0x00,0x00,0x00,0x00,0x00,0x00,0x00,0x00,0x00,
    0x00,0x00,0x00,0x00,0x00,0x00,0x00,0x00,0x00,0x00,0x00,0x00,0x00,0x00,0x00,0x00,
    0x00,0x00,0x00,0x00,0x00,0x00,0x00,0x00,0x00,0x00,0x00,0x00,0x00,0x00,0x00,0x00,
    0x00,0x00,0x00,0x00,0x00,0x00,0x00,0x00,0x00,0x00,0x00,0x00,0x00,0x00,0x00,0x00,
    0x00,0x00,0x00,0x00,0x00,0x00,0x00,0x00,0x00,0x00,0x00,0x00,0x00,0x00,0x00,0x00,
    0x00,0x00,0x00,0x00,0x00,0x00,0x00,0x00,0x00,0x00,0x00,0x00,0x00,0x00,0x00,0x00,
    0x00,0x00,0x00,0x00,0x00,0x00,0x00,0x00,0x00,0x00,0x00,0x00,0x00,0x00,0x00,0x00,
    0x00,0x00,0x00,0x00,0x00,0x00,0x00,0x00,0x00,0x00,0x00,0x00,0x00,0x00,0x00,0x00,
    0x00,0x00,0x00,0x00,0x00,0x00,0x00,0x00,0x00,0x00,0x00,0x00,0x00,0x00,0x00,0x00,
    0x00,0x00,0x00,0x00,0x00,0x00,0x00,0x00,0x00,0x00,0x00,0x00,0x00,0x00,0x00,0x00,
    0x00,0x00,0x00,0x00,0x00,0x00,0x00,0x00,0x00,0x00,0x00,0x00,0x00,0x00,0x00,0x00,
    0x00,0x00,0x00,0x00,0x00,0x00,0x00,0x00,0x00,0x00,0x00,0x00,0x00,0x00,0x00,0x00,
    0x00,0x00,0x00,0x00,0x00,0x00,0x00,0x00,0x00,0x00,0x00,0x00,0x00,0x00,0x00,0x00,
    0x00,0xAA,0x52,0x03,0x00,0x00,0x00,0xE7,0x39,0x2C,0x30,0x84,0xD1,0x50,0x84,0xFF,
    0xCF,0x7B,0xFD,0x10,0x84,0xFF,0xEF,0x7B,0xFE,0x71,0x8C,0xFF,0xAE,0x73,0xAC,0x00,
    0x00,0x00,0x00,0x00,0x01,0xC7,0x39,0x2A,0xCF,0x7B,0x91,0x91,0x8C,0xE9,0xF3,0x9C,
    0xFF,0x91,0x8C,0xF9,0x92,0x94,0xFA,0xD2,0x94,0xE6,0xF3,0x9C,0xF2,0x13,0x9D,0xF6,
    0xB2,0x94,0xD8,0xC3,0x18,0x14,0x00,0x00,0x00,0x65,0x29,0x20,0x50,0x84,0x85,0x34,
    0xA5,0xDD,0x95,0xAD,0xFF,0xB6,0xB5,0xFF,0x54,0xA5,0xFE,0x54,0xA5,0xFF,0x55,0xAD,
    0xFF,0x54,0xA5,0xFF,0x75,0xAD,0xFF,0x75,0xAD,0xFF,0xB6,0xB5,0xFF,0x96,0xB5,0xFF,
    0x75,0xAD,0xFF,0x96,0xB5,0xFF,0xF7,0xBD,0xFF,0xB6,0xB5,0xFF,0xD6,0xB5,0xFF,0x17,
    0xBE,0xFF,0xD6,0xB5,0xFE,0x17,0xBE,0xFF,0x18,0xC6,0xF4,0x2C,0x63,0x28,0xCB,0x5A,
    0x1E,0xB6,0xB5,0xC3,0xFB,0xDE,0xFF,0x79,0xCE,0xFE,0x58,0xC6,0xFE,0x9A,0xD6,0xFF,
    0x99,0xCE,0xFF,0xBA,0xD6,0xFF,0xBA,0xD6,0xFF,0xFB,0xDE,0xFF,0xFB,0xDE,0xFF,0x1B,
    0xDF,0xFF,0xFB,0xDE,0xFF,0xDA,0xD6,0xFF,0xBA,0xD6,0xFF,0xBA,0xD6,0xFF,0x9A,0xD6,
    0xFF,0x99,0xCE,0xFF,0x99,0xCE,0xFF,0x99,0xCE,0xFF,0xBA,0xD6,0xFF,0x58,0xC6,0xFC,
    0x38,0xC6,0xFE,0x38,0xC6,0xFF,0x58,0xC6,0xFF,0x38,0xC6,0xFF,0x18,0xC6,0xFF,0x17,
    0xBE,0xFF,0x17,0xBE,0xFF,0xF7,0xBD,0xFF,0xD6,0xB5,0xFF,0xF7,0xBD,0xFF,0xF7,0xBD,
    0xFF,0x96,0xB5,0xFF,0xD6,0xB5,0xFF,0xB6,0xB5,0xFF,0xB6,0xB5,0xFF,0xB6,0xB5,0xFF,
    0x96,0xB5,0xFF,0xB6,0xB5,0xFF,0x55,0xAD,0xFF,0x55,0xAD,0xFF,0x75,0xAD,0xFF,0x75,
    0xAD,0xFF,0x54,0xA5,0xFF,0x55,0xAD,0xFF,0x34,0xA5,0xFF,0x34,0xA5,0xFF,0x14,0xA5,
    0xFF,0xF3,0x9C,0xFF,0x14,0xA5,0xFF,0xF3,0x9C,0xFF,0xF3,0x9C,0xFF,0xF3,0x9C,0xFF,
    0xB2,0x94,0xFF,0xF3,0x9C,0xFF,0xD2,0x94,0xFD,0x34,0xA5,0xFF,0xF3,0x9C,0xCC,0xA6,
    0x31,0x24,0x00,0x00,0x00,0xEF,0x7B,0x02,0x00,0x00,0x00,0x00,0x00,0x00,0x00,0x00,
    0x00,0x00,0x00,0x00,0x00,0x00,0x00,0x00,0x00,0x00,0x00,0x00,0x00,0x00,0x00,0x00,
    0x00,0x00,0x00,0x00,0x00,0x00,0x00,0x00,0x00,0x00,0x00,0x00,0x00,0x00,0x00,0x00,
    0x00,0x00,0x00,0x00,0x00,0x00,0x00,0x00,0x00,0x00,0x00,0x00,0x00,0x00,0x00,0x00,
    0x00,0x00,0x00,0x00,0x00,0x00,0x00,0x00,0x00,0x00,0x00,0x00,0x00,0x00,0x00,0x00,
    0x00,0x00,0x00,0x00,0x00,0x00,0x00,0x00,0x00,0x00,0x00,0x00,0x00,0x00,0x00,0x00,
    0x00,0x00,0x00,0x00,0x00,0x00,0x00,0x00,0x00,0x00,0x00,0x00,0x00,0x00,0x00,0x00,
    0x00,0x00,0x00,0x00,0x00,0x00,0x00,0x00,0x00,0x00,0x00,0x00,0x00,0x00,0x00,0x00,
    0x00,0x00,0x00,0x00,0x00,0x00,0x00,0x00,0x00,0x00,0x00,0x00,0x00,0x00,0x00,0x00,
    0x00,0x00,0x00,0x00,0x00,0x00,0x00,0x00,0x00,0x00,0x00,0x00,0x00,0x00,0x00,0x00,
    0x00,0x00,0x00,0x00,0x00,0x00,0x00,0x00,0x00,0x00,0x00,0x00,0x00,0x00,0x00,0x00,
    0x00,0x00,0x00,0x00,0x00,0x00,0x00,0x00,0x00,0x00,0x00,0x00,0x00,0x00,0x00,0x00,
    0x00,0x00,0x00,0x00,0x00,0x00,0x00,0x00,0x00,0x00,0x00,0x00,0x00,0x00,0x00,0x00,
    0x00,0x00,0x00,0x00,0x00,0x00,0x00,0x00,0x00,0x00,0x00,0x00,0x00,0x00,0x00,0x00,
    0x00,0x00,0x00,0x00,0x00,0x00,0x00,0x00,0x00,0x00,0x00,0x00,0x00,0x00,0x00,0x00,
    0x00,0x00,0x00,0x00,0x00,0x00,0x00,0x00,0x00,0x00,0x00,0x00,0x00,0x00,0x00,0x00,
    0x00,0x00,0x00,0x00,0x00,0x00,0x00,0x00,0x00,0x00,0x00,0x00,0x00,0x00,0x00,0x00,
    0x00,0x00,0x00,0x00,0x00,0x00,0x00,0x00,0x00,0x00,0x00,0x00,0x00,0x00,0x00,0x00,
    0x00,0x00,0x00,0x00,0x00,0x00,0x00,0x00,0xEF,0x7B,0x02,0x00,0x00,0x00,0x07,0x3A,
    0x27,0x50,0x84,0xCF,0x50,0x84,0xFF,0xCF,0x7B,0xFC,0xEF,0x7B,0xFF,0x30,0x84,0xFF,
    0x10,0x84,0xFE,0xEF,0x7B,0xC5,0x00,0x00,0x22,0xCF,0x7B,0x3B,0xEF,0x7B,0xA7,0x91,
    0x8C,0xED,0xD2,0x94,0xFF,0x92,0x94,0xFF,0x71,0x8C,0xFC,0x92,0x94,0xFF,0xB2,0x94,
    0xFF,0xD3,0x9C,0xFF,0xB2,0x94,0xF3,0xF3,0x9C,0xF2,0x2C,0x63,0x5C,0x89,0x4A,0x1C,
    0x30,0x84,0x82,0x34,0xA5,0xE9,0x75,0xAD,0xFF,0x34,0xA5,0xFF,0x13,0x9D,0xFC,0x13,
    0x9D,0xFD,0x34,0xA5,0xFF,0x54,0xA5,0xFF,0x54,0xA5,0xFF,0x54,0xA5,0xFF,0x55,0xAD,
    0xFF,0x75,0xAD,0xFF,0xB6,0xB5,0xFF,0x75,0xAD,0xFF,0x75,0xAD,0xFF,0xB6,0xB5,0xFF,
    0xB6,0xB5,0xFF,0xB6,0xB5,0xFF,0xD6,0xB5,0xFF,0xD7,0xBD,0xFF,0xD6,0xB5,0xFD,0x99,
    0xCE,0xFF,0xF3,0x9C,0xAD,0xAE,0x73,0x4F,0x38,0xC6,0xE5,0xBA,0xD6,0xFF,0x59,0xCE,
    0xFC,0x58,0xC6,0xFE,0x99,0xCE,0xFF,0x99,0xCE,0xFF,0x9A,0xD6,0xFF,0xBA,0xD6,0xFF,
    0xDA,0xD6,0xFF,0xDA,0xD6,0xFF,0xDA,0xD6,0xFF,0xFB,0xDE,0xFF,0xFB,0xDE,0xFF,0xDA,
    0xD6,0xFF,0xDA,0xD6,0xFF,0xBA,0xD6,0xFF,0xBA,0xD6,0xFF,0x79,0xCE,0xFF,0x79,0xCE,
    0xFF,0x79,0xCE,0xFF,0x58,0xC6,0xFE,0x79,0xCE,0xFF,0x59,0xCE,0xFF,0x38,0xC6,0xFF,
    0x38,0xC6,0xFF,0x38,0xC6,0xFF,0x18,0xC6,0xFF,0x17,0xBE,0xFF,0x17,0xBE,0xFF,0xF7,
    0xBD,0xFF,0xD6,0xB5,0xFF,0xD7,0xBD,0xFF,0xD7,0xBD,0xFF,0x96,0xB5,0xFF,0xD6,0xB5,
    0xFF,0xB6,0xB5,0xFF,0x75,0xAD,0xFF,0x96,0xB5,0xFF,0x95,0xAD,0xFF,0x96,0xB5,0xFF,
    0x75,0xAD,0xFF,0x55,0xAD,0xFF,0x54,0xA5,0xFF,0x54,0xA5,0xFF,0x34,0xA5,0xFF,0x54,
    0xA5,0xFF,0x14,0xA5,0xFF,0x14,0xA5,0xFF,0x13,0x9D,0xFF,0xF3,0x9C,0xFF,0xF3,0x9C,
    0xFF,0xF3,0x9C,0xFF,0xD3,0x9C,0xFF,0xF3,0x9C,0xFF,0xB2,0x94,0xFF,0xD3,0x9C,0xFF,
    0xD2,0x94,0xFF,0xB2,0x94,0xFB,0x13,0x9D,0xFF,0xD2,0x94,0xC5,0xCB,0x5A,0x19,0x00,
    0x00,0x00,0xEF,0x7B,0x02,0x00,0x00,0x00,0x00,0x00,0x00,0x00,0x00,0x00,0x00,0x00,
    0x00,0x00,0x00,0x00,0x00,0x00,0x00,0x00,0x00,0x00,0x00,0x00,0x00,0x00,0x00,0x00,
    0x00,0x00,0x00,0x00,0x00,0x00,0x00,0x00,0x00,0x00,0x00,0x00,0x00,0x00,0x00,0x00,
    0x00,0x00,0x00,0x00,0x00,0x00,0x00,0x00,0x00,0x00,0x00,0x00,0x00,0x00,0x00,0x00,
    0x00,0x00,0x00,0x00,0x00,0x00,0x00,0x00,0x00,0x00,0x00,0x00,0x00,0x00,0x00,0x00,
    0x00,0x00,0x00,0x00,0x00,0x00,0x00,0x00,0x00,0x00,0x00,0x00,0x00,0x00,0x00,0x00,
    0x00,0x00,0x00,0x00,0x00,0x00,0x00,0x00,0x00,0x00,0x00,0x00,0x00,0x00,0x00,0x00,
    0x00,0x00,0x00,0x00,0x00,0x00,0x00,0x00,0x00,0x00,0x00,0x00,0x00,0x00,0x00,0x00,
    0x00,0x00,0x00,0x00,0x00,0x00,0x00,0x00,0x00,0x00,0x00,0x00,0x00,0x00,0x00,0x00,
    0x00,0x00,0x00,0x00,0x00,0x00,0x00,0x00,0x00,0x00,0x00,0x00,0x00,0x00,0x00,0x00,
    0x00,0x00,0x00,0x00,0x00,0x00,0x00,0x00,0x00,0x00,0x00,0x00,0x00,0x00,0x00,0x00,
    0x00,0x00,0x00,0x00,0x00,0x00,0x00,0x00,0x00,0x00,0x00,0x00,0x00,0x00,0x00,0x00,
    0x00,0x00,0x00,0x00,0x00,0x00,0x00,0x00,0x00,0x00,0x00,0x00,0x00,0x00,0x00,0x00,
    0x00,0x00,0x00,0x00,0x00,0x00,0x00,0x00,0x00,0x00,0x00,0x00,0x00,0x00,0x00,0x00,
    0x00,0x00,0x00,0x00,0x00,0x00,0x00,0x00,0x00,0x00,0x00,0x00,0x00,0x00,0x00,0x00,
    0x00,0x00,0x00,0x00,0x00,0x00,0x00,0x00,0x00,0x00,0x00,0x00,0x00,0x00,0x00,0x00,
    0x00,0x00,0x00,0x00,0x00,0x00,0x00,0x00,0x00,0x00,0x00,0x00,0x00,0x00,0x00,0x00,
    0x00,0x00,0x00,0x00,0x00,0x00,0x00,0x00,0x00,0x00,0x00,0x00,0x00,0x00,0x00,0xEF,
    0x7B,0x02,0x00,0x00,0x00,0xC7,0x39,0x23,0x30,0x84,0xCF,0x30,0x84,0xFF,0xCF,0x7B,
    0xFC,0xEF,0x7B,0xFF,0x0F,0x7C,0xFF,0xEF,0x7B,0xFE,0x30,0x84,0xFF,0x2C,0x63,0xA2,
    0x30,0x84,0x9D,0x51,0x8C,0xFF,0xF3,0x9C,0xFF,0x30,0x84,0xFE,0x50,0x84,0xFE,0x51,
    0x8C,0xFE,0x91,0x8C,0xFF,0x91,0x8C,0xFF,0x92,0x94,0xFF,0x71,0x8C,0xFD,0xD2,0x94,
    0xFF,0x71,0x8C,0xE6,0xEF,0x7B,0x89,0xD2,0x94,0xDD,0xB6,0xB5,0xFF,0x34,0xA5,0xFF,
    0xD2,0x94,0xFE,0xF3,0x9C,0xFD,0x14,0xA5,0xFF,0x34,0xA5,0xFF,0x14,0xA5,0xFF,0x34,
    0xA5,0xFF,0x34,0xA5,0xFF,0x54,0xA5,0xFF,0x54,0xA5,0xFF,0x75,0xAD,0xFF,0x95,0xAD,
    0xFF,0x55,0xAD,0xFF,0x95,0xAD,0xFF,0xB6,0xB5,0xFF,0x75,0xAD,0xFF,0xB6,0xB5,0xFF,
    0xB6,0xB5,0xFF,0xB6,0xB5,0xFF,0xF7,0xBD,0xFF,0xF7,0xBD,0xFF,0xD6,0xB5,0xE5,0x17,
    0xBE,0xFC,0x58,0xC6,0xFF,0x38,0xC6,0xFD,0x58,0xC6,0xFF,0x59,0xCE,0xFF,0x99,0xCE,
    0xFF,0x99,0xCE,0xFF,0x99,0xCE,0xFF,0xBA,0xD6,0xFF,0xDA,0xD6,0xFF,0xDA,0xD6,0xFF,
    0xDA,0xD6,0xFF,0xDA,0xD6,0xFF,0xDA,0xD6,0xFF,0xDA,0xD6,0xFF,0xDA,0xD6,0xFF,0xDA,
    0xD6,0xFF,0x99,0xCE,0xFF,0x79,0xCE,0xFF,0x79,0xCE,0xFF,0x58,0xC6,0xFF,0x58,0xC6,
    0xFF,0x58,0xC6,0xFF,0x58,0xC6,0xFF,0x38,0xC6,0xFF,0xF7,0xBD,0xFF,0x17,0xBE,0xFF,
    0x17,0xBE,0xFF,0xF7,0xBD,0xFF,0xF7,0xBD,0xFF,0xF7,0xBD,0xFF,0xD6,0xB5,0xFF,0xB6,
    0xB5,0xFF,0xD6,0xB5,0xFF,0x96,0xB5,0xFF,0xB6,0xB5,0xFF,0xB6,0xB5,0xFF,0x55,0xAD,
    0xFF,0x75,0xAD,0xFF,0x95,0xAD,0xFF,0x95,0xAD,0xFF,0x95,0xAD,0xFF,0x54,0xA5,0xFF,
    0x34,0xA5,0xFF,0x54,0xA5,0xFF,0x34,0xA5,0xFF,0x34,0xA5,0xFF,0x14,0xA5,0xFF,0xF3,
    0x9C,0xFF,0xF3,0x9C,0xFF,0xF3,0x9C,0xFF,0xD2,0x94,0xFF,0xF3,0x9C,0xFF,0xD2,0x94,
    0xFF,0xD2,0x94,0xFF,0xB2,0x94,0xFF,0xD2,0x94,0xFF,0xB2,0x94,0xFF,0xB2,0x94,0xFF,
    0x91,0x8C,0xFC,0xF3,0x9C,0xFF,0xF3,0x9C,0xBE,0x24,0x21,0x14,0x00,0x00,0x00,0xEF,
    0x7B,0x02,0x00,0x00,0x00,0x00,0x00,0x00,0x00,0x00,0x00,0x00,0x00,0x00,0x00,0x00,
    0x00,0x00,0x00,0x00,0x00,0x00,0x00,0x00,0x00,0x00,0x00,0x00,0x00,0x00,0x00,0x00,
    0x00,0x00,0x00,0x00,0x00,0x00,0x00,0x00,0x00,0x00,0x00,0x00,0x00,0x00,0x00,0x00,
    0x00,0x00,0x00,0x00,0x00,0x00,0x00,0x00,0x00,0x00,0x00,0x00,0x00,0x00,0x00,0x00,
    0x00,0x00,0x00,0x00,0x00,0x00,0x00,0x00,0x00,0x00,0x00,0x00,0x00,0x00,0x00,0x00,
    0x00,0x00,0x00,0x00,0x00,0x00,0x00,0x00,0x00,0x00,0x00,0x00,0x00,0x00,0x00,0x00,
    0x00,0x00,0x00,0x00,0x00,0x00,0x00,0x00,0x00,0x00,0x00,0x00,0x00,0x00,0x00,0x00,
    0x00,0x00,0x00,0x00,0x00,0x00,0x00,0x00,0x00,0x00,0x00,0x00,0x00,0x00,0x00,0x00,
    0x00,0x00,0x00,0x00,0x00,0x00,0x00,0x00,0x00,0x00,0x00,0x00,0x00,0x00,0x00,0x00,
    0x00,0x00,0x00,0x00,0x00,0x00,0x00,0x00,0x00,0x00,0x00,0x00,0x00,0x00,0x00,0x00,
    0x00,0x00,0x00,0x00,0x00,0x00,0x00,0x00,0x00,0x00,0x00,0x00,0x00,0x00,0x00,0x00,
    0x00,0x00,0x00,0x00,0x00,0x00,0x00,0x00,0x00,0x00,0x00,0x00,0x00,0x00,0x00,0x00,
    0x00,0x00,0x00,0x00,0x00,0x00,0x00,0x00,0x00,0x00,0x00,0x00,0x00,0x00,0x00,0x00,
    0x00,0x00,0x00,0x00,0x00,0x00,0x00,0x00,0x00,0x00,0x00,0x00,0x00,0x00,0x00,0x00,
    0x00,0x00,0x00,0x00,0x00,0x00,0x00,0x00,0x00,0x00,0x00,0x00,0x00,0x00,0x00,0x00,
    0x00,0x00,0x00,0x00,0x00,0x00,0x00,0x00,0x00,0x00,0x00,0x00,0x00,0x00,0x00,0x00,
    0x00,0x00,0x00,0x00,0x00,0x00,0x00,0x00,0x00,0x00,0x00,0x00,0x00,0x00,0x00,0x00,
    0x00,0x00,0x00,0x00,0x00,0x00,0xEF,0x7B,0x02,0x00,0x00,0x00,0x04,0x21,0x23,0xEF,
    0x7B,0xCB,0x30,0x84,0xFF,0xCE,0x73,0xFD,0xEF,0x7B,0xFF,0x0F,0x7C,0xFF,0xCE,0x73,
    0xFF,0xEF,0x7B,0xFF,0x10,0x84,0xFF,0x30,0x84,0xFD,0x91,0x8C,0xFF,0xEF,0x7B,0xFE,
    0x10,0x84,0xFD,0x30,0x84,0xFF,0x71,0x8C,0xFF,0x30,0x84,0xFF,0x71,0x8C,0xFF,0x51,
    0x8C,0xFF,0x71,0x8C,0xFF,0x91,0x8C,0xFF,0x92,0x94,0xFF,0xB2,0x94,0xFB,0x13,0x9D,
    0xFF,0x54,0xA5,0xFF,0xB2,0x94,0xFC,0xF3,0x9C,0xFE,0xF3,0x9C,0xFF,0x13,0x9D,0xFF,
    0x14,0xA5,0xFF,0x13,0x9D,0xFF,0x13,0x9D,0xFF,0x54,0xA5,0xFF,0x34,0xA5,0xFF,0x54,
    0xA5,0xFF,0x34,0xA5,0xFF,0x95,0xAD,0xFF,0x55,0xAD,0xFF,0x55,0xAD,0xFF,0x95,0xAD,
    0xFF,0x95,0xAD,0xFF,0x95,0xAD,0xFF,0x96,0xB5,0xFF,0xB6,0xB5,0xFF,0xB6,0xB5,0xFF,
    0xF7,0xBD,0xFF,0xD7,0xBD,0xFF,0x59,0xCE,0xFF,0x17,0xBE,0xFF,0xD7,0xBD,0xFE,0x18,
    0xC6,0xFF,0x58,0xC6,0xFF,0x58,0xC6,0xFF,0x79,0xCE,0xFF,0x79,0xCE,0xFF,0x79,0xCE,
    0xFF,0x9A,0xD6,0xFF,0xDA,0xD6,0xFF,0xDA,0xD6,0xFF,0xDA,0xD6,0xFF,0xFB,0xDE,0xFF,
    0xDA,0xD6,0xFF,0xDA,0xD6,0xFF,0xBA,0xD6,0xFF,0xBA,0xD6,0xFF,0x79,0xCE,0xFF,0x79,
    0xCE,0xFF,0x79,0xCE,0xFF,0x38,0xC6,0xFF,0x58,0xC6,0xFF,0x38,0xC6,0xFF,0x17,0xBE,
    0xFF,0x38,0xC6,0xFF,0xF7,0xBD,0xFF,0xD6,0xB5,0xFF,0xF7,0xBD,0xFF,0xF7,0xBD,0xFF,
    0xD6,0xB5,0xFF,0xD6,0xB5,0xFF,0xB6,0xB5,0xFF,0x95,0xAD,0xFF,0xB6,0xB5,0xFF,0xB6,
    0xB5,0xFF,0x75,0xAD,0xFF,0x96,0xB5,0xFF,0x75,0xAD,0xFF,0x54,0xA5,0xFF,0x75,0xAD,
    0xFF,0x75,0xAD,0xFF,0x75,0xAD,0xFF,0x54,0xA5,0xFF,0x34,0xA5,0xFF,0x34,0xA5,0xFF,
    0x34,0xA5,0xFF,0x34,0xA5,0xFF,0x13,0x9D,0xFF,0xF3,0x9C,0xFF,0xD2,0x94,0xFF,0xD3,
    0x9C,0xFF,0xB2,0x94,0xFF,0xF3,0x9C,0xFF,0xD2,0x94,0xFF,0xD2,0x94,0xFF,0xB2,0x94,
    0xFF,0xB2,0x94,0xFF,0xB2,0x94,0xFF,0xB2,0x94,0xFF,0xB2,0x94,0xFF,0x71,0x8C,0xFE,
    0xD3,0x9C,0xFF,0xB2,0x94,0xB2,0x00,0x00,0x0C,0x00,0x00,0x00,0x00,0x00,0x02,0x00,
    0x00,0x00,0x00,0x00,0x00,0x00,0x00,0x00,0x00,0x00,0x00,0x00,0x00,0x00,0x00,0x00,
    0x00,0x00,0x00,0x00,0x00,0x00,0x00,0x00,0x00,0x00,0x00,0x00,0x00,0x00,0x00,0x00,
    0x00,0x00,0x00,0x00,0x00,0x00,0x00,0x00,0x00,0x00,0x00,0x00,0x00,0x00,0x00,0x00,
    0x00,0x00,0x00,0x00,0x00,0x00,0x00,0x00,0x00,0x00,0x00,0x00,0x00,0x00,0x00,0x00,
    0x00,0x00,0x00,0x00,0x00,0x00,0x00,0x00,0x00,0x00,0x00,0x00,0x00,0x00,0x00,0x00,
    0x00,0x00,0x00,0x00,0x00,0x00,0x00,0x00,0x00,0x00,0x00,0x00,0x00,0x00,0x00,0x00,
    0x00,0x00,0x00,0x00,0x00,0x00,0x00,0x00,0x00,0x00,0x00,0x00,0x00,0x00,0x00,0x00,
    0x00,0x00,0x00,0x00,0x00,0x00,0x00,0x00,0x00,0x00,0x00,0x00,0x00,0x00,0x00,0x00,
    0x00,0x00,0x00,0x00,0x00,0x00,0x00,0x00,0x00,0x00,0x00,0x00,0x00,0x00,0x00,0x00,
    0x00,0x00,0x00,0x00,0x00,0x00,0x00,0x00,0x00,0x00,0x00,0x00,0x00,0x00,0x00,0x00,
    0x00,0x00,0x00,0x00,0x00,0x00,0x00,0x00,0x00,0x00,0x00,0x00,0x00,0x00,0x00,0x00,
    0x00,0x00,0x00,0x00,0x00,0x00,0x00,0x00,0x00,0x00,0x00,0x00,0x00,0x00,0x00,0x00,
    0x00,0x00,0x00,0x00,0x00,0x00,0x00,0x00,0x00,0x00,0x00,0x00,0x00,0x00,0x00,0x00,
    0x00,0x00,0x00,0x00,0x00,0x00,0x00,0x00,0x00,0x00,0x00,0x00,0x00,0x00,0x00,0x00,
    0x00,0x00,0x00,0x00,0x00,0x00,0x00,0x00,0x00,0x00,0x00,0x00,0x00,0x00,0x00,0x00,
    0x00,0x00,0x00,0x00,0x00,0x00,0x00,0x00,0x00,0x00,0x00,0x00,0x00,0x00,0x00,0x00,
    0x00,0x00,0x00,0x00,0x00,0x00,0x00,0x00,0x00,0x00,0x00,0x00,0x00,0xEF,0x7B,0x02,
    0x00,0x00,0x00,0x08,0x42,0x1B,0xEF,0x7B,0xC9,0x0F,0x7C,0xFF,0x8E,0x73,0xFC,0x0F,
    0x7C,0xFF,0xAE,0x73,0xFF,0xEF,0x7B,0xFF,0xEF,0x7B,0xFF,0xEF,0x7B,0xFF,0x0F,0x7C,
    0xFF,0x0F,0x7C,0xFF,0xEF,0x7B,0xFC,0x0F,0x7C,0xFE,0x30,0x84,0xFF,0x30,0x84,0xFF,
    0x30,0x84,0xFF,0x30,0x84,0xFF,0x71,0x8C,0xFF,0x51,0x8C,0xFF,0x71,0x8C,0xFF,0x91,
    0x8C,0xFF,0x91,0x8C,0xFF,0xB2,0x94,0xFF,0xB2,0x94,0xFD,0xB2,0x94,0xFD,0xF3,0x9C,
    0xFF,0xD2,0x94,0xFF,0xD3,0x9C,0xFF,0xF3,0x9C,0xFF,0x13,0x9D,0xFF,0x13,0x9D,0xFF,
    0x14,0xA5,0xFF,0x34,0xA5,0xFF,0x14,0xA5,0xFF,0x34,0xA5,0xFF,0x34,0xA5,0xFF,0x75,
    0xAD,0xFF,0x34,0xA5,0xFF,0x55,0xAD,0xFF,0x75,0xAD,0xFF,0x55,0xAD,0xFF,0x96,0xB5,
    0xFF,0x95,0xAD,0xFF,0x95,0xAD,0xFF,0xB6,0xB5,0xFF,0xD6,0xB5,0xFF,0xD6,0xB5,0xFF,
    0xD6,0xB5,0xFE,0xB6,0xB5,0xFE,0x38,0xC6,0xFF,0x18,0xC6,0xFF,0xF7,0xBD,0xFF,0x38,
    0xC6,0xFF,0x38,0xC6,0xFF,0x58,0xC6,0xFF,0x79,0xCE,0xFF,0x99,0xCE,0xFF,0xBA,0xD6,
    0xFF,0xBA,0xD6,0xFF,0xFB,0xDE,0xFF,0xFB,0xDE,0xFF,0xDA,0xD6,0xFF,0xBA,0xD6,0xFF,
    0x99,0xCE,0xFF,0x99,0xCE,0xFF,0x9A,0xD6,0xFF,0x79,0xCE,0xFF,0x58,0xC6,0xFF,0x38,
    0xC6,0xFF,0x17,0xBE,0xFF,0x18,0xC6,0xFF,0xF7,0xBD,0xFF,0x18,0xC6,0xFF,0x17,0xBE,
    0xFF,0xB6,0xB5,0xFF,0xD7,0xBD,0xFF,0xD7,0xBD,0xFF,0xD6,0xB5,0xFF,0xB6,0xB5,0xFF,
    0xB6,0xB5,0xFF,0x95,0xAD,0xFF,0x95,0xAD,0xFF,0xB6,0xB5,0xFF,0x55,0xAD,0xFF,0x75,
    0xAD,0xFF,0x96,0xB5,0xFF,0x54,0xA5,0xFF,0x55,0xAD,0xFF,0x55,0xAD,0xFF,0x75,0xAD,
    0xFF,0x54,0xA5,0xFF,0x14,0xA5,0xFF,0x14,0xA5,0xFF,0x34,0xA5,0xFF,0x13,0x9D,0xFF,
    0x13,0x9D,0xFF,0xF3,0x9C,0xFF,0xD2,0x94,0xFF,0xD2,0x94,0xFF,0xB2,0x94,0xFF,0xD2,
    0x94,0xFF,0xB2,0x94,0xFF,0xD2,0x94,0xFF,0xB2,0x94,0xFF,0xB2,0x94,0xFF,0xB2,0x94,
    0xFF,0x91,0x8C,0xFF,0xB2,0x94,0xFF,0x71,0x8C,0xFF,0x51,0x8C,0xFC,0xD2,0x94,0xFF,
    0x71,0x8C,0xAE,0x86,0x31,0x0A,0x00,0x00,0x00,0xEF,0x7B,0x02,0x00,0x00,0x00,0x00,
    0x00,0x00,0x00,0x00,0x00,0x00,0x00,0x00,0x00,0x00,0x00,0x00,0x00,0x00,0x00,0x00,
    0x00,0x00,0x00,0x00,0x00,0x00,0x00,0x00,0x00,0x00,0x00,0x00,0x00,0x00,0x00,0x00,
    0x00,0x00,0x00,0x00,0x00,0x00,0x00,0x00,0x00,0x00,0x00,0x00,0x00,0x00,0x00,0x00,
    0x00,0x00,0x00,0x00,0x00,0x00,0x00,0x00,0x00,0x00,0x00,0x00,0x00,0x00,0x00,0x00,
    0x00,0x00,0x00,0x00,0x00,0x00,0x00,0x00,0x00,0x00,0x00,0x00,0x00,0x00,0x00,0x00,
    0x00,0x00,0x00,0x00,0x00,0x00,0x00,0x00,0x00,0x00,0x00,0x00,0x00,0x00,0x00,0x00,
    0x00,0x00,0x00,0x00,0x00,0x00,0x00,0x00,0x00,0x00,0x00,0x00,0x00,0x00,0x00,0x00,
    0x00,0x00,0x00,0x00,0x00,0x00,0x00,0x00,0x00,0x00,0x00,0x00,0x00,0x00,0x00,0x00,
    0x00,0x00,0x00,0x00,0x00,0x00,0x00,0x00,0x00,0x00,0x00,0x00,0x00,0x00,0x00,0x00,
    0x00,0x00,0x00,0x00,0x00,0x00,0x00,0x00,0x00,0x00,0x00,0x00,0x00,0x00,0x00,0x00,
    0x00,0x00,0x00,0x00,0x00,0x00,0x00,0x00,0x00,0x00,0x00,0x00,0x01,0xEF,0x7B,0x02,
    0xFF,0xFF,0x01,0x00,0x00,0x00,0x00,0x00,0x00,0x00,0x00,0x00,0x00,0x00,0x00,0x00,
    0x00,0x00,0x00,0x00,0x00,0x00,0x00,0x00,0x00,0x00,0x00,0x00,0x00,0x00,0x00,0x00,
    0x00,0x00,0x00,0x00,0x00,0x00,0x00,0x00,0x00,0x00,0x00,0x00,0x00,0x00,0x00,0x00,
    0x00,0x00,0x00,0x00,0x00,0x00,0x00,0x00,0x00,0x00,0x00,0x00,0x00,0x00,0x00,0x00,
    0x00,0x00,0x00,0x00,0x00,0x00,0x00,0x00,0x00,0x00,0x00,0x00,0x00,0x00,0x00,0x00,
    0x00,0x00,0x00,0x00,0xFF,0xFF,0x01,0x00,0x00,0x00,0x86,0x31,0x19,0xAE,0x73,0xC7,
    0xEF,0x7B,0xFF,0x6D,0x6B,0xFC,0xCF,0x7B,0xFF,0xCE,0x73,0xFF,0xCE,0x73,0xFF,0xCE,
    0x73,0xFF,0xCF,0x7B,0xFF,0xCE,0x73,0xFF,0x0F,0x7C,0xFF,0xCF,0x7B,0xFE,0x0F,0x7C,
    0xFF,0xEF,0x7B,0xFF,0xEF,0x7B,0xFF,0x10,0x84,0xFF,0x0F,0x7C,0xFF,0x30,0x84,0xFF,
    0x50,0x84,0xFF,0x51,0x8C,0xFF,0x51,0x8C,0xFF,0x91,0x8C,0xFF,0x71,0x8C,0xFF,0x71,
    0x8C,0xFF,0xB2,0x94,0xFF,0x91,0x8C,0xFF,0xF3,0x9C,0xFF,0xB2,0x94,0xFF,0xB2,0x94,
    0xFF,0xD2,0x94,0xFF,0xD3,0x9C,0xFF,0xD3,0x9C,0xFF,0x13,0x9D,0xFF,0x13,0x9D,0xFF,
    0x13,0x9D,0xFF,0x13,0x9D,0xFF,0x54,0xA5,0xFF,0x55,0xAD,0xFF,0x14,0xA5,0xFF,0x34,
    0xA5,0xFF,0x55,0xAD,0xFF,0x75,0xAD,0xFF,0x75,0xAD,0xFF,0x75,0xAD,0xFF,0x95,0xAD,
    0xFF,0xB6,0xB5,0xFF,0xB6,0xB5,0xFF,0xB6,0xB5,0xFF,0xB6,0xB5,0xFF,0xB6,0xB5,0xFF,
    0x17,0xBE,0xFF,0xD6,0xB5,0xFF,0xF7,0xBD,0xFF,0x17,0xBE,0xFF,0x17,0xBE,0xFF,0x38,
    0xC6,0xFF,0x79,0xCE,0xFF,0x99,0xCE,0xFF,0x99,0xCE,0xFF,0x9A,0xD6,0xFF,0xDA,0xD6,
    0xFF,0xDA,0xD6,0xFF,0xDA,0xD6,0xFF,0xDA,0xD6,0xFF,0xBA,0xD6,0xFF,0x99,0xCE,0xFF,
    0x79,0xCE,0xFF,0x79,0xCE,0xFF,0x58,0xC6,0xFF,0x17,0xBE,0xFF,0x17,0xBE,0xFF,0xF7,
    0xBD,0xFF,0xF7,0xBD,0xFF,0xD7,0xBD,0xFF,0xF7,0xBD,0xFF,0xB6,0xB5,0xFF,0xB6,0xB5,
    0xFF,0xB6,0xB5,0xFF,0xB6,0xB5,0xFF,0x95,0xAD,0xFF,0x96,0xB5,0xFF,0x96,0xB5,0xFF,
    0x55,0xAD,0xFF,0x96,0xB5,0xFF,0x75,0xAD,0xFF,0x55,0xAD,0xFF,0x75,0xAD,0xFF,0x54,
    0xA5,0xFF,0x54,0xA5,0xFF,0x34,0xA5,0xFF,0x54,0xA5,0xFF,0x54,0xA5,0xFF,0x14,0xA5,
    0xFF,0xF3,0x9C,0xFF,0x14,0xA5,0xFF,0xF3,0x9C,0xFF,0xF3,0x9C,0xFF,0xF3,0x9C,0xFF,
    0xD2,0x94,0xFF,0xD2,0x94,0xFF,0x92,0x94,0xFF,0xB2,0x94,0xFF,0xB2,0x94,0xFF,0xB2,
    0x94,0xFF,0x91,0x8C,0xFF,0x91,0x8C,0xFF,0x91,0x8C,0xFF,0xB2,0x94,0xFF,0xB2,0x94,
    0xFF,0x91,0x8C,0xFF,0x30,0x84,0xFE,0x10,0x84,0xFC,0xD2,0x94,0xFF,0x30,0x84,0xA3,
    0x00,0x00,0x07,0xFF,0xFF,0x01,0xFF,0xFF,0x01,0x00,0x00,0x00,0x00,0x00,0x00,0x00,
    0x00,0x00,0x00,0x00,0x00,0x00,0x00,0x00,0x00,0x00,0x00,0x00,0x00,0x00,0x00,0x00,
    0x00,0x00,0x00,0x00,0x00,0x00,0x00,0x00,0x00,0x00,0x00,0x00,0x00,0x00,0x00,0x00,
    0x00,0x00,0x00,0x00,0x00,0x00,0x00,0x00,0x00,0x00,0x00,0x00,0x00,0x00,0x00,0x00,
    0x00,0x00,0x00,0x00,0x00,0x00,0x00,0x00,0x00,0x00,0x00,0x00,0x00,0x00,0x00,0x00,
    0x00,0x00,0x00,0x00,0x00,0x00,0x00,0x00,0x00,0x00,0x00,0x00,0x00,0xFF,0xFF,0x01,
    0x00,0x00,0x01,0x00,0x00,0x00,0x00,0x00,0x00,0x00,0x00,0x00,0x00,0x00,0x00,0x00,
    0x00,0x00,0x00,0x00,0x00,0x00,0x00,0x00,0x00,0x00,0x00,0x00,0x00,0x00,0x00,0x00,
    0x00,0x00,0x00,0x00,0x00,0x00,0x00,0x00,0x00,0x00,0x00,0x00,0x00,0x00,0x00,0x00,
    0x00,0x00,0x00,0x00,0x00,0x00,0x00,0x00,0x00,0x00,0x00,0x00,0x00,0x00,0x00,0x00,
    0x00,0x00,0x00,0x00,0x00,0x00,0x00,0x00,0x00,0x00,0x00,0x00,0x00,0x00,0x00,0x00,
    0x00,0x00,0x00,0x02,0xFF,0xFF,0x01,0x00,0x00,0x00,0x00,0x00,0x00,0x00,0x00,0x00,
    0x00,0x00,0x02,0x00,0x00,0x04,0x00,0x00,0x04,0x00,0x00,0x04,0x00,0x00,0x05,0x00,
    0x00,0x04,0x00,0x00,0x04,0x00,0x00,0x04,0x00,0x00,0x04,0x00,0x00,0x03,0x00,0x00,
    0x03,0x00,0x00,0x02,0x00,0x00,0x02,0x00,0x00,0x02,0x00,0x00,0x01,0x00,0x00,0x01,
    0x00,0x00,0x01,0x00,0x00,0x00,0x00,0x00,0x00,0x00,0x00,0x00,0x00,0x00,0x00,0x00,
    0x00,0x00,0x00,0x00,0x00,0x00,0x00,0x00,0x00,0x00,0x00,0x00,0x00,0x00,0x00,0x00,
    0x00,0xE3,0x18,0x1A,0xAE,0x73,0xC0,0xCE,0x73,0xFF,0x4C,0x63,0xFD,0xAE,0x73,0xFF,
    0xAE,0x73,0xFF,0xAE,0x73,0xFF,0xAE,0x73,0xFF,0xCE,0x73,0xFF,0xCE,0x73,0xFF,0xCE,
    0x73,0xFF,0xEF,0x7B,0xFF,0xEF,0x7B,0xFF,0xEF,0x7B,0xFF,0xEF,0x7B,0xFF,0x0F,0x7C,
    0xFF,0x0F,0x7C,0xFF,0xEF,0x7B,0xFF,0x30,0x84,0xFF,0x30,0x84,0xFF,0x50,0x84,0xFF,
    0x30,0x84,0xFF,0x71,0x8C,0xFF,0x71,0x8C,0xFF,0x71,0x8C,0xFF,0x71,0x8C,0xFF,0x92,
    0x94,0xFF,0xB2,0x94,0xFF,0x91,0x8C,0xFF,0x92,0x94,0xFF,0xB2,0x94,0xFF,0xD2,0x94,
    0xFF,0xD2,0x94,0xFF,0xF3,0x9C,0xFF,0xF3,0x9C,0xFF,0xF3,0x9C,0xFF,0x13,0x9D,0xFF,
    0x34,0xA5,0xFF,0x34,0xA5,0xFF,0x13,0x9D,0xFF,0x34,0xA5,0xFF,0x54,0xA5,0xFF,0x54,
    0xA5,0xFF,0x55,0xAD,0xFF,0x75,0xAD,0xFF,0x95,0xAD,0xFF,0x96,0xB5,0xFF,0x96,0xB5,
    0xFF,0xB6,0xB5,0xFF,0x95,0xAD,0xFF,0xF7,0xBD,0xFF,0xD6,0xB5,0xFF,0xD6,0xB5,0xFF,
    0xF7,0xBD,0xFF,0xF7,0xB5,0xFF,0x17,0xBE,0xFF,0x38,0xC6,0xFF,0x58,0xC6,0xFF,0x99,
    0xCE,0xFF,0xBA,0xCE,0xFF,0xDA,0xD6,0xFF,0xFA,0xD6,0xFF,0xFB,0xDE,0xFF,0xDA,0xD6,
    0xFF,0xBA,0xD6,0xFF,0x99,0xCE,0xFF,0x79,0xCE,0xFF,0x38,0xC6,0xFF,0x58,0xC6,0xFF,
    0x38,0xC6,0xFF,0xF7,0xBD,0xFF,0xF7,0xBD,0xFF,0xD7,0xBD,0xFF,0xF7,0xBD,0xFF,0xD6,
    0xB5,0xFF,0xB6,0xB5,0xFF,0xD6,0xB5,0xFF,0x96,0xB5,0xFF,0x96,0xB5,0xFF,0x95,0xAD,
    0xFF,0x75,0xAD,0xFF,0x75,0xAD,0xFF,0x75,0xAD,0xFF,0x54,0xA5,0xFF,0x75,0xAD,0xFF,
    0x95,0xAD,0xFF,0x34,0xA5,0xFF,0x75,0xAD,0xFF,0x54,0xA5,0xFF,0x34,0xA5,0xFF,0x34,
    0xA5,0xFF,0x34,0xA5,0xFF,0x34,0xA5,0xFF,0x13,0x9D,0xFF,0xF3,0x9C,0xFF,0x13,0x9D,
    0xFF,0xF3,0x9C,0xFF,0xD2,0x94,0xFF,0xF3,0x9C,0xFF,0xD2,0x94,0xFF,0xB2,0x94,0xFF,
    0x91,0x8C,0xFF,0x91,0x8C,0xFF,0x92,0x94,0xFF,0x91,0x8C,0xFF,0x91,0x8C,0xFF,0x71,
    0x8C,0xFF,0x71,0x8C,0xFF,0x71,0x8C,0xFF,0x91,0x8C,0xFF,0x71,0x8C,0xFF,0x30,0x84,
    0xFF,0x30,0x84,0xFE,0xCF,0x7B,0xFD,0x92,0x94,0xFF,0xAE,0x73,0x8F,0x00,0x00,0x03,
    0x00,0x00,0x00,0x00,0x00,0x00,0x00,0x00,0x00,0x00,0x00,0x00,0x00,0x00,0x00,0x00,
    0x00,0x00,0x00,0x00,0x00,0x00,0x00,0x00,0x00,0x00,0x00,0x00,0x00,0x00,0x00,0x00,
    0x00,0x00,0x00,0x01,0x00,0x00,0x01,0x00,0x00,0x01,0x00,0x00,0x01,0x00,0x00,0x01,
    0x00,0x00,0x02,0x00,0x00,0x02,0x00,0x00,0x02,0x00,0x00,0x03,0x00,0x00,0x03,0x00,
    0x00,0x03,0x00,0x00,0x04,0x00,0x00,0x04,0x00,0x00,0x03,0x00,0x00,0x03,0x00,0x00,
    0x03,0x00,0x00,0x04,0x00,0x00,0x01,0x00,0x00,0x00,0x00,0x00,0x00,0xAA,0x52,0x03,
    0x00,0x00,0x00,0x00,0x00,0x00,0x00,0x00,0x00,0x00,0x00,0x00,0x00,0x00,0x00,0x00,
    0x00,0x00,0x00,0x00,0x00,0x00,0x00,0x00,0x00,0x00,0x00,0x00,0x00,0x00,0x00,0x00,
    0x00,0x00,0x00,0x00,0x00,0x00,0x00,0x00,0x00,0x00,0x00,0x00,0x00,0x00,0x00,0x00,
    0x00,0x00,0x00,0x00,0x00,0x00,0x00,0x00,0x00,0x00,0x00,0x00,0x00,0x00,0x00,0x00,
    0x00,0x00,0x00,0x00,0x00,0x00,0x00,0x00,0x00,0x00,0x02,0x00,0x00,0x00,0x00,0x00,
    0x00,0xC7,0x39,0x22,0x49,0x4A,0x53,0x28,0x42,0x8E,0x49,0x4A,0xA7,0x48,0x42,0xAE,
    0x48,0x42,0xB1,0x49,0x4A,0xB2,0x49,0x4A,0xB3,0x49,0x4A,0xB0,0x69,0x4A,0xB1,0x49,
    0x4A,0xAE,0x69,0x4A,0xAE,0x49,0x4A,0xAD,0x69,0x4A,0xA9,0x69,0x4A,0xA8,0x69,0x4A,
    0xA5,0x89,0x4A,0xA3,0x8A,0x52,0xA4,0xAA,0x52,0xA1,0x8A,0x52,0xA1,0xAA,0x52,0xA2,
    0xCA,0x52,0xA0,0xAA,0x52,0x9F,0xCA,0x52,0x9D,0xCB,0x5A,0x9A,0xCB,0x5A,0x9A,0xEB,
    0x5A,0x97,0x0B,0x5B,0x98,0x0C,0x63,0x97,0xCB,0x5A,0x90,0x8D,0x6B,0xCF,0xEF,0x7B,
    0xFF,0x4D,0x6B,0xFC,0x8E,0x73,0xFF,0x6D,0x6B,0xFF,0xAE,0x73,0xFF,0xAE,0x73,0xFF,
    0x8E,0x73,0xFF,0xAE,0x73,0xFF,0xAE,0x73,0xFF,0xAE,0x73,0xFF,0xCF,0x7B,0xFF,0xCF,
    0x7B,0xFF,0xEF,0x7B,0xFF,0xEF,0x7B,0xFF,0xEF,0x7B,0xFF,0x0F,0x7C,0xFF,0xEF,0x7B,
    0xFF,0x10,0x84,0xFF,0x30,0x84,0xFF,0x30,0x84,0xFF,0x30,0x84,0xFF,0x51,0x8C,0xFF,
    0x50,0x84,0xFF,0x51,0x8C,0xFF,0x51,0x8C,0xFF,0x71,0x8C,0xFF,0xB2,0x94,0xFF,0x71,
    0x8C,0xFF,0x92,0x94,0xFF,0xB2,0x94,0xFF,0xB2,0x94,0xFF,0xB2,0x94,0xFF,0xF3,0x9C,
    0xFF,0xD3,0x9C,0xFF,0xD2,0x94,0xFF,0xF3,0x9C,0xFF,0x13,0x9D,0xFF,0x13,0x9D,0xFF,
    0xF3,0x9C,0xFF,0x34,0xA5,0xFF,0x34,0xA5,0xFF,0x34,0xA5,0xFF,0x34,0xA5,0xFF,0x54,
    0xA5,0xFF,0x75,0xAD,0xFF,0x75,0xAD,0xFF,0x75,0xAD,0xFF,0x75,0xAD,0xFF,0x75,0xAD,
    0xFF,0xB6,0xB5,0xFF,0xB6,0xB5,0xFF,0xD6,0xB5,0xFF,0xD7,0xBD,0xFF,0xF7,0xBD,0xFF,
    0x17,0xBE,0xFF,0x38,0xC6,0xFF,0x58,0xC6,0xFF,0x79,0xCE,0xFF,0xBA,0xCE,0xFF,0xBA,
    0xD6,0xFF,0xDA,0xD6,0xFF,0xFA,0xD6,0xFF,0xDA,0xD6,0xFF,0x99,0xCE,0xFF,0x79,0xCE,
    0xFF,0x38,0xC6,0xFF,0x17,0xBE,0xFF,0x17,0xBE,0xFF,0x18,0xC6,0xFF,0xF7,0xBD,0xFF,
    0xD6,0xB5,0xFF,0xB6,0xB5,0xFF,0xD6,0xB5,0xFF,0xB6,0xB5,0xFF,0x96,0xB5,0xFF,0xB6,
    0xB5,0xFF,0x75,0xAD,0xFF,0x75,0xAD,0xFF,0x75,0xAD,0xFF,0x75,0xAD,0xFF,0x55,0xAD,
    0xFF,0x55,0xAD,0xFF,0x54,0xA5,0xFF,0x54,0xA5,0xFF,0x55,0xAD,0xFF,0x34,0xA5,0xFF,
    0x54,0xA5,0xFF,0x54,0xA5,0xFF,0x34,0xA5,0xFF,0x34,0xA5,0xFF,0x13,0x9D,0xFF,0x13,
    0x9D,0xFF,0xF3,0x9C,0xFF,0xD3,0x9C,0xFF,0xF3,0x9C,0xFF,0xD2,0x94,0xFF,0xB2,0x94,
    0xFF,0xB2,0x94,0xFF,0xB2,0x94,0xFF,0x91,0x8C,0xFF,0x71,0x8C,0xFF,0x71,0x8C,0xFF,
    0x91,0x8C,0xFF,0x71,0x8C,0xFF,0x91,0x8C,0xFF,0x51,0x8C,0xFF,0x50,0x84,0xFF,0x51,
    0x8C,0xFF,0x71,0x8C,0xFF,0x50,0x84,0xFF,0x10,0x84,0xFF,0x10,0x84,0xFF,0xEF,0x7B,
    0xFF,0xCE,0x73,0xFE,0x71,0x8C,0xFE,0xCE,0x73,0xBD,0x4D,0x6B,0xA1,0x6D,0x6B,0xA3,
    0x6D,0x6B,0x9F,0x6D,0x6B,0x9D,0x4D,0x6B,0x9D,0x4D,0x6B,0xA1,0x4D,0x6B,0xA2,0x4C,
    0x63,0xA3,0x2C,0x63,0xA4,0x2C,0x63,0xA5,0x2C,0x63,0xA8,0x0C,0x63,0xA9,0x0B,0x5B,
    0xA8,0xEB,0x5A,0xA8,0xCB,0x5A,0xA9,0xCB,0x5A,0xAC,0xCB,0x5A,0xB1,0xCB,0x5A,0xB4,
    0xCB,0x5A,0xB6,0xCA,0x52,0xB7,0xAA,0x52,0xB8,0xAA,0x52,0xBA,0xAA,0x52,0xBC,0xAA,
    0x52,0xBA,0xAA,0x52,0xBA,0xAA,0x52,0xB5,0xAA,0x52,0xB4,0xAA,0x52,0xB4,0x89,0x4A,
    0xA3,0x69,0x4A,0x60,0x82,0x10,0x0F,0x00,0x00,0x00,0xAA,0x52,0x03,0x00,0x00,0x00,
    0x00,0x00,0x00,0x00,0x00,0x00,0x00,0x00,0x00,0x00,0x00,0x00,0x00,0x00,0x00,0x00,
    0x00,0x00,0x00,0x00,0x00,0x00,0x00,0x00,0x00,0x00,0x00,0x00,0x00,0x00,0x00,0x00,
    0x00,0x00,0x00,0x00,0x00,0x00,0x00,0x00,0x00,0x00,0x00,0x00,0x00,0x00,0x00,0x00,
    0x00,0x00,0x00,0x00,0x00,0x00,0x00,0x00,0x00,0x00,0x00,0x00,0x00,0x00,0x00,0xEF,
    0x7B,0x02,0x00,0x00,0x00,0x82,0x10,0x1A,0x89,0x4A,0x80,0x89,0x4A,0xDF,0x89,0x4A,
    0xF9,0x48,0x42,0xFD,0x69,0x4A,0xFF,0x69,0x4A,0xFF,0x69,0x4A,0xFF,0x8A,0x52,0xFF,
    0x89,0x4A,0xFF,0x8A,0x52,0xFF,0xAA,0x52,0xFF,0x8A,0x52,0xFF,0xAA,0x52,0xFF,0xAA,
    0x52,0xFF,0xAA,0x52,0xFF,0xAA,0x52,0xFF,0xAA,0x52,0xFF,0xCA,0x52,0xFF,0xCB,0x5A,
    0xFF,0xCB,0x5A,0xFF,0xEB,0x5A,0xFF,0x0C,0x63,0xFF,0x2C,0x63,0xFF,0x2C,0x63,0xFF,
    0x4D,0x6B,0xFF,0x6D,0x6B,0xFF,0x8D,0x6B,0xFF,0xAE,0x73,0xFF,0xCE,0x73,0xFF,0xAE,
    0x73,0xFF,0xCE,0x73,0xFF,0x8D,0x6B,0xFF,0x2C,0x63,0xFE,0x6D,0x6B,0xFF,0x4C,0x63,
    0xFF,0x6D,0x6B,0xFF,0x6D,0x6B,0xFF,0x8D,0x6B,0xFF,0x8D,0x6B,0xFF,0x8E,0x73,0xFF,
    0x8E,0x73,0xFE,0xAE,0x73,0xFE,0xAE,0x73,0xFE,0xAE,0x73,0xFE,0xCE,0x73,0xFE,0xCE,
    0x73,0xFE,0xCF,0x7B,0xFE,0xEF,0x7B,0xFF,0xCF,0x7B,0xFF,0xEF,0x7B,0xFF,0x0F,0x7C,
    0xFF,0x10,0x84,0xFF,0x10,0x84,0xFE,0x30,0x84,0xFE,0x30,0x84,0xFE,0x30,0x84,0xFE,
    0x30,0x84,0xFE,0x50,0x84,0xFE,0x71,0x8C,0xFE,0x50,0x84,0xFE,0x71,0x8C,0xFE,0x91,
    0x8C,0xFE,0x91,0x8C,0xFE,0x92,0x94,0xFE,0xB2,0x94,0xFE,0xB2,0x94,0xFE,0xB2,0x94,
    0xFE,0xD2,0x94,0xFE,0xF3,0x9C,0xFE,0xD3,0x9C,0xFE,0xD2,0x94,0xFE,0xF3,0x9C,0xFE,
    0x13,0x9D,0xFE,0x13,0x9D,0xFE,0x14,0xA5,0xFE,0x34,0xA5,0xFE,0x54,0xA5,0xFE,0x54,
    0xA5,0xFE,0x54,0xA5,0xFE,0x54,0xA5,0xFE,0x55,0xAD,0xFE,0x96,0xB5,0xFE,0x95,0xAD,
    0xFE,0x96,0xB5,0xFE,0xB6,0xB5,0xFE,0xD6,0xB5,0xFE,0xF7,0xBD,0xFE,0x17,0xBE,0xFE,
    0x17,0xBE,0xFE,0x58,0xC6,0xFE,0x99,0xCE,0xFE,0xBA,0xD6,0xFE,0xDA,0xD6,0xFE,0xDA,
    0xD6,0xFE,0xBA,0xCE,0xFE,0x58,0xC6,0xFE,0x17,0xBE,0xFE,0x17,0xBE,0xFE,0xF7,0xBD,
    0xFE,0xD6,0xB5,0xFE,0xD7,0xBD,0xFE,0xD6,0xB5,0xFE,0x96,0xB5,0xFE,0x95,0xAD,0xFE,
    0xB6,0xB5,0xFE,0x95,0xAD,0xFE,0x75,0xAD,0xFE,0x75,0xAD,0xFE,0x54,0xA5,0xFE,0x55,
    0xAD,0xFE,0x54,0xA5,0xFE,0x54,0xA5,0xFE,0x34,0xA5,0xFE,0x34,0xA5,0xFE,0x13,0x9D,
    0xFE,0x14,0xA5,0xFE,0x34,0xA5,0xFE,0x13,0x9D,0xFE,0x34,0xA5,0xFE,0x13,0x9D,0xFE,
    0xF3,0x9C,0xFE,0xF3,0x9C,0xFE,0xF3,0x9C,0xFE,0xF3,0x9C,0xFE,0xD2,0x94,0xFE,0xB2,
    0x94,0xFE,0xB2,0x94,0xFE,0x92,0x94,0xFE,0x91,0x8C,0xFE,0x91,0x8C,0xFE,0x91,0x8C,
    0xFE,0x71,0x8C,0xFE,0x51,0x8C,0xFE,0x71,0x8C,0xFE,0x71,0x8C,0xFE,0x71,0x8C,0xFF,
    0x71,0x8C,0xFE,0x30,0x84,0xFE,0x30,0x84,0xFE,0x30,0x84,0xFE,0x51,0x8C,0xFE,0x30,
    0x84,0xFE,0xEF,0x7B,0xFE,0xEF,0x7B,0xFE,0xEF,0x7B,0xFE,0xCF,0x7B,0xFE,0xCE,0x73,
    0xFE,0x30,0x84,0xFF,0x50,0x84,0xFF,0x0F,0x7C,0xFF,0x30,0x84,0xFF,0x10,0x84,0xFF,
    0x0F,0x7C,0xFF,0x0F,0x7C,0xFF,0xEF,0x7B,0xFF,0xCF,0x7B,0xFF,0xCE,0x73,0xFF,0xAE,
    0x73,0xFF,0x8E,0x73,0xFF,0x6D,0x6B,0xFF,0x4D,0x6B,0xFF,0x2C,0x63,0xFF,0x2C,0x63,
    0xFF,0x2C,0x63,0xFF,0x2C,0x63,0xFF,0x0C,0x63,0xFF,0x0B,0x5B,0xFF,0x0C,0x63,0xFF,
    0xEB,0x5A,0xFF,0xEB,0x5A,0xFF,0xEB,0x5A,0xFF,0xCA,0x52,0xFF,0xCB,0x5A,0xFF,0xCA,
    0x52,0xFF,0xAA,0x52,0xFF,0xAA,0x52,0xFF,0x89,0x4A,0xF5,0xAA,0x52,0xEB,0x0B,0x5B,
    0xBB,0x48,0x42,0x37,0x00,0x00,0x00,0xFF,0xFF,0x01,0x00,0x00,0x01,0x00,0x00,0x00,
    0x00,0x00,0x00,0x00,0x00,0x00,0x00,0x00,0x00,0x00,0x00,0x00,0x00,0x00,0x00,0x00,
    0x00,0x00,0x00,0x00,0x00,0x00,0x00,0x00,0x00,0x00,0x00,0x00,0x00,0x00,0x00,0x00,
    0x00,0x00,0x00,0x00,0x00,0x00,0x00,0x00,0x00,0x00,0x00,0x00,0x00,0x00,0x00,0x00,
    0x00,0x00,0x00,0x00,0x00,0x00,0xAA,0x52,0x03,0x00,0x00,0x00,0xA6,0x31,0x33,0x69,
    0x4A,0xC4,0x48,0x42,0xFF,0x08,0x42,0xFF,0xE7,0x39,0xFF,0xE7,0x39,0xFE,0xC7,0x39,
    0xF8,0xE7,0x39,0xF8,0x08,0x42,0xFB,0x28,0x42,0xFA,0x28,0x42,0xF7,0x08,0x42,0xF6,
    0x28,0x42,0xF6,0x08,0x42,0xF5,0x28,0x42,0xF7,0x28,0x42,0xF9,0x28,0x42,0xF9,0x49,
    0x4A,0xF8,0x49,0x4A,0xF8,0x69,0x4A,0xF8,0x69,0x4A,0xF8,0x69,0x4A,0xF7,0x69,0x4A,
    0xF8,0x89,0x4A,0xF8,0xAA,0x52,0xF8,0xAA,0x52,0xF9,0xAA,0x52,0xFB,0xCB,0x5A,0xFB,
    0xEB,0x5A,0xFF,0x0C,0x63,0xFF,0x2C,0x63,0xFF,0x0C,0x63,0xFF,0xEB,0x5A,0xFD,0x4D,
    0x6B,0xFE,0x4D,0x6B,0xFE,0x4D,0x6B,0xFE,0x6D,0x6B,0xFE,0x8E,0x73,0xFF,0x8E,0x73,
    0xFF,0xAE,0x73,0xFF,0xAE,0x73,0xFF,0xCE,0x73,0xFF,0xCF,0x7B,0xFF,0xEF,0x7B,0xFF,
    0xEF,0x7B,0xFF,0xEF,0x7B,0xFF,0xEF,0x7B,0xFF,0x0F,0x7C,0xFF,0x0F,0x7C,0xFF,0x10,
    0x84,0xFF,0x0F,0x7C,0xFF,0x30,0x84,0xFF,0x30,0x84,0xFF,0x50,0x84,0xFF,0x50,0x84,
    0xFF,0x71,0x8C,0xFF,0x51,0x8C,0xFF,0x51,0x8C,0xFF,0x51,0x8C,0xFF,0x71,0x8C,0xFF,
    0x92,0x94,0xFF,0x92,0x94,0xFF,0xB2,0x94,0xFF,0xD2,0x94,0xFF,0xD2,0x94,0xFF,0xD3,
    0x9C,0xFF,0xF3,0x9C,0xFF,0xD2,0x94,0xFF,0xD3,0x9C,0xFF,0xF3,0x9C,0xFF,0x14,0xA5,
    0xFF,0x13,0x9D,0xFF,0x13,0x9D,0xFF,0x54,0xA5,0xFF,0x54,0xA5,0xFF,0x55,0xAD,0xFF,
    0x55,0xAD,0xFF,0x75,0xAD,0xFF,0x75,0xAD,0xFF,0x95,0xAD,0xFF,0x95,0xAD,0xFF,0x95,
    0xAD,0xFF,0x96,0xB5,0xFF,0xD6,0xB5,0xFF,0xB6,0xB5,0xFF,0xD7,0xBD,0xFF,0xF7,0xBD,
    0xFF,0x17,0xBE,0xFF,0x18,0xBE,0xFF,0x38,0xC6,0xFF,0x38,0xC6,0xFF,0x59,0xC6,0xFF,
    0x99,0xCE,0xFF,0xDA,0xD6,0xFF,0xFB,0xDE,0xFF,0xFB,0xDE,0xFF,0xDA,0xD6,0xFF,0x79,
    0xCE,0xFF,0x58,0xC6,0xFF,0x38,0xC6,0xFF,0x18,0xC6,0xFF,0xF7,0xBD,0xFF,0x17,0xBE,
    0xFF,0x18,0xC6,0xFF,0xD7,0xBD,0xFF,0xB6,0xB5,0xFF,0xD6,0xB5,0xFF,0xD6,0xB5,0xFF,
    0xB6,0xB5,0xFF,0xB6,0xB5,0xFF,0x95,0xAD,0xFF,0x95,0xAD,0xFF,0x75,0xAD,0xFF,0x75,
    0xAD,0xFF,0x55,0xAD,0xFF,0x55,0xAD,0xFF,0x54,0xA5,0xFF,0x54,0xA5,0xFF,0x55,0xAD,
    0xFF,0x54,0xA5,0xFF,0x54,0xA5,0xFF,0x54,0xA5,0xFF,0x34,0xA5,0xFF,0x34,0xA5,0xFF,
    0x13,0x9D,0xFF,0x13,0x9D,0xFF,0x13,0x9D,0xFF,0xF3,0x9C,0xFF,0xF3,0x9C,0xFF,0xF3,
    0x9C,0xFF,0xD2,0x94,0xFF,0xD2,0x94,0xFF,0xD2,0x94,0xFF,0xB2,0x94,0xFF,0xB2,0x94,
    0xFF,0x91,0x8C,0xFF,0xB2,0x94,0xFF,0x91,0x8C,0xFF,0x91,0x8C,0xFF,0x91,0x8C,0xFF,
    0x71,0x8C,0xFF,0x71,0x8C,0xFF,0x91,0x8C,0xFF,0x71,0x8C,0xFF,0x30,0x84,0xFF,0x10,
    0x84,0xFF,0x10,0x84,0xFF,0x0F,0x7C,0xFF,0x30,0x84,0xFF,0xEF,0x7B,0xFF,0x8D,0x6B,
    0xFF,0xAE,0x73,0xFF,0x8D,0x6B,0xFF,0xAE,0x73,0xFF,0x8E,0x73,0xFF,0x8E,0x73,0xFF,
    0x6D,0x6B,0xFF,0x6D,0x6B,0xFF,0x4D,0x6B,0xFE,0x4D,0x6B,0xFF,0x2C,0x63,0xFF,0x0B,
    0x5B,0xFF,0xEB,0x5A,0xFF,0xCA,0x52,0xFF,0xAA,0x52,0xFF,0xAA,0x52,0xFF,0xAA,0x52,
    0xFF,0x8A,0x52,0xFF,0x8A,0x52,0xFF,0xAA,0x52,0xFF,0x8A,0x52,0xFF,0x89,0x4A,0xFF,
    0x69,0x4A,0xFE,0x49,0x4A,0xFC,0x69,0x4A,0xFD,0x69,0x4A,0xFE,0x49,0x4A,0xFE,0x49,
    0x4A,0xFA,0x08,0x42,0xF0,0x08,0x42,0xE7,0x69,0x4A,0xF3,0x2C,0x63,0xE8,0xAA,0x52,
    0x5B,0x00,0x00,0x00,0x00,0x00,0x00,0x00,0x00,0x01,0x00,0x00,0x00,0x00,0x00,0x00,
    0x00,0x00,0x00,0x00,0x00,0x00,0x00,0x00,0x00,0x00,0x00,0x00,0x00,0x00,0x00,0x00,
    0x00,0x00,0x00,0x00,0x00,0x00,0x00,0x00,0x00,0x00,0x00,0x00,0x00,0x00,0x00,0x00,
    0x00,0x00,0x00,0x00,0x00,0x00,0x00,0x00,0x00,0x00,0x00,0x00,0x00,0x00,0x00,0x01,
    0x00,0x00,0x00,0xE7,0x39,0x2C,0x69,0x4A,0xD2,0x08,0x42,0xFF,0x08,0x42,0xFF,0xE7,
    0x39,0xF1,0xC7,0x39,0xB7,0x45,0x29,0x94,0x24,0x21,0x82,0x45,0x29,0x7E,0x45,0x29,
    0x82,0x65,0x29,0x82,0x45,0x29,0x7D,0x45,0x29,0x78,0x65,0x29,0x74,0x45,0x29,0x72,
    0x65,0x29,0x73,0x65,0x29,0x74,0x45,0x29,0x75,0x65,0x29,0x74,0x65,0x29,0x71,0x85,
    0x29,0x71,0x65,0x29,0x6F,0x86,0x31,0x6D,0x86,0x31,0x6A,0x86,0x31,0x6B,0xA6,0x31,
    0x69,0x86,0x31,0x6C,0xA6,0x31,0x6E,0xC6,0x31,0x6F,0xC7,0x39,0x75,0xE7,0x39,0x77,
    0xE7,0x39,0x77,0xC6,0x31,0x73,0x08,0x42,0x6C,0xC7,0x39,0x69,0xC7,0x39,0x68,0xE7,
    0x39,0x69,0x08,0x42,0x6C,0x07,0x3A,0x6D,0xE7,0x39,0x6F,0x08,0x42,0x70,0x08,0x42,
    0x6F,0x08,0x42,0x72,0x08,0x42,0x77,0x08,0x42,0x7A,0x08,0x42,0x7C,0x28,0x42,0x7B,
    0x08,0x42,0x7B,0x28,0x42,0x7A,0x28,0x42,0x75,0x28,0x42,0x72,0x28,0x42,0x70,0x49,
    0x4A,0x6F,0x48,0x42,0x6F,0x49,0x4A,0x71,0x49,0x4A,0x75,0x49,0x4A,0x80,0x48,0x42,
    0x89,0x28,0x42,0x8C,0x48,0x42,0x8E,0x48,0x42,0x90,0x69,0x4A,0x8E,0x69,0x4A,0x8D,
    0x69,0x4A,0x8D,0x89,0x4A,0x8C,0x89,0x4A,0x8D,0x89,0x4A,0x8D,0x8A,0x52,0x8C,0x89,
    0x4A,0x89,0x8A,0x52,0x84,0x89,0x4A,0x80,0xAA,0x52,0x7E,0xAA,0x52,0x7A,0xAA,0x52,
    0x7C,0xCB,0x5A,0x7A,0xCB,0x5A,0x7C,0xCB,0x5A,0x7D,0xCB,0x5A,0x7E,0xCB,0x5A,0x7D,
    0xCB,0x5A,0x7E,0xCB,0x5A,0x7D,0xCA,0x52,0x7C,0xCB,0x5A,0x78,0xCB,0x5A,0x78,0xEB,
    0x5A,0x78,0xCB,0x5A,0x79,0xEB,0x5A,0x7B,0x0C,0x63,0x7A,0xEB,0x5A,0x79,0xEB,0x5A,
    0x7E,0x0C,0x63,0x80,0x0C,0x63,0x82,0x0C,0x63,0x84,0x0C,0x63,0x88,0x2C,0x63,0x8C,
    0x4D,0x6B,0x92,0x4D,0x6B,0x93,0x4C,0x63,0x8F,0x2C,0x63,0x88,0x0C,0x63,0x87,0xEB,
    0x5A,0x88,0x0C,0x63,0x89,0xEB,0x5A,0x8E,0x0B,0x5B,0x93,0x0C,0x63,0x97,0xEB,0x5A,
    0x9A,0xEB,0x5A,0x9D,0xEB,0x5A,0x9D,0xEB,0x5A,0x9A,0xEB,0x5A,0x96,0x0B,0x5B,0x93,
    0xEB,0x5A,0x8D,0x0B,0x5B,0x87,0x0B,0x5B,0x82,0x0C,0x63,0x7E,0x0B,0x5B,0x7C,0x0B,
    0x5B,0x7A,0xEB,0x5A,0x78,0x0C,0x63,0x79,0xEB,0x5A,0x7B,0xEB,0x5A,0x7E,0xEB,0x5A,
    0x7E,0xEB,0x5A,0x7F,0xEB,0x5A,0x81,0xCB,0x5A,0x80,0xCB,0x5A,0x7F,0xAA,0x52,0x80,
    0xAA,0x52,0x7F,0xAA,0x52,0x7E,0xCB,0x5A,0x80,0xCB,0x5A,0x7E,0xAA,0x52,0x7C,0xAA,
    0x52,0x7C,0xAA,0x52,0x7C,0xAA,0x52,0x7E,0xCB,0x5A,0x7B,0xAA,0x52,0x77,0xAA,0x52,
    0x76,0xAA,0x52,0x75,0xAA,0x52,0x78,0xAA,0x52,0x79,0xAA,0x52,0x7A,0xAA,0x52,0x7B,
    0xAA,0x52,0x7C,0x89,0x4A,0x7B,0x69,0x4A,0x7C,0x69,0x4A,0x7E,0x49,0x4A,0x80,0x69,
    0x4A,0x7E,0x48,0x42,0x7F,0x49,0x4A,0x7C,0x49,0x4A,0x7C,0x48,0x42,0x7E,0x49,0x4A,
    0x7D,0x28,0x42,0x7C,0x48,0x42,0x7A,0x48,0x42,0x79,0x28,0x42,0x78,0x28,0x42,0x7A,
    0x08,0x42,0x77,0x08,0x42,0x78,0xE7,0x39,0x7A,0xE7,0x39,0x7B,0xC7,0x39,0x7D,0xA6,
    0x31,0x82,0xA6,0x31,0x85,0xA6,0x31,0x88,0xA6,0x31,0x86,0x86,0x31,0x83,0x86,0x31,
    0x81,0x86,0x31,0x80,0x86,0x31,0x7F,0x86,0x31,0x7D,0x65,0x29,0x78,0x85,0x29,0x77,
    0x85,0x29,0x76,0x85,0x29,0x7B,0x65,0x29,0x7F,0x65,0x29,0x77,0x65,0x29,0x8E,0x28,
    0x42,0xE0,0x28,0x42,0xEE,0x08,0x42,0xF9,0xEB,0x5A,0xFA,0xAA,0x52,0x80,0x00,0x00,
    0x05,0x00,0x00,0x00,0x00,0x00,0x01,0x00,0x00,0x00,0x00,0x00,0x00,0x00,0x00,0x00,
    0x00,0x00,0x00,0x00,0x00,0x00,0x00,0x00,0x00,0x00,0x00,0x00,0x00,0x00,0x00,0x00,
    0x00,0x00,0x00,0x00,0x00,0x00,0x00,0x00,0x00,0x00,0x00,0x00,0x00,0x00,0x00,0x00,
    0x00,0x00,0x00,0x00,0x00,0x00,0x01,0x00,0x00,0x01,0x61,0x08,0x11,0x28,0x42,0xBA,
    0x08,0x42,0xFB,0xE7,0x39,0xF5,0xE7,0x39,0xC7,0x24,0x21,0x65,0x00,0x00,0x1B,0x00,
    0x00,0x05,0x00,0x00,0x0A,0x00,0x00,0x0B,0x00,0x00,0x0E,0x00,0x00,0x0E,0x00,0x00,
    0x0A,0x00,0x00,0x07,0x00,0x00,0x04,0x00,0x00,0x04,0x00,0x00,0x03,0x00,0x00,0x02,
    0x00,0x00,0x00,0x00,0x00,0x00,0x00,0x00,0x00,0x00,0x00,0x00,0x00,0x00,0x00,0x00,
    0x00,0x00,0x00,0x00,0x00,0x00,0x00,0x00,0x00,0x00,0x00,0x00,0x00,0x00,0x00,0x00,
    0x00,0x00,0x00,0x00,0x00,0x00,0x00,0x00,0x00,0x00,0x00,0x00,0x00,0x00,0x00,0x00,
    0x00,0x00,0x00,0x00,0x00,0x00,0x00,0x00,0x00,0x00,0x00,0x00,0x00,0x00,0x00,0x00,
    0x00,0x00,0x00,0x00,0x00,0x00,0x00,0x00,0x00,0x00,0x00,0x00,0x00,0x00,0x00,0x00,
    0x00,0x00,0x00,0x00,0x00,0x00,0x00,0x00,0x00,0x00,0x00,0x00,0x00,0x00,0x00,0x00,
    0x00,0x00,0x00,0x00,0x00,0x00,0x00,0x00,0x00,0x00,0x00,0x00,0x00,0x00,0x00,0x00,
    0x00,0x00,0x00,0x00,0x00,0x00,0x00,0x00,0x00,0x00,0x00,0x00,0x00,0x00,0x00,0x00,
    0x00,0x00,0x00,0x00,0x00,0x00,0x00,0x00,0x00,0x00,0x00,0x00,0x00,0x00,0x00,0x00,
    0x00,0x00,0x00,0x00,0x00,0x00,0x00,0x00,0x00,0x00,0x00,0x00,0x00,0x00,0x00,0x00,
    0x00,0x00,0x00,0x00,0x00,0x00,0x00,0x00,0x00,0x00,0x00,0x00,0x00,0x00,0x00,0x00,
    0x00,0x00,0x00,0x00,0x00,0x00,0x00,0x00,0x00,0x00,0x00,0x00,0x00,0x00,0x00,0x00,
    0x00,0x00,0x00,0x00,0x00,0x00,0x00,0x00,0x00,0x00,0x00,0x00,0x00,0x00,0x00,0x00,
    0x00,0x00,0x00,0x00,0x00,0x00,0x00,0x00,0x00,0x00,0x00,0x00,0x00,0x00,0x00,0x00,
    0x00,0x00,0x00,0x00,0x00,0x00,0x00,0x00,0x00,0x00,0x00,0x00,0x00,0x00,0x00,0x00,
    0x00,0x00,0x00,0x00,0x00,0x00,0x00,0x00,0x00,0x00,0x00,0x00,0x00,0x00,0x00,0x00,
    0x00,0x00,0x00,0x00,0x00,0x00,0x00,0x00,0x00,0x00,0x00,0x00,0x00,0x00,0x00,0x00,
    0x00,0x00,0x00,0x00,0x00,0x00,0x00,0x00,0x00,0x00,0x00,0x00,0x00,0x00,0x00,0x00,
    0x00,0x00,0x00,0x00,0x00,0x00,0x00,0x00,0x00,0x00,0x00,0x00,0x00,0x00,0x00,0x00,
    0x00,0x00,0x00,0x00,0x00,0x00,0x00,0x00,0x00,0x00,0x00,0x00,0x00,0x00,0x00,0x00,
    0x00,0x00,0x00,0x00,0x00,0x00,0x00,0x00,0x00,0x00,0x00,0x00,0x00,0x00,0x00,0x00,
    0x00,0x00,0x00,0x00,0x00,0x00,0x00,0x00,0x00,0x00,0x00,0x00,0x00,0x00,0x00,0x00,
    0x00,0x00,0x00,0x00,0x00,0x00,0x00,0x00,0x00,0x00,0x00,0x00,0x00,0x00,0x00,0x00,
    0x00,0x00,0x00,0x00,0x00,0x00,0x00,0x00,0x00,0x00,0x00,0x00,0x00,0x00,0x00,0x00,
    0x00,0x00,0x00,0x00,0x00,0x00,0x00,0x00,0x00,0x00,0x00,0x00,0x00,0x00,0x00,0x00,
    0x00,0x00,0x00,0x00,0x00,0x00,0x00,0x00,0x00,0x00,0x00,0x00,0x00,0x00,0x00,0x00,
    0x00,0x00,0x00,0x00,0x00,0x00,0x00,0x00,0x00,0x00,0x00,0x00,0x00,0x00,0x00,0x00,
    0x00,0x00,0x00,0x00,0x00,0x00,0x00,0x00,0x00,0x00,0x00,0x00,0x00,0x00,0x00,0x00,
    0x00,0x04,0x00,0x00,0x06,0x00,0x00,0x05,0x00,0x00,0x05,0x00,0x00,0x06,0x00,0x00,
    0x05,0x00,0x00,0x07,0x00,0x00,0x08,0x00,0x00,0x08,0x00,0x00,0x07,0x00,0x00,0x07,
    0x00,0x00,0x07,0x00,0x00,0x00,0x00,0x00,0x00,0x45,0x29,0x52,0xE7,0x39,0xC2,0x28,
    0x42,0xEF,0x08,0x42,0xFD,0xCA,0x52,0xFF,0x69,0x4A,0x98,0x00,0x00,0x0C,0xFF,0xFF,
    0x01,0xEF,0x7B,0x02,0x00,0x00,0x00,0x00,0x00,0x00,0x00,0x00,0x00,0x00,0x00,0x00,
    0x00,0x00,0x00,0x00,0x00,0x00,0x00,0x00,0x00,0x00,0x00,0x00,0x00,0x00,0x00,0x00,
    0x00,0x00,0x00,0x00,0x00,0x00,0x00,0x00,0x00,0x00,0x00,0x00,0x00,0x00,0xAA,0x52,
    0x03,0x00,0x00,0x00,0x07,0x3A,0x71,0x08,0x42,0xF3,0x08,0x42,0xF4,0xE7,0x39,0xB2,
    0x41,0x08,0x2F,0x00,0x00,0x00,0xE3,0x18,0x42,0xAA,0x52,0xAA,0xEB,0x5A,0xB9,0xCB,
    0x5A,0xBA,0xAA,0x52,0xBE,0xAA,0x52,0xBF,0xAA,0x52,0xBE,0xAA,0x52,0xBB,0xCA,0x52,
    0xBA,0xCB,0x5A,0xBA,0xCB,0x5A,0xB8,0xCB,0x5A,0xB7,0xCB,0x5A,0xB5,0xEB,0x5A,0xB2,
    0xCB,0x5A,0xB1,0xEB,0x5A,0xAF,0xEB,0x5A,0xB0,0x0C,0x63,0xAE,0x0B,0x5B,0xAD,0x0C,
    0x63,0xAD,0xEB,0x5A,0xB0,0x2C,0x63,0xB1,0x2C,0x63,0xB0,0x2C,0x63,0xB0,0x4D,0x6B,
    0xB2,0x6D,0x6B,0xB4,0x6D,0x6B,0xB4,0x6D,0x6B,0xB0,0x8D,0x6B,0xAE,0x6D,0x6B,0xAD,
    0xAE,0x73,0xAE,0xAE,0x73,0xAF,0xCE,0x73,0xB1,0xAE,0x73,0xB2,0xAE,0x73,0xB1,0xCE,
    0x73,0xB1,0xCF,0x7B,0xB0,0xEF,0x7B,0xB0,0xCF,0x7B,0xAF,0xEF,0x7B,0xAE,0xEF,0x7B,
    0xB0,0xEF,0x7B,0xB0,0xEF,0x7B,0xAE,0x10,0x84,0xAD,0xEF,0x7B,0xAD,0x30,0x84,0xAF,
    0x10,0x84,0xAF,0x10,0x84,0xB1,0x30,0x84,0xB1,0x30,0x84,0xB1,0x10,0x84,0xB2,0x30,
    0x84,0xB2,0x10,0x84,0xB0,0x0F,0x7C,0xAF,0xEF,0x7B,0xAF,0x30,0x84,0xAF,0x10,0x84,
    0xAE,0x30,0x84,0xB1,0x71,0x8C,0xB0,0x51,0x8C,0xAF,0x71,0x8C,0xAF,0x51,0x8C,0xAD,
    0x51,0x8C,0xAE,0x51,0x8C,0xAC,0x50,0x84,0xAB,0x51,0x8C,0xAB,0x71,0x8C,0xAD,0x71,
    0x8C,0xAD,0xB2,0x94,0xAD,0xB2,0x94,0xAF,0x92,0x94,0xB0,0xB2,0x94,0xAF,0xB2,0x94,
    0xAD,0xB2,0x94,0xAC,0xD3,0x9C,0xAC,0xB2,0x94,0xAA,0xB2,0x94,0xAA,0xB2,0x94,0xAB,
    0xD3,0x9C,0xAC,0xD2,0x94,0xAA,0xD2,0x94,0xA8,0xD3,0x9C,0xAA,0xB2,0x94,0xA8,0xF3,
    0x9C,0xA9,0xF3,0x9C,0xAC,0x14,0xA5,0xAE,0x34,0xA5,0xAE,0x34,0xA5,0xAD,0x34,0xA5,
    0xAB,0x34,0xA5,0xAB,0x14,0xA5,0xAB,0x34,0xA5,0xAB,0x34,0xA5,0xA9,0x13,0x9D,0xA8,
    0x14,0xA5,0xAA,0xF3,0x9C,0xAD,0xD3,0x9C,0xB2,0xB2,0x94,0xB5,0xB2,0x94,0xB8,0xB2,
    0x94,0xB8,0xB2,0x94,0xB8,0xB2,0x94,0xB6,0xB2,0x94,0xB4,0xB2,0x94,0xB2,0x92,0x94,
    0xB0,0xB2,0x94,0xAD,0x92,0x94,0xAB,0x91,0x8C,0xAC,0xB2,0x94,0xAC,0xB2,0x94,0xAD,
    0xB2,0x94,0xAC,0xB2,0x94,0xAE,0xB2,0x94,0xB0,0xB2,0x94,0xAF,0x71,0x8C,0xAD,0xB2,
    0x94,0xAD,0x91,0x8C,0xAA,0x71,0x8C,0xAA,0x91,0x8C,0xA8,0x71,0x8C,0xA7,0x91,0x8C,
    0xA8,0x51,0x8C,0xA9,0x50,0x84,0xAA,0x51,0x8C,0xAB,0x50,0x84,0xA9,0x50,0x84,0xAA,
    0x30,0x84,0xAB,0x51,0x8C,0xAB,0x30,0x84,0xA9,0x51,0x8C,0xAA,0x30,0x84,0xA9,0x30,
    0x84,0xAA,0x30,0x84,0xAB,0x30,0x84,0xAC,0x30,0x84,0xAD,0x30,0x84,0xAF,0x10,0x84,
    0xAF,0xEF,0x7B,0xAE,0x0F,0x7C,0xAE,0xEF,0x7B,0xAD,0xCF,0x7B,0xAF,0xAE,0x73,0xB0,
    0xCE,0x73,0xAF,0xCF,0x7B,0xB0,0xCE,0x73,0xAF,0xCE,0x73,0xB0,0xEF,0x7B,0xB0,0xCF,
    0x7B,0xB0,0xAE,0x73,0xB0,0xAE,0x73,0xB0,0xAE,0x73,0xB1,0x8E,0x73,0xB0,0xAE,0x73,
    0xAF,0x8D,0x6B,0xB1,0x6D,0x6B,0xB1,0x6D,0x6B,0xB2,0x4D,0x6B,0xB4,0x2C,0x63,0xB4,
    0x2C,0x63,0xB6,0x2C,0x63,0xB8,0x4C,0x63,0xB9,0x4D,0x6B,0xBD,0x0C,0x63,0xBB,0xEB,
    0x5A,0xBA,0xEB,0x5A,0xB8,0xEB,0x5A,0xBB,0x0C,0x63,0xBD,0xEB,0x5A,0xBD,0xCB,0x5A,
    0xBB,0xEB,0x5A,0xBD,0xAA,0x52,0xBD,0xAA,0x52,0xB8,0xAA,0x52,0xB2,0xCB,0x5A,0xB9,
    0xE7,0x39,0x67,0x00,0x00,0x00,0xA2,0x10,0x29,0xE7,0x39,0xAD,0x28,0x42,0xF1,0xE7,
    0x39,0xFC,0xAA,0x52,0xFF,0x69,0x4A,0x98,0x00,0x00,0x05,0xEF,0x7B,0x02,0x00,0x00,
    0x01,0x00,0x00,0x00,0x00,0x00,0x00,0x00,0x00,0x00,0x00,0x00,0x00,0x00,0x00,0x00,
    0x00,0x00,0x00,0x00,0x00,0x00,0x00,0x00,0x00,0x00,0x00,0x00,0x00,0x00,0x00,0x00,
    0x00,0x00,0x00,0x00,0x00,0x00,0x00,0x02,0x00,0x00,0x00,0xA2,0x10,0x18,0x28,0x42,
    0xBC,0x28,0x42,0xFF,0xE7,0x39,0xD6,0xC3,0x18,0x38,0x00,0x00,0x00,0xA6,0x31,0x63,
    0xAA,0x52,0xE4,0x49,0x4A,0xEC,0x48,0x42,0xF7,0x69,0x4A,0xFF,0x69,0x4A,0xFF,0x49,
    0x4A,0xFF,0x49,0x4A,0xFF,0x48,0x42,0xFF,0x49,0x4A,0xFF,0x69,0x4A,0xFF,0x69,0x4A,
    0xFF,0x89,0x4A,0xFE,0x69,0x4A,0xFC,0x89,0x4A,0xF9,0x89,0x4A,0xF5,0x89,0x4A,0xFE,
    0xAA,0x52,0xFF,0xAA,0x52,0xFF,0xAA,0x52,0xFF,0xEB,0x5A,0xFF,0xEB,0x5A,0xFF,0xEB,
    0x5A,0xFF,0xEB,0x5A,0xFF,0xEB,0x5A,0xFF,0x0C,0x63,0xFF,0x4D,0x6B,0xFF,0x4C,0x63,
    0xFF,0x4C,0x63,0xFF,0x4D,0x6B,0xFF,0x6D,0x6B,0xFF,0x6D,0x6B,0xFF,0x6D,0x6B,0xFF,
    0x6D,0x6B,0xFF,0x6D,0x6B,0xFF,0xAE,0x73,0xFF,0xAE,0x73,0xFF,0xCE,0x73,0xFF,0xCF,
    0x7B,0xFF,0x0F,0x7C,0xFF,0x0F,0x7C,0xFF,0x0F,0x7C,0xFF,0x30,0x84,0xFF,0xEF,0x7B,
    0xFF,0x30,0x84,0xFF,0x50,0x84,0xFF,0x50,0x84,0xFF,0x51,0x8C,0xFF,0x71,0x8C,0xFF,
    0x71,0x8C,0xFF,0x71,0x8C,0xFF,0x51,0x8C,0xFF,0x91,0x8C,0xFF,0xB2,0x94,0xFF,0xD2,
    0x94,0xFF,0x71,0x8C,0xFF,0xB2,0x94,0xFF,0xF3,0x9C,0xFF,0xD2,0x94,0xFF,0xD2,0x94,
    0xFF,0xF3,0x9C,0xFF,0x34,0xA5,0xFF,0x54,0xA5,0xFF,0x34,0xA5,0xFF,0x55,0xAD,0xFF,
    0x54,0xA5,0xFF,0x34,0xA5,0xFF,0x34,0xA5,0xFF,0x34,0xA5,0xFF,0x75,0xAD,0xFF,0x75,
    0xAD,0xFF,0x75,0xAD,0xFF,0x75,0xAD,0xFF,0x75,0xAD,0xFF,0x55,0xAD,0xFF,0x96,0xB5,
    0xFF,0x96,0xB5,0xFF,0xF7,0xBD,0xFF,0x17,0xBE,0xFF,0xF7,0xBD,0xFF,0x17,0xBE,0xFF,
    0x17,0xBE,0xFF,0xB6,0xB5,0xFF,0xF7,0xBD,0xFF,0xF7,0xBD,0xFF,0x17,0xBE,0xFF,0x38,
    0xC6,0xFF,0x58,0xC6,0xFF,0x58,0xC6,0xFF,0x59,0xCE,0xFF,0x9A,0xD6,0xFF,0x99,0xCE,
    0xFF,0xBA,0xD6,0xFF,0x9A,0xD6,0xFF,0x59,0xCE,0xFF,0x58,0xC6,0xFF,0x17,0xBE,0xFF,
    0xF7,0xBD,0xFF,0xB6,0xB5,0xFF,0xB6,0xB5,0xFF,0xD6,0xB5,0xFF,0xB6,0xB5,0xFF,0xD6,
    0xB5,0xFF,0xD6,0xB5,0xFF,0xB6,0xB5,0xFF,0xD6,0xB5,0xFF,0xB6,0xB5,0xFF,0xB6,0xB5,
    0xFF,0x75,0xAD,0xFF,0x75,0xAD,0xFF,0x75,0xAD,0xFF,0x54,0xA5,0xFF,0x75,0xAD,0xFF,
    0x75,0xAD,0xFF,0x54,0xA5,0xFF,0x54,0xA5,0xFF,0x54,0xA5,0xFF,0x34,0xA5,0xFF,0x14,
    0xA5,0xFF,0x13,0x9D,0xFF,0xF3,0x9C,0xFF,0x13,0x9D,0xFF,0x13,0x9D,0xFF,0xF3,0x9C,
    0xFF,0xF3,0x9C,0xFF,0xD3,0x9C,0xFF,0xF3,0x9C,0xFF,0xB2,0x94,0xFF,0xB2,0x94,0xFF,
    0xB2,0x94,0xFF,0x91,0x8C,0xFF,0xB2,0x94,0xFF,0xD2,0x94,0xFF,0xB2,0x94,0xFF,0xB2,
    0x94,0xFF,0x91,0x8C,0xFF,0x71,0x8C,0xFF,0x51,0x8C,0xFF,0x51,0x8C,0xFF,0x51,0x8C,
    0xFF,0x0F,0x7C,0xFF,0xEF,0x7B,0xFF,0x30,0x84,0xFF,0xEF,0x7B,0xFF,0xCF,0x7B,0xFF,
    0xEF,0x7B,0xFF,0x0F,0x7C,0xFF,0xCF,0x7B,0xFF,0x8E,0x73,0xFF,0xCE,0x73,0xFF,0xAE,
    0x73,0xFF,0xAE,0x73,0xFF,0x6D,0x6B,0xFF,0x4D,0x6B,0xFF,0x2C,0x63,0xFE,0x0C,0x63,
    0xFF,0x2C,0x63,0xFF,0x0C,0x63,0xFF,0xEB,0x5A,0xFF,0x0C,0x63,0xFF,0x0C,0x63,0xFF,
    0xEB,0x5A,0xFF,0xEB,0x5A,0xFF,0xCB,0x5A,0xFE,0xAA,0x52,0xFA,0xAA,0x52,0xFB,0xAA,
    0x52,0xFF,0xAA,0x52,0xFF,0x89,0x4A,0xFE,0x69,0x4A,0xF6,0x69,0x4A,0xF8,0x49,0x4A,
    0xFA,0x69,0x4A,0xF1,0x28,0x42,0xE9,0x69,0x4A,0xE8,0xEB,0x5A,0xF8,0xAA,0x52,0x89,
    0x00,0x00,0x02,0x41,0x08,0x18,0xC7,0x39,0x9C,0x28,0x42,0xF4,0xC7,0x39,0xFE,0xAA,
    0x52,0xFF,0x69,0x4A,0x6E,0x00,0x00,0x00,0xFF,0xFF,0x01,0x00,0x00,0x00,0x00,0x00,
    0x00,0x00,0x00,0x00,0x00,0x00,0x00,0x00,0x00,0x00,0x00,0x00,0x00,0x00,0x00,0x00,
    0x00,0x00,0x00,0x00,0x00,0x00,0x00,0x00,0x00,0x00,0x00,0x00,0x00,0x00,0x00,0xAA,
    0x52,0x03,0x00,0x00,0x00,0x86,0x31,0x44,0x07,0x3A,0xE5,0x08,0x42,0xFF,0x07,0x3A,
    0xA3,0x00,0x00,0x03,0x44,0x21,0x3E,0x69,0x4A,0xE2,0x28,0x42,0xD8,0xE7,0x39,0xCA,
    0xE7,0x39,0xD4,0xE7,0x39,0xDF,0x07,0x3A,0xDF,0xE7,0x39,0xDD,0xE7,0x39,0xD7,0xE7,
    0x39,0xD4,0xE7,0x39,0xD6,0x07,0x3A,0xD3,0x08,0x42,0xD3,0x08,0x42,0xCF,0x08,0x42,
    0xCB,0x08,0x42,0xCF,0x28,0x42,0xDF,0x48,0x42,0xF1,0x8A,0x52,0xF7,0x69,0x4A,0xE0,
    0x69,0x4A,0xDF,0x89,0x4A,0xE7,0x89,0x4A,0xE1,0x89,0x4A,0xDF,0x69,0x4A,0xDD,0x69,
    0x4A,0xDD,0x8A,0x52,0xE2,0xAA,0x52,0xE9,0xAA,0x52,0xE5,0xCA,0x52,0xE5,0xEB,0x5A,
    0xF8,0x2C,0x63,0xFD,0xEB,0x5A,0xFC,0x2C,0x63,0xFC,0x2C,0x63,0xFC,0x2C,0x63,0xFC,
    0x4C,0x63,0xFC,0x6D,0x6B,0xFC,0x0C,0x63,0xFC,0x8D,0x6B,0xFC,0xAE,0x73,0xF6,0x2C,
    0x63,0xD5,0x2C,0x63,0xD6,0x4C,0x63,0xDC,0x4C,0x63,0xD9,0x6D,0x6B,0xD3,0x8E,0x73,
    0xE0,0x10,0x84,0xFB,0xEF,0x7B,0xFD,0x0F,0x7C,0xFD,0x10,0x84,0xFD,0x10,0x84,0xFD,
    0x10,0x84,0xFD,0x71,0x8C,0xFD,0xCF,0x7B,0xE3,0xAE,0x73,0xD0,0xAE,0x73,0xD6,0xCF,
    0x7B,0xD6,0xCF,0x7B,0xD1,0x71,0x8C,0xF0,0xB2,0x94,0xFD,0xD3,0x9C,0xFD,0xD3,0x9C,
    0xF3,0x30,0x84,0xD5,0x30,0x84,0xDA,0x30,0x84,0xDC,0x30,0x84,0xD4,0x30,0x84,0xE0,
    0xF3,0x9C,0xFD,0x13,0x9D,0xFD,0x13,0x9D,0xFC,0x34,0xA5,0xFD,0x54,0xA5,0xFD,0x14,
    0xA5,0xFD,0x54,0xA5,0xFD,0x34,0xA5,0xFC,0x95,0xAD,0xFD,0x54,0xA5,0xEB,0xD2,0x94,
    0xD2,0xF3,0x9C,0xDA,0xF3,0x9C,0xDA,0xF3,0x9C,0xD1,0x34,0xA5,0xDA,0xF7,0xBD,0xFB,
    0x96,0xB5,0xFD,0xD6,0xB5,0xFD,0x17,0xBE,0xFD,0xF7,0xBD,0xFD,0x38,0xC6,0xFD,0x59,
    0xCE,0xFD,0x99,0xCE,0xF6,0xB6,0xB5,0xD9,0x96,0xB5,0xDC,0xD7,0xBD,0xE2,0xB6,0xB5,
    0xDC,0x96,0xB5,0xE1,0x38,0xC6,0xFA,0xF7,0xBD,0xFD,0xB6,0xB5,0xFD,0x96,0xB5,0xFD,
    0x75,0xAD,0xFD,0x75,0xAD,0xFD,0x55,0xAD,0xFD,0x54,0xA5,0xF0,0xB2,0x94,0xD7,0xD3,
    0x9C,0xD9,0xD2,0x94,0xDD,0xD2,0x94,0xDE,0xB2,0x94,0xD8,0xD2,0x94,0xEC,0x54,0xA5,
    0xFC,0x34,0xA5,0xFD,0x34,0xA5,0xFD,0x13,0x9D,0xFD,0x34,0xA5,0xFD,0x13,0x9D,0xFD,
    0xF3,0x9C,0xFD,0x13,0x9D,0xFC,0x14,0xA5,0xFE,0xD2,0x94,0xEF,0x71,0x8C,0xD7,0x51,
    0x8C,0xD5,0x51,0x8C,0xDA,0x51,0x8C,0xDC,0x30,0x84,0xDF,0x30,0x84,0xE6,0x30,0x84,
    0xE9,0x30,0x84,0xE9,0x0F,0x7C,0xEA,0x91,0x8C,0xF9,0x50,0x84,0xFD,0x71,0x8C,0xFD,
    0x30,0x84,0xF3,0xCF,0x7B,0xED,0xEF,0x7B,0xF0,0xCF,0x7B,0xED,0xAE,0x73,0xE7,0xAE,
    0x73,0xE7,0x8D,0x6B,0xE4,0x8D,0x6B,0xE6,0x6D,0x6B,0xEA,0x6D,0x6B,0xEB,0x4D,0x6B,
    0xF1,0x6D,0x6B,0xEF,0x2C,0x63,0xF0,0xCE,0x73,0xFB,0xAE,0x73,0xFD,0xAE,0x73,0xFA,
    0x4D,0x6B,0xF3,0x2C,0x63,0xED,0x4D,0x6B,0xF3,0x2C,0x63,0xF1,0x0C,0x63,0xE8,0xEB,
    0x5A,0xDD,0xCB,0x5A,0xD7,0xAA,0x52,0xD5,0xAA,0x52,0xD8,0xAA,0x52,0xDC,0xAA,0x52,
    0xDE,0x89,0x4A,0xE0,0xAA,0x52,0xF3,0x0B,0x5B,0xFC,0xAA,0x52,0xF9,0xAA,0x52,0xF9,
    0x8A,0x52,0xF0,0x69,0x4A,0xEA,0x69,0x4A,0xE7,0x49,0x4A,0xE6,0x49,0x4A,0xE2,0x28,
    0x42,0xD5,0x28,0x42,0xCE,0x28,0x42,0xD0,0x07,0x3A,0xCC,0xE7,0x39,0xC5,0xE7,0x39,
    0xC6,0x28,0x42,0xCF,0x08,0x42,0xCA,0xCA,0x52,0xEA,0xAA,0x52,0x9D,0x00,0x00,0x0C,
    0x00,0x00,0x12,0x86,0x31,0x9B,0x28,0x42,0xF9,0x28,0x42,0xFF,0xAA,0x52,0xD9,0x04,
    0x21,0x16,0x00,0x00,0x00,0x00,0x00,0x01,0x00,0x00,0x00,0x00,0x00,0x00,0x00,0x00,
    0x00,0x00,0x00,0x00,0x00,0x00,0x00,0x00,0x00,0x00,0x00,0x00,0x00,0x00,0x00,0x00,
    0x00,0x00,0x00,0x00,0x00,0x00,0x00,0x00,0x00,0xAA,0x52,0x03,0x00,0x00,0x00,0xA6,
    0x31,0x52,0xE7,0x39,0xEB,0x08,0x42,0xFF,0x28,0x42,0x98,0x00,0x00,0x00,0x65,0x29,
    0x8D,0x28,0x42,0xEC,0x08,0x42,0xE0,0xE7,0x39,0xA5,0x44,0x21,0x37,0x24,0x21,0x3D,
    0x24,0x21,0x37,0x24,0x21,0x33,0x24,0x21,0x30,0x24,0x21,0x2E,0x44,0x21,0x2B,0x24,
    0x21,0x29,0x45,0x29,0x29,0x65,0x29,0x25,0x65,0x29,0x25,0x24,0x21,0x26,0xA6,0x31,
    0x90,0x89,0x4A,0xF7,0xAA,0x52,0xEC,0xA6,0x31,0x56,0xC7,0x39,0x2B,0xA6,0x31,0x32,
    0xA6,0x31,0x2D,0xC6,0x31,0x2C,0xC7,0x39,0x2B,0xA6,0x31,0x2B,0xC6,0x31,0x2C,0xC7,
    0x39,0x30,0xC7,0x39,0x2E,0xA6,0x31,0x2E,0xC7,0x39,0x58,0xCB,0x5A,0xCF,0x4D,0x6B,
    0xFF,0x0C,0x63,0xFE,0x2C,0x63,0xFF,0x2C,0x63,0xFF,0x2C,0x63,0xFF,0x6D,0x6B,0xFF,
    0x2C,0x63,0xFE,0xCF,0x7B,0xFF,0x0C,0x63,0x97,0xE3,0x18,0x21,0x86,0x31,0x23,0xC7,
    0x39,0x26,0x65,0x29,0x26,0x44,0x21,0x1F,0x65,0x29,0x41,0xEF,0x7B,0xE4,0x30,0x84,
    0xFF,0x0F,0x7C,0xFE,0x30,0x84,0xFF,0x10,0x84,0xFE,0x30,0x84,0xFF,0x51,0x8C,0xFE,
    0xAA,0x52,0x70,0x41,0x08,0x1B,0x24,0x21,0x21,0xE3,0x18,0x20,0x41,0x08,0x1B,0x8E,
    0x73,0xAC,0xF3,0x9C,0xFF,0x34,0xA5,0xFF,0xCF,0x7B,0xAE,0xC3,0x18,0x1E,0x24,0x21,
    0x22,0x44,0x21,0x25,0x82,0x10,0x1D,0xA6,0x31,0x50,0x13,0x9D,0xF0,0x75,0xAD,0xFF,
    0x34,0xA5,0xFD,0x54,0xA5,0xFF,0x54,0xA5,0xFF,0x54,0xA5,0xFF,0x54,0xA5,0xFF,0x75,
    0xAD,0xFC,0x17,0xBE,0xFF,0x71,0x8C,0xA6,0x44,0x21,0x1F,0x49,0x4A,0x22,0xC7,0x39,
    0x23,0xC3,0x18,0x1B,0xA6,0x31,0x3B,0x75,0xAD,0xDF,0x38,0xC6,0xFF,0xF7,0xBD,0xFD,
    0x18,0xC6,0xFF,0x38,0xC6,0xFF,0x18,0xC6,0xFE,0xDA,0xD6,0xFE,0x96,0xB5,0xC6,0x69,
    0x4A,0x24,0xC7,0x39,0x23,0x49,0x4A,0x28,0x07,0x3A,0x23,0xE7,0x39,0x42,0xF7,0xBD,
    0xDD,0x58,0xC6,0xFF,0xD6,0xB5,0xFD,0xB6,0xB5,0xFF,0xB6,0xB5,0xFF,0x75,0xAD,0xFF,
    0xB6,0xB5,0xFF,0x30,0x84,0x98,0x08,0x42,0x22,0xE7,0x39,0x24,0xA6,0x31,0x24,0x07,
    0x3A,0x27,0x86,0x31,0x22,0x0B,0x5B,0x58,0x55,0xAD,0xF4,0x75,0xAD,0xFF,0x34,0xA5,
    0xFE,0x34,0xA5,0xFF,0x34,0xA5,0xFF,0x13,0x9D,0xFF,0x34,0xA5,0xFE,0x34,0xA5,0xFD,
    0x51,0x8C,0xB4,0x6D,0x6B,0x43,0x28,0x42,0x27,0x08,0x42,0x25,0x48,0x42,0x26,0x69,
    0x4A,0x27,0x48,0x42,0x29,0xAA,0x52,0x2D,0x8A,0x52,0x2E,0x69,0x4A,0x2D,0xAA,0x52,
    0x40,0x0F,0x7C,0xDD,0x71,0x8C,0xFF,0x71,0x8C,0xF2,0x89,0x4A,0x6B,0x07,0x3A,0x2F,
    0x28,0x42,0x33,0x07,0x3A,0x2F,0xE7,0x39,0x2C,0xE7,0x39,0x2C,0xC7,0x39,0x2B,0xE7,
    0x39,0x2C,0xE7,0x39,0x2D,0x07,0x3A,0x2F,0x07,0x3A,0x33,0x08,0x42,0x32,0xA6,0x31,
    0x38,0x4D,0x6B,0xBC,0x30,0x84,0xFF,0x6D,0x6B,0xCD,0x28,0x42,0x3F,0x8A,0x52,0x34,
    0x48,0x42,0x3A,0x49,0x4A,0x35,0x07,0x3A,0x2F,0xC7,0x39,0x2A,0xE7,0x39,0x28,0xC7,
    0x39,0x27,0xE7,0x39,0x28,0xC7,0x39,0x2A,0xA6,0x31,0x2E,0xA6,0x31,0x2A,0x08,0x42,
    0x76,0xEB,0x5A,0xFD,0xEB,0x5A,0xFF,0xAA,0x52,0xC9,0xA6,0x31,0x3D,0xE7,0x39,0x34,
    0xC6,0x31,0x35,0xA6,0x31,0x33,0xA6,0x31,0x2E,0x85,0x29,0x29,0x24,0x21,0x26,0x86,
    0x31,0x27,0x44,0x21,0x25,0x44,0x21,0x25,0x86,0x31,0x28,0xC7,0x39,0x6A,0x48,0x42,
    0xBB,0xE7,0x39,0xBF,0xAA,0x52,0xF1,0x89,0x4A,0xA2,0xA2,0x10,0x0C,0x82,0x10,0x27,
    0x08,0x42,0xDA,0x28,0x42,0xFF,0x69,0x4A,0xF1,0xA6,0x31,0x58,0x00,0x00,0x00,0xAA,
    0x52,0x03,0x00,0x00,0x00,0x00,0x00,0x00,0x00,0x00,0x00,0x00,0x00,0x00,0x00,0x00,
    0x00,0x00,0x00,0x00,0x00,0x00,0x00,0x00,0x00,0x00,0x00,0x00,0x00,0x00,0x00,0x00,
    0x00,0x00,0x00,0xEF,0x7B,0x02,0x00,0x00,0x00,0x86,0x31,0x54,0xC7,0x39,0xEA,0x08,
    0x42,0xFF,0x28,0x42,0x95,0x00,0x00,0x00,0x65,0x29,0x95,0x07,0x3A,0xF7,0x49,0x4A,
    0xF6,0x65,0x29,0x79,0x00,0x00,0x00,0x00,0x00,0x00,0x00,0x00,0x00,0x00,0x00,0x00,
    0x00,0x00,0x00,0x00,0x00,0x00,0x00,0x00,0x00,0x00,0x00,0x00,0x00,0x00,0x00,0x00,
    0x00,0x00,0x00,0x00,0x00,0x00,0x00,0x00,0x45,0x29,0x3A,0x48,0x42,0xED,0xCA,0x52,
    0xE9,0x65,0x29,0x27,0x00,0x00,0x00,0x00,0x00,0x00,0x00,0x00,0x00,0x00,0x00,0x00,
    0x00,0x00,0x00,0x00,0x00,0x00,0x00,0x00,0x00,0x00,0x00,0x00,0x00,0x00,0x00,0x00,
    0x00,0x00,0x00,0x00,0x00,0xC3,0x18,0x27,0xCB,0x5A,0xC3,0x4D,0x6B,0xFF,0x0C,0x63,
    0xFE,0x6D,0x6B,0xFF,0x4C,0x63,0xFF,0x6D,0x6B,0xFF,0x2C,0x63,0xFD,0x8E,0x73,0xFD,
    0x0B,0x5B,0x4B,0x00,0x00,0x00,0x00,0x00,0x00,0x00,0x00,0x00,0x00,0x00,0x00,0x00,
    0x00,0x00,0x00,0x00,0x00,0xAE,0x73,0xBA,0x51,0x8C,0xFF,0x10,0x84,0xFE,0x30,0x84,
    0xFF,0x10,0x84,0xFE,0x51,0x8C,0xFF,0x71,0x8C,0xFD,0x89,0x4A,0x55,0x00,0x00,0x00,
    0x00,0x00,0x00,0x00,0x00,0x00,0x00,0x00,0x00,0x8E,0x73,0x91,0xF3,0x9C,0xFF,0x55,
    0xAD,0xFF,0xEF,0x7B,0x96,0x00,0x00,0x00,0x00,0x00,0x00,0x00,0x00,0x00,0x00,0x00,
    0x00,0x04,0x21,0x2B,0x34,0xA5,0xE8,0x75,0xAD,0xFF,0x54,0xA5,0xFD,0x75,0xAD,0xFF,
    0x34,0xA5,0xFF,0x75,0xAD,0xFF,0x75,0xAD,0xFF,0x75,0xAD,0xFC,0x18,0xC6,0xFF,0xB2,
    0x94,0x92,0x00,0x00,0x00,0x00,0x00,0x00,0x00,0x00,0x00,0x00,0x00,0x00,0x00,0x00,
    0x00,0x13,0x9D,0x8E,0x79,0xCE,0xFF,0xF7,0xBD,0xFD,0x17,0xBE,0xFF,0x59,0xCE,0xFF,
    0x38,0xC6,0xFD,0xBA,0xD6,0xFF,0x51,0x8C,0x66,0x00,0x00,0x00,0x00,0x00,0x00,0x00,
    0x00,0x00,0x00,0x00,0x00,0x00,0x00,0x19,0xF7,0xBD,0xD2,0x99,0xCE,0xFF,0xF7,0xBD,
    0xFD,0xD6,0xB5,0xFF,0xB6,0xB5,0xFE,0xB6,0xB5,0xFF,0x96,0xB5,0xF7,0xEB,0x5A,0x46,
    0x00,0x00,0x00,0x00,0x00,0x00,0x00,0x00,0x00,0x00,0x00,0x00,0x00,0x00,0x00,0x00,
    0x00,0x04,0xD3,0x9C,0xCE,0x96,0xB5,0xFF,0x34,0xA5,0xFE,0x34,0xA5,0xFF,0x34,0xA5,
    0xFF,0x14,0xA5,0xFD,0x13,0x9D,0xFF,0x91,0x8C,0xB5,0x41,0x08,0x15,0x00,0x00,0x00,
    0x00,0x00,0x00,0x00,0x00,0x00,0x00,0x00,0x00,0x00,0x00,0x00,0x00,0x00,0x00,0x00,
    0x00,0x00,0x00,0x00,0x00,0x00,0x00,0x00,0x00,0x00,0x00,0x8E,0x73,0x9C,0xB2,0x94,
    0xFF,0x51,0x8C,0xD5,0x00,0x00,0x11,0x00,0x00,0x00,0x00,0x00,0x00,0x00,0x00,0x00,
    0x00,0x00,0x00,0x00,0x00,0x00,0x00,0x00,0x00,0x00,0x00,0x00,0x00,0x00,0x00,0x00,
    0x00,0x00,0x00,0x00,0x00,0x00,0x00,0x00,0x00,0x00,0x00,0x2C,0x63,0x80,0x30,0x84,
    0xFE,0x6D,0x6B,0xB2,0x00,0x00,0x00,0x00,0x00,0x00,0x00,0x00,0x00,0x00,0x00,0x00,
    0x00,0x00,0x00,0x00,0x00,0x00,0x00,0x00,0x00,0x00,0x00,0x00,0x00,0x00,0x00,0x00,
    0x00,0x00,0x00,0x00,0x00,0x00,0x00,0x00,0xC7,0x39,0x2A,0xCA,0x52,0xE6,0xEB,0x5A,
    0xFF,0x8A,0x52,0xB2,0x00,0x00,0x00,0x00,0x00,0x00,0x00,0x00,0x00,0x00,0x00,0x00,
    0x00,0x00,0x00,0x00,0x00,0x00,0x00,0x00,0x00,0x00,0x00,0x00,0x00,0x00,0x00,0x00,
    0x00,0x00,0x00,0x00,0x00,0x00,0x00,0x00,0x07,0x3A,0x46,0x69,0x4A,0xC8,0x28,0x42,
    0xDB,0x69,0x4A,0xFF,0xC7,0x39,0x4E,0xAA,0x52,0x03,0xE7,0x39,0xBD,0x28,0x42,0xFF,
    0x49,0x4A,0xF3,0x86,0x31,0x5E,0x00,0x00,0x00,0xAA,0x52,0x03,0x00,0x00,0x00,0x00,
    0x00,0x00,0x00,0x00,0x00,0x00,0x00,0x00,0x00,0x00,0x00,0x00,0x00,0x00,0x00,0x00,
    0x00,0x00,0x00,0x00,0x00,0x00,0x00,0x00,0x00,0x00,0x00,0x00,0x00,0xAA,0x52,0x03,
    0x00,0x00,0x00,0xA6,0x31,0x58,0xC7,0x39,0xEB,0x08,0x42,0xFF,0x48,0x42,0x94,0x00,
    0x00,0x00,0x65,0x29,0xA2,0xE7,0x39,0xFD,0x69,0x4A,0xF6,0x65,0x29,0x60,0xEF,0x7B,
    0x02,0xAA,0x52,0x03,0xAA,0x52,0x03,0xAA,0x52,0x03,0xEF,0x7B,0x02,0xEF,0x7B,0x02,
    0xEF,0x7B,0x02,0x00,0x00,0x02,0xAA,0x52,0x03,0xE7,0x39,0x04,0x86,0x31,0x05,0xE7,
    0x39,0x04,0xE3,0x18,0x19,0x08,0x42,0xD0,0xEB,0x5A,0xEF,0x86,0x31,0x32,0xAA,0x52,
    0x03,0xE7,0x39,0x04,0xAA,0x52,0x03,0xEF,0x7B,0x02,0xAA,0x52,0x03,0xE7,0x39,0x04,
    0xE7,0x39,0x04,0xE7,0x39,0x04,0xAA,0x52,0x03,0xAA,0x52,0x03,0xEF,0x7B,0x04,0x00,
    0x00,0x00,0xC7,0x39,0x40,0x2C,0x63,0xF0,0x6D,0x6B,0xFE,0x4D,0x6B,0xFE,0x2C,0x63,
    0xFF,0x6D,0x6B,0xFE,0x8D,0x6B,0xFF,0x6D,0x6B,0xE6,0xAA,0x52,0x29,0xEF,0x7B,0x02,
    0xEF,0x7B,0x04,0xEF,0x7B,0x02,0xEF,0x7B,0x02,0x54,0xA5,0x03,0xFF,0xFF,0x01,0xEB,
    0x5A,0x82,0x71,0x8C,0xFE,0x10,0x84,0xFE,0x50,0x84,0xFF,0x71,0x8C,0xFE,0x50,0x84,
    0xFF,0x92,0x94,0xFD,0xAA,0x52,0x5B,0xEF,0x7B,0x02,0x2C,0x63,0x05,0xEF,0x7B,0x04,
    0xEF,0x7B,0x02,0xCF,0x7B,0x92,0xD2,0x94,0xFF,0x54,0xA5,0xFF,0xEF,0x7B,0x98,0xEF,
    0x7B,0x02,0xFF,0xFF,0x02,0x2C,0x63,0x05,0xEF,0x7B,0x02,0x04,0x21,0x2E,0x55,0xAD,
    0xE6,0xB6,0xB5,0xFF,0x54,0xA5,0xFD,0x75,0xAD,0xFF,0x75,0xAD,0xFF,0x75,0xAD,0xFF,
    0x96,0xB5,0xFF,0xB6,0xB5,0xFB,0x58,0xC6,0xFF,0xB2,0x94,0x97,0xEF,0x7B,0x02,0xFF,
    0xFF,0x02,0xEF,0x7B,0x02,0x2C,0x63,0x05,0xFF,0xFF,0x01,0xAA,0x52,0x3C,0x38,0xC6,
    0xEC,0x58,0xC6,0xFF,0x38,0xC6,0xFE,0x58,0xC6,0xFD,0x9A,0xD6,0xFF,0xB6,0xB5,0xD8,
    0x6D,0x6B,0x17,0xFF,0xFF,0x02,0xEF,0x7B,0x04,0xEF,0x7B,0x04,0xFF,0xFF,0x02,0x20,
    0x00,0x20,0xF7,0xBD,0xD7,0xBA,0xD6,0xFF,0x38,0xC6,0xFD,0x17,0xBE,0xFF,0xD6,0xB5,
    0xFE,0x18,0xBE,0xFF,0x34,0xA5,0xDC,0x08,0x42,0x1A,0xEF,0x7B,0x02,0x54,0xA5,0x03,
    0xEF,0x7B,0x02,0xEF,0x7B,0x02,0x54,0xA5,0x03,0xAA,0x52,0x03,0x0F,0x7C,0x91,0xD7,
    0xBD,0xFF,0x54,0xA5,0xFE,0x54,0xA5,0xFF,0x34,0xA5,0xFE,0x55,0xAD,0xFF,0xF3,0x9C,
    0xEF,0x89,0x4A,0x42,0x00,0x00,0x00,0xEF,0x7B,0x06,0xEF,0x7B,0x02,0xEF,0x7B,0x02,
    0xEF,0x7B,0x04,0xEF,0x7B,0x04,0xEF,0x7B,0x04,0xEF,0x7B,0x04,0xEF,0x7B,0x04,0x58,
    0xC6,0x05,0x54,0xA5,0x03,0x4D,0x6B,0x72,0xF3,0x9C,0xFF,0xAE,0x73,0xAE,0xFF,0xFF,
    0x01,0xB2,0x94,0x05,0xEF,0x7B,0x04,0xEF,0x7B,0x04,0xAA,0x52,0x03,0xAA,0x52,0x03,
    0xAA,0x52,0x03,0xAA,0x52,0x03,0xAA,0x52,0x03,0xE7,0x39,0x04,0xEF,0x7B,0x04,0xAA,
    0x52,0x09,0xEF,0x7B,0x04,0xCB,0x5A,0x63,0xEF,0x7B,0xFF,0x6D,0x6B,0xB8,0xAA,0x52,
    0x03,0xEF,0x7B,0x04,0xAA,0x52,0x03,0xAA,0x52,0x03,0xAA,0x52,0x03,0xEF,0x7B,0x04,
    0xEF,0x7B,0x04,0xEF,0x7B,0x04,0xE7,0x39,0x04,0xE7,0x39,0x04,0xAA,0x52,0x06,0xE7,
    0x39,0x04,0x04,0x21,0x25,0xAA,0x52,0xD6,0x0C,0x63,0xFF,0xAA,0x52,0xB3,0xAA,0x52,
    0x03,0xEF,0x7B,0x04,0xE7,0x39,0x04,0xAA,0x52,0x03,0xAA,0x52,0x03,0xAA,0x52,0x03,
    0xAA,0x52,0x03,0xAA,0x52,0x03,0xAA,0x52,0x03,0x00,0x00,0x02,0xAA,0x52,0x03,0xFF,
    0xFF,0x02,0x00,0x00,0x00,0x28,0x42,0x82,0x48,0x42,0xEA,0x28,0x42,0xFB,0x65,0x29,
    0x5D,0x00,0x00,0x03,0xC7,0x39,0xB9,0x28,0x42,0xFF,0x28,0x42,0xED,0x45,0x29,0x54,
    0x00,0x00,0x00,0x00,0x00,0x03,0x00,0x00,0x00,0x00,0x00,0x00,0x00,0x00,0x00,0x00,
    0x00,0x00,0x00,0x00,0x00,0x00,0x00,0x00,0x00,0x00,0x00,0x00,0x00,0x00,0x00,0x00,
    0x00,0x00,0x00,0x00,0x00,0x00,0x00,0xAA,0x52,0x03,0x00,0x00,0x00,0xA6,0x31,0x58,
    0xC6,0x31,0xE6,0xE7,0x39,0xFF,0x48,0x42,0x96,0x00,0x00,0x00,0x45,0x29,0xA6,0x28,
    0x42,0xFF,0x28,0x42,0xEA,0xA2,0x10,0x35,0x00,0x00,0x02,0x00,0x00,0x05,0x00,0x00,
    0x00,0x00,0x00,0x00,0x00,0x00,0x00,0x00,0x00,0x00,0x00,0x00,0x00,0x00,0x00,0x00,
    0x00,0x00,0x00,0x00,0x00,0x00,0x00,0x00,0x00,0x00,0x00,0x00,0x00,0x00,0x00,0xC6,
    0x31,0x97,0xEB,0x5A,0xF4,0x85,0x29,0x2E,0x00,0x00,0x00,0x00,0x00,0x01,0x00,0x00,
    0x00,0x00,0x00,0x00,0x00,0x00,0x00,0x00,0x00,0x00,0x00,0x00,0x00,0x00,0x00,0x00,
    0x00,0x00,0x00,0x00,0x00,0x00,0x00,0x00,0x01,0xFF,0xFF,0x01,0x00,0x00,0x0B,0xEB,
    0x5A,0xB4,0xAE,0x73,0xFF,0x4D,0x6B,0xFD,0x4D,0x6B,0xFF,0x6D,0x6B,0xFD,0xCE,0x73,
    0xFF,0x2C,0x63,0xBA,0x82,0x10,0x0F,0x00,0x00,0x00,0x00,0x00,0x01,0x00,0x00,0x00,
    0x00,0x00,0x00,0xFF,0xFF,0x01,0x00,0x00,0x00,0x89,0x4A,0x4A,0x50,0x84,0xF7,0x30,
    0x84,0xFF,0x50,0x84,0xFE,0x91,0x8C,0xFE,0x51,0x8C,0xFF,0xB2,0x94,0xFD,0xAA,0x52,
    0x5A,0x00,0x00,0x00,0xAA,0x52,0x03,0xEF,0x7B,0x02,0x00,0x00,0x00,0xCE,0x73,0x8C,
    0xF3,0x9C,0xFF,0x75,0xAD,0xFF,0xEF,0x7B,0x94,0x00,0x00,0x00,0x00,0x00,0x00,0xAA,
    0x52,0x03,0x00,0x00,0x00,0x04,0x21,0x2C,0x34,0xA5,0xE5,0xD6,0xB5,0xFF,0x75,0xAD,
    0xFD,0x75,0xAD,0xFF,0x96,0xB5,0xFF,0xB6,0xB5,0xFF,0xB6,0xB5,0xFF,0xD6,0xB5,0xFB,
    0x99,0xCE,0xFF,0xB2,0x94,0x97,0x00,0x00,0x00,0x00,0x00,0x00,0x00,0x00,0x00,0x00,
    0x00,0x00,0xFF,0xFF,0x01,0x00,0x00,0x04,0x95,0xAD,0xB3,0xDA,0xD6,0xFF,0x58,0xC6,
    0xFD,0x79,0xCE,0xFC,0xBA,0xD6,0xFF,0x13,0x9D,0x7E,0x00,0x00,0x01,0xFF,0xFF,0x02,
    0x00,0x00,0x00,0xEF,0x7B,0x02,0x00,0x00,0x00,0x00,0x00,0x1C,0x38,0xC6,0xD6,0xDA,
    0xDE,0xFF,0x17,0xC6,0xFD,0x38,0xC6,0xFF,0x17,0xBE,0xFD,0x58,0xCE,0xFF,0xD2,0x94,
    0xA3,0x00,0x00,0x03,0x00,0x00,0x00,0x00,0x00,0x01,0x00,0x00,0x00,0x00,0x00,0x00,
    0xFF,0xFF,0x02,0x00,0x00,0x00,0x0F,0x7C,0x57,0x95,0xAD,0xFF,0x55,0xAD,0xFD,0x55,
    0xAD,0xFE,0x54,0xA5,0xFD,0x75,0xAD,0xFF,0x13,0x9D,0xC9,0x00,0x00,0x13,0xFF,0xFF,
    0x01,0x00,0x00,0x01,0x00,0x00,0x00,0x00,0x00,0x00,0x00,0x00,0x00,0x00,0x00,0x00,
    0x00,0x00,0x00,0x00,0x00,0x00,0x00,0x00,0x00,0x00,0x00,0x00,0x00,0x00,0x00,0xEB,
    0x5A,0x43,0xF3,0x9C,0xFD,0x2C,0x63,0x66,0x00,0x00,0x00,0x00,0x00,0x00,0x00,0x00,
    0x00,0x00,0x00,0x00,0x00,0x00,0x00,0x00,0x00,0x00,0x00,0x00,0x00,0x00,0x00,0x00,
    0x00,0x00,0x00,0x00,0x00,0x00,0x00,0x00,0x00,0x00,0x00,0x00,0x00,0x00,0x00,0x20,
    0x00,0x23,0xCE,0x73,0xE9,0x8E,0x73,0xBB,0x00,0x00,0x00,0xEF,0x7B,0x02,0x00,0x00,
    0x00,0x00,0x00,0x00,0x00,0x00,0x00,0x00,0x00,0x00,0x00,0x00,0x00,0x00,0x00,0x00,
    0x00,0x00,0x00,0x00,0x00,0x00,0x00,0x00,0x00,0x00,0x00,0x00,0x00,0x00,0x0B,0xAA,
    0x52,0xBB,0x0C,0x63,0xFF,0xAA,0x52,0xAF,0x00,0x00,0x00,0xFF,0xFF,0x01,0x00,0x00,
    0x01,0x00,0x00,0x00,0x00,0x00,0x00,0x00,0x00,0x00,0x00,0x00,0x00,0x00,0x00,0x00,
    0x00,0x00,0x00,0x00,0x00,0x00,0x00,0x00,0x00,0x00,0x00,0x04,0x00,0x00,0x01,0x65,
    0x29,0x51,0x49,0x4A,0xEA,0x28,0x42,0xFF,0xC7,0x39,0x5C,0x00,0x00,0x00,0xE7,0x39,
    0xB3,0x08,0x42,0xFF,0x28,0x42,0xEC,0x44,0x21,0x4F,0x00,0x00,0x00,0x00,0x00,0x03,
    0x00,0x00,0x00,0x00,0x00,0x00,0x00,0x00,0x00,0x00,0x00,0x00,0x00,0x00,0x00,0x00,
    0x00,0x00,0x00,0x00,0x00,0x00,0x00,0x00,0x00,0x00,0x00,0x00,0x00,0x00,0x00,0x00,
    0x00,0xEF,0x7B,0x02,0x00,0x00,0x00,0x86,0x31,0x57,0xC7,0x39,0xE4,0xE7,0x39,0xFC,
    0x48,0x42,0x94,0x00,0x00,0x00,0x65,0x29,0xA4,0xE7,0x39,0xFB,0x28,0x42,0xEF,0xC7,
    0x39,0x87,0xA6,0x31,0x7A,0xA6,0x31,0x73,0xC7,0x39,0x65,0x45,0x29,0x28,0x00,0x00,
    0x00,0x00,0x00,0x01,0x00,0x00,0x00,0x00,0x00,0x00,0x65,0x29,0x35,0x08,0x42,0x56,
    0x69,0x4A,0x4F,0x69,0x4A,0x50,0x08,0x42,0x54,0x28,0x42,0xB7,0xCB,0x5A,0xF0,0x85,
    0x29,0x2E,0x00,0x00,0x00,0x00,0x00,0x01,0x00,0x00,0x00,0x00,0x00,0x00,0x28,0x42,
    0x44,0x69,0x4A,0x69,0x49,0x4A,0x69,0x08,0x42,0x4A,0xAA,0x52,0x03,0x00,0x00,0x00,
    0x00,0x00,0x01,0x00,0x00,0x00,0x00,0x00,0x01,0x0C,0x63,0x99,0xAE,0x73,0xFF,0x4D,
    0x6B,0xFD,0x2C,0x63,0xFE,0x8D,0x6B,0xFD,0xCE,0x73,0xFF,0x2C,0x63,0x8B,0x00,0x00,
    0x00,0xFF,0xFF,0x01,0x00,0x00,0x01,0x00,0x00,0x01,0x00,0x00,0x00,0xFF,0xFF,0x01,
    0x00,0x00,0x00,0x89,0x4A,0x1C,0xEF,0x7B,0xDF,0x71,0x8C,0xFF,0x51,0x8C,0xFE,0x91,
    0x8C,0xFE,0x91,0x8C,0xFF,0xB2,0x94,0xFC,0xAA,0x52,0x59,0x00,0x00,0x00,0xAA,0x52,
    0x03,0xEF,0x7B,0x02,0x00,0x00,0x00,0xAE,0x73,0x8B,0x13,0x9D,0xFE,0x75,0xAD,0xFF,
    0xEF,0x7B,0x93,0x00,0x00,0x00,0x00,0x00,0x00,0xAA,0x52,0x03,0x00,0x00,0x00,0xA2,
    0x10,0x29,0x54,0xA5,0xE4,0xD7,0xBD,0xFF,0x95,0xAD,0xFD,0x95,0xAD,0xFF,0xB6,0xB5,
    0xFF,0xD6,0xB5,0xFF,0xD6,0xB5,0xFF,0xD6,0xB5,0xFB,0xBA,0xD6,0xFF,0xB2,0x94,0x93,
    0x00,0x00,0x00,0x00,0x00,0x00,0x00,0x00,0x00,0x00,0x00,0x00,0xEF,0x7B,0x02,0x00,
    0x00,0x00,0xAE,0x73,0x5A,0x99,0xCE,0xFC,0x79,0xCE,0xFE,0xDA,0xD6,0xFE,0x18,0xC6,
    0xE2,0xAA,0x52,0x2C,0x00,0x00,0x00,0xAA,0x52,0x03,0x00,0x00,0x00,0xEF,0x7B,0x02,
    0x00,0x00,0x00,0x00,0x00,0x1B,0x38,0xC6,0xD5,0xDA,0xD6,0xFF,0x58,0xCE,0xFD,0x17,
    0xC6,0xFE,0x17,0xBE,0xFD,0x79,0xCE,0xFF,0x91,0x94,0x68,0x00,0x00,0x00,0xFF,0xFF,
    0x02,0x00,0x00,0x00,0x00,0x00,0x01,0x00,0x00,0x00,0xEF,0x7B,0x02,0x00,0x00,0x00,
    0xCB,0x5A,0x27,0x13,0x9D,0xDF,0xB6,0xB5,0xFF,0x34,0xA5,0xFD,0x55,0xAD,0xFD,0xB6,
    0xB5,0xFF,0x34,0xA5,0xC6,0x82,0x10,0x0F,0x00,0x00,0x00,0x00,0x00,0x01,0x00,0x00,
    0x00,0x00,0x00,0x02,0xEB,0x5A,0x2A,0x4D,0x6B,0x3A,0x2C,0x63,0x38,0x6D,0x6B,0x39,
    0x4D,0x6B,0x3A,0x6D,0x6B,0x3C,0xAE,0x73,0x2F,0x6D,0x6B,0x5B,0xB2,0x94,0xF4,0x8E,
    0x73,0x71,0x2C,0x63,0x3A,0x2C,0x63,0x43,0x0B,0x5B,0x43,0xAA,0x52,0x3D,0x24,0x21,
    0x0D,0x00,0x00,0x00,0x00,0x00,0x00,0x00,0x00,0x00,0x00,0x00,0x00,0x49,0x4A,0x22,
    0x0C,0x63,0x3A,0x0C,0x63,0x36,0x8D,0x6B,0x31,0x28,0x42,0x38,0x8E,0x73,0xDB,0x8E,
    0x73,0xBB,0x00,0x00,0x00,0xEF,0x7B,0x02,0x00,0x00,0x00,0x00,0x00,0x00,0x04,0x21,
    0x0F,0x69,0x4A,0x40,0x8A,0x52,0x46,0xCA,0x52,0x44,0x89,0x4A,0x44,0x69,0x4A,0x44,
    0xAA,0x52,0x45,0x89,0x4A,0x41,0x28,0x42,0x42,0x8A,0x52,0xBE,0x0C,0x63,0xFF,0xAA,
    0x52,0xB0,0x00,0x00,0x00,0xFF,0xFF,0x01,0x00,0x00,0x01,0x00,0x00,0x00,0xE3,0x18,
    0x1A,0x07,0x3A,0x6D,0x28,0x42,0x82,0x48,0x42,0x79,0x08,0x42,0x2A,0x00,0x00,0x00,
    0x00,0x00,0x01,0x00,0x00,0x03,0x00,0x00,0x00,0x24,0x21,0x4B,0x48,0x42,0xE7,0x28,
    0x42,0xFF,0xA6,0x31,0x5D,0x00,0x00,0x00,0xE7,0x39,0xAF,0x08,0x42,0xFF,0x28,0x42,
    0xED,0x45,0x29,0x4E,0x00,0x00,0x00,0x00,0x00,0x03,0x00,0x00,0x00,0x00,0x00,0x00,
    0x00,0x00,0x00,0x00,0x00,0x00,0x00,0x00,0x00,0x00,0x00,0x00,0x00,0x00,0x00,0x00,
    0x00,0x00,0x00,0x00,0x00,0x00,0x00,0x00,0x00,0x00,0x00,0xAA,0x52,0x03,0x00,0x00,
    0x00,0x86,0x31,0x58,0xC7,0x39,0xE5,0xE7,0x39,0xFA,0x48,0x42,0x92,0x00,0x00,0x00,
    0x45,0x29,0xA5,0xC7,0x39,0xFB,0x08,0x42,0xF9,0x69,0x4A,0xFF,0x8A,0x52,0xFF,0x8A,
    0x52,0xFC,0xCB,0x5A,0xFF,0xE7,0x39,0x7F,0x00,0x00,0x00,0xAA,0x52,0x03,0xAA,0x52,
    0x03,0x00,0x00,0x00,0x49,0x4A,0x99,0x2C,0x63,0xFF,0xCB,0x5A,0xFC,0xEB,0x5A,0xFF,
    0x0B,0x5B,0xFF,0xCB,0x5A,0xFF,0xAA,0x52,0xE9,0x65,0x29,0x2F,0x00,0x00,0x00,0x00,
    0x00,0x02,0x00,0x00,0x00,0x00,0x00,0x01,0x0C,0x63,0x9A,0x4D,0x6B,0xF7,0x4D,0x6B,
    0xF2,0x6D,0x6B,0xDF,0x69,0x4A,0x1D,0x00,0x00,0x00,0xEF,0x7B,0x02,0xFF,0xFF,0x02,
    0x00,0x00,0x00,0x0C,0x63,0x93,0x8E,0x73,0xFF,0x6D,0x6B,0xFD,0x4C,0x63,0xFE,0xAE,
    0x73,0xFE,0x8E,0x73,0xFA,0xCA,0x52,0x5A,0x00,0x00,0x00,0x54,0xA5,0x03,0x00,0x00,
    0x00,0x00,0x00,0x00,0x00,0x00,0x00,0x00,0x00,0x01,0x00,0x00,0x00,0x00,0x00,0x07,
    0x8E,0x73,0xA7,0xB2,0x94,0xFF,0x51,0x8C,0xFE,0x91,0x8C,0xFE,0xB2,0x94,0xFF,0xD2,
    0x94,0xFC,0xAA,0x52,0x59,0x00,0x00,0x00,0xAA,0x52,0x03,0xEF,0x7B,0x02,0x00,0x00,
    0x00,0xAE,0x73,0x8B,0x14,0xA5,0xFF,0x75,0xAD,0xFF,0xEF,0x7B,0x94,0x00,0x00,0x00,
    0x00,0x00,0x00,0xAA,0x52,0x03,0x00,0x00,0x00,0x82,0x10,0x28,0x75,0xAD,0xE3,0xF7,
    0xBD,0xFF,0xB6,0xB5,0xFD,0xB6,0xB5,0xFF,0xF7,0xBD,0xFF,0xF7,0xBD,0xFF,0xF7,0xBD,
    0xFF,0xD7,0xBD,0xFB,0xBA,0xD6,0xFF,0xB2,0x94,0x96,0x00,0x00,0x00,0x00,0x00,0x00,
    0x00,0x00,0x00,0x00,0x00,0x00,0x00,0x00,0x01,0x00,0x00,0x00,0xE7,0x39,0x10,0xB6,
    0xB5,0xD1,0xDA,0xD6,0xFF,0xBA,0xD6,0xFF,0x75,0xAD,0x9E,0x00,0x00,0x00,0xFF,0xFF,
    0x02,0x00,0x00,0x00,0x00,0x00,0x00,0xEF,0x7B,0x02,0x00,0x00,0x00,0x00,0x00,0x1B,
    0x38,0xC6,0xD5,0xFA,0xDE,0xFF,0x58,0xCE,0xFD,0x58,0xC6,0xFE,0x79,0xCE,0xFF,0xD6,
    0xBD,0xF0,0x6D,0x6B,0x36,0x00,0x00,0x00,0x54,0xA5,0x03,0x00,0x00,0x00,0x00,0x00,
    0x00,0x00,0x00,0x00,0x00,0x00,0x01,0x00,0x00,0x00,0x00,0x00,0x08,0xF3,0x9C,0xA9,
    0xD6,0xB5,0xFF,0x55,0xAD,0xFD,0x75,0xAD,0xFD,0xD6,0xB5,0xFF,0x54,0xA5,0xCC,0x00,
    0x00,0x14,0x00,0x00,0x00,0xAA,0x52,0x03,0x00,0x00,0x00,0xE3,0x18,0x22,0x13,0x9D,
    0xD2,0x13,0x9D,0xE7,0xF3,0x9C,0xEB,0xF3,0x9C,0xEF,0xF3,0x9C,0xF4,0xD2,0x94,0xF9,
    0xF3,0x9C,0xF9,0x91,0x8C,0xF9,0xD2,0x94,0xFC,0xB2,0x94,0xFF,0xD2,0x94,0xFF,0x71,
    0x8C,0xFD,0xB2,0x94,0xFF,0x51,0x8C,0xF5,0xE7,0x39,0x3E,0x00,0x00,0x00,0xE7,0x39,
    0x04,0x00,0x00,0x00,0x00,0x00,0x00,0x4C,0x63,0xA3,0x91,0x8C,0xFF,0x30,0x84,0xFA,
    0x50,0x84,0xFD,0x0F,0x7C,0xFA,0x0F,0x7C,0xFF,0x4D,0x6B,0xB3,0x00,0x00,0x00,0xEF,
    0x7B,0x02,0x00,0x00,0x02,0x00,0x00,0x00,0x45,0x29,0x3F,0xCF,0x7B,0xE8,0xCE,0x73,
    0xF9,0xAE,0x73,0xF4,0x8D,0x6B,0xF4,0x8D,0x6B,0xF6,0x4D,0x6B,0xF6,0x4D,0x6B,0xF8,
    0x4C,0x63,0xFD,0xAA,0x52,0xF8,0xCB,0x5A,0xFF,0xCB,0x5A,0xAC,0x00,0x00,0x00,0xFF,
    0xFF,0x01,0x00,0x00,0x02,0x00,0x00,0x00,0x44,0x21,0x3E,0x2C,0x63,0xF0,0xEB,0x5A,
    0xFE,0x0C,0x63,0xF7,0xCB,0x5A,0xB7,0x00,0x00,0x03,0xFF,0xFF,0x01,0x00,0x00,0x03,
    0x00,0x00,0x00,0x24,0x21,0x4B,0x48,0x42,0xE6,0x28,0x42,0xFF,0xA6,0x31,0x5E,0x00,
    0x00,0x00,0xE7,0x39,0xB0,0x08,0x42,0xFF,0x28,0x42,0xF0,0x44,0x21,0x4F,0x00,0x00,
    0x00,0x00,0x00,0x02,0x00,0x00,0x00,0x00,0x00,0x00,0x00,0x00,0x00,0x00,0x00,0x00,
    0x00,0x00,0x00,0x00,0x00,0x00,0x00,0x00,0x00,0x00,0x00,0x00,0x00,0x00,0x00,0x00,
    0x00,0x00,0x00,0x00,0x00,0xEF,0x7B,0x02,0x00,0x00,0x00,0x86,0x31,0x57,0xC7,0x39,
    0xE4,0xE7,0x39,0xF8,0x48,0x42,0x91,0x00,0x00,0x02,0x65,0x29,0xA0,0xE7,0x39,0xF5,
    0xC7,0x39,0xF1,0xE7,0x39,0xFE,0xC7,0x39,0xFE,0xC7,0x39,0xFE,0x48,0x42,0xFC,0xE7,
    0x39,0x82,0x00,0x00,0x00,0xAA,0x52,0x03,0xAA,0x52,0x03,0x00,0x00,0x00,0xE7,0x39,
    0x8E,0x89,0x4A,0xFE,0x08,0x42,0xFE,0x48,0x42,0xFF,0x48,0x42,0xFD,0x48,0x42,0xFE,
    0xCB,0x5A,0xEB,0xA6,0x31,0x2D,0x00,0x00,0x00,0x00,0x00,0x02,0xEF,0x7B,0x02,0x00,
    0x00,0x00,0xAA,0x52,0x85,0x8A,0x52,0xEE,0x89,0x4A,0xF8,0x0C,0x63,0xE1,0x69,0x4A,
    0x23,0x00,0x00,0x00,0xEF,0x7B,0x02,0xFF,0xFF,0x01,0x00,0x00,0x00,0x0B,0x5B,0x91,
    0xAE,0x73,0xFF,0x8D,0x6B,0xFD,0x6D,0x6B,0xFD,0xCE,0x73,0xFF,0xAE,0x73,0xDD,0xE3,
    0x18,0x2A,0x00,0x00,0x00,0xAA,0x52,0x03,0x00,0x00,0x00,0x65,0x29,0x1C,0xA2,0x10,
    0x0C,0x00,0x00,0x00,0xFF,0xFF,0x02,0x00,0x00,0x00,0x8E,0x73,0x6B,0xB2,0x94,0xFF,
    0x71,0x8C,0xFE,0xB2,0x94,0xFE,0xB2,0x94,0xFF,0xD2,0x94,0xFC,0xCB,0x5A,0x57,0x00,
    0x00,0x00,0xAA,0x52,0x03,0xEF,0x7B,0x02,0x00,0x00,0x00,0xAE,0x73,0x89,0x34,0xA5,
    0xFF,0x95,0xAD,0xFF,0x0F,0x7C,0x93,0x00,0x00,0x00,0x00,0x00,0x00,0xAA,0x52,0x03,
    0x00,0x00,0x00,0x61,0x08,0x27,0x95,0xAD,0xE2,0x17,0xBE,0xFF,0xB6,0xB5,0xFD,0xB6,
    0xB5,0xFF,0xD7,0xBD,0xFF,0x17,0xBE,0xFF,0xF7,0xBD,0xFF,0xD7,0xBD,0xFB,0xBA,0xD6,
    0xFF,0x92,0x94,0x93,0x00,0x00,0x00,0x00,0x00,0x00,0x00,0x00,0x00,0x00,0x00,0x00,
    0x00,0x00,0x00,0xFF,0xFF,0x01,0x00,0x00,0x00,0x92,0x94,0x76,0xBA,0xD6,0xFF,0x79,
    0xCE,0xF2,0xEB,0x5A,0x46,0x00,0x00,0x00,0xEF,0x7B,0x02,0x00,0x00,0x00,0x00,0x00,
    0x00,0xEF,0x7B,0x02,0x00,0x00,0x00,0x00,0x00,0x19,0x38,0xC6,0xD5,0x1B,0xDF,0xFF,
    0x79,0xCE,0xFD,0x58,0xC6,0xFC,0x99,0xCE,0xFF,0x95,0xB5,0xC4,0x00,0x00,0x13,0x00,
    0x00,0x00,0x00,0x00,0x02,0x00,0x00,0x00,0xE3,0x18,0x10,0xE3,0x18,0x08,0x00,0x00,
    0x00,0xF7,0xBD,0x04,0x00,0x00,0x00,0x71,0x8C,0x76,0xB6,0xB5,0xFF,0x95,0xAD,0xFD,
    0x75,0xAD,0xFD,0xD6,0xB5,0xFF,0x55,0xAD,0xCF,0x00,0x00,0x18,0x00,0x00,0x00,0x00,
    0x00,0x02,0x00,0x00,0x00,0x04,0x21,0x1E,0xF3,0x9C,0xCF,0xF3,0x9C,0xEC,0xF3,0x9C,
    0xEE,0x92,0x94,0xF2,0xB2,0x94,0xFB,0x91,0x8C,0xFF,0xB2,0x94,0xFF,0xD2,0x94,0xFF,
    0x71,0x8C,0xFF,0x71,0x8C,0xFF,0x71,0x8C,0xFF,0x10,0x84,0xFD,0x51,0x8C,0xFF,0x50,
    0x84,0xEE,0xE7,0x39,0x39,0x00,0x00,0x00,0xAA,0x52,0x03,0x00,0x00,0x00,0x00,0x00,
    0x00,0x2C,0x63,0x9C,0x50,0x84,0xFE,0xAE,0x73,0xFE,0xCE,0x73,0xFF,0xAE,0x73,0xFD,
    0xCF,0x7B,0xFF,0x8E,0x73,0xB6,0x00,0x00,0x00,0xEF,0x7B,0x02,0x00,0x00,0x02,0x00,
    0x00,0x00,0x24,0x21,0x39,0xAE,0x73,0xE1,0x2C,0x63,0xF7,0x0B,0x5B,0xF3,0x0B,0x5B,
    0xFA,0x0C,0x63,0xFA,0xEB,0x5A,0xF9,0xCA,0x52,0xFB,0xAA,0x52,0xFF,0xCA,0x52,0xFE,
    0x0C,0x63,0xFF,0xCB,0x5A,0xA7,0x00,0x00,0x00,0xFF,0xFF,0x02,0x00,0x00,0x02,0x00,
    0x00,0x00,0xE3,0x18,0x3A,0xAA,0x52,0xE7,0x08,0x42,0xF8,0x28,0x42,0xD8,0xAA,0x52,
    0xB4,0x00,0x00,0x0A,0x00,0x00,0x00,0x00,0x00,0x03,0x00,0x00,0x00,0x44,0x21,0x4A,
    0x28,0x42,0xE4,0x28,0x42,0xFF,0x86,0x31,0x5E,0x00,0x00,0x00,0xE7,0x39,0xAE,0x28,
    0x42,0xFF,0x48,0x42,0xF1,0x45,0x29,0x4E,0x00,0x00,0x00,0x00,0x00,0x02,0x00,0x00,
    0x00,0x00,0x00,0x00,0x00,0x00,0x00,0x00,0x00,0x00,0x00,0x00,0x00,0x00,0x00,0x00,
    0x00,0x00,0x00,0x00,0x00,0x00,0x00,0x00,0x00,0x00,0x00,0x00,0x00,0x00,0x00,0xEF,
    0x7B,0x02,0x00,0x00,0x00,0xA6,0x31,0x56,0xC7,0x39,0xE3,0xE7,0x39,0xF9,0x28,0x42,
    0x8D,0x00,0x00,0x00,0xE3,0x18,0x4E,0x24,0x21,0x7B,0x04,0x21,0x7B,0x44,0x21,0xA7,
    0xE7,0x39,0xFC,0x28,0x42,0xFE,0x69,0x4A,0xFF,0xE7,0x39,0x82,0x00,0x00,0x00,0xE7,
    0x39,0x04,0xAA,0x52,0x03,0x00,0x00,0x00,0x08,0x42,0x8D,0xAA,0x52,0xFF,0x69,0x4A,
    0xFE,0x69,0x4A,0xFF,0x69,0x4A,0xFE,0x49,0x4A,0xFF,0xEB,0x5A,0xED,0xA6,0x31,0x2F,
    0x00,0x00,0x00,0x00,0x00,0x02,0xEF,0x7B,0x02,0x00,0x00,0x00,0xCB,0x5A,0x88,0xCB,
    0x5A,0xF1,0xCB,0x5A,0xFF,0x0C,0x63,0xE1,0x89,0x4A,0x1F,0x00,0x00,0x00,0xEF,0x7B,
    0x02,0xFF,0xFF,0x02,0x00,0x00,0x00,0x0C,0x63,0x8E,0xAE,0x73,0xFF,0x8E,0x73,0xFD,
    0x8D,0x6B,0xFD,0xCF,0x7B,0xFF,0xAE,0x73,0xB7,0x00,0x00,0x07,0x00,0x00,0x00,0xEF,
    0x7B,0x04,0x00,0x00,0x00,0xEF,0x7B,0x73,0x07,0x3A,0x33,0x00,0x00,0x00,0xEF,0x7B,
    0x04,0x00,0x00,0x00,0xEB,0x5A,0x3C,0x71,0x8C,0xEB,0xB2,0x94,0xFF,0xB2,0x94,0xFD,
    0xD2,0x94,0xFF,0xD2,0x94,0xFC,0xCB,0x5A,0x58,0x00,0x00,0x00,0xAA,0x52,0x03,0xEF,
    0x7B,0x02,0x00,0x00,0x00,0xCE,0x73,0x88,0x34,0xA5,0xFF,0x96,0xB5,0xFF,0x30,0x84,
    0x94,0x00,0x00,0x00,0x00,0x00,0x00,0xEF,0x7B,0x02,0x00,0x00,0x00,0x82,0x10,0x26,
    0x95,0xAD,0xE0,0x38,0xC6,0xFF,0xD6,0xB5,0xFD,0xD7,0xBD,0xFF,0xD7,0xBD,0xFF,0x17,
    0xBE,0xFF,0xF7,0xBD,0xFF,0xF7,0xBD,0xFB,0xBA,0xD6,0xFF,0xB2,0x94,0x93,0x00,0x00,
    0x00,0x00,0x00,0x00,0x00,0x00,0x00,0x00,0x00,0x00,0x00,0x00,0x00,0xEF,0x7B,0x02,
    0x00,0x00,0x00,0x89,0x4A,0x25,0x58,0xC6,0xEE,0xD7,0xBD,0xC2,0x00,0x00,0x02,0x00,
    0x00,0x00,0x00,0x00,0x00,0x00,0x00,0x00,0x00,0x00,0x00,0xEF,0x7B,0x02,0x00,0x00,
    0x00,0x00,0x00,0x19,0x38,0xC6,0xD6,0xFA,0xDE,0xFF,0x79,0xCE,0xFC,0x38,0xC6,0xFD,
    0x99,0xD6,0xFF,0x34,0xA5,0x95,0x00,0x00,0x00,0xFF,0xFF,0x02,0x00,0x00,0x01,0x00,
    0x00,0x00,0xB2,0x94,0x70,0x48,0x42,0x2D,0x00,0x00,0x00,0xEF,0x7B,0x04,0x00,0x00,
    0x00,0x28,0x42,0x40,0x95,0xAD,0xEE,0xB6,0xB5,0xFF,0x95,0xAD,0xFC,0xD6,0xB5,0xFF,
    0x54,0xA5,0xD2,0x41,0x08,0x1C,0x00,0x00,0x00,0x00,0x00,0x02,0x00,0x00,0x01,0x00,
    0x00,0x01,0x49,0x4A,0x2F,0x50,0x84,0x9B,0xD2,0x94,0xE6,0xF3,0x9C,0xF7,0xB2,0x94,
    0xFD,0xB2,0x94,0xFD,0xB2,0x94,0xFE,0xB2,0x94,0xFE,0x71,0x8C,0xFF,0x91,0x8C,0xFF,
    0x71,0x8C,0xFF,0x30,0x84,0xFC,0x71,0x8C,0xFF,0x51,0x8C,0xEB,0x08,0x42,0x35,0x00,
    0x00,0x00,0xAA,0x52,0x03,0x00,0x00,0x00,0x00,0x00,0x00,0x2C,0x63,0x9B,0x30,0x84,
    0xFF,0xEF,0x7B,0xFE,0xCE,0x73,0xFF,0xCF,0x7B,0xFC,0xEF,0x7B,0xFF,0x8D,0x6B,0xB5,
    0x00,0x00,0x00,0xEF,0x7B,0x02,0x00,0x00,0x02,0x00,0x00,0x00,0x65,0x29,0x37,0x8E,
    0x73,0xE6,0x4D,0x6B,0xF1,0x2C,0x63,0xF6,0x4D,0x6B,0xFE,0x2C,0x63,0xFF,0xEB,0x5A,
    0xFF,0x0B,0x5B,0xFF,0xEB,0x5A,0xFF,0xCB,0x5A,0xFD,0x0B,0x5B,0xFF,0xEB,0x5A,0xA4,
    0x00,0x00,0x00,0xFF,0xFF,0x02,0x00,0x00,0x02,0x00,0x00,0x00,0x04,0x21,0x39,0xAA,
    0x52,0xE8,0x69,0x4A,0xF6,0x89,0x4A,0xDB,0x8A,0x52,0xAC,0x00,0x00,0x05,0x00,0x00,
    0x00,0x00,0x00,0x03,0x00,0x00,0x00,0x45,0x29,0x47,0x48,0x42,0xE3,0x28,0x42,0xFF,
    0xA6,0x31,0x5F,0x00,0x00,0x02,0xE7,0x39,0xB1,0x28,0x42,0xFF,0x48,0x42,0xEF,0x45,
    0x29,0x4D,0x00,0x00,0x00,0x00,0x00,0x02,0x00,0x00,0x00,0x00,0x00,0x00,0x00,0x00,
    0x00,0x00,0x00,0x00,0x00,0x00,0x00,0x00,0x00,0x00,0x00,0x00,0x00,0x00,0x00,0x00,
    0x00,0x00,0x00,0x00,0x00,0x00,0x00,0x00,0x00,0xEF,0x7B,0x02,0x00,0x00,0x00,0x86,
    0x31,0x55,0xC6,0x31,0xE1,0x08,0x42,0xFA,0x48,0x42,0xA0,0x00,0x00,0x10,0x00,0x00,
    0x22,0x00,0x00,0x23,0x00,0x00,0x13,0x00,0x00,0x38,0xC7,0x39,0xED,0x08,0x42,0xFF,
    0x69,0x4A,0xFF,0xE7,0x39,0x82,0x00,0x00,0x00,0xAA,0x52,0x03,0xAA,0x52,0x03,0x00,
    0x00,0x00,0x07,0x3A,0x89,0x69,0x4A,0xFF,0x49,0x4A,0xFE,0x89,0x4A,0xFF,0x49,0x4A,
    0xFE,0x69,0x4A,0xFF,0xEB,0x5A,0xEF,0x86,0x31,0x31,0x00,0x00,0x00,0x00,0x00,0x01,
    0xEF,0x7B,0x02,0x00,0x00,0x00,0xCB,0x5A,0x8C,0xEB,0x5A,0xF0,0xEB,0x5A,0xF4,0x0C,
    0x63,0xDD,0xAA,0x52,0x1E,0x00,0x00,0x00,0xEF,0x7B,0x02,0xFF,0xFF,0x02,0x00,0x00,
    0x00,0x0C,0x63,0x92,0xAE,0x73,0xFF,0xAE,0x73,0xFD,0x6D,0x6B,0xFE,0xEF,0x7B,0xFF,
    0xEB,0x5A,0x83,0x00,0x00,0x00,0xE7,0x39,0x04,0xFF,0xFF,0x01,0x00,0x00,0x03,0x91,
    0x8C,0xA3,0xCB,0x5A,0x55,0x00,0x00,0x00,0xAA,0x52,0x03,0x00,0x00,0x00,0x41,0x08,
    0x17,0x71,0x8C,0xC2,0xF3,0x9C,0xFF,0xB2,0x94,0xFD,0xF3,0x9C,0xFF,0x13,0x9D,0xFD,
    0xEB,0x5A,0x59,0x00,0x00,0x00,0xAA,0x52,0x03,0xEF,0x7B,0x02,0x00,0x00,0x00,0xCF,
    0x7B,0x8A,0x54,0xA5,0xFF,0xB6,0xB5,0xFF,0x30,0x84,0x96,0x00,0x00,0x00,0x00,0x00,
    0x00,0xEF,0x7B,0x02,0x00,0x00,0x00,0x82,0x10,0x27,0x95,0xAD,0xDE,0x58,0xC6,0xFF,
    0xD6,0xB5,0xFD,0x17,0xBE,0xFF,0xD7,0xBD,0xFF,0x17,0xBE,0xFF,0x17,0xBE,0xFF,0x17,
    0xBE,0xFB,0xBA,0xD6,0xFF,0xB2,0x94,0x93,0x00,0x00,0x00,0x00,0x00,0x00,0x00,0x00,
    0x00,0x00,0x00,0x00,0x00,0x00,0x00,0x00,0x00,0x01,0xFF,0xFF,0x01,0x00,0x00,0x02,
    0x95,0xAD,0xAD,0x91,0x8C,0x71,0x00,0x00,0x00,0xFF,0xFF,0x01,0x00,0x00,0x00,0x00,
    0x00,0x00,0x00,0x00,0x00,0xEF,0x7B,0x02,0x00,0x00,0x00,0x00,0x00,0x1A,0x58,0xC6,
    0xD4,0xFB,0xDE,0xFF,0x79,0xCE,0xFC,0x99,0xCE,0xFE,0x58,0xCE,0xFC,0xEF,0x7B,0x5D,
    0x00,0x00,0x00,0xEF,0x7B,0x04,0xFF,0xFF,0x01,0x00,0x00,0x02,0xB6,0xB5,0xB3,0x8E,
    0x73,0x5B,0x00,0x00,0x00,0xE7,0x39,0x04,0x00,0x00,0x00,0x00,0x00,0x0F,0x54,0xA5,
    0xCC,0xF7,0xBD,0xFF,0xB6,0xB5,0xFC,0xD6,0xB5,0xFF,0x54,0xA5,0xD9,0x00,0x00,0x20,
    0xFF,0xFF,0x01,0xAA,0x52,0x03,0x00,0x00,0x00,0x00,0x00,0x00,0x00,0x00,0x00,0x00,
    0x00,0x00,0xEB,0x5A,0x49,0x71,0x8C,0xB3,0xD3,0x9C,0xF8,0x13,0x9D,0xFF,0xD2,0x94,
    0xFE,0xB2,0x94,0xFE,0xB2,0x94,0xFF,0x91,0x8C,0xFF,0x71,0x8C,0xFF,0x50,0x84,0xFD,
    0x92,0x94,0xFF,0x50,0x84,0xED,0xE7,0x39,0x37,0x00,0x00,0x00,0xAA,0x52,0x03,0x00,
    0x00,0x00,0x00,0x00,0x00,0x2C,0x63,0x9D,0x50,0x84,0xFF,0xEF,0x7B,0xFE,0xCE,0x73,
    0xFF,0xCE,0x73,0xFD,0xEF,0x7B,0xFF,0x6D,0x6B,0xB6,0x00,0x00,0x00,0xFF,0xFF,0x01,
    0x00,0x00,0x01,0x00,0x00,0x00,0x04,0x21,0x15,0xAA,0x52,0x6A,0xAA,0x52,0x6A,0x69,
    0x4A,0x68,0x89,0x4A,0x69,0x8A,0x52,0x6E,0x48,0x42,0x6D,0xAA,0x52,0xC7,0x0C,0x63,
    0xFF,0xEB,0x5A,0xFD,0x0C,0x63,0xFF,0xAA,0x52,0xA2,0x00,0x00,0x00,0xAA,0x52,0x03,
    0x00,0x00,0x02,0x00,0x00,0x00,0x04,0x21,0x3A,0xAA,0x52,0xE6,0x89,0x4A,0xF2,0x69,
    0x4A,0xDD,0xAA,0x52,0xA9,0x00,0x00,0x00,0xFF,0xFF,0x01,0x00,0x00,0x03,0x00,0x00,
    0x00,0x44,0x21,0x49,0x48,0x42,0xE3,0x28,0x42,0xFF,0xA6,0x31,0x60,0x00,0x00,0x07,
    0xE7,0x39,0xB9,0x28,0x42,0xFF,0x28,0x42,0xEF,0x45,0x29,0x4D,0x00,0x00,0x00,0x00,
    0x00,0x02,0x00,0x00,0x00,0x00,0x00,0x00,0x00,0x00,0x00,0x00,0x00,0x00,0x00,0x00,
    0x00,0x00,0x00,0x00,0x00,0x00,0x00,0x00,0x00,0x00,0x00,0x00,0x00,0x00,0x00,0x00,
    0x00,0x00,0x00,0xEF,0x7B,0x02,0x00,0x00,0x00,0x65,0x29,0x52,0xC6,0x31,0xDE,0x07,
    0x3A,0xEF,0x69,0x4A,0xE8,0xAA,0x52,0xC3,0xCB,0x5A,0xC6,0xCA,0x52,0xD1,0x28,0x42,
    0x4D,0x20,0x00,0x26,0xC7,0x39,0xE9,0x28,0x42,0xFF,0x69,0x4A,0xFF,0xC7,0x39,0x81,
    0x00,0x00,0x00,0xAA,0x52,0x03,0xEF,0x7B,0x02,0x00,0x00,0x00,0xC7,0x39,0x86,0xAA,
    0x52,0xFF,0x48,0x42,0xFE,0x69,0x4A,0xFF,0x69,0x4A,0xFE,0x69,0x4A,0xFF,0xCB,0x5A,
    0xF0,0x86,0x31,0x36,0x00,0x00,0x00,0x00,0x00,0x01,0xEF,0x7B,0x02,0x00,0x00,0x00,
    0x69,0x4A,0x65,0x69,0x4A,0xA4,0x89,0x4A,0xA7,0x69,0x4A,0x99,0xE7,0x39,0x10,0x00,
    0x00,0x00,0x00,0x00,0x01,0xFF,0xFF,0x01,0x00,0x00,0x00,0x0C,0x63,0x97,0xCE,0x73,
    0xFF,0xAE,0x73,0xFC,0x8E,0x73,0xFF,0xEF,0x7B,0xF2,0xE7,0x39,0x46,0x00,0x00,0x00,
    0xAA,0x52,0x03,0x00,0x00,0x00,0x00,0x00,0x18,0x51,0x8C,0xC7,0x8D,0x6B,0x7F,0x00,
    0x00,0x00,0xAA,0x52,0x03,0xFF,0xFF,0x02,0x00,0x00,0x01,0x71,0x8C,0x9C,0xF3,0x9C,
    0xFF,0xB2,0x94,0xFC,0xD3,0x9C,0xFF,0x34,0xA5,0xFD,0xCB,0x5A,0x58,0x00,0x00,0x00,
    0xAA,0x52,0x03,0xEF,0x7B,0x02,0x00,0x00,0x00,0x0F,0x7C,0x8B,0x55,0xAD,0xFF,0xB6,
    0xB5,0xFF,0x50,0x84,0x97,0x00,0x00,0x00,0x00,0x00,0x00,0xEF,0x7B,0x02,0x00,0x00,
    0x00,0x82,0x10,0x27,0x96,0xB5,0xDE,0x38,0xC6,0xFF,0xF7,0xBD,0xFD,0x17,0xBE,0xFF,
    0x17,0xBE,0xFF,0xF7,0xBD,0xFF,0x38,0xC6,0xFF,0x38,0xC6,0xFB,0xDA,0xD6,0xFF,0xD2,
    0x94,0x91,0x00,0x00,0x00,0x00,0x00,0x00,0x00,0x00,0x00,0x00,0x00,0x00,0x00,0x00,
    0x00,0x00,0x00,0x00,0xFF,0xFF,0x01,0x00,0x00,0x00,0x0B,0x5B,0x34,0x89,0x4A,0x1C,
    0x00,0x00,0x00,0x00,0x00,0x00,0x00,0x00,0x00,0x00,0x00,0x00,0x00,0x00,0x00,0xEF,
    0x7B,0x02,0x00,0x00,0x00,0x00,0x00,0x1B,0x58,0xC6,0xD5,0x1B,0xE7,0xFF,0x99,0xD6,
    0xFC,0xB9,0xD6,0xFF,0x37,0xC6,0xE7,0x24,0x21,0x2D,0x00,0x00,0x00,0xAA,0x52,0x03,
    0x00,0x00,0x00,0x00,0x00,0x19,0x38,0xC6,0xE1,0x13,0x9D,0x88,0x00,0x00,0x00,0xFF,
    0xFF,0x03,0xEF,0x7B,0x02,0x00,0x00,0x00,0x71,0x8C,0x95,0x17,0xBE,0xFF,0xB6,0xB5,
    0xFD,0xB6,0xB5,0xFE,0x75,0xAD,0xF6,0xAE,0x73,0x5D,0x00,0x00,0x00,0xFF,0xFF,0x01,
    0x54,0xA5,0x03,0x00,0x00,0x01,0x00,0x00,0x01,0xFF,0xFF,0x01,0x00,0x00,0x00,0x00,
    0x00,0x10,0x6D,0x6B,0x5E,0x71,0x8C,0xCE,0x14,0xA5,0xFF,0xD2,0x94,0xFF,0x92,0x94,
    0xFE,0x91,0x8C,0xFF,0x91,0x8C,0xFF,0x51,0x8C,0xFD,0xB2,0x94,0xFF,0x30,0x84,0xEF,
    0x07,0x3A,0x3A,0x00,0x00,0x00,0xE7,0x39,0x04,0x00,0x00,0x00,0x00,0x00,0x00,0x2C,
    0x63,0x9F,0x51,0x8C,0xFF,0xCF,0x7B,0xFE,0xEF,0x7B,0xFF,0xCF,0x7B,0xFD,0xCF,0x7B,
    0xFF,0x6D,0x6B,0xB8,0x00,0x00,0x00,0xFF,0xFF,0x01,0x00,0x00,0x00,0x00,0x00,0x00,
    0x00,0x00,0x00,0x00,0x00,0x00,0x00,0x00,0x00,0x00,0x00,0x00,0x00,0x00,0x00,0x00,
    0x00,0x00,0x00,0x00,0x00,0x49,0x4A,0x8F,0x2C,0x63,0xFF,0xEB,0x5A,0xFC,0xEB,0x5A,
    0xFF,0xEB,0x5A,0xA6,0x00,0x00,0x00,0x54,0xA5,0x03,0x00,0x00,0x01,0x00,0x00,0x00,
    0x24,0x21,0x30,0x69,0x4A,0xBC,0x28,0x42,0xB6,0x28,0x42,0xA6,0x28,0x42,0x72,0x00,
    0x00,0x00,0x00,0x00,0x01,0x00,0x00,0x03,0x00,0x00,0x00,0x45,0x29,0x4C,0x49,0x4A,
    0xE6,0x28,0x42,0xFF,0x86,0x31,0x61,0x00,0x00,0x07,0xE7,0x39,0xB7,0x28,0x42,0xFF,
    0x48,0x42,0xEF,0x24,0x21,0x4C,0x00,0x00,0x00,0x00,0x00,0x02,0x00,0x00,0x00,0x00,
    0x00,0x00,0x00,0x00,0x00,0x00,0x00,0x00,0x00,0x00,0x00,0x00,0x00,0x00,0x00,0x00,
    0x00,0x00,0x00,0x00,0x00,0x00,0x00,0x00,0x00,0x00,0x00,0x00,0x00,0xEF,0x7B,0x02,
    0x00,0x00,0x00,0x86,0x31,0x4F,0xC7,0x39,0xDB,0xC6,0x31,0xE7,0xE7,0x39,0xEE,0x28,
    0x42,0xF0,0xE7,0x39,0xF0,0x69,0x4A,0xFF,0x28,0x42,0x6A,0x00,0x00,0x21,0xC7,0x39,
    0xE7,0x28,0x42,0xFF,0x69,0x4A,0xFF,0xC7,0x39,0x83,0x00,0x00,0x00,0xE7,0x39,0x04,
    0xEF,0x7B,0x02,0x00,0x00,0x00,0xE7,0x39,0x84,0x89,0x4A,0xFF,0x49,0x4A,0xFE,0x69,
    0x4A,0xFF,0x69,0x4A,0xFE,0x69,0x4A,0xFF,0xEB,0x5A,0xF0,0x86,0x31,0x37,0x00,0x00,
    0x00,0x00,0x00,0x01,0x00,0x00,0x00,0x00,0x00,0x00,0x00,0x00,0x05,0x00,0x00,0x08,
    0x00,0x00,0x0A,0x00,0x00,0x07,0x00,0x00,0x00,0x00,0x00,0x00,0x00,0x00,0x01,0xFF,
    0xFF,0x01,0x00,0x00,0x01,0x0C,0x63,0x9E,0xCF,0x7B,0xFF,0xAE,0x73,0xFC,0xEF,0x7B,
    0xFF,0xAE,0x73,0xD5,0xE3,0x18,0x19,0x00,0x00,0x00,0xE7,0x39,0x04,0x00,0x00,0x00,
    0xE7,0x39,0x37,0x71,0x8C,0xEB,0x50,0x84,0xAA,0x00,0x00,0x00,0xEF,0x7B,0x02,0xE7,
    0x39,0x04,0x00,0x00,0x00,0x2C,0x63,0x68,0xF3,0x9C,0xFA,0xB2,0x94,0xFF,0xD3,0x9C,
    0xFF,0x34,0xA5,0xFD,0xEB,0x5A,0x5B,0x00,0x00,0x00,0xAA,0x52,0x03,0xEF,0x7B,0x02,
    0x00,0x00,0x00,0x10,0x84,0x8C,0x75,0xAD,0xFF,0xD6,0xB5,0xFF,0x51,0x8C,0x99,0x00,
    0x00,0x00,0x00,0x00,0x00,0xEF,0x7B,0x02,0x00,0x00,0x00,0x82,0x10,0x26,0xB6,0xB5,
    0xDF,0x58,0xC6,0xFF,0x17,0xBE,0xFD,0xF7,0xBD,0xFF,0x17,0xBE,0xFF,0x38,0xC6,0xFF,
    0x17,0xBE,0xFF,0x38,0xC6,0xFB,0xFB,0xDE,0xFF,0xB2,0x94,0x94,0x00,0x00,0x00,0x00,
    0x00,0x00,0x00,0x00,0x00,0x00,0x00,0x01,0xE3,0x18,0x08,0x00,0x00,0x01,0x00,0x00,
    0x00,0x00,0x00,0x00,0x00,0x00,0x00,0x00,0x00,0x00,0x00,0x00,0x00,0x00,0x00,0x00,
    0x00,0x00,0x01,0x00,0x00,0x05,0x00,0x00,0x00,0xEF,0x7B,0x02,0x00,0x00,0x00,0x00,
    0x00,0x19,0x58,0xC6,0xD3,0xFB,0xDE,0xFF,0x99,0xD6,0xFB,0xDA,0xD6,0xFF,0xD6,0xB5,
    0xC3,0x00,0x00,0x05,0x00,0x00,0x00,0xAA,0x52,0x03,0x00,0x00,0x00,0x49,0x4A,0x40,
    0x58,0xC6,0xF7,0xB6,0xB5,0xB0,0x00,0x00,0x03,0x00,0x00,0x00,0xAA,0x52,0x03,0x00,
    0x00,0x01,0xEB,0x5A,0x56,0xF7,0xBD,0xF9,0xB6,0xB5,0xFF,0x95,0xAD,0xFE,0x95,0xAD,
    0xFF,0x95,0xAD,0xEE,0xEF,0x7B,0x66,0x00,0x00,0x09,0x00,0x00,0x00,0x00,0x00,0x00,
    0xAA,0x52,0x03,0x00,0x00,0x00,0xAA,0x52,0x03,0x00,0x00,0x00,0x00,0x00,0x00,0xC6,
    0x31,0x16,0xAE,0x73,0x7F,0xB2,0x94,0xF0,0xD2,0x94,0xFF,0x71,0x8C,0xFE,0x92,0x94,
    0xFF,0x51,0x8C,0xFE,0xB2,0x94,0xFF,0x30,0x84,0xF2,0x28,0x42,0x3D,0x00,0x00,0x00,
    0xE7,0x39,0x04,0x00,0x00,0x00,0x00,0x00,0x00,0x2C,0x63,0x9D,0x71,0x8C,0xFF,0xCE,
    0x73,0xFE,0xEF,0x7B,0xFF,0xCF,0x7B,0xFD,0xCF,0x7B,0xFF,0x6D,0x6B,0xBA,0x00,0x00,
    0x01,0x00,0x00,0x00,0x00,0x00,0x01,0x00,0x00,0x00,0x00,0x00,0x01,0xEF,0x7B,0x04,
    0x2C,0x63,0x05,0x86,0x31,0x05,0x2C,0x63,0x05,0x4D,0x6B,0x07,0x86,0x31,0x05,0x89,
    0x4A,0x98,0x2C,0x63,0xFF,0x0B,0x5B,0xFC,0xEB,0x5A,0xFF,0xEB,0x5A,0xA6,0x00,0x00,
    0x00,0x54,0xA5,0x03,0x00,0x00,0x00,0x00,0x00,0x00,0x00,0x00,0x04,0xC3,0x18,0x12,
    0x82,0x10,0x0E,0x00,0x00,0x0A,0x00,0x00,0x04,0x00,0x00,0x00,0x00,0x00,0x00,0xAA,
    0x52,0x03,0x00,0x00,0x00,0x65,0x29,0x54,0x69,0x4A,0xEC,0x48,0x42,0xFF,0xA6,0x31,
    0x61,0x00,0x00,0x08,0xE7,0x39,0xB9,0x28,0x42,0xFF,0x48,0x42,0xEF,0x04,0x21,0x4C,
    0x00,0x00,0x00,0x00,0x00,0x02,0x00,0x00,0x00,0x00,0x00,0x00,0x00,0x00,0x00,0x00,
    0x00,0x00,0x00,0x00,0x00,0x00,0x00,0x00,0x00,0x00,0x00,0x00,0x00,0x00,0x00,0x00,
    0x00,0x00,0x00,0x00,0x00,0x00,0x00,0xEF,0x7B,0x02,0x00,0x00,0x00,0x85,0x29,0x3E,
    0xA6,0x31,0xBB,0xC6,0x31,0xC8,0xA6,0x31,0xD5,0xA6,0x31,0xDE,0xA6,0x31,0xEB,0x28,
    0x42,0xFC,0x28,0x42,0x69,0x00,0x00,0x22,0xC7,0x39,0xE8,0x28,0x42,0xFF,0x69,0x4A,
    0xFF,0xE7,0x39,0x85,0x00,0x00,0x00,0xE7,0x39,0x04,0xEF,0x7B,0x02,0x00,0x00,0x00,
    0xC7,0x39,0x83,0x69,0x4A,0xFF,0x69,0x4A,0xFE,0x49,0x4A,0xFF,0x69,0x4A,0xFE,0x69,
    0x4A,0xFF,0x0C,0x63,0xF1,0x86,0x31,0x3B,0x00,0x00,0x00,0x00,0x00,0x01,0x00,0x00,
    0x00,0x00,0x00,0x00,0x00,0x00,0x00,0x00,0x00,0x00,0x00,0x00,0x00,0x00,0x00,0x00,
    0x00,0x00,0x00,0x00,0x00,0x00,0x00,0x00,0x02,0x00,0x00,0x00,0x44,0x21,0x25,0x4D,
    0x6B,0xDB,0xAE,0x73,0xFF,0x8E,0x73,0xFC,0xEF,0x7B,0xFF,0x2C,0x63,0xA0,0x00,0x00,
    0x00,0x00,0x00,0x00,0xEF,0x7B,0x04,0x00,0x00,0x00,0xAE,0x73,0x5C,0x71,0x8C,0xFA,
    0x91,0x8C,0xCC,0x00,0x00,0x10,0x00,0x00,0x00,0xAA,0x52,0x03,0x00,0x00,0x00,0x04,
    0x21,0x2D,0x13,0x9D,0xE3,0xD2,0x94,0xFF,0xF3,0x9C,0xFF,0x34,0xA5,0xFD,0xCB,0x5A,
    0x5D,0x00,0x00,0x00,0xAA,0x52,0x03,0xEF,0x7B,0x02,0x00,0x00,0x00,0x10,0x84,0x8E,
    0x75,0xAD,0xFF,0xF7,0xBD,0xFF,0x50,0x84,0x9B,0x00,0x00,0x00,0x00,0x00,0x00,0xEF,
    0x7B,0x02,0x00,0x00,0x00,0x61,0x08,0x24,0xB6,0xB5,0xDF,0x79,0xCE,0xFF,0x17,0xBE,
    0xFD,0xF7,0xBD,0xFF,0x17,0xBE,0xFF,0x38,0xC6,0xFF,0x38,0xC6,0xFF,0x38,0xC6,0xFB,
    0xFB,0xDE,0xFF,0xD2,0x94,0x94,0x00,0x00,0x00,0xFF,0xFF,0x01,0x00,0x00,0x00,0x86,
    0x31,0x05,0x69,0x4A,0x60,0xCB,0x5A,0x26,0x00,0x00,0x00,0xEF,0x7B,0x02,0xFF,0xFF,
    0x01,0xFF,0xFF,0x01,0x00,0x00,0x01,0x00,0x00,0x00,0x49,0x4A,0x49,0x89,0x4A,0x50,
    0x00,0x00,0x00,0xAA,0x52,0x03,0x00,0x00,0x00,0x00,0x00,0x19,0x38,0xC6,0xD3,0x1B,
    0xDF,0xFF,0x99,0xD6,0xFC,0x1B,0xDF,0xFF,0xB2,0x94,0x8C,0x00,0x00,0x00,0xEF,0x7B,
    0x02,0xF7,0xBD,0x04,0x00,0x00,0x00,0xD2,0x94,0x71,0x99,0xCE,0xFF,0xF7,0xBD,0xDB,
    0x65,0x29,0x25,0x00,0x00,0x00,0xAA,0x52,0x03,0x00,0x00,0x00,0x08,0x42,0x1E,0x75,
    0xAD,0xE4,0xD7,0xBD,0xFF,0x95,0xAD,0xFE,0x95,0xAD,0xFF,0x95,0xAD,0xFF,0xD6,0xB5,
    0xFF,0x13,0x9D,0xBA,0x30,0x84,0x4A,0x00,0x00,0x00,0x00,0x00,0x00,0xFF,0xFF,0x01,
    0xFF,0xFF,0x01,0x00,0x00,0x02,0xFF,0xFF,0x02,0x00,0x00,0x00,0x00,0x00,0x00,0xCB,
    0x5A,0x57,0x91,0x8C,0xED,0xD2,0x94,0xFF,0x91,0x8C,0xFE,0x91,0x8C,0xFE,0xB2,0x94,
    0xFF,0x50,0x84,0xF2,0x49,0x4A,0x3D,0x00,0x00,0x00,0xE7,0x39,0x04,0x00,0x00,0x00,
    0x00,0x00,0x00,0x2C,0x63,0x9D,0x71,0x8C,0xFF,0xCE,0x73,0xFE,0xEF,0x7B,0xFF,0xEF,
    0x7B,0xFD,0xCF,0x7B,0xFF,0x6D,0x6B,0xBC,0x00,0x00,0x03,0x00,0x00,0x00,0x00,0x00,
    0x01,0x00,0x00,0x00,0x00,0x00,0x00,0x00,0x00,0x00,0x00,0x00,0x00,0x00,0x00,0x00,
    0x00,0x00,0x00,0x00,0x00,0x00,0x00,0x00,0x00,0x69,0x4A,0x97,0x6D,0x6B,0xFF,0xEB,
    0x5A,0xFC,0xEB,0x5A,0xFF,0x0C,0x63,0xA6,0x00,0x00,0x00,0xFF,0xFF,0x02,0x00,0x00,
    0x00,0x00,0x00,0x00,0x00,0x00,0x00,0x00,0x00,0x00,0x00,0x00,0x00,0x00,0x00,0x00,
    0x00,0x00,0x00,0x00,0x00,0x00,0x00,0x00,0x01,0xEF,0x7B,0x02,0x00,0x00,0x00,0x28,
    0x42,0x90,0x48,0x42,0xF8,0x69,0x4A,0xFF,0xC7,0x39,0x61,0x00,0x00,0x08,0xE7,0x39,
    0xBF,0x28,0x42,0xFF,0x28,0x42,0xEE,0x04,0x21,0x4C,0x00,0x00,0x00,0x00,0x00,0x02,
    0x00,0x00,0x00,0x00,0x00,0x00,0x00,0x00,0x00,0x00,0x00,0x00,0x00,0x00,0x00,0x00,
    0x00,0x00,0x00,0x00,0x00,0x00,0x00,0x00,0x00,0x00,0x00,0x00,0x00,0x00,0x00,0x00,
    0x00,0x00,0x00,0x01,0x00,0x00,0x00,0xA2,0x10,0x0B,0x45,0x29,0x2A,0xA6,0x31,0x2F,
    0x24,0x21,0x3E,0xA6,0x31,0xB1,0xE7,0x39,0xF4,0x48,0x42,0xFF,0x28,0x42,0x6A,0x00,
    0x00,0x20,0xC7,0x39,0xE7,0x49,0x4A,0xFF,0x89,0x4A,0xFF,0xC7,0x39,0x86,0x00,0x00,
    0x00,0xE7,0x39,0x04,0xEF,0x7B,0x02,0x00,0x00,0x00,0xC7,0x39,0x84,0x69,0x4A,0xFF,
    0x89,0x4A,0xFE,0x69,0x4A,0xFF,0x89,0x4A,0xFF,0x69,0x4A,0xFF,0x2C,0x63,0xF3,0xA6,
    0x31,0x40,0x00,0x00,0x00,0x00,0x00,0x01,0x00,0x00,0x00,0x00,0x00,0x00,0x00,0x00,
    0x00,0x00,0x00,0x00,0xFF,0xFF,0x01,0x00,0x00,0x01,0x00,0x00,0x00,0x00,0x00,0x01,
    0x00,0x00,0x00,0x00,0x00,0x0E,0x4C,0x63,0xAA,0xCE,0x73,0xFF,0x6D,0x6B,0xFE,0xAE,
    0x73,0xFE,0xEF,0x7B,0xFE,0xAA,0x52,0x64,0x00,0x00,0x00,0xEF,0x7B,0x02,0xFF,0xFF,
    0x02,0x00,0x00,0x00,0xCE,0x73,0x7E,0xB2,0x94,0xF2,0x91,0x8C,0xDE,0x07,0x3A,0x3A,
    0x00,0x00,0x00,0xAA,0x52,0x03,0xFF,0xFF,0x01,0x00,0x00,0x05,0x71,0x8C,0xBD,0x14,
    0xA5,0xFF,0xD2,0x94,0xFE,0x34,0xA5,0xFE,0xEB,0x5A,0x5E,0x00,0x00,0x00,0xAA,0x52,
    0x03,0xEF,0x7B,0x02,0x00,0x00,0x00,0x30,0x84,0x92,0x75,0xAD,0xFF,0xF7,0xBD,0xFF,
    0x51,0x8C,0x9B,0x00,0x00,0x00,0x00,0x00,0x00,0xEF,0x7B,0x02,0x00,0x00,0x00,0x20,
    0x00,0x24,0xB6,0xB5,0xDB,0x58,0xC6,0xFF,0x17,0xBE,0xFD,0x38,0xC6,0xFF,0x38,0xC6,
    0xFF,0x17,0xBE,0xFF,0x79,0xCE,0xFF,0x38,0xC6,0xFB,0xDA,0xD6,0xFF,0xD3,0x9C,0x92,
    0x00,0x00,0x00,0xFF,0xFF,0x01,0xFF,0xFF,0x01,0x00,0x00,0x00,0x10,0x84,0x81,0x54,
    0xA5,0x63,0x00,0x00,0x00,0xFF,0xFF,0x03,0x00,0x00,0x00,0x00,0x00,0x00,0x54,0xA5,
    0x03,0x00,0x00,0x00,0x54,0xA5,0x9F,0x4D,0x6B,0x68,0x00,0x00,0x00,0xE7,0x39,0x04,
    0x00,0x00,0x00,0x00,0x00,0x19,0x58,0xC6,0xD3,0x1B,0xDF,0xFF,0x99,0xD6,0xFD,0xDA,
    0xD6,0xFD,0x2C,0x63,0x4D,0x00,0x00,0x00,0xEF,0x7B,0x02,0xFF,0xFF,0x01,0x00,0x00,
    0x03,0x55,0xAD,0xA4,0x79,0xCE,0xFB,0xF7,0xBD,0xF9,0x92,0x94,0x50,0x00,0x00,0x00,
    0xF7,0xBD,0x04,0x00,0x00,0x00,0x00,0x00,0x01,0xB2,0x94,0xB5,0x38,0xC6,0xFE,0x75,
    0xAD,0xFD,0x96,0xB5,0xFF,0x55,0xAD,0xFE,0x54,0xA5,0xFE,0xF7,0xBD,0xFF,0x95,0xAD,
    0xF9,0x34,0xA5,0xAA,0x0C,0x63,0x44,0x00,0x00,0x00,0x00,0x00,0x00,0xFF,0xFF,0x01,
    0x00,0x00,0x00,0x00,0x00,0x02,0xFF,0xFF,0x01,0x00,0x00,0x02,0x30,0x84,0xB2,0x13,
    0x9D,0xFF,0x71,0x8C,0xFC,0xD2,0x94,0xFD,0x92,0x94,0xFF,0x51,0x8C,0xF1,0x48,0x42,
    0x3B,0x00,0x00,0x00,0xAA,0x52,0x03,0x00,0x00,0x00,0x00,0x00,0x00,0x4C,0x63,0x99,
    0x71,0x8C,0xFF,0xCF,0x7B,0xFE,0x0F,0x7C,0xFF,0xEF,0x7B,0xFD,0xCE,0x73,0xFF,0x6D,
    0x6B,0xBC,0x00,0x00,0x02,0x00,0x00,0x00,0x00,0x00,0x01,0x00,0x00,0x00,0x00,0x00,
    0x04,0x41,0x08,0x1C,0x00,0x00,0x21,0x00,0x00,0x1F,0x00,0x00,0x1F,0x61,0x08,0x22,
    0x00,0x00,0x13,0x49,0x4A,0xA6,0x4D,0x6B,0xFF,0xEB,0x5A,0xFC,0x2C,0x63,0xFF,0x0B,
    0x5B,0xA5,0x00,0x00,0x00,0xFF,0xFF,0x02,0x00,0x00,0x00,0x00,0x00,0x00,0x00,0x00,
    0x00,0x00,0x00,0x00,0x00,0x00,0x00,0x00,0x00,0x01,0x00,0x00,0x00,0x00,0x00,0x01,
    0xFF,0xFF,0x01,0x00,0x00,0x00,0x07,0x3A,0x5D,0x8A,0x52,0xE7,0x48,0x42,0xF9,0x49,
    0x4A,0xFF,0x86,0x31,0x5F,0x00,0x00,0x0A,0xE7,0x39,0xBC,0x08,0x42,0xFF,0x48,0x42,
    0xED,0x24,0x21,0x4B,0x00,0x00,0x00,0x00,0x00,0x02,0x00,0x00,0x00,0x00,0x00,0x00,
    0x00,0x00,0x00,0x00,0x00,0x00,0x00,0x00,0x00,0x00,0x00,0x00,0x00,0x00,0x00,0x00,
    0x00,0x00,0x00,0x00,0x00,0x00,0x00,0x00,0x00,0x00,0x00,0x00,0x00,0x00,0x00,0x00,
    0x00,0x00,0x00,0x00,0x00,0x00,0x00,0x00,0x00,0x00,0x00,0x00,0x00,0xA6,0x31,0x9B,
    0xE7,0x39,0xF8,0x48,0x42,0xFF,0x48,0x42,0x6B,0x00,0x00,0x1F,0xC7,0x39,0xE9,0x28,
    0x42,0xFF,0x89,0x4A,0xFF,0xC7,0x39,0x88,0x00,0x00,0x00,0xAA,0x52,0x03,0xEF,0x7B,
    0x02,0x00,0x00,0x00,0xC7,0x39,0x83,0x49,0x4A,0xFF,0x89,0x4A,0xFF,0x69,0x4A,0xFF,
    0x89,0x4A,0xFF,0x89,0x4A,0xFF,0x2C,0x63,0xF4,0xA6,0x31,0x42,0x00,0x00,0x00,0x00,
    0x00,0x01,0x00,0x00,0x00,0x00,0x00,0x00,0x65,0x29,0x0B,0x00,0x00,0x0B,0x00,0x00,
    0x00,0x00,0x00,0x00,0x00,0x00,0x01,0x00,0x00,0x00,0x00,0x00,0x05,0x6D,0x6B,0x99,
    0x8D,0x6B,0xF9,0x8D,0x6B,0xFE,0x8D,0x6B,0xFD,0xAE,0x73,0xFF,0x8E,0x73,0xEF,0x49,
    0x4A,0x32,0x00,0x00,0x00,0xEF,0x7B,0x02,0x00,0x00,0x00,0x00,0x00,0x00,0x89,0x4A,
    0x19,0x8A,0x52,0x37,0xAA,0x52,0x38,0xC7,0x39,0x15,0x00,0x00,0x00,0x00,0x00,0x01,
    0xFF,0xFF,0x01,0x00,0x00,0x00,0x6D,0x6B,0x7F,0x54,0xA5,0xFE,0xB2,0x94,0xFF,0x13,
    0x9D,0xFD,0xEB,0x5A,0x5E,0x00,0x00,0x00,0xAA,0x52,0x03,0xEF,0x7B,0x02,0x00,0x00,
    0x00,0x30,0x84,0x91,0x95,0xAD,0xFF,0x17,0xBE,0xFF,0x71,0x8C,0x9E,0x00,0x00,0x00,
    0x00,0x00,0x00,0xEF,0x7B,0x02,0x00,0x00,0x00,0x00,0x00,0x22,0xB6,0xB5,0xDA,0x79,
    0xCE,0xFF,0x17,0xBE,0xFD,0x18,0xC6,0xFF,0x38,0xC6,0xFF,0x58,0xC6,0xFF,0x38,0xC6,
    0xFF,0x38,0xC6,0xFB,0xFB,0xDE,0xFF,0xD2,0x94,0x91,0x00,0x00,0x00,0xFF,0xFF,0x01,
    0xFF,0xFF,0x02,0x00,0x00,0x00,0xB6,0xB5,0x7A,0x96,0xB5,0xAE,0x00,0x00,0x01,0x00,
    0x00,0x00,0x00,0x00,0x01,0x00,0x00,0x02,0xFF,0xFF,0x01,0x41,0x08,0x1A,0xBA,0xD6,
    0xD3,0xAE,0x73,0x50,0x00,0x00,0x00,0xE7,0x39,0x04,0x00,0x00,0x00,0x00,0x00,0x1A,
    0x58,0xC6,0xD1,0xFA,0xDE,0xFF,0xFA,0xDE,0xFF,0x17,0xC6,0xE2,0x48,0x42,0x18,0x00,
    0x00,0x00,0xFF,0xFF,0x01,0x00,0x00,0x00,0x00,0x00,0x03,0x0C,0x63,0x2B,0x6D,0x6B,
    0x35,0x8E,0x73,0x32,0x8D,0x6B,0x14,0x00,0x00,0x00,0x00,0x00,0x01,0xFF,0xFF,0x01,
    0x00,0x00,0x00,0x50,0x84,0x77,0x79,0xCE,0xFF,0x95,0xAD,0xFD,0x95,0xAD,0xFF,0xB6,
    0xB5,0xFF,0x75,0xAD,0xFF,0x54,0xA5,0xFC,0x55,0xAD,0xFF,0x96,0xB5,0xFF,0xB6,0xB5,
    0xF5,0x13,0x9D,0xA5,0x89,0x4A,0x25,0x00,0x00,0x00,0x00,0x00,0x01,0x00,0x00,0x01,
    0x00,0x00,0x00,0xEF,0x7B,0x02,0x91,0x8C,0xAB,0xF3,0x9C,0xFF,0x91,0x8C,0xFC,0x92,
    0x94,0xFD,0xB2,0x94,0xFF,0x91,0x8C,0xEF,0x49,0x4A,0x39,0x00,0x00,0x00,0xAA,0x52,
    0x03,0x00,0x00,0x00,0x00,0x00,0x00,0x2C,0x63,0x9C,0x71,0x8C,0xFF,0xEF,0x7B,0xFE,
    0x10,0x84,0xFF,0xEF,0x7B,0xFD,0xCE,0x73,0xFF,0x8D,0x6B,0xBF,0x00,0x00,0x05,0x00,
    0x00,0x00,0x00,0x00,0x03,0x00,0x00,0x00,0x45,0x29,0x34,0xEF,0x7B,0xC9,0xEF,0x7B,
    0xDD,0xCF,0x7B,0xDA,0xCE,0x73,0xDD,0xAE,0x73,0xDA,0x6D,0x6B,0xD8,0x2C,0x63,0xF2,
    0x0B,0x5B,0xFF,0xCB,0x5A,0xFD,0x2C,0x63,0xFF,0xEB,0x5A,0xA5,0x00,0x00,0x00,0xFF,
    0xFF,0x02,0x00,0x00,0x00,0x00,0x00,0x00,0x00,0x00,0x05,0x41,0x08,0x14,0x00,0x00,
    0x08,0x00,0x00,0x00,0x00,0x00,0x00,0xFF,0xFF,0x01,0x00,0x00,0x00,0x08,0x42,0x6C,
    0xCA,0x52,0xE6,0x08,0x42,0xF9,0x48,0x42,0xFE,0x49,0x4A,0xFF,0xA6,0x31,0x5D,0x00,
    0x00,0x0C,0xE7,0x39,0xBE,0x28,0x42,0xFB,0x48,0x42,0xEB,0x24,0x21,0x4B,0x00,0x00,
    0x00,0x00,0x00,0x02,0x00,0x00,0x00,0x00,0x00,0x00,0x00,0x00,0x00,0x00,0x00,0x00,
    0x00,0x00,0x00,0x00,0x00,0x00,0x00,0x00,0x00,0x00,0x00,0x00,0x00,0x00,0x00,0x00,
    0x00,0x00,0x00,0x00,0x00,0x00,0x00,0x00,0x00,0x00,0x00,0x00,0x00,0x01,0x00,0x00,
    0x03,0xFF,0xFF,0x02,0xC3,0x18,0x09,0xC7,0x39,0xA1,0xE7,0x39,0xFC,0x69,0x4A,0xFF,
    0x28,0x42,0x6A,0x00,0x00,0x1C,0xC7,0x39,0xE8,0x28,0x42,0xFF,0x89,0x4A,0xFF,0xE7,
    0x39,0x89,0x00,0x00,0x00,0xE7,0x39,0x04,0xEF,0x7B,0x02,0x00,0x00,0x00,0xE7,0x39,
    0x83,0x48,0x42,0xFF,0x89,0x4A,0xFF,0x69,0x4A,0xFF,0x89,0x4A,0xFF,0x89,0x4A,0xFF,
    0x2C,0x63,0xF4,0xA6,0x31,0x41,0x00,0x00,0x00,0x00,0x00,0x02,0x00,0x00,0x00,0x00,
    0x00,0x0A,0xAA,0x52,0x96,0x4C,0x63,0xC2,0x24,0x21,0x28,0x00,0x00,0x00,0x00,0x00,
    0x03,0x00,0x00,0x00,0x00,0x00,0x06,0x0C,0x63,0x97,0x8D,0x6B,0xF4,0x6D,0x6B,0xFF,
    0x8E,0x73,0xFC,0x10,0x84,0xFF,0x4D,0x6B,0xC3,0x61,0x08,0x11,0x00,0x00,0x00,0x00,
    0x00,0x02,0x00,0x00,0x00,0x00,0x00,0x00,0x00,0x00,0x00,0x00,0x00,0x00,0x00,0x00,
    0x00,0x00,0x00,0x00,0x00,0x00,0x00,0x00,0x00,0x00,0xFF,0xFF,0x01,0x00,0x00,0x00,
    0xCA,0x52,0x3E,0xF3,0x9C,0xF6,0xF3,0x9C,0xFF,0x13,0x9D,0xFB,0xEB,0x5A,0x5C,0x00,
    0x00,0x00,0xAA,0x52,0x03,0xEF,0x7B,0x02,0x00,0x00,0x00,0x30,0x84,0x93,0xB6,0xB5,
    0xFF,0x38,0xC6,0xFF,0x71,0x8C,0xA1,0x00,0x00,0x00,0x00,0x00,0x00,0xEF,0x7B,0x02,
    0x00,0x00,0x00,0x00,0x00,0x20,0x96,0xB5,0xD5,0x79,0xCE,0xFE,0x17,0xBE,0xFC,0x38,
    0xC6,0xFE,0x18,0xC6,0xFE,0x58,0xC6,0xFE,0x58,0xC6,0xFE,0x38,0xC6,0xFB,0xFB,0xDE,
    0xFF,0xD2,0x94,0x8F,0x00,0x00,0x00,0xFF,0xFF,0x01,0xFF,0xFF,0x02,0x00,0x00,0x00,
    0x55,0xAD,0x71,0x79,0xCE,0xF6,0x4C,0x63,0x1F,0x00,0x00,0x00,0xEF,0x7B,0x02,0xF7,
    0xBD,0x04,0x00,0x00,0x00,0xD3,0x9C,0x5C,0xDB,0xD6,0xF9,0x4C,0x63,0x43,0x00,0x00,
    0x00,0xAA,0x52,0x03,0x00,0x00,0x00,0x00,0x00,0x1B,0x38,0xC6,0xD0,0xFB,0xDE,0xFF,
    0x3C,0xE7,0xFF,0x54,0xA5,0xAB,0x00,0x00,0x03,0x00,0x00,0x00,0x00,0x00,0x01,0x00,
    0x00,0x00,0x00,0x00,0x00,0x00,0x00,0x00,0x00,0x00,0x00,0x00,0x00,0x00,0x00,0x00,
    0x00,0x00,0x00,0x00,0x00,0x00,0x00,0xFF,0xFF,0x02,0x00,0x00,0x00,0xAE,0x73,0x3D,
    0x95,0xAD,0xF6,0xF7,0xBD,0xFE,0xB6,0xB5,0xFD,0x96,0xB5,0xFE,0x95,0xAD,0xFE,0x75,
    0xAD,0xFE,0x75,0xAD,0xFD,0x54,0xA5,0xFB,0x54,0xA5,0xFF,0xF7,0xBD,0xFF,0x54,0xA5,
    0xE6,0x48,0x42,0x37,0x00,0x00,0x00,0x00,0x00,0x02,0xFF,0xFF,0x01,0x00,0x00,0x00,
    0x51,0x8C,0xAC,0x14,0xA5,0xFF,0xD2,0x94,0xFC,0x91,0x8C,0xFD,0xB2,0x94,0xFF,0x91,
    0x8C,0xEE,0x08,0x42,0x38,0x00,0x00,0x00,0xAA,0x52,0x03,0x00,0x00,0x00,0x00,0x00,
    0x00,0x2C,0x63,0x9F,0x51,0x8C,0xFF,0x0F,0x7C,0xFE,0x30,0x84,0xFF,0xCE,0x73,0xFD,
    0xEF,0x7B,0xFF,0xAE,0x73,0xBE,0x00,0x00,0x04,0x00,0x00,0x00,0x00,0x00,0x03,0x00,
    0x00,0x00,0x44,0x21,0x3D,0xAE,0x73,0xE6,0x8D,0x6B,0xFF,0x2C,0x63,0xFF,0x2C,0x63,
    0xFF,0x0C,0x63,0xFF,0x2C,0x63,0xFF,0x0C,0x63,0xFF,0xEB,0x5A,0xFE,0xEB,0x5A,0xFD,
    0x0C,0x63,0xFF,0xEB,0x5A,0xA9,0x00,0x00,0x00,0xFF,0xFF,0x02,0x00,0x00,0x02,0x00,
    0x00,0x00,0xE3,0x18,0x3A,0xAA,0x52,0xCC,0x69,0x4A,0x7F,0x00,0x00,0x05,0xFF,0xFF,
    0x01,0x00,0x00,0x01,0x00,0x00,0x00,0x08,0x42,0x7B,0x69,0x4A,0xF4,0x08,0x42,0xFB,
    0x28,0x42,0xFD,0x28,0x42,0xFF,0x65,0x29,0x5F,0x00,0x00,0x0E,0xE7,0x39,0xC2,0x08,
    0x42,0xF9,0x28,0x42,0xE8,0x24,0x21,0x4A,0x00,0x00,0x00,0x00,0x00,0x02,0x00,0x00,
    0x00,0x00,0x00,0x00,0x00,0x00,0x00,0x00,0x00,0x00,0x00,0x00,0x00,0x00,0x00,0x00,
    0x00,0x00,0x00,0x00,0x00,0x00,0x00,0x00,0x00,0x00,0x00,0x00,0x00,0x00,0x00,0x00,
    0x00,0x00,0x00,0x00,0x00,0x00,0x00,0x00,0x00,0x00,0x01,0x00,0x00,0x00,0x00,0x00,
    0x06,0xC6,0x31,0xA1,0xE7,0x39,0xFE,0x69,0x4A,0xFF,0x48,0x42,0x68,0x00,0x00,0x1A,
    0xC7,0x39,0xE6,0x28,0x42,0xFF,0x69,0x4A,0xFF,0xC7,0x39,0x88,0x00,0x00,0x00,0xE7,
    0x39,0x04,0xEF,0x7B,0x02,0x00,0x00,0x00,0xE7,0x39,0x87,0x48,0x42,0xFF,0x69,0x4A,
    0xFF,0x8A,0x52,0xFF,0x89,0x4A,0xFE,0xAA,0x52,0xFF,0x2C,0x63,0xF2,0xA6,0x31,0x42,
    0x00,0x00,0x00,0x00,0x00,0x02,0x00,0x00,0x00,0x00,0x00,0x0A,0xCA,0x52,0xA1,0x8E,
    0x73,0xFC,0x2C,0x63,0x84,0x00,0x00,0x00,0xEF,0x7B,0x04,0x00,0x00,0x01,0x00,0x00,
    0x00,0x45,0x29,0x36,0x8E,0x73,0xE9,0x8E,0x73,0xFE,0x8D,0x6B,0xFC,0xEF,0x7B,0xFF,
    0x4D,0x6B,0x8C,0x00,0x00,0x01,0xFF,0xFF,0x01,0x00,0x00,0x00,0x00,0x00,0x00,0xFF,
    0xFF,0x01,0xFF,0xFF,0x02,0xFF,0xFF,0x03,0xFF,0xFF,0x02,0xFF,0xFF,0x02,0xFF,0xFF,
    0x01,0x00,0x00,0x00,0x00,0x00,0x01,0x00,0x00,0x00,0xE7,0x39,0x14,0x71,0x8C,0xD2,
    0x34,0xA5,0xFF,0xF3,0x9C,0xF9,0xEB,0x5A,0x5B,0x00,0x00,0x00,0xAA,0x52,0x03,0xEF,
    0x7B,0x02,0x00,0x00,0x00,0x50,0x84,0x94,0xB6,0xB5,0xFF,0x38,0xC6,0xFF,0x92,0x94,
    0xA5,0x00,0x00,0x00,0x00,0x00,0x00,0xEF,0x7B,0x02,0x00,0x00,0x00,0x00,0x00,0x20,
    0xD6,0xB5,0xD6,0x79,0xCE,0xFF,0x17,0xBE,0xFF,0x58,0xC6,0xFF,0x58,0xC6,0xFF,0x38,
    0xC6,0xFF,0x79,0xCE,0xFF,0x58,0xC6,0xFC,0xDA,0xD6,0xFF,0x13,0x9D,0x90,0x00,0x00,
    0x00,0xFF,0xFF,0x01,0xFF,0xFF,0x02,0x00,0x00,0x00,0x51,0x8C,0x6B,0x7D,0xEF,0xFF,
    0x71,0x8C,0x70,0x00,0x00,0x00,0xFF,0xFF,0x04,0xFF,0xFF,0x03,0x00,0x00,0x09,0xD6,
    0xB5,0xAB,0x1B,0xDF,0xFE,0x48,0x42,0x41,0x00,0x00,0x00,0xE7,0x39,0x04,0x00,0x00,
    0x00,0x00,0x00,0x1B,0x58,0xC6,0xCF,0xFB,0xDE,0xFE,0xFA,0xDE,0xFF,0xF3,0x9C,0x6C,
    0x00,0x00,0x00,0xFF,0xFF,0x01,0x00,0x00,0x00,0x00,0x00,0x00,0xFF,0xFF,0x02,0xFF,
    0xFF,0x03,0xFF,0xFF,0x03,0xFF,0xFF,0x03,0xFF,0xFF,0x03,0xEF,0x7B,0x02,0x00,0x00,
    0x00,0xFF,0xFF,0x01,0x00,0x00,0x00,0x04,0x21,0x15,0x54,0xA5,0xCA,0x38,0xC6,0xFF,
    0x96,0xB5,0xFE,0xF7,0xBD,0xFF,0x95,0xAD,0xFF,0x96,0xB5,0xFF,0xD6,0xB5,0xFF,0x96,
    0xB5,0xFF,0xD6,0xB5,0xFF,0x34,0xA5,0xFF,0xF7,0xBD,0xFF,0x6D,0x6B,0x65,0x00,0x00,
    0x00,0xEF,0x7B,0x02,0x00,0x00,0x00,0x00,0x00,0x00,0x50,0x84,0xAB,0x55,0xAD,0xFF,
    0xD2,0x94,0xFC,0x71,0x8C,0xFD,0xD3,0x9C,0xFF,0xB2,0x94,0xED,0x28,0x42,0x37,0x00,
    0x00,0x00,0xAA,0x52,0x03,0x00,0x00,0x00,0x00,0x00,0x00,0x2C,0x63,0x9E,0x71,0x8C,
    0xFF,0x10,0x84,0xFE,0x10,0x84,0xFF,0xCF,0x7B,0xFD,0x10,0x84,0xFF,0xAE,0x73,0xBB,
    0x00,0x00,0x04,0x00,0x00,0x00,0x00,0x00,0x03,0x00,0x00,0x00,0x24,0x21,0x3B,0xCE,
    0x73,0xE5,0x8E,0x73,0xFF,0x4C,0x63,0xFF,0x2C,0x63,0xFF,0x2C,0x63,0xFF,0x0C,0x63,
    0xFF,0x0C,0x63,0xFF,0x0C,0x63,0xFF,0xAA,0x52,0xFE,0x0C,0x63,0xFF,0x0C,0x63,0xA8,
    0x00,0x00,0x00,0xFF,0xFF,0x02,0x00,0x00,0x02,0x00,0x00,0x00,0x04,0x21,0x4E,0x0B,
    0x5B,0xEB,0xEB,0x5A,0xEB,0x49,0x4A,0x25,0x00,0x00,0x00,0xE7,0x39,0x04,0x00,0x00,
    0x00,0x00,0x00,0x15,0x08,0x42,0xC4,0x69,0x4A,0xFE,0x28,0x42,0xFD,0x49,0x4A,0xFF,
    0xC6,0x31,0x5D,0x00,0x00,0x0E,0xE7,0x39,0xC0,0x08,0x42,0xF9,0x28,0x42,0xE7,0x04,
    0x21,0x48,0x00,0x00,0x00,0x00,0x00,0x02,0x00,0x00,0x00,0x00,0x00,0x00,0x00,0x00,
    0x00,0x00,0x00,0x00,0x00,0x00,0x00,0x00,0x00,0x00,0x00,0x00,0x00,0x00,0x00,0x00,
    0x00,0x00,0x00,0x00,0x00,0x00,0x00,0x00,0x00,0x00,0x00,0x00,0x00,0x00,0x00,0x00,
    0x00,0x00,0x00,0x00,0x01,0x00,0x00,0x00,0x00,0x00,0x04,0xC7,0x39,0x9E,0xE7,0x39,
    0xFC,0x69,0x4A,0xFF,0x48,0x42,0x67,0x00,0x00,0x18,0xC7,0x39,0xE6,0x28,0x42,0xFF,
    0x89,0x4A,0xFF,0xE7,0x39,0x85,0x00,0x00,0x00,0xE7,0x39,0x04,0xEF,0x7B,0x02,0x00,
    0x00,0x00,0xE7,0x39,0x88,0x69,0x4A,0xFF,0x69,0x4A,0xFF,0xAA,0x52,0xFF,0x89,0x4A,
    0xFE,0xAA,0x52,0xFF,0x2C,0x63,0xF0,0xA6,0x31,0x3F,0x00,0x00,0x00,0x00,0x00,0x02,
    0x00,0x00,0x00,0x00,0x00,0x05,0xAA,0x52,0x98,0x0C,0x63,0xF3,0x6D,0x6B,0xC6,0x24,
    0x21,0x1A,0x00,0x00,0x01,0xAA,0x52,0x03,0x00,0x00,0x00,0x04,0x21,0x07,0xEB,0x5A,
    0xAF,0xCE,0x73,0xFF,0xAE,0x73,0xFE,0xCE,0x73,0xFE,0xEB,0x5A,0x59,0x00,0x00,0x00,
    0xEF,0x7B,0x04,0x00,0x00,0x00,0x00,0x00,0x00,0x00,0x00,0x00,0x00,0x00,0x00,0x00,
    0x00,0x00,0x00,0x00,0x00,0x00,0x00,0x00,0x00,0x00,0x00,0x00,0x00,0x00,0x00,0x00,
    0x01,0x00,0x00,0x00,0x00,0x00,0x03,0xEF,0x7B,0x94,0x54,0xA5,0xFF,0x34,0xA5,0xF8,
    0xEB,0x5A,0x5D,0x00,0x00,0x00,0xAA,0x52,0x03,0xEF,0x7B,0x02,0x00,0x00,0x00,0x71,
    0x8C,0x98,0xD6,0xB5,0xFF,0x38,0xC6,0xFF,0x91,0x8C,0xA7,0x00,0x00,0x00,0x00,0x00,
    0x00,0xEF,0x7B,0x02,0x00,0x00,0x00,0x00,0x00,0x1F,0x95,0xAD,0xD1,0x38,0xC6,0xF4,
    0x17,0xBE,0xED,0x17,0xBE,0xF1,0x17,0xBE,0xF3,0x38,0xC6,0xF7,0x17,0xBE,0xF3,0x58,
    0xC6,0xF2,0xFB,0xDE,0xFF,0xD2,0x94,0x8E,0x00,0x00,0x00,0xFF,0xFF,0x01,0xFF,0xFF,
    0x02,0x00,0x00,0x00,0xB2,0x94,0x6C,0x3C,0xE7,0xFF,0xF7,0xBD,0xD2,0x00,0x00,0x06,
    0x00,0x00,0x00,0x00,0x00,0x00,0xCF,0x7B,0x2D,0x79,0xCE,0xF5,0x1B,0xDF,0xF7,0xAA,
    0x52,0x44,0x00,0x00,0x00,0xE7,0x39,0x04,0x00,0x00,0x00,0x00,0x00,0x1B,0x37,0xC6,
    0xCE,0x1B,0xDF,0xFF,0x38,0xC6,0xF5,0xCF,0x7B,0x39,0x00,0x00,0x00,0x54,0xA5,0x03,
    0x00,0x00,0x00,0x00,0x00,0x00,0x00,0x00,0x00,0x00,0x00,0x00,0x00,0x00,0x00,0x00,
    0x00,0x00,0x00,0x00,0x00,0x00,0x00,0x00,0x00,0x00,0x00,0x00,0x00,0x01,0xFF,0xFF,
    0x01,0x00,0x00,0x02,0x13,0x9D,0x9A,0x58,0xC6,0xFF,0xD6,0xB5,0xEE,0x95,0xAD,0xE5,
    0x75,0xAD,0xE6,0x55,0xAD,0xE8,0x55,0xAD,0xE4,0x54,0xA5,0xE3,0x55,0xAD,0xDF,0x55,
    0xAD,0xE1,0x54,0xA5,0xDD,0xAA,0x52,0x41,0x00,0x00,0x00,0xEF,0x7B,0x02,0xFF,0xFF,
    0x01,0x00,0x00,0x00,0x51,0x8C,0xAF,0x75,0xAD,0xFF,0xB2,0x94,0xFC,0x92,0x94,0xFD,
    0xF3,0x9C,0xFF,0xB2,0x94,0xEE,0xE7,0x39,0x38,0x00,0x00,0x00,0xAA,0x52,0x03,0x00,
    0x00,0x00,0x00,0x00,0x00,0x4D,0x6B,0x9D,0x71,0x8C,0xFF,0x10,0x84,0xFE,0xEF,0x7B,
    0xFF,0x0F,0x7C,0xFE,0x30,0x84,0xFF,0xAE,0x73,0xBD,0x00,0x00,0x07,0x00,0x00,0x00,
    0x00,0x00,0x03,0x00,0x00,0x00,0x45,0x29,0x3B,0xAE,0x73,0xDC,0x8D,0x6B,0xED,0x4C,
    0x63,0xE9,0x2C,0x63,0xE9,0x2C,0x63,0xEA,0x2C,0x63,0xED,0xEB,0x5A,0xF0,0xEB,0x5A,
    0xF0,0xCB,0x5A,0xF5,0x2C,0x63,0xFF,0x0C,0x63,0xA9,0x00,0x00,0x00,0xFF,0xFF,0x01,
    0x00,0x00,0x02,0x00,0x00,0x00,0x45,0x29,0x4A,0x89,0x4A,0xE5,0xEB,0x5A,0xFF,0xAA,
    0x52,0x68,0x00,0x00,0x01,0xEF,0x7B,0x02,0xFF,0xFF,0x01,0x00,0x00,0x02,0x07,0x3A,
    0x7D,0x69,0x4A,0xFE,0x28,0x42,0xFC,0x49,0x4A,0xFF,0xA6,0x31,0x52,0x00,0x00,0x08,
    0x08,0x42,0xB8,0x08,0x42,0xF5,0x28,0x42,0xEC,0x24,0x21,0x4C,0x00,0x00,0x00,0x00,
    0x00,0x03,0x00,0x00,0x00,0x00,0x00,0x00,0x00,0x00,0x00,0x00,0x00,0x00,0x00,0x00,
    0x00,0x00,0x00,0x00,0x00,0x00,0x00,0x00,0x00,0x00,0x00,0x00,0x00,0x00,0x00,0x00,
    0x00,0x00,0x00,0x00,0x00,0x00,0x00,0x00,0x00,0x00,0x00,0x00,0x00,0x00,0x01,0x00,
    0x00,0x00,0x00,0x00,0x02,0xC7,0x39,0x9A,0xE7,0x39,0xFA,0x69,0x4A,0xFF,0x48,0x42,
    0x67,0x00,0x00,0x17,0xC7,0x39,0xE3,0x28,0x42,0xFF,0x69,0x4A,0xFF,0xE7,0x39,0x84,
    0x00,0x00,0x00,0xE7,0x39,0x04,0xEF,0x7B,0x02,0x00,0x00,0x00,0xE7,0x39,0x8A,0x8A,
    0x52,0xFF,0x49,0x4A,0xFF,0xAA,0x52,0xFF,0x89,0x4A,0xFE,0x8A,0x52,0xFF,0x2C,0x63,
    0xF2,0xC7,0x39,0x41,0x00,0x00,0x00,0x00,0x00,0x02,0x00,0x00,0x00,0x00,0x00,0x04,
    0xEB,0x5A,0xA2,0x0C,0x63,0xF4,0x6D,0x6B,0xF7,0x2C,0x63,0x5A,0x00,0x00,0x00,0x54,
    0xA5,0x03,0xEF,0x7B,0x02,0x00,0x00,0x00,0x69,0x4A,0x55,0xAE,0x73,0xFA,0xCE,0x73,
    0xFF,0xCE,0x73,0xDE,0x24,0x21,0x2F,0x00,0x00,0x00,0xAA,0x52,0x03,0x00,0x00,0x00,
    0x00,0x00,0x01,0x2C,0x63,0x60,0xCE,0x73,0x7C,0xEF,0x7B,0x73,0xCE,0x73,0x74,0xEF,
    0x7B,0x7C,0xCB,0x5A,0x2F,0x00,0x00,0x00,0xFF,0xFF,0x01,0x54,0xA5,0x03,0x00,0x00,
    0x00,0xEF,0x7B,0x5A,0xD3,0x9C,0xFC,0x55,0xAD,0xFA,0x0B,0x5B,0x60,0x00,0x00,0x00,
    0xAA,0x52,0x03,0xEF,0x7B,0x02,0x00,0x00,0x00,0x71,0x8C,0x9C,0xD7,0xBD,0xFF,0x59,
    0xCE,0xFF,0x92,0x94,0xA5,0x00,0x00,0x00,0x00,0x00,0x00,0x00,0x00,0x01,0x00,0x00,
    0x00,0x00,0x00,0x08,0x28,0x42,0x39,0x49,0x4A,0x44,0x49,0x4A,0x43,0x49,0x4A,0x46,
    0x49,0x4A,0x49,0x69,0x4A,0x4A,0x28,0x42,0x48,0x71,0x8C,0xA6,0x3C,0xE7,0xFF,0xB2,
    0x94,0x8C,0x00,0x00,0x00,0xFF,0xFF,0x01,0xFF,0xFF,0x02,0x00,0x00,0x00,0xF3,0x9C,
    0x70,0xBA,0xD6,0xFF,0x9A,0xD6,0xFA,0x54,0xAD,0xA8,0x54,0xA5,0x77,0x33,0xA5,0x71,
    0xB6,0xB5,0xAA,0x1B,0xDF,0xFC,0xFB,0xDE,0xF9,0xEB,0x5A,0x46,0x00,0x00,0x00,0xE7,
    0x39,0x04,0x00,0x00,0x00,0x00,0x00,0x1B,0x17,0xC6,0xCC,0xBE,0xF7,0xFF,0xF7,0xBD,
    0xCD,0x00,0x00,0x16,0x00,0x00,0x00,0xEF,0x7B,0x02,0x00,0x00,0x00,0x28,0x42,0x07,
    0xD2,0x94,0x65,0x34,0xA5,0x78,0xF3,0x9C,0x73,0x14,0xA5,0x72,0x55,0xAD,0x71,0x2C,
    0x63,0x23,0x00,0x00,0x00,0x00,0x00,0x00,0xEF,0x7B,0x04,0x00,0x00,0x00,0x30,0x84,
    0x5F,0x59,0xCE,0xFF,0xD3,0x9C,0xA5,0x00,0x00,0x25,0x24,0x21,0x33,0x24,0x21,0x2F,
    0x04,0x21,0x2D,0xE3,0x18,0x2B,0xC3,0x18,0x27,0xE3,0x18,0x27,0xA2,0x10,0x22,0x00,
    0x00,0x05,0x00,0x00,0x00,0x00,0x00,0x01,0x00,0x00,0x00,0x00,0x00,0x01,0xB2,0x94,
    0xB3,0x54,0xA5,0xFF,0x92,0x94,0xFC,0xD2,0x94,0xFD,0x13,0x9D,0xFF,0xB2,0x94,0xF0,
    0xE7,0x39,0x3B,0x00,0x00,0x00,0xE7,0x39,0x04,0x00,0x00,0x00,0x00,0x00,0x00,0x4D,
    0x6B,0xA4,0x91,0x8C,0xFF,0x0F,0x7C,0xFD,0x10,0x84,0xFF,0x10,0x84,0xFE,0x30,0x84,
    0xFF,0xAE,0x73,0xC2,0x00,0x00,0x0A,0x00,0x00,0x00,0x00,0x00,0x02,0x00,0x00,0x00,
    0x61,0x08,0x10,0x86,0x31,0x45,0x85,0x29,0x48,0x45,0x29,0x40,0x45,0x29,0x3B,0x45,
    0x29,0x42,0x45,0x29,0x47,0x65,0x29,0x4C,0xE3,0x18,0x46,0x8A,0x52,0xA9,0x2C,0x63,
    0xFF,0x0C,0x63,0xAB,0x00,0x00,0x00,0xFF,0xFF,0x01,0x00,0x00,0x02,0x00,0x00,0x00,
    0x86,0x31,0x4F,0xAA,0x52,0xEA,0xCB,0x5A,0xFE,0xCB,0x5A,0xCA,0xE3,0x18,0x08,0x00,
    0x00,0x00,0xAA,0x52,0x03,0x00,0x00,0x00,0xA6,0x31,0x34,0x28,0x42,0xDB,0x28,0x42,
    0xF0,0x69,0x4A,0xFE,0x07,0x3A,0x93,0x00,0x00,0x05,0xC6,0x31,0x6F,0x08,0x42,0xEB,
    0x48,0x42,0xFD,0x69,0x4A,0x9C,0x00,0x00,0x07,0xAA,0x52,0x03,0x00,0x00,0x01,0x00,
    0x00,0x00,0x00,0x00,0x00,0x00,0x00,0x00,0x00,0x00,0x00,0x00,0x00,0x00,0x00,0x00,
    0x00,0x00,0x00,0x00,0x00,0x00,0x00,0x00,0x00,0x00,0x00,0x00,0x00,0x00,0x00,0x00,
    0x00,0x00,0x00,0x00,0x00,0x00,0x00,0x00,0x01,0x00,0x00,0x00,0x00,0x00,0x01,0xC7,
    0x39,0x98,0xE7,0x39,0xFA,0x49,0x4A,0xFF,0x48,0x42,0x64,0x00,0x00,0x17,0xC7,0x39,
    0xE2,0x08,0x42,0xFF,0x69,0x4A,0xFF,0xE7,0x39,0x85,0x00,0x00,0x00,0xE7,0x39,0x04,
    0xAA,0x52,0x03,0x00,0x00,0x00,0x08,0x42,0x8A,0xAA,0x52,0xFF,0x49,0x4A,0xFE,0xAA,
    0x52,0xFF,0x8A,0x52,0xFE,0x8A,0x52,0xFF,0x0C,0x63,0xF2,0x86,0x31,0x44,0x00,0x00,
    0x00,0x00,0x00,0x02,0x00,0x00,0x00,0x00,0x00,0x03,0xEB,0x5A,0xA2,0xEB,0x5A,0xF9,
    0x6D,0x6B,0xFB,0x4C,0x63,0xBA,0xA6,0x31,0x09,0x00,0x00,0x00,0xAA,0x52,0x03,0x00,
    0x00,0x00,0x24,0x21,0x13,0x4D,0x6B,0xBE,0x30,0x84,0xFF,0xAE,0x73,0xB9,0x00,0x00,
    0x09,0x00,0x00,0x00,0x00,0x00,0x02,0x00,0x00,0x00,0x44,0x21,0x25,0x71,0x8C,0xEB,
    0xD2,0x94,0xFF,0xF3,0x9C,0xFF,0x92,0x94,0xFF,0x54,0xA5,0xFF,0xCE,0x73,0xAD,0x00,
    0x00,0x03,0x00,0x00,0x00,0xE7,0x39,0x04,0x00,0x00,0x00,0x49,0x4A,0x2F,0xB2,0x94,
    0xE2,0x54,0xA5,0xFE,0x0C,0x63,0x63,0x00,0x00,0x00,0xAA,0x52,0x03,0xAA,0x52,0x03,
    0x00,0x00,0x00,0x71,0x8C,0x9E,0xF7,0xBD,0xFF,0x79,0xCE,0xFF,0xB2,0x94,0xA8,0x00,
    0x00,0x00,0x00,0x00,0x00,0x00,0x00,0x00,0x00,0x00,0x00,0x00,0x00,0x00,0x00,0x00,
    0x00,0x00,0x00,0x00,0x00,0x00,0x00,0x00,0x00,0x00,0x00,0x00,0x00,0x00,0x00,0x00,
    0x00,0x00,0x00,0x91,0x8C,0x99,0x7D,0xEF,0xFF,0xD2,0x94,0x8F,0x00,0x00,0x00,0x00,
    0x00,0x00,0xFF,0xFF,0x02,0x00,0x00,0x00,0xD3,0x9C,0x76,0x1B,0xDF,0xFF,0x9A,0xD6,
    0xF9,0x5C,0xE7,0xFF,0x5C,0xE7,0xFF,0x7D,0xEF,0xFF,0xFB,0xDE,0xFD,0xDA,0xD6,0xF3,
    0xFB,0xDE,0xFD,0xEB,0x5A,0x4A,0x00,0x00,0x00,0xE7,0x39,0x04,0x00,0x00,0x00,0x00,
    0x00,0x1A,0x17,0xC6,0xCC,0x7D,0xEF,0xFF,0xB6,0xB5,0x98,0x00,0x00,0x00,0xFF,0xFF,
    0x02,0xEF,0x7B,0x02,0x00,0x00,0x00,0x6D,0x6B,0x32,0x79,0xCE,0xFF,0x3C,0xE7,0xFF,
    0xFB,0xDE,0xFF,0x9A,0xD6,0xFF,0x9D,0xEF,0xFF,0xD2,0x94,0xA0,0x00,0x00,0x00,0x00,
    0x00,0x00,0x00,0x00,0x02,0x00,0x00,0x00,0xE3,0x18,0x27,0xF7,0xBD,0xED,0x95,0xAD,
    0xB9,0x00,0x00,0x03,0x00,0x00,0x00,0x00,0x00,0x00,0x00,0x00,0x00,0x00,0x00,0x00,
    0x00,0x00,0x00,0x00,0x00,0x00,0x00,0x00,0x00,0x00,0x00,0x00,0x00,0x00,0x00,0x00,
    0x00,0x02,0xFF,0xFF,0x02,0x00,0x00,0x05,0x71,0x8C,0xBD,0x54,0xA5,0xFF,0xD2,0x94,
    0xFC,0xF3,0x9C,0xFE,0xF3,0x9C,0xFF,0x91,0x8C,0xF4,0x49,0x4A,0x3F,0x00,0x00,0x00,
    0xEF,0x7B,0x04,0x00,0x00,0x00,0x00,0x00,0x01,0x4D,0x6B,0xA9,0x91,0x8C,0xFF,0xEF,
    0x7B,0xFD,0x30,0x84,0xFF,0x30,0x84,0xFD,0x10,0x84,0xFF,0xAE,0x73,0xC6,0x00,0x00,
    0x0B,0x00,0x00,0x00,0x00,0x00,0x01,0x00,0x00,0x00,0x00,0x00,0x00,0x00,0x00,0x00,
    0x00,0x00,0x00,0x00,0x00,0x00,0x00,0x00,0x00,0x00,0x00,0x00,0x00,0x00,0x00,0x00,
    0x00,0x00,0x00,0x00,0x00,0xCB,0x5A,0x95,0x0C,0x63,0xFF,0x0C,0x63,0xAA,0x00,0x00,
    0x00,0xFF,0xFF,0x01,0x00,0x00,0x03,0x00,0x00,0x00,0x45,0x29,0x4D,0xEB,0x5A,0xEB,
    0x8A,0x52,0xFF,0x2C,0x63,0xF8,0xE7,0x39,0x4D,0x00,0x00,0x00,0xEF,0x7B,0x02,0xFF,
    0xFF,0x01,0x00,0x00,0x04,0x28,0x42,0x95,0x28,0x42,0xEB,0x48,0x42,0xFC,0x8A,0x52,
    0xF4,0x24,0x21,0x19,0x65,0x29,0x3D,0xE7,0x39,0xDE,0x48,0x42,0xF7,0x69,0x4A,0xD6,
    0x82,0x10,0x28,0x00,0x00,0x00,0x00,0x00,0x03,0x00,0x00,0x00,0x00,0x00,0x00,0x00,
    0x00,0x00,0x00,0x00,0x00,0x00,0x00,0x00,0x00,0x00,0x00,0x00,0x00,0x00,0x00,0x00,
    0x00,0x00,0x00,0x00,0x00,0x00,0x00,0x00,0x00,0x00,0x00,0x00,0x00,0x00,0x00,0x00,
    0x00,0x00,0x01,0x00,0x00,0x00,0x00,0x00,0x02,0xC7,0x39,0x9B,0xE7,0x39,0xFD,0x49,
    0x4A,0xFF,0x28,0x42,0x63,0x00,0x00,0x15,0xC7,0x39,0xDF,0x08,0x42,0xFF,0x69,0x4A,
    0xFF,0xE7,0x39,0x87,0x2C,0x63,0x05,0xEB,0x5A,0x08,0xEB,0x5A,0x08,0x2C,0x63,0x05,
    0x08,0x42,0x91,0xAA,0x52,0xFF,0x69,0x4A,0xFE,0x8A,0x52,0xFF,0xAA,0x52,0xFF,0x8A,
    0x52,0xFF,0x0C,0x63,0xF3,0xA6,0x31,0x4B,0xE7,0x39,0x04,0x45,0x29,0x06,0xEF,0x7B,
    0x04,0xC3,0x18,0x0A,0xEB,0x5A,0xAA,0x2C,0x63,0xFF,0x2C,0x63,0xF9,0xCF,0x7B,0xF7,
    0x08,0x42,0x3F,0x54,0xA5,0x03,0x2C,0x63,0x05,0x71,0x8C,0x07,0xAA,0x52,0x03,0xEB,
    0x5A,0x77,0x51,0x8C,0xFF,0x2C,0x63,0x8D,0x54,0xA5,0x03,0xEF,0x7B,0x06,0xAA,0x52,
    0x06,0xE7,0x39,0x04,0x69,0x4A,0x6A,0xB2,0x94,0xFB,0x30,0x84,0xFA,0x51,0x8C,0xFD,
    0x50,0x84,0xFC,0x51,0x8C,0xFB,0x71,0x8C,0xE8,0x69,0x4A,0x1D,0xE7,0x39,0x04,0xAA,
    0x52,0x06,0xF7,0xBD,0x04,0x61,0x08,0x10,0xD2,0x94,0xB7,0x96,0xB5,0xFF,0x0B,0x5B,
    0x65,0xE7,0x39,0x04,0x4D,0x6B,0x07,0x4D,0x6B,0x07,0xAA,0x52,0x03,0x71,0x8C,0xA4,
    0xF7,0xBD,0xFF,0x79,0xCE,0xFF,0xB2,0x94,0xAB,0xAA,0x52,0x03,0x54,0xA5,0x03,0xAA,
    0x52,0x03,0xAA,0x52,0x03,0xAA,0x52,0x03,0x2C,0x63,0x05,0x2C,0x63,0x05,0x2C,0x63,
    0x05,0x2C,0x63,0x05,0x2C,0x63,0x05,0xB2,0x94,0x05,0xA6,0x31,0x09,0x75,0xAD,0xC7,
    0x3C,0xE7,0xFF,0xD2,0x94,0x96,0xAA,0x52,0x03,0xFF,0xFF,0x03,0x58,0xC6,0x05,0xAA,
    0x52,0x03,0xD2,0x94,0x7E,0x5C,0xE7,0xFF,0xBA,0xD6,0xFC,0xDA,0xD6,0xFC,0xDA,0xD6,
    0xFB,0xBA,0xD6,0xFB,0xDA,0xD6,0xFB,0xDA,0xD6,0xFB,0xFB,0xDE,0xFE,0x2C,0x63,0x53,
    0xAA,0x52,0x03,0x4D,0x6B,0x07,0xFF,0xFF,0x03,0x41,0x08,0x1C,0x58,0xC6,0xCF,0x5C,
    0xE7,0xFF,0x30,0x84,0x68,0xAA,0x52,0x03,0x71,0x8C,0x07,0xEF,0x7B,0x04,0xAA,0x52,
    0x03,0xCF,0x7B,0x64,0xBA,0xD6,0xFD,0x18,0xC6,0xFA,0x38,0xC6,0xFB,0x17,0xBE,0xFA,
    0x9A,0xD6,0xFA,0xF7,0xBD,0xD5,0x04,0x21,0x07,0x54,0xA5,0x03,0xE7,0x39,0x04,0xF7,
    0xBD,0x04,0x00,0x00,0x07,0x95,0xAD,0xC5,0xF7,0xBD,0xF0,0x04,0x21,0x31,0xEF,0x7B,
    0x04,0xEB,0x5A,0x08,0x2C,0x63,0x05,0x2C,0x63,0x05,0x2C,0x63,0x05,0x2C,0x63,0x05,
    0x2C,0x63,0x05,0xE7,0x39,0x04,0xE7,0x39,0x04,0x96,0xB5,0x07,0x00,0x00,0x00,0x89,
    0x4A,0x3B,0xF3,0x9C,0xF2,0xF3,0x9C,0xFF,0xD3,0x9C,0xFE,0x13,0x9D,0xFE,0xD2,0x94,
    0xFF,0x91,0x8C,0xF7,0xAA,0x52,0x47,0xE7,0x39,0x04,0xEF,0x7B,0x08,0xEF,0x7B,0x04,
    0x45,0x29,0x06,0x4D,0x6B,0xB1,0x91,0x8C,0xFF,0xEF,0x7B,0xFD,0x30,0x84,0xFF,0x0F,
    0x7C,0xFD,0x10,0x84,0xFF,0xCE,0x73,0xCB,0xE3,0x18,0x11,0xF7,0xBD,0x04,0x2C,0x63,
    0x05,0xEF,0x7B,0x04,0x2C,0x63,0x05,0xAA,0x52,0x06,0x28,0x42,0x07,0xAA,0x52,0x06,
    0xAA,0x52,0x06,0x28,0x42,0x07,0xEB,0x5A,0x08,0x28,0x42,0x07,0x04,0x21,0x26,0xCB,
    0x5A,0xD0,0x2C,0x63,0xFF,0xEB,0x5A,0xB5,0xE7,0x39,0x08,0x58,0xC6,0x05,0x28,0x42,
    0x07,0x2C,0x63,0x05,0x85,0x29,0x57,0xEB,0x5A,0xF0,0x8A,0x52,0xFF,0xEB,0x5A,0xFF,
    0x0B,0x5B,0xAE,0x00,0x00,0x01,0xEB,0x5A,0x08,0x28,0x42,0x07,0xEF,0x7B,0x04,0x65,
    0x29,0x50,0x49,0x4A,0xE4,0x28,0x42,0xFD,0x69,0x4A,0xF3,0x65,0x29,0x25,0x65,0x29,
    0x3C,0x28,0x42,0xDA,0x08,0x42,0xF8,0x48,0x42,0xDC,0x24,0x21,0x30,0x00,0x00,0x00,
    0xAA,0x52,0x03,0x00,0x00,0x00,0x00,0x00,0x00,0x00,0x00,0x00,0x00,0x00,0x00,0x00,
    0x00,0x00,0x00,0x00,0x00,0x00,0x00,0x00,0x00,0x00,0x00,0x00,0x00,0x00,0x00,0x00,
    0x00,0x00,0x00,0x00,0x00,0x00,0x00,0x00,0x00,0x00,0x00,0x00,0x01,0x00,0x00,0x00,
    0x00,0x00,0x03,0xC7,0x39,0x9E,0xE7,0x39,0xFF,0x48,0x42,0xFF,0x28,0x42,0x60,0x00,
    0x00,0x14,0xC7,0x39,0xE0,0x08,0x42,0xFF,0x69,0x4A,0xFF,0xA6,0x31,0x85,0x00,0x00,
    0x00,0x00,0x00,0x00,0x00,0x00,0x00,0x00,0x00,0x00,0xE7,0x39,0x8C,0xAA,0x52,0xFF,
    0x89,0x4A,0xFE,0x89,0x4A,0xFF,0xAA,0x52,0xFF,0x89,0x4A,0xFF,0x0C,0x63,0xF8,0x45,
    0x29,0x40,0x00,0x00,0x00,0x00,0x00,0x00,0x00,0x00,0x00,0x00,0x00,0x00,0xEB,0x5A,
    0xB0,0x6D,0x6B,0xFF,0x2C,0x63,0xFB,0xAE,0x73,0xFF,0x4D,0x6B,0xAD,0x00,0x00,0x00,
    0x00,0x00,0x00,0x00,0x00,0x00,0x00,0x00,0x00,0xA2,0x10,0x17,0x0F,0x7C,0xD3,0x28,
    0x42,0x54,0x00,0x00,0x00,0x00,0x00,0x00,0x00,0x00,0x00,0x00,0x00,0x00,0xCE,0x73,
    0xA4,0xF3,0x9C,0xFF,0x91,0x8C,0xFD,0x71,0x8C,0xFF,0x92,0x94,0xFF,0x71,0x8C,0xFF,
    0xD2,0x94,0xFF,0x89,0x4A,0x58,0x00,0x00,0x00,0x00,0x00,0x00,0x00,0x00,0x00,0x00,
    0x00,0x00,0x30,0x84,0x74,0x96,0xB5,0xFF,0xEB,0x5A,0x59,0x00,0x00,0x00,0x00,0x00,
    0x00,0x00,0x00,0x00,0x00,0x00,0x00,0x71,0x8C,0xA3,0x17,0xBE,0xFF,0x59,0xCE,0xFF,
    0xB2,0x94,0xA7,0x00,0x00,0x00,0x00,0x00,0x00,0x00,0x00,0x00,0x00,0x00,0x00,0x00,
    0x00,0x00,0x00,0x00,0x00,0x00,0x00,0x00,0x00,0x00,0x00,0x00,0x00,0x00,0x00,0x00,
    0x00,0x00,0x00,0x00,0x00,0x00,0x0D,0xF7,0xBD,0xD3,0x3C,0xE7,0xFF,0xD3,0x9C,0x90,
    0x00,0x00,0x00,0x00,0x00,0x00,0x00,0x00,0x00,0x00,0x00,0x00,0xB2,0x94,0x7D,0x5C,
    0xE7,0xFF,0xBA,0xD6,0xFC,0xBA,0xD6,0xFF,0xBA,0xD6,0xFF,0x9A,0xD6,0xFF,0xBA,0xD6,
    0xFF,0x99,0xCE,0xFF,0xFB,0xDE,0xFF,0xEB,0x5A,0x4B,0x00,0x00,0x00,0x00,0x00,0x00,
    0x00,0x00,0x00,0x00,0x00,0x0D,0x79,0xCE,0xD1,0xBA,0xD6,0xED,0xC3,0x18,0x24,0x00,
    0x00,0x00,0x00,0x00,0x00,0x00,0x00,0x00,0x00,0x00,0x00,0xD2,0x94,0x9D,0xFB,0xDE,
    0xFF,0x58,0xC6,0xFE,0x79,0xCE,0xFF,0x58,0xC6,0xFE,0x79,0xCE,0xFF,0x79,0xCE,0xF6,
    0x44,0x21,0x31,0x00,0x00,0x00,0x00,0x00,0x00,0x00,0x00,0x00,0x00,0x00,0x00,0xB2,
    0x94,0x7F,0x59,0xCE,0xFF,0xEF,0x7B,0x4C,0x00,0x00,0x00,0x00,0x00,0x00,0x00,0x00,
    0x00,0x00,0x00,0x00,0x00,0x00,0x00,0x00,0x00,0x00,0x00,0x00,0x00,0x00,0x00,0x00,
    0x00,0x00,0x00,0x00,0x00,0x00,0xAA,0x52,0x2C,0xB2,0x94,0xCB,0x54,0xA5,0xFF,0xF3,
    0x9C,0xFE,0x34,0xA5,0xFF,0xF3,0x9C,0xFE,0xD2,0x94,0xFF,0x91,0x8C,0xF8,0xAA,0x52,
    0x3C,0x00,0x00,0x00,0x00,0x00,0x00,0x00,0x00,0x00,0x00,0x00,0x00,0x2C,0x63,0xB7,
    0x91,0x8C,0xFF,0x0F,0x7C,0xFD,0x30,0x84,0xFF,0xEF,0x7B,0xFD,0x10,0x84,0xFF,0xEF,
    0x7B,0xC8,0x00,0x00,0x00,0x00,0x00,0x00,0x00,0x00,0x00,0x00,0x00,0x00,0x00,0x00,
    0x00,0x00,0x00,0x00,0x00,0x00,0x00,0x00,0x00,0x00,0x00,0x00,0x00,0x00,0x00,0x00,
    0x00,0x00,0x00,0x00,0x00,0x00,0x28,0x42,0x36,0x0B,0x5B,0xF8,0x2C,0x63,0xFF,0xEB,
    0x5A,0xB8,0x00,0x00,0x00,0x00,0x00,0x00,0x00,0x00,0x00,0x00,0x00,0x00,0x44,0x21,
    0x50,0xEB,0x5A,0xF6,0xAA,0x52,0xFF,0xAA,0x52,0xFB,0x2C,0x63,0xEB,0xC3,0x18,0x35,
    0x00,0x00,0x00,0x00,0x00,0x00,0x00,0x00,0x00,0x00,0x00,0x00,0x08,0x42,0xB0,0x49,
    0x4A,0xFF,0x28,0x42,0xED,0xC3,0x18,0x26,0x24,0x21,0x3F,0x08,0x42,0xDB,0x28,0x42,
    0xFF,0x48,0x42,0xE0,0xA2,0x10,0x2F,0x00,0x00,0x00,0x00,0x00,0x03,0x00,0x00,0x00,
    0x00,0x00,0x00,0x00,0x00,0x00,0x00,0x00,0x00,0x00,0x00,0x00,0x00,0x00,0x00,0x00,
    0x00,0x00,0x00,0x00,0x00,0x00,0x00,0x00,0x00,0x00,0x00,0x00,0x00,0x00,0x00,0x00,
    0x00,0x00,0x00,0x00,0x00,0x00,0x01,0x00,0x00,0x00,0x00,0x00,0x04,0xA6,0x31,0x9F,
    0xE7,0x39,0xFF,0x48,0x42,0xFF,0x08,0x42,0x5E,0x00,0x00,0x15,0xC7,0x39,0xDC,0x08,
    0x42,0xFF,0x48,0x42,0xFE,0x69,0x4A,0xCE,0xEB,0x5A,0x7D,0xCB,0x5A,0x80,0xEB,0x5A,
    0x7C,0xAA,0x52,0x79,0x69,0x4A,0xC5,0x8A,0x52,0xFF,0x89,0x4A,0xFE,0x8A,0x52,0xFF,
    0xCA,0x52,0xFF,0x8A,0x52,0xFF,0x0B,0x5B,0xFE,0xAA,0x52,0xA2,0x69,0x4A,0x68,0x69,
    0x4A,0x6D,0xAA,0x52,0x69,0x69,0x4A,0x6E,0x0B,0x5B,0xD5,0x6D,0x6B,0xFF,0x0C,0x63,
    0xFD,0x4D,0x6B,0xFF,0x10,0x84,0xF6,0xCB,0x5A,0x7C,0x28,0x42,0x58,0xAA,0x52,0x5F,
    0x89,0x4A,0x5E,0x28,0x42,0x51,0x8E,0x73,0xBF,0xEB,0x5A,0x8E,0x48,0x42,0x5D,0xCA,
    0x52,0x65,0xAA,0x52,0x5D,0xAA,0x52,0x5D,0x30,0x84,0xDC,0xB2,0x94,0xFF,0x91,0x8C,
    0xFD,0x71,0x8C,0xFF,0xB2,0x94,0xFF,0x91,0x8C,0xFE,0xD2,0x94,0xFF,0x0F,0x7C,0xC0,
    0xCB,0x5A,0x56,0xAA,0x52,0x56,0xEB,0x5A,0x55,0xAA,0x52,0x4E,0xEB,0x5A,0x7D,0x54,
    0xA5,0xF7,0xEF,0x7B,0x9A,0xAA,0x52,0x56,0x2C,0x63,0x5F,0xCB,0x5A,0x59,0xAA,0x52,
    0x4C,0xB2,0x94,0xBF,0xF7,0xBD,0xFF,0x38,0xC6,0xFF,0xD2,0x94,0xC3,0x65,0x29,0x3D,
    0x48,0x42,0x3E,0xC7,0x39,0x3C,0x08,0x42,0x3C,0xC7,0x39,0x3C,0xE7,0x39,0x3C,0xE7,
    0x39,0x3B,0x28,0x42,0x3D,0x28,0x42,0x40,0x28,0x42,0x43,0x08,0x42,0x3D,0x07,0x3A,
    0x52,0xD7,0xBD,0xE0,0xDA,0xD6,0xFF,0x13,0x9D,0xAC,0x45,0x29,0x39,0x28,0x42,0x40,
    0x49,0x4A,0x43,0x65,0x29,0x3B,0xF3,0x9C,0xA0,0x3C,0xE7,0xFF,0x99,0xCE,0xFC,0xBA,
    0xD6,0xFF,0xBA,0xD6,0xFF,0xBA,0xD6,0xFF,0xBA,0xD6,0xFF,0xDA,0xD6,0xFC,0xFB,0xDE,
    0xFB,0x10,0x84,0x86,0x69,0x4A,0x43,0xEB,0x5A,0x4D,0xAA,0x52,0x46,0x69,0x4A,0x52,
    0x59,0xCE,0xDE,0x38,0xC6,0xD5,0x28,0x42,0x4C,0xCB,0x5A,0x4A,0xEB,0x5A,0x4A,0xCB,
    0x5A,0x48,0xCB,0x5A,0x4A,0xF7,0xBD,0xDA,0xDA,0xD6,0xFF,0x79,0xCE,0xFE,0x79,0xCE,
    0xFF,0x58,0xC6,0xFF,0x58,0xC6,0xFE,0xBA,0xD6,0xFF,0xD2,0x94,0x9F,0xAA,0x52,0x4A,
    0xEB,0x5A,0x4D,0x0B,0x5B,0x4E,0x69,0x4A,0x47,0x4D,0x6B,0x82,0x79,0xCE,0xFC,0x13,
    0x9D,0x95,0x07,0x3A,0x42,0xEB,0x5A,0x4F,0xAA,0x52,0x50,0xCA,0x52,0x52,0xCB,0x5A,
    0x52,0xAA,0x52,0x50,0xCA,0x52,0x4F,0xCA,0x52,0x4F,0xCB,0x5A,0x51,0xF3,0x9C,0x7B,
    0x13,0x9D,0xE3,0x75,0xAD,0xFF,0xF3,0x9C,0xFD,0x34,0xA5,0xFF,0x13,0x9D,0xFF,0xB2,
    0x94,0xFE,0xD2,0x94,0xFF,0xB2,0x94,0xFB,0x2C,0x63,0x80,0x69,0x4A,0x53,0xEB,0x5A,
    0x5F,0xCA,0x52,0x65,0x69,0x4A,0x65,0x8D,0x6B,0xD7,0x50,0x84,0xFF,0x30,0x84,0xFE,
    0x30,0x84,0xFF,0xCF,0x7B,0xFE,0x30,0x84,0xFF,0xAE,0x73,0xE4,0x89,0x4A,0x70,0xAA,
    0x52,0x64,0xAA,0x52,0x69,0xAA,0x52,0x6C,0x8A,0x52,0x6E,0x89,0x4A,0x6C,0x69,0x4A,
    0x6C,0x89,0x4A,0x70,0x89,0x4A,0x74,0x89,0x4A,0x74,0x49,0x4A,0x75,0x69,0x4A,0x70,
    0xCB,0x5A,0xA3,0xEB,0x5A,0xFF,0x0B,0x5B,0xFF,0x0B,0x5B,0xDF,0x69,0x4A,0x7F,0x8A,
    0x52,0x7A,0x89,0x4A,0x7B,0xAA,0x52,0x78,0x69,0x4A,0xA7,0xCA,0x52,0xFC,0xAA,0x52,
    0xFF,0xAA,0x52,0xFE,0xCB,0x5A,0xFF,0xCB,0x5A,0xC4,0xAA,0x52,0x7A,0x69,0x4A,0x79,
    0x69,0x4A,0x77,0x69,0x4A,0x78,0x28,0x42,0xBF,0x28,0x42,0xFC,0x28,0x42,0xE7,0xE3,
    0x18,0x22,0x45,0x29,0x42,0x08,0x42,0xE0,0x28,0x42,0xFF,0x48,0x42,0xE0,0x41,0x08,
    0x2C,0x00,0x00,0x00,0x00,0x00,0x03,0x00,0x00,0x00,0x00,0x00,0x00,0x00,0x00,0x00,
    0x00,0x00,0x00,0x00,0x00,0x00,0x00,0x00,0x00,0x00,0x00,0x00,0x00,0x00,0x00,0x00,
    0x00,0x00,0x00,0x00,0x00,0x00,0x00,0x00,0x00,0x00,0x00,0x00,0x00,0x00,0x00,0x00,
    0x01,0x00,0x00,0x00,0x00,0x00,0x02,0xC6,0x31,0x9A,0xE7,0x39,0xFF,0x28,0x42,0xFF,
    0x48,0x42,0x5A,0x00,0x00,0x17,0xC7,0x39,0xDD,0x07,0x3A,0xFD,0x08,0x42,0xFD,0x8A,
    0x52,0xFF,0xCB,0x5A,0xFF,0xEB,0x5A,0xFF,0xEB,0x5A,0xFF,0xCB,0x5A,0xFF,0xAA,0x52,
    0xFF,0xAA,0x52,0xFC,0x89,0x4A,0xFC,0x89,0x4A,0xFC,0xAA,0x52,0xFC,0xAA,0x52,0xFC,
    0xCB,0x5A,0xFC,0x2C,0x63,0xFF,0x2C,0x63,0xFF,0x2C,0x63,0xFD,0x4C,0x63,0xFE,0x6D,
    0x6B,0xFF,0x4C,0x63,0xFD,0x2C,0x63,0xFC,0x4C,0x63,0xFC,0x4C,0x63,0xFC,0x6D,0x6B,
    0xFD,0xCE,0x73,0xFF,0xAE,0x73,0xFA,0xAE,0x73,0xFD,0x0F,0x7C,0xFC,0xCE,0x73,0xF9,
    0xCF,0x7B,0xF5,0x30,0x84,0xFC,0x50,0x84,0xFC,0x71,0x8C,0xFE,0x50,0x84,0xFB,0x51,
    0x8C,0xFC,0x92,0x94,0xFD,0x71,0x8C,0xFC,0x71,0x8C,0xFC,0x51,0x8C,0xFC,0x71,0x8C,
    0xFC,0xB2,0x94,0xFC,0x71,0x8C,0xFC,0xD3,0x9C,0xFE,0xD3,0x9C,0xF9,0xF3,0x9C,0xF8,
    0x13,0x9D,0xF8,0x55,0xAD,0xF6,0x54,0xA5,0xF3,0x13,0x9D,0xF7,0x34,0xA5,0xFC,0x75,
    0xAD,0xF9,0x75,0xAD,0xFC,0x95,0xAD,0xF9,0x75,0xAD,0xF5,0xB6,0xB5,0xFA,0xF7,0xBD,
    0xFC,0xD6,0xB5,0xFC,0xD6,0xB5,0xF9,0xD7,0xBD,0xEF,0xD6,0xB5,0xEF,0xF7,0xBD,0xEE,
    0xF7,0xBD,0xEE,0xF7,0xBD,0xEE,0xF7,0xBD,0xEE,0xF7,0xBD,0xED,0x17,0xBE,0xEF,0x18,
    0xC6,0xEF,0x38,0xC6,0xF0,0x58,0xC6,0xEF,0x38,0xC6,0xEF,0x79,0xCE,0xF5,0x38,0xC6,
    0xF8,0x58,0xC6,0xF5,0x58,0xC6,0xEC,0x58,0xC6,0xEF,0x79,0xCE,0xF0,0x79,0xCE,0xEE,
    0x99,0xCE,0xF6,0xBA,0xD6,0xFB,0x9A,0xD6,0xFB,0x99,0xCE,0xFB,0x99,0xCE,0xFB,0x99,
    0xCE,0xFB,0xBA,0xD6,0xFC,0xBA,0xD6,0xFA,0xBA,0xD6,0xF7,0xBA,0xD6,0xF7,0xBA,0xD6,
    0xF1,0xBA,0xD6,0xF4,0xBA,0xD6,0xF2,0x9A,0xD6,0xF2,0xDA,0xD6,0xF7,0x99,0xCE,0xF1,
    0x59,0xCE,0xF2,0x99,0xCE,0xF4,0x79,0xCE,0xF4,0xBA,0xD6,0xF3,0x79,0xCE,0xF4,0x99,
    0xCE,0xFB,0x79,0xCE,0xFB,0x79,0xCE,0xFB,0x79,0xCE,0xFB,0x58,0xC6,0xFB,0x58,0xC6,
    0xFB,0x58,0xC6,0xFB,0x38,0xC6,0xFD,0xF7,0xBD,0xF4,0x17,0xBE,0xF4,0xF7,0xBD,0xF5,
    0x17,0xBE,0xF3,0xD6,0xB5,0xF6,0xF7,0xBD,0xF6,0xB6,0xB5,0xF3,0xB6,0xB5,0xF0,0x96,
    0xB5,0xF5,0x96,0xB5,0xF7,0x95,0xAD,0xF8,0x95,0xAD,0xF7,0x95,0xAD,0xF6,0x75,0xAD,
    0xF6,0x55,0xAD,0xF5,0x75,0xAD,0xF7,0x96,0xB5,0xFF,0x54,0xA5,0xFF,0x13,0x9D,0xFA,
    0x34,0xA5,0xFC,0x13,0x9D,0xFC,0xF3,0x9C,0xFC,0xD2,0x94,0xFC,0xF3,0x9C,0xFD,0xD2,
    0x94,0xFD,0x91,0x8C,0xF6,0xB2,0x94,0xF7,0xB2,0x94,0xFD,0x92,0x94,0xFF,0x50,0x84,
    0xFD,0x51,0x8C,0xFD,0x30,0x84,0xFC,0x10,0x84,0xFD,0x10,0x84,0xFC,0xCF,0x7B,0xFD,
    0xCF,0x7B,0xFD,0xEF,0x7B,0xFF,0xEF,0x7B,0xFF,0x0F,0x7C,0xFF,0x0F,0x7C,0xFF,0xEF,
    0x7B,0xFF,0xEF,0x7B,0xFF,0xCF,0x7B,0xFF,0xAE,0x73,0xFF,0x8E,0x73,0xFF,0x8D,0x6B,
    0xFF,0x6D,0x6B,0xFF,0x6D,0x6B,0xFF,0x4D,0x6B,0xFF,0x2C,0x63,0xFF,0xEB,0x5A,0xFC,
    0xCB,0x5A,0xFC,0xEB,0x5A,0xFF,0x4D,0x6B,0xFF,0x6D,0x6B,0xFF,0x6D,0x6B,0xFF,0x4D,
    0x6B,0xFF,0x0B,0x5B,0xFF,0xAA,0x52,0xFD,0xCB,0x5A,0xFC,0xAA,0x52,0xFD,0x69,0x4A,
    0xFC,0xEB,0x5A,0xFF,0xCB,0x5A,0xFF,0xCB,0x5A,0xFF,0xCB,0x5A,0xFF,0xAA,0x52,0xFF,
    0x69,0x4A,0xFF,0x28,0x42,0xFC,0x28,0x42,0xEE,0xA2,0x10,0x23,0x45,0x29,0x40,0x28,
    0x42,0xE3,0x49,0x4A,0xFF,0x48,0x42,0xDB,0x00,0x00,0x26,0x00,0x00,0x00,0x00,0x00,
    0x02,0x00,0x00,0x00,0x00,0x00,0x00,0x00,0x00,0x00,0x00,0x00,0x00,0x00,0x00,0x00,
    0x00,0x00,0x00,0x00,0x00,0x00,0x00,0x00,0x00,0x00,0x00,0x00,0x00,0x00,0x00,0x00,
    0x00,0x00,0x00,0x00,0x00,0x00,0x00,0x00,0x00,0x00,0x01,0xFF,0xFF,0x01,0x00,0x00,
    0x00,0xE7,0x39,0x8E,0xC7,0x39,0xFD,0x49,0x4A,0xFF,0x28,0x42,0x66,0x00,0x00,0x0A,
    0x86,0x31,0xAE,0x28,0x42,0xFF,0x28,0x42,0xFF,0x69,0x4A,0xFF,0x8A,0x52,0xFF,0xAA,
    0x52,0xFF,0xAA,0x52,0xFF,0xAA,0x52,0xFF,0xAA,0x52,0xFF,0xEB,0x5A,0xFF,0xCB,0x5A,
    0xFF,0xAA,0x52,0xFF,0xCB,0x5A,0xFF,0xEB,0x5A,0xFF,0xEB,0x5A,0xFF,0x0C,0x63,0xFF,
    0x2C,0x63,0xFF,0x2C,0x63,0xFF,0x2C,0x63,0xFF,0x6D,0x6B,0xFF,0x8E,0x73,0xFF,0x8E,
    0x73,0xFF,0x8D,0x6B,0xFF,0xCF,0x7B,0xFF,0xCE,0x73,0xFF,0xCE,0x73,0xFF,0xEF,0x7B,
    0xFF,0xCE,0x73,0xFF,0xEF,0x7B,0xFF,0x0F,0x7C,0xFF,0x10,0x84,0xFF,0x30,0x84,0xFF,
    0x51,0x8C,0xFF,0x51,0x8C,0xFF,0x91,0x8C,0xFF,0xD3,0x9C,0xFF,0xD2,0x94,0xFF,0xD2,
    0x94,0xFF,0xF3,0x9C,0xFF,0xF3,0x9C,0xFF,0xD2,0x94,0xFF,0x13,0x9D,0xFF,0x14,0xA5,
    0xFF,0xF3,0x9C,0xFF,0x54,0xA5,0xFF,0x75,0xAD,0xFF,0x54,0xA5,0xFF,0x54,0xA5,0xFF,
    0xD6,0xB5,0xFF,0xD7,0xBD,0xFF,0xB6,0xB5,0xFF,0xD7,0xBD,0xFF,0x17,0xBE,0xFF,0x18,
    0xC6,0xFF,0x58,0xC6,0xFF,0x58,0xC6,0xFF,0x79,0xCE,0xFF,0x79,0xCE,0xFF,0x59,0xCE,
    0xFF,0xBA,0xD6,0xFF,0xBA,0xD6,0xFF,0xDA,0xD6,0xFF,0xFB,0xDE,0xFF,0x1B,0xDF,0xFF,
    0xFB,0xDE,0xFF,0xDA,0xD6,0xFF,0xFB,0xDE,0xFF,0x3C,0xE7,0xFF,0x5C,0xE7,0xFF,0x1B,
    0xDF,0xFF,0x3C,0xE7,0xFF,0x1B,0xDF,0xFF,0x1B,0xDF,0xFF,0x5C,0xE7,0xFF,0x5C,0xE7,
    0xFF,0x5C,0xE7,0xFF,0x3C,0xE7,0xFF,0x5C,0xE7,0xFF,0x7D,0xEF,0xFF,0x3C,0xE7,0xFF,
    0x5C,0xE7,0xFF,0x7D,0xEF,0xFF,0x7D,0xEF,0xFF,0x7D,0xEF,0xFF,0x7D,0xEF,0xFF,0x7D,
    0xEF,0xFF,0x9D,0xEF,0xFF,0xBE,0xF7,0xFF,0xBE,0xF7,0xFF,0xBE,0xF7,0xFF,0xBE,0xF7,
    0xFF,0x9D,0xEF,0xFF,0x7D,0xEF,0xFF,0x7D,0xEF,0xFF,0x9D,0xEF,0xFF,0x9D,0xEF,0xFF,
    0x7D,0xEF,0xFF,0x5C,0xE7,0xFF,0x9D,0xEF,0xFF,0x7D,0xEF,0xFF,0x5C,0xE7,0xFF,0x1B,
    0xDF,0xFF,0x1B,0xDF,0xFF,0x1B,0xDF,0xFF,0xFB,0xDE,0xFF,0x1B,0xDF,0xFF,0xFB,0xDE,
    0xFF,0xDA,0xD6,0xFF,0xDA,0xD6,0xFF,0xBA,0xD6,0xFF,0xBA,0xD6,0xFF,0x99,0xCE,0xFF,
    0x59,0xCE,0xFF,0x79,0xCE,0xFF,0x79,0xCE,0xFF,0x79,0xCE,0xFF,0x58,0xC6,0xFF,0x38,
    0xC6,0xFF,0x38,0xC6,0xFF,0x38,0xC6,0xFF,0x17,0xBE,0xFF,0x17,0xBE,0xFF,0xF7,0xBD,
    0xFF,0xB6,0xB5,0xFF,0x95,0xAD,0xFF,0xB6,0xB5,0xFF,0xB6,0xB5,0xFF,0x75,0xAD,0xFF,
    0x34,0xA5,0xFF,0x54,0xA5,0xFF,0x55,0xAD,0xFF,0xD3,0x9C,0xFF,0xF3,0x9C,0xFF,0x13,
    0x9D,0xFF,0xB2,0x94,0xFF,0xB2,0x94,0xFF,0xF3,0x9C,0xFF,0x92,0x94,0xFF,0xD2,0x94,
    0xFF,0x91,0x8C,0xFF,0x50,0x84,0xFF,0x71,0x8C,0xFF,0x30,0x84,0xFF,0x0F,0x7C,0xFF,
    0x10,0x84,0xFF,0x10,0x84,0xFF,0x30,0x84,0xFF,0x10,0x84,0xFF,0x0F,0x7C,0xFF,0xEF,
    0x7B,0xFF,0xAE,0x73,0xFF,0x6D,0x6B,0xFF,0x6D,0x6B,0xFF,0x4D,0x6B,0xFF,0x4D,0x6B,
    0xFF,0x4D,0x6B,0xFF,0x2C,0x63,0xFF,0x2C,0x63,0xFF,0x2C,0x63,0xFF,0x0C,0x63,0xFF,
    0x0C,0x63,0xFF,0x0C,0x63,0xFF,0x0C,0x63,0xFF,0x0C,0x63,0xFF,0xEB,0x5A,0xFF,0xCB,
    0x5A,0xFF,0x0C,0x63,0xFF,0xCB,0x5A,0xFF,0xCB,0x5A,0xFF,0xCA,0x52,0xFF,0x69,0x4A,
    0xFF,0x8A,0x52,0xFF,0x49,0x4A,0xFF,0x69,0x4A,0xFF,0x49,0x4A,0xFF,0x28,0x42,0xFF,
    0xE7,0x39,0xD0,0x41,0x08,0x16,0xA6,0x31,0x46,0x28,0x42,0xED,0x28,0x42,0xFF,0x28,
    0x42,0xC9,0x00,0x00,0x17,0x00,0x00,0x00,0x00,0x00,0x02,0x00,0x00,0x00,0x00,0x00,
    0x00,0x00,0x00,0x00,0x00,0x00,0x00,0x00,0x00,0x00,0x00,0x00,0x00,0x00,0x00,0x00,
    0x00,0x00,0x00,0x00,0x00,0x00,0x00,0x00,0x00,0x00,0x00,0x00,0x00,0x00,0x00,0x00,
    0x00,0x00,0x00,0x00,0x00,0xAA,0x52,0x03,0x00,0x00,0x00,0xA6,0x31,0x7A,0xC7,0x39,
    0xF9,0x48,0x42,0xFF,0x69,0x4A,0xC6,0x00,0x00,0x10,0xA2,0x10,0x30,0x86,0x31,0x98,
    0xA6,0x31,0xAA,0xE7,0x39,0xAB,0xE7,0x39,0xAB,0xE7,0x39,0xAA,0xE7,0x39,0xAB,0xE7,
    0x39,0xA8,0xE7,0x39,0xA8,0x08,0x42,0xA5,0x08,0x42,0xA3,0xE7,0x39,0xA6,0x08,0x42,
    0xA8,0x28,0x42,0xAA,0x28,0x42,0xAB,0x28,0x42,0xAD,0x28,0x42,0xAA,0x49,0x4A,0xA9,
    0x69,0x4A,0xA6,0x8A,0x52,0xA5,0x89,0x4A,0xA6,0xAA,0x52,0xA9,0x8A,0x52,0xA7,0xAA,
    0x52,0xAA,0xCB,0x5A,0xAE,0xCB,0x5A,0xB2,0xCA,0x52,0xAF,0xAA,0x52,0xAD,0xCB,0x5A,
    0xAA,0xCB,0x5A,0xA7,0xCB,0x5A,0xAA,0xEB,0x5A,0xB1,0xEB,0x5A,0xB4,0x2C,0x63,0xAF,
    0x4D,0x6B,0xA2,0x4C,0x63,0x9E,0x6D,0x6B,0xA0,0x8D,0x6B,0x9E,0x6D,0x6B,0xA1,0x8E,
    0x73,0x9E,0x6D,0x6B,0xA0,0x6D,0x6B,0x9F,0xCF,0x7B,0xA4,0xAE,0x73,0xA4,0xCE,0x73,
    0xAB,0xEF,0x7B,0xAA,0xAE,0x73,0x9E,0xCF,0x7B,0x9D,0xCF,0x7B,0x9B,0xEF,0x7B,0xA5,
    0xCF,0x7B,0xA8,0xEF,0x7B,0xAA,0x0F,0x7C,0xAF,0x30,0x84,0xAB,0x30,0x84,0xA3,0x71,
    0x8C,0xA3,0x91,0x8C,0xA4,0xB2,0x94,0xA7,0xB2,0x94,0xA8,0x71,0x8C,0xA5,0xD2,0x94,
    0xAB,0xB2,0x94,0xAB,0xB2,0x94,0xA9,0x13,0x9D,0xA5,0xD3,0x9C,0xA5,0xD2,0x94,0xA4,
    0xD2,0x94,0xA4,0xF3,0x9C,0xAA,0xF3,0x9C,0xA8,0xD2,0x94,0xA4,0xF3,0x9C,0x9E,0xF3,
    0x9C,0x9F,0x13,0x9D,0xA3,0x13,0x9D,0xA4,0xF3,0x9C,0xA2,0xF3,0x9C,0xA3,0x13,0x9D,
    0xA0,0x13,0x9D,0x9E,0x34,0xA5,0x9C,0x54,0xA5,0x9B,0x54,0xA5,0x9C,0x75,0xAD,0x9B,
    0x75,0xAD,0x9C,0x75,0xAD,0x9B,0x75,0xAD,0x99,0x75,0xAD,0x9A,0x55,0xAD,0x9D,0x55,
    0xA5,0x9F,0x55,0xAD,0xA5,0x54,0xA5,0xA7,0x34,0xA5,0xA6,0x54,0xA5,0xA1,0x54,0xA5,
    0xA3,0x54,0xA5,0xA6,0x14,0xA5,0xA9,0xF3,0x9C,0xA9,0x13,0x9D,0xA8,0xF3,0x9C,0xA9,
    0x13,0x9D,0xA9,0x34,0xA5,0xAE,0x34,0xA5,0xAC,0x14,0xA5,0xA5,0x34,0xA5,0xA6,0x34,
    0xA5,0xA4,0x13,0x9D,0xA5,0xF3,0x9C,0xAB,0xD2,0x94,0xAE,0xB2,0x94,0xB4,0x91,0x8C,
    0xB7,0x71,0x8C,0xBB,0x71,0x8C,0xBB,0x51,0x8C,0xBB,0x30,0x84,0xBC,0x10,0x84,0xBF,
    0x0F,0x7C,0xC2,0x30,0x84,0xC6,0xEF,0x7B,0xC8,0xEF,0x7B,0xC6,0x0F,0x7C,0xC0,0x10,
    0x84,0xB5,0xEF,0x7B,0xAF,0x30,0x84,0xB0,0x30,0x84,0xAA,0x0F,0x7C,0xA5,0x10,0x84,
    0xA8,0x0F,0x7C,0xA3,0x10,0x84,0xA0,0x0F,0x7C,0x9A,0xEF,0x7B,0x9C,0xEF,0x7B,0x99,
    0xEF,0x7B,0x99,0xAE,0x73,0x9E,0x8E,0x73,0xAD,0x4D,0x6B,0xBA,0x4C,0x63,0xCB,0x0C,
    0x63,0xD1,0x2C,0x63,0xC8,0x0C,0x63,0xBF,0x4D,0x6B,0xB8,0x2C,0x63,0xAB,0x0C,0x63,
    0xAB,0x2C,0x63,0xAB,0xEB,0x5A,0xAD,0xEB,0x5A,0xB4,0x0B,0x5B,0xC0,0xEB,0x5A,0xCE,
    0xEB,0x5A,0xDA,0xAA,0x52,0xDE,0xAA,0x52,0xD8,0xAA,0x52,0xCF,0x8A,0x52,0xC9,0x89,
    0x4A,0xCA,0x89,0x4A,0xC9,0x69,0x4A,0xC7,0x69,0x4A,0xC9,0x49,0x4A,0xC6,0x48,0x42,
    0xC0,0x48,0x42,0xBC,0x49,0x4A,0xBA,0x69,0x4A,0xB8,0x69,0x4A,0xBF,0x69,0x4A,0xBE,
    0x48,0x42,0xC3,0x28,0x42,0xBF,0x28,0x42,0xC4,0x28,0x42,0xC6,0x08,0x42,0xCA,0xE7,
    0x39,0xCD,0x28,0x42,0xCD,0x08,0x42,0xC9,0xC7,0x39,0xC5,0xE7,0x39,0xC4,0xE7,0x39,
    0xC2,0xE7,0x39,0xBF,0xA6,0x31,0xBC,0xA6,0x31,0xA6,0xA2,0x10,0x47,0x00,0x00,0x11,
    0x08,0x42,0xA5,0x69,0x4A,0xFE,0x48,0x42,0xFF,0x28,0x42,0xA4,0x00,0x00,0x02,0xEF,
    0x7B,0x02,0x00,0x00,0x00,0x00,0x00,0x00,0x00,0x00,0x00,0x00,0x00,0x00,0x00,0x00,
    0x00,0x00,0x00,0x00,0x00,0x00,0x00,0x00,0x00,0x00,0x00,0x00,0x00,0x00,0x00,0x00,
    0x00,0x00,0x00,0x00,0x00,0x00,0x00,0x00,0x00,0x00,0x00,0x00,0x00,0x00,0x00,0x00,
    0x00,0x02,0x00,0x00,0x00,0x04,0x21,0x43,0xE7,0x39,0xE1,0xC6,0x31,0xFE,0xAA,0x52,
    0xFF,0xCB,0x5A,0xA6,0xC3,0x18,0x12,0x00,0x00,0x0F,0x00,0x00,0x11,0x00,0x00,0x0D,
    0x00,0x00,0x0A,0x00,0x00,0x0A,0x00,0x00,0x0A,0x00,0x00,0x08,0x00,0x00,0x05,0x00,
    0x00,0x03,0x00,0x00,0x02,0x00,0x00,0x03,0x00,0x00,0x04,0x00,0x00,0x04,0x00,0x00,
    0x06,0x00,0x00,0x08,0x00,0x00,0x07,0x00,0x00,0x05,0x00,0x00,0x04,0x00,0x00,0x02,
    0x00,0x00,0x00,0x00,0x00,0x00,0x00,0x00,0x00,0x00,0x00,0x00,0x00,0x00,0x01,0x00,
    0x00,0x02,0x00,0x00,0x02,0x00,0x00,0x02,0x00,0x00,0x00,0x00,0x00,0x00,0x00,0x00,
    0x00,0x00,0x00,0x03,0x00,0x00,0x05,0x00,0x00,0x02,0x00,0x00,0x00,0x00,0x00,0x00,
    0x00,0x00,0x00,0x00,0x00,0x00,0x00,0x00,0x00,0x00,0x00,0x00,0x00,0x00,0x00,0x00,
    0x00,0x00,0x00,0x00,0x00,0x00,0x00,0x00,0x00,0x00,0x00,0x00,0x00,0x00,0x00,0x00,
    0x00,0x00,0x00,0x00,0x00,0x00,0x00,0x00,0x00,0x00,0x00,0x00,0x00,0x00,0x00,0x00,
    0x00,0x00,0x01,0x00,0x00,0x00,0x00,0x00,0x00,0x00,0x00,0x00,0x00,0x00,0x00,0x00,
    0x00,0x00,0x00,0x00,0x00,0x00,0x00,0x00,0x00,0x00,0x00,0x00,0x00,0x00,0x00,0x00,
    0x00,0x00,0x00,0x00,0x00,0x00,0x00,0x00,0x00,0x00,0x00,0x00,0x00,0x00,0x00,0x00,
    0x00,0x00,0x00,0x00,0x00,0x00,0x00,0x00,0x00,0x00,0x00,0x00,0x00,0x00,0x00,0x00,
    0x00,0x00,0x00,0x00,0x00,0x00,0x00,0x00,0x00,0x00,0x00,0x00,0x00,0x00,0x00,0x00,
    0x00,0x00,0x00,0x00,0x00,0x00,0x00,0x00,0x00,0x00,0x00,0x00,0x00,0x00,0x00,0x00,
    0x00,0x00,0x00,0x00,0x00,0x00,0x00,0x00,0x00,0x00,0x00,0x00,0x00,0x00,0x00,0x00,
    0x00,0x00,0x00,0x00,0x00,0x00,0x00,0x00,0x00,0x00,0x00,0x00,0x00,0x00,0x00,0x00,
    0x00,0x00,0x00,0x00,0x00,0x00,0x00,0x00,0x00,0x00,0x00,0x00,0x00,0x00,0x00,0x00,
    0x00,0x00,0x00,0x00,0x00,0x00,0x00,0x00,0x00,0x00,0x00,0x00,0x00,0x00,0x00,0x00,
    0x00,0x00,0x00,0x00,0x00,0x00,0x00,0x01,0x00,0x00,0x01,0x00,0x00,0x04,0x00,0x00,
    0x04,0x00,0x00,0x05,0x00,0x00,0x06,0x00,0x00,0x09,0x00,0x00,0x0B,0x00,0x00,0x0D,
    0x00,0x00,0x0F,0x00,0x00,0x0C,0x00,0x00,0x08,0x00,0x00,0x02,0x00,0x00,0x00,0x00,
    0x00,0x00,0x00,0x00,0x00,0x00,0x00,0x00,0x00,0x00,0x00,0x00,0x00,0x00,0x00,0x00,
    0x00,0x00,0x00,0x00,0x00,0x00,0x00,0x00,0x00,0x00,0x00,0x00,0x00,0x00,0x00,0x00,
    0x00,0x00,0x00,0x00,0x00,0x08,0x00,0x00,0x13,0x00,0x00,0x17,0x00,0x00,0x0E,0x00,
    0x00,0x08,0x00,0x00,0x05,0x00,0x00,0x00,0x00,0x00,0x00,0x00,0x00,0x00,0x00,0x00,
    0x01,0x00,0x00,0x04,0x00,0x00,0x08,0x00,0x00,0x10,0x00,0x00,0x1A,0x00,0x00,0x1E,
    0x00,0x00,0x18,0x00,0x00,0x13,0x00,0x00,0x10,0x00,0x00,0x11,0x00,0x00,0x11,0x00,
    0x00,0x10,0x00,0x00,0x11,0x00,0x00,0x10,0x00,0x00,0x0C,0x00,0x00,0x0C,0x00,0x00,
    0x0C,0x00,0x00,0x0E,0x00,0x00,0x10,0x00,0x00,0x10,0x00,0x00,0x12,0x00,0x00,0x11,
    0x00,0x00,0x15,0x00,0x00,0x17,0x00,0x00,0x1D,0x00,0x00,0x23,0x00,0x00,0x24,0x00,
    0x00,0x21,0x00,0x00,0x1C,0x00,0x00,0x1A,0x00,0x00,0x17,0x00,0x00,0x18,0x00,0x00,
    0x19,0x00,0x00,0x1A,0x00,0x00,0x1A,0x08,0x42,0x95,0xAA,0x52,0xFE,0x07,0x3A,0xFD,
    0x08,0x42,0xF5,0x45,0x29,0x5D,0x00,0x00,0x00,0x00,0x00,0x03,0x00,0x00,0x00,0x00,
    0x00,0x00,0x00,0x00,0x00,0x00,0x00,0x00,0x00,0x00,0x00,0x00,0x00,0x00,0x00,0x00,
    0x00,0x00,0x00,0x00,0x00,0x00,0x00,0x00,0x00,0x00,0x00,0x00,0x00,0x00,0x00,0x00,
    0x00,0x00,0x00,0x00,0x00,0x00,0x00,0x00,0x00,0x00,0x00,0x00,0x00,0x00,0x00,0x00,
    0x00,0x02,0xA6,0x31,0x94,0x28,0x42,0xFA,0xE7,0x39,0xFC,0xAA,0x52,0xFF,0xEB,0x5A,
    0xDB,0x8A,0x52,0x93,0xAA,0x52,0x80,0xAA,0x52,0x7D,0xAA,0x52,0x79,0xAA,0x52,0x79,
    0xCA,0x52,0x76,0xCB,0x5A,0x74,0xCB,0x5A,0x72,0xEB,0x5A,0x6F,0x0C,0x63,0x6C,0x0C,
    0x63,0x6C,0x0C,0x63,0x6C,0x2C,0x63,0x6C,0x2C,0x63,0x6F,0x2C,0x63,0x70,0x0C,0x63,
    0x71,0x4D,0x6B,0x6F,0x4C,0x63,0x6E,0x8D,0x6B,0x6D,0x6D,0x6B,0x6B,0x6D,0x6B,0x68,
    0x8E,0x73,0x69,0x8D,0x6B,0x69,0xAE,0x73,0x6A,0xEF,0x7B,0x6B,0xEF,0x7B,0x6B,0xEF,
    0x7B,0x6B,0xEF,0x7B,0x6B,0xEF,0x7B,0x6A,0x30,0x84,0x6B,0xEF,0x7B,0x6E,0xCF,0x7B,
    0x70,0xCF,0x7B,0x72,0xCE,0x73,0x74,0xCF,0x7B,0x75,0xEF,0x7B,0x73,0xEF,0x7B,0x6F,
    0xCE,0x73,0x6D,0x0F,0x7C,0x6D,0x30,0x84,0x6A,0x30,0x84,0x6A,0x50,0x84,0x6B,0x30,
    0x84,0x6E,0x71,0x8C,0x6E,0x51,0x8C,0x6D,0x51,0x8C,0x6E,0x50,0x84,0x6D,0x71,0x8C,
    0x6D,0x71,0x8C,0x6F,0x91,0x8C,0x6F,0x71,0x8C,0x70,0x91,0x8C,0x72,0x50,0x84,0x72,
    0x50,0x84,0x70,0x71,0x8C,0x70,0x30,0x84,0x71,0x30,0x84,0x6F,0x51,0x8C,0x73,0x51,
    0x8C,0x72,0x51,0x8C,0x72,0x71,0x8C,0x71,0xB2,0x94,0x72,0x91,0x8C,0x73,0x92,0x94,
    0x72,0xB2,0x94,0x72,0xB2,0x94,0x73,0x92,0x94,0x76,0xB2,0x94,0x75,0xB2,0x94,0x75,
    0xD3,0x9C,0x76,0xF3,0x9C,0x75,0xD2,0x94,0x78,0xD2,0x94,0x78,0xD2,0x94,0x7A,0xD2,
    0x94,0x7A,0xD2,0x94,0x7A,0xD3,0x9C,0x78,0xD3,0x9C,0x76,0xD2,0x94,0x75,0xF3,0x9C,
    0x74,0xF3,0x9C,0x72,0xF3,0x9C,0x71,0xF3,0x9C,0x71,0xF3,0x9C,0x73,0xF3,0x9C,0x75,
    0x14,0x9D,0x76,0x14,0x9D,0x76,0x14,0xA5,0x77,0x14,0x9D,0x75,0x13,0x9D,0x76,0x14,
    0x9D,0x77,0xF4,0x9C,0x78,0x13,0xA5,0x78,0x13,0x9D,0x76,0x13,0x9D,0x76,0xF3,0x9C,
    0x77,0xF3,0x9C,0x75,0x34,0xA5,0x74,0x13,0x9D,0x73,0x13,0x9D,0x73,0xF3,0x9C,0x72,
    0x13,0x9D,0x6F,0x13,0x9D,0x6E,0x13,0x9D,0x6D,0x13,0x9D,0x6E,0x13,0x9D,0x6F,0xF3,
    0x9C,0x6F,0xF3,0x9C,0x6E,0xF3,0x9C,0x6D,0xD3,0x9C,0x6E,0xF3,0x9C,0x6E,0xF3,0x9C,
    0x6F,0xD3,0x9C,0x70,0x91,0x8C,0x72,0xB2,0x94,0x70,0xD2,0x94,0x71,0xB2,0x94,0x71,
    0xB2,0x94,0x73,0xB2,0x94,0x71,0xD2,0x94,0x70,0x91,0x8C,0x71,0x91,0x8C,0x72,0xB2,
    0x94,0x70,0x71,0x8C,0x6F,0x51,0x8C,0x6C,0x51,0x8C,0x6A,0x50,0x84,0x68,0x71,0x8C,
    0x69,0x71,0x8C,0x6A,0x71,0x8C,0x6A,0x71,0x8C,0x6A,0x51,0x8C,0x6A,0x51,0x8C,0x6C,
    0x10,0x84,0x71,0x30,0x84,0x72,0x30,0x84,0x70,0x50,0x84,0x6D,0x10,0x84,0x6B,0x30,
    0x84,0x68,0xEF,0x7B,0x68,0x30,0x84,0x67,0x10,0x84,0x66,0x0F,0x7C,0x66,0xEF,0x7B,
    0x66,0x0F,0x7C,0x67,0xCF,0x7B,0x6A,0xEF,0x7B,0x6C,0xEF,0x7B,0x6B,0xCE,0x73,0x6C,
    0xCE,0x73,0x6A,0xAE,0x73,0x6D,0x8E,0x73,0x6F,0x8E,0x73,0x6D,0x8D,0x6B,0x6C,0x8E,
    0x73,0x6A,0x6D,0x6B,0x67,0x6D,0x6B,0x69,0x6D,0x6B,0x6B,0x2C,0x63,0x6D,0x4D,0x6B,
    0x6F,0x2C,0x63,0x6F,0x2C,0x63,0x6F,0x0C,0x63,0x6F,0x0C,0x63,0x71,0x0B,0x5B,0x75,
    0xEB,0x5A,0x76,0xAA,0x52,0x78,0xAA,0x5A,0x7A,0xAA,0x52,0x79,0xCA,0x52,0x77,0xCA,
    0x52,0x76,0xEB,0x5A,0x76,0xEB,0x5A,0x77,0xCB,0x5A,0x7D,0x8A,0x52,0x95,0xCB,0x5A,
    0xDC,0xEB,0x5A,0xFF,0x07,0x3A,0xFD,0x48,0x42,0xFF,0xE7,0x39,0xA2,0x00,0x00,0x09,
    0x00,0x00,0x01,0x00,0x00,0x01,0x00,0x00,0x00,0x00,0x00,0x00,0x00,0x00,0x00,0x00,
    0x00,0x00,0x00,0x00,0x00,0x00,0x00,0x00,0x00,0x00,0x00,0x00,0x00,0x00,0x00,0x00,
    0x00,0x00,0x00,0x00,0x00,0x00,0x00,0x00,0x00,0x00,0x00,0x00,0x00,0x00,0x00,0x00,
    0x00,0x00,0x00,0x00,0x00,0x00,0x00,0x00,0x01,0x00,0x00,0x00,0x82,0x10,0x1B,0xC6,
    0x31,0xAA,0x28,0x42,0xF8,0xE7,0x39,0xF9,0x69,0x4A,0xFE,0xEB,0x5A,0xFF,0xEB,0x5A,
    0xFF,0xEB,0x5A,0xFF,0x0B,0x5B,0xFF,0x0C,0x63,0xFF,0x2C,0x63,0xFF,0x2C,0x63,0xFF,
    0x4C,0x63,0xFF,0x2C,0x63,0xFF,0x4D,0x6B,0xFF,0x4D,0x6B,0xFF,0x4D,0x6B,0xFF,0x6D,
    0x6B,0xFF,0xAE,0x73,0xFF,0xAE,0x73,0xFF,0xCE,0x73,0xFF,0xEF,0x7B,0xFF,0xCF,0x7B,
    0xFF,0xEF,0x7B,0xFF,0xCF,0x7B,0xFF,0xEF,0x7B,0xFF,0xEF,0x7B,0xFF,0x30,0x84,0xFF,
    0x51,0x8C,0xFF,0x71,0x8C,0xFF,0x91,0x8C,0xFF,0xB2,0x94,0xFF,0xD2,0x94,0xFF,0xD2,
    0x94,0xFF,0xF3,0x9C,0xFF,0x13,0x9D,0xFF,0xF3,0x9C,0xFF,0x13,0x9D,0xFF,0x14,0xA5,
    0xFF,0x13,0x9D,0xFF,0x14,0xA5,0xFF,0x34,0xA5,0xFF,0x14,0xA5,0xFF,0x13,0x9D,0xFF,
    0x54,0xA5,0xFF,0x75,0xAD,0xFF,0x95,0xAD,0xFF,0x75,0xAD,0xFF,0xD6,0xB5,0xFF,0xD7,
    0xBD,0xFF,0xD6,0xB5,0xFF,0xF7,0xBD,0xFF,0xF7,0xBD,0xFF,0xF7,0xBD,0xFF,0x38,0xC6,
    0xFF,0x38,0xC6,0xFF,0x38,0xC6,0xFF,0x17,0xBE,0xFF,0x17,0xBE,0xFF,0x38,0xC6,0xFF,
    0x58,0xC6,0xFF,0x58,0xC6,0xFF,0x38,0xC6,0xFF,0x99,0xCE,0xFF,0x79,0xCE,0xFF,0x79,
    0xCE,0xFF,0xBA,0xD6,0xFF,0xDA,0xD6,0xFF,0xDA,0xD6,0xFF,0xDA,0xD6,0xFF,0xDA,0xD6,
    0xFF,0xFB,0xDE,0xFF,0xFB,0xDE,0xFF,0x1B,0xDF,0xFF,0x3C,0xDF,0xFF,0x3B,0xDF,0xFF,
    0x3B,0xDF,0xFF,0x3C,0xE7,0xFF,0x5C,0xE7,0xFF,0x3C,0xE7,0xFF,0x3C,0xE7,0xFF,0x3C,
    0xE7,0xFF,0x3C,0xE7,0xFF,0x3C,0xE7,0xFF,0x3C,0xE7,0xFF,0x3C,0xE7,0xFF,0x3C,0xE7,
    0xFF,0x5C,0xE7,0xFF,0x5C,0xE7,0xFF,0x7D,0xEF,0xFF,0x9D,0xEF,0xFF,0x7D,0xEF,0xFF,
    0x9D,0xEF,0xFF,0x9E,0xEF,0xFF,0xBE,0xEF,0xFF,0x9D,0xEF,0xFF,0x9D,0xEF,0xFF,0x9D,
    0xEF,0xFF,0x9D,0xEF,0xFF,0x9D,0xEF,0xFF,0x9D,0xEF,0xFF,0x7D,0xEF,0xFF,0x9D,0xEF,
    0xFF,0x7D,0xE7,0xFF,0x5C,0xE7,0xFF,0x5C,0xE7,0xFF,0x3C,0xE7,0xFF,0x3C,0xE7,0xFF,
    0x3C,0xE7,0xFF,0x3C,0xE7,0xFF,0x1B,0xDF,0xFF,0x1B,0xDF,0xFF,0x1B,0xDF,0xFF,0x1B,
    0xDF,0xFF,0x1B,0xDF,0xFF,0x1B,0xDF,0xFF,0x1B,0xDF,0xFF,0xDA,0xD6,0xFF,0xDA,0xD6,
    0xFF,0xFB,0xDE,0xFF,0xFB,0xDE,0xFF,0x99,0xCE,0xFF,0xBA,0xD6,0xFF,0xBA,0xD6,0xFF,
    0x99,0xCE,0xFF,0x79,0xCE,0xFF,0x99,0xCE,0xFF,0x79,0xCE,0xFF,0x18,0xC6,0xFF,0xF7,
    0xBD,0xFF,0xD7,0xBD,0xFF,0xD6,0xB5,0xFF,0xD6,0xB5,0xFF,0xD6,0xB5,0xFF,0xB6,0xB5,
    0xFF,0x96,0xB5,0xFF,0xD6,0xB5,0xFF,0xB6,0xB5,0xFF,0xB6,0xB5,0xFF,0x95,0xAD,0xFF,
    0x95,0xAD,0xFF,0x75,0xAD,0xFF,0x34,0xA5,0xFF,0x34,0xA5,0xFF,0xF3,0x9C,0xFF,0xF3,
    0x9C,0xFF,0xD2,0x94,0xFF,0xD3,0x9C,0xFF,0xD3,0x9C,0xFF,0xD2,0x94,0xFF,0xD2,0x94,
    0xFF,0xB2,0x94,0xFF,0xB2,0x94,0xFF,0x91,0x8C,0xFF,0x30,0x84,0xFF,0x71,0x8C,0xFF,
    0x71,0x8C,0xFF,0x30,0x84,0xFF,0x30,0x84,0xFF,0x0F,0x7C,0xFF,0xEF,0x7B,0xFF,0xEF,
    0x7B,0xFF,0xEF,0x7B,0xFF,0xAE,0x73,0xFF,0xCE,0x73,0xFF,0xCF,0x7B,0xFF,0xAE,0x73,
    0xFF,0x8E,0x73,0xFF,0x8D,0x6B,0xFF,0x8E,0x73,0xFF,0x8D,0x6B,0xFF,0x2C,0x63,0xFF,
    0x6D,0x6B,0xFF,0x6D,0x6B,0xFF,0x2C,0x63,0xFF,0x4C,0x63,0xFF,0x4D,0x6B,0xFF,0x4D,
    0x6B,0xFF,0x4C,0x63,0xFF,0x0B,0x5B,0xFF,0xAA,0x52,0xFF,0x28,0x42,0xFF,0x28,0x42,
    0xFF,0xC6,0x31,0xAE,0x82,0x10,0x1A,0x00,0x00,0x00,0x00,0x00,0x01,0x00,0x00,0x00,
    0x00,0x00,0x00,0x00,0x00,0x00,0x00,0x00,0x00,0x00,0x00,0x00,0x00,0x00,0x00,0x00,
    0x00,0x00,0x00,0x00,0x00,0x00,0x00,0x00,0x00,0x00,0x00,0x00,0x00,0x00,0x00,0x00,
    0x00,0x00,0x00,0x00,0x00,0x00,0x00,0x00,0x00,0x00,0x00,0x00,0x00,0x00,0x00,0x00,
    0x00,0x00,0x00,0x00,0x00,0x01,0x00,0x00,0x00,0xC3,0x18,0x14,0xA6,0x31,0x87,0x28,
    0x42,0xD3,0x07,0x3A,0xEE,0x08,0x42,0xFC,0x28,0x42,0xFE,0x28,0x42,0xFF,0x28,0x42,
    0xFF,0x48,0x42,0xFF,0x49,0x4A,0xFF,0x69,0x4A,0xFF,0x89,0x4A,0xFF,0x69,0x4A,0xFF,
    0x89,0x4A,0xFF,0xAA,0x52,0xFF,0x8A,0x52,0xFF,0xAA,0x52,0xFF,0xCB,0x5A,0xFF,0xCA,
    0x52,0xFF,0xEB,0x5A,0xFF,0x0C,0x63,0xFF,0x0B,0x5B,0xFF,0x0C,0x63,0xFF,0x2C,0x63,
    0xFF,0x2C,0x63,0xFF,0x2C,0x63,0xFF,0x8D,0x6B,0xFF,0x8D,0x6B,0xFF,0x8D,0x6B,0xFF,
    0xCE,0x73,0xFF,0xCF,0x7B,0xFF,0xEF,0x7B,0xFF,0xEF,0x7B,0xFF,0x10,0x84,0xFF,0x50,
    0x84,0xFF,0x30,0x84,0xFF,0x51,0x8C,0xFF,0x71,0x8C,0xFF,0x51,0x8C,0xFF,0x71,0x8C,
    0xFF,0xB2,0x94,0xFF,0xD2,0x94,0xFF,0xB2,0x94,0xFF,0xD2,0x94,0xFF,0x13,0x9D,0xFF,
    0x13,0x9D,0xFF,0x13,0x9D,0xFF,0x34,0xA5,0xFF,0x54,0xA5,0xFF,0x34,0xA5,0xFF,0x75,
    0xAD,0xFF,0x75,0xAD,0xFF,0x55,0xAD,0xFF,0x75,0xAD,0xFF,0x95,0xAD,0xFF,0x96,0xB5,
    0xFF,0xD6,0xB5,0xFF,0xB6,0xB5,0xFF,0xB6,0xB5,0xFF,0x17,0xBE,0xFF,0x58,0xC6,0xFF,
    0x38,0xC6,0xFF,0x38,0xC6,0xFF,0x79,0xCE,0xFF,0x99,0xCE,0xFF,0x79,0xCE,0xFF,0x79,
    0xCE,0xFF,0x79,0xCE,0xFF,0x99,0xCE,0xFF,0xBA,0xD6,0xFF,0xBA,0xD6,0xFF,0xDA,0xD6,
    0xFF,0xDA,0xD6,0xFF,0xDA,0xD6,0xFF,0xDA,0xD6,0xFF,0xDA,0xD6,0xFF,0xDA,0xD6,0xFF,
    0xFA,0xD6,0xFF,0xFA,0xD6,0xFF,0xFA,0xD6,0xFF,0xFB,0xD6,0xFF,0xFB,0xD6,0xFF,0xFB,
    0xDE,0xFF,0xFB,0xDE,0xFF,0xFB,0xDE,0xFF,0x1B,0xDF,0xFF,0x1B,0xDF,0xFF,0x1B,0xDF,
    0xFF,0x1B,0xDF,0xFF,0x1B,0xDF,0xFF,0x1B,0xDF,0xFF,0x3B,0xDF,0xFF,0x3C,0xDF,0xFF,
    0x3C,0xDF,0xFF,0x3C,0xDF,0xFF,0x3B,0xDF,0xFF,0x1B,0xDF,0xFF,0x1B,0xDF,0xFF,0x1B,
    0xDF,0xFF,0x1B,0xDF,0xFF,0xFB,0xDE,0xFF,0xFA,0xD6,0xFF,0xDA,0xD6,0xFF,0xDA,0xD6,
    0xFF,0xDA,0xD6,0xFF,0xDA,0xD6,0xFF,0xBA,0xD6,0xFF,0xBA,0xCE,0xFF,0x99,0xCE,0xFF,
    0x99,0xCE,0xFF,0x79,0xCE,0xFF,0x79,0xCE,0xFF,0x79,0xCE,0xFF,0x58,0xC6,0xFF,0x58,
    0xC6,0xFF,0x58,0xC6,0xFF,0x78,0xC6,0xFF,0x79,0xCE,0xFF,0x38,0xC6,0xFF,0xF7,0xBD,
    0xFF,0x17,0xBE,0xFF,0x18,0xC6,0xFF,0xF7,0xBD,0xFF,0xD6,0xB5,0xFF,0xD7,0xBD,0xFF,
    0xB6,0xB5,0xFF,0x95,0xAD,0xFF,0x95,0xAD,0xFF,0x75,0xAD,0xFF,0x54,0xA5,0xFF,0x34,
    0xA5,0xFF,0x13,0x9D,0xFF,0x13,0x9D,0xFF,0xF3,0x9C,0xFF,0xD3,0x9C,0xFC,0xF3,0x9C,
    0xFF,0xD2,0x94,0xFF,0xB2,0x94,0xFF,0xD2,0x94,0xFF,0xD2,0x94,0xFF,0x91,0x8C,0xFE,
    0x71,0x8C,0xFE,0x71,0x8C,0xFF,0x50,0x84,0xFC,0x10,0x84,0xFD,0x30,0x84,0xFF,0x0F,
    0x7C,0xFF,0xCF,0x7B,0xFF,0xAE,0x73,0xFF,0xAE,0x73,0xFF,0x8E,0x73,0xFF,0x8D,0x6B,
    0xFF,0x6D,0x6B,0xFE,0x2C,0x63,0xFD,0x6D,0x6B,0xFF,0x8D,0x6B,0xFF,0x2C,0x63,0xFF,
    0x2C,0x63,0xFF,0x0B,0x5B,0xFF,0x0C,0x63,0xFF,0x0B,0x5B,0xFD,0xEB,0x5A,0xFC,0xCB,
    0x5A,0xFF,0xCB,0x5A,0xFF,0xCB,0x5A,0xFF,0xAA,0x52,0xFF,0xAA,0x52,0xFF,0xAA,0x52,
    0xFF,0xAA,0x52,0xFF,0xAA,0x52,0xFF,0x49,0x42,0xF9,0x89,0x4A,0xFF,0xAA,0x4A,0xFF,
    0x49,0x42,0xFB,0x69,0x4A,0xFF,0x89,0x4A,0xFF,0x48,0x42,0xF9,0x28,0x42,0xF9,0x69,
    0x42,0xFE,0x48,0x42,0xFD,0x48,0x42,0xDF,0x86,0x31,0x7F,0x00,0x00,0x0D,0x00,0x00,
    0x00,0x00,0x00,0x01,0x00,0x00,0x00,0x00,0x00,0x00,0x00,0x00,0x00,0x00,0x00,0x00,
    0x00,0x00,0x00,0x00,0x00,0x00,0x00,0x00,0x00,0x00,0x00,0x00,0x00,0x00,0x00,0x00,
    0x00,0x00,0x00,0x00,0x00,0x00,0x00,0x00,0x00,0x00,0x00,0x00,0x00,0x00,0x00,0x00,
    0x00,0x00,0x00,0x00,0x00,0x00,0x00,0x00,0x00,0x00,0x00,0x00,0x00,0x00,0x00,0x00,
    0x00,0x00,0x01,0x00,0x00,0x00,0x00,0x00,0x00,0xC3,0x18,0x32,0xC7,0x39,0x79,0x08,
    0x42,0x93,0x08,0x42,0x95,0x08,0x42,0x95,0x07,0x3A,0x97,0x08,0x42,0x95,0x28,0x42,
    0x97,0x08,0x42,0x99,0x28,0x42,0x9B,0x28,0x42,0x9A,0x28,0x42,0x9B,0x48,0x42,0x9C,
    0x28,0x42,0x9E,0x49,0x4A,0x9E,0x69,0x4A,0x9F,0x69,0x4A,0x9F,0x89,0x4A,0x9E,0xAA,
    0x52,0x9E,0x8A,0x52,0x9D,0xAA,0x52,0xA0,0xAA,0x52,0xA0,0xAA,0x52,0x9F,0xAA,0x52,
    0x9F,0xEB,0x5A,0xA0,0xEB,0x5A,0xA1,0xEB,0x5A,0xA2,0x2C,0x63,0xA3,0x4D,0x6B,0xA4,
    0x4D,0x6B,0xA3,0x6D,0x6B,0xA2,0x6D,0x6B,0xA3,0x8E,0x73,0xA3,0x8D,0x6B,0xA2,0x8D,
    0x6B,0xA2,0xAE,0x73,0xA4,0x8E,0x73,0xA4,0x8D,0x6B,0xA5,0xCE,0x73,0xA5,0xCF,0x7B,
    0xA7,0xCF,0x7B,0xA7,0xCE,0x73,0xA7,0xEF,0x7B,0xA6,0xEF,0x7B,0xA5,0x0F,0x7C,0xA4,
    0x30,0x84,0xA3,0x30,0x84,0xA3,0x50,0x84,0xA1,0x71,0x8C,0xA0,0x71,0x8C,0xA1,0x71,
    0x8C,0xA0,0x71,0x8C,0x9F,0x91,0x8C,0x9E,0xB2,0x94,0x9F,0xB2,0x94,0xA0,0xB2,0x94,
    0xA0,0xB2,0x94,0xA1,0xB2,0x94,0xA1,0x13,0x9D,0xA1,0x34,0xA5,0xA5,0xF3,0x9C,0xA2,
    0x34,0xA5,0xA3,0x55,0xAD,0xA7,0x34,0xA5,0xA8,0x34,0xA5,0xA7,0x54,0xA5,0xA6,0x54,
    0xA5,0xA6,0x55,0xAD,0xA5,0x75,0xAD,0xA5,0x75,0xAD,0xA6,0x95,0xAD,0xA5,0x75,0xAD,
    0xA4,0x75,0xAD,0xA4,0x75,0xAD,0xA3,0x95,0xAD,0xA2,0x95,0xAD,0xA3,0x95,0xAD,0xA1,
    0xB6,0xB5,0xA0,0x96,0xAD,0xA1,0x96,0xAD,0xA1,0xB6,0xB5,0xA0,0xB6,0xB5,0xA1,0xB6,
    0xB5,0xA1,0xB6,0xB5,0xA1,0xB6,0xB5,0xA1,0xB6,0xB5,0xA1,0xD6,0xB5,0xA2,0xD6,0xB5,
    0xA0,0xD6,0xB5,0xA0,0xD6,0xB5,0x9F,0xD6,0xB5,0xA0,0xB6,0xB5,0xA1,0xB6,0xB5,0xA1,
    0xB6,0xB5,0xA0,0xB6,0xB5,0xA0,0xB6,0xAD,0xA1,0x95,0xAD,0xA1,0x95,0xAD,0xA1,0x95,
    0xAD,0x9F,0x75,0xAD,0xA0,0x75,0xAD,0xA1,0x75,0xAD,0xA2,0x75,0xAD,0xA1,0x55,0xA5,
    0xA1,0x54,0xA5,0x9F,0x54,0xA5,0x9E,0x55,0xA5,0xA0,0x54,0xA5,0xA1,0x54,0xA5,0xA1,
    0x54,0xA5,0xA1,0x34,0xA5,0xA1,0x14,0xA5,0x9F,0x13,0x9D,0xA2,0x34,0xA5,0xA1,0x34,
    0xA5,0xA2,0x13,0x9D,0xA0,0xF3,0x9C,0xA1,0xD3,0x94,0xA4,0xF3,0x9C,0xA3,0xD3,0x9C,
    0xA2,0xB2,0x94,0xA2,0xB2,0x94,0xA4,0xD3,0x9C,0xA4,0x71,0x8C,0xA3,0x71,0x8C,0xA3,
    0x71,0x8C,0xA5,0x51,0x8C,0xA4,0x50,0x84,0xA4,0x30,0x84,0xA5,0x30,0x84,0xA7,0x50,
    0x84,0xA5,0x30,0x84,0xA4,0x10,0x84,0xA4,0x30,0x84,0xA2,0x10,0x84,0xA2,0xEF,0x7B,
    0xA2,0x0F,0x7C,0xA4,0xEF,0x7B,0xA4,0xCE,0x73,0xA5,0xAE,0x73,0xA7,0xCF,0x7B,0xA7,
    0xAE,0x73,0xA6,0x6D,0x6B,0xA9,0x8E,0x73,0xA7,0x6D,0x6B,0xA6,0x2C,0x63,0xA4,0x0C,
    0x63,0xA3,0x2C,0x63,0xA2,0x2C,0x63,0xA0,0x0C,0x63,0x9F,0x0C,0x63,0x9D,0xEB,0x5A,
    0x9D,0xEB,0x5A,0x9F,0xEB,0x5A,0xA1,0xCB,0x5A,0x9F,0xCA,0x52,0x9D,0xAA,0x52,0x9C,
    0xAA,0x52,0x9C,0xAA,0x52,0x9B,0xAA,0x52,0x99,0x8A,0x52,0x9C,0x89,0x4A,0x9E,0x89,
    0x4A,0xA1,0x69,0x4A,0xA1,0x89,0x4A,0xA2,0x89,0x4A,0xA4,0x69,0x4A,0xA5,0x49,0x4A,
    0x9E,0x28,0x42,0x98,0x48,0x42,0x9A,0x49,0x42,0x99,0x28,0x42,0x95,0x28,0x42,0x94,
    0x28,0x42,0x93,0xE7,0x39,0x8E,0x28,0x3A,0x8F,0x28,0x42,0x90,0x65,0x29,0x73,0x82,
    0x10,0x2C,0x00,0x00,0x00,0x00,0x00,0x00,0x00,0x00,0x02,0x00,0x00,0x00,0x00,0x00,
    0x00,0x00,0x00,0x00,0x00,0x00,0x00,0x00,0x00,0x00,0x00,0x00,0x00,0x00,0x00,0x00,
    0x00,0x00,0x00,0x00,0x00,0x00,0x00,0x00,0x00,0x00,0x00,0x00,0x00,0x00,0x00,0x00,
    0x00,0x00,0x00,0x00,0x00,0x00,0x00,0x00,0x00,0x00,0x00,0x00,0x00,0x00,0x00,0x00,
    0x00,0x00,0x00,0x00,0x00,0x00,0x00,0x00,0x00,0x00,0x00,0x00,0x00,0x00,0x00,0x01,
    0x00,0x00,0x00,0x00,0x00,0x00,0x00,0x00,0x00,0x00,0x00,0x00,0x00,0x00,0x00,0x00,
    0x00,0x00,0x00,0x00,0x00,0x00,0x00,0x00,0x00,0x00,0x00,0x00,0x00,0x00,0x00,0x00,
    0x00,0x00,0x00,0x00,0x00,0x00,0x00,0x00,0x00,0x00,0x00,0x00,0x00,0x00,0x00,0x00,
    0x00,0x00,0x00,0x00,0x00,0x00,0x00,0x00,0x00,0x00,0x00,0x00,0x00,0x00,0x00,0x00,
    0x00,0x00,0x00,0x00,0x00,0x00,0x00,0x00,0x00,0x00,0x00,0x00,0x00,0x00,0x00,0x00,
    0x00,0x00,0x00,0x00,0x00,0x00,0x00,0x00,0x00,0x00,0x00,0x00,0x00,0x00,0x00,0x00,
    0x00,0x00,0x00,0x00,0x00,0x00,0x00,0x00,0x00,0x00,0x00,0x00,0x00,0x00,0x00,0x00,
    0x00,0x00,0x00,0x00,0x00,0x00,0x00,0x00,0x00,0x00,0x00,0x00,0x00,0x00,0x00,0x00,
    0x00,0x00,0x00,0x00,0x00,0x00,0x00,0x00,0x00,0x00,0x00,0x00,0x00,0x00,0x00,0x00,
    0x00,0x00,0x00,0x00,0x00,0x00,0x00,0x00,0x00,0x00,0x00,0x00,0x00,0x00,0x00,0x00,
    0x00,0x00,0x00,0x00,0x00,0x00,0x00,0x00,0x00,0x00,0x00,0x00,0x00,0x00,0x00,0x00,
    0x00,0x00,0x00,0x00,0x00,0x00,0x00,0x00,0x00,0x00,0x00,0x00,0x00,0x00,0x00,0x00,
    0x00,0x00,0x00,0x00,0x00,0x00,0x00,0x00,0x00,0x00,0x00,0x00,0x00,0x00,0x00,0x00,
    0x00,0x00,0x00,0x00,0x00,0x00,0x00,0x00,0x00,0x00,0x00,0x00,0x00,0x00,0x00,0x00,
    0x00,0x00,0x00,0x00,0x00,0x00,0x00,0x00,0x00,0x00,0x00,0x00,0x00,0x00,0x00,0x00,
    0x00,0x00,0x00,0x00,0x00,0x00,0x00,0x00,0x00,0x00,0x00,0x00,0x00,0x00,0x00,0x00,
    0x00,0x00,0x00,0x00,0x00,0x00,0x00,0x00,0x00,0x00,0x00,0x00,0x00,0x00,0x00,0x00,
    0x00,0x00,0x00,0x00,0x00,0x00,0x00,0x00,0x00,0x00,0x00,0x00,0x00,0x00,0x00,0x00,
    0x00,0x00,0x00,0x00,0x00,0x00,0x00,0x00,0x00,0x00,0x00,0x00,0x00,0x00,0x00,0x00,
    0x00,0x00,0x00,0x00,0x00,0x00,0x00,0x00,0x00,0x00,0x00,0x00,0x00,0x00,0x00,0x00,
    0x00,0x00,0x00,0x00,0x00,0x00,0x00,0x00,0x00,0x00,0x00,0x00,0x00,0x00,0x00,0x00,
    0x00,0x00,0x00,0x00,0x00,0x00,0x00,0x00,0x00,0x00,0x00,0x00,0x00,0x00,0x00,0x00,
    0x00,0x00,0x00,0x00,0x00,0x00,0x00,0x00,0x00,0x00,0x00,0x00,0x00,0x00,0x00,0x00,
    0x00,0x00,0x00,0x00,0x00,0x00,0x00,0x00,0x00,0x00,0x00,0x00,0x00,0x00,0x00,0x00,
    0x00,0x00,0x00,0x00,0x00,0x00,0x00,0x00,0x00,0x00,0x00,0x00,0x00,0x00,0x00,0x00,
    0x00,0x00,0x00,0x00,0x00,0x00,0x00,0x00,0x00,0x00,0x00,0x00,0x00,0x00,0x00,0x00,
    0x00,0x00,0x00,0x00,0x00,0x00,0x00,0x00,0x00,0x00,0x00,0x00,0x00,0x00,0x00,0x00,
    0x00,0x00,0x00,0x00,0x00,0x00,0x00,0x00,0x00,0x00,0x00,0x00,0x00,0x00,0x00,0x00,
    0x00,0x00,0x00,0x00,0x00,0x00,0x00,0x00,0x00,0x00,0x00,0x00,0x00,0x00,0x00,0x00,
    0x00,0x00,0x00,0x00,0x00,0x00,0x00,0x00,0x00,0x00,0x00,0x00,0x00,0x00,0x00,0x00,
    0x00,0x00,0x00,0x00,0x00,0x00,0x00,0x00,0x00,0x00,0x00,0x00,0x00,0x00,0x00,0x00,
    0x00,0x00,0x00,0x00,0x00,0x00,0x00,0x00,0x00,0x00,0x00,0x00,0x00,0x00,0x00,0x00,
    0x00,0x00,0x00,0x00,0x00,0x00,0x00,0x00,0x00,0x00,0x00,0x00,0x00,0x00,0x00,0x00,
    0x00,0x00,0x00,0x00,0x00,0x00,0x00,0x00,0x00,0x00,0x00,0x00,0x00,0x00,0x01,0x00,
    0x00,0x01,0x00,0x00,0x00,0x00,0x00,0x00,0x00,0x00,0x00,0x00,0x00,0x00,0x00,0x00,
    0x00,0x00,0x00,0x00,0x00,0x00,0x00,0x00,0x00,0x00,0x00,0x00,0x00,0x00,0x00,0x00,
    0x00,0x00,0x00,0x00,0x00,0x00,0x00,0x00,0x00,0x00,0x00,0x00,0x00,0x00,0x00,0x00,
    0x00,0x00,0x00,0x00,0x00,0x00,0x00,0x00,0x00,0x00,0x00,0x00,0x00,0x00,0x00,0x00,
    0x00,0x00,0x00,0x00,0x00,0x00,0x00,0x00,0x00,0x00,0x00,0x00,0x00,0x00,0x00,0x01,
    0xEF,0x7B,0x02,0xEF,0x7B,0x02,0xEF,0x7B,0x02,0xEF,0x7B,0x02,0xEF,0x7B,0x02,0xEF,
    0x7B,0x02,0xEF,0x7B,0x02,0xEF,0x7B,0x02,0xEF,0x7B,0x02,0xEF,0x7B,0x02,0xEF,0x7B,
    0x02,0xEF,0x7B,0x02,0xEF,0x7B,0x02,0xEF,0x7B,0x02,0xEF,0x7B,0x02,0xEF,0x7B,0x02,
    0xEF,0x7B,0x02,0xEF,0x7B,0x02,0xEF,0x7B,0x02,0xEF,0x7B,0x02,0xEF,0x7B,0x02,0xEF,
    0x7B,0x02,0xEF,0x7B,0x02,0xFF,0xFF,0x02,0xFF,0xFF,0x02,0xFF,0xFF,0x02,0xFF,0xFF,
    0x02,0xFF,0xFF,0x02,0xFF,0xFF,0x02,0xFF,0xFF,0x02,0xFF,0xFF,0x02,0xFF,0xFF,0x02,
    0xFF,0xFF,0x02,0xFF,0xFF,0x02,0xFF,0xFF,0x02,0xFF,0xFF,0x02,0xFF,0xFF,0x02,0xFF,
    0xFF,0x02,0xFF,0xFF,0x02,0xFF,0xFF,0x02,0xFF,0xFF,0x02,0xFF,0xFF,0x02,0xFF,0xFF,
    0x02,0xFF,0xFF,0x02,0xFF,0xFF,0x02,0xFF,0xFF,0x02,0xFF,0xFF,0x02,0xFF,0xFF,0x02,
    0xFF,0xFF,0x02,0xFF,0xFF,0x02,0xFF,0xFF,0x02,0x54,0xA5,0x03,0xFF,0xFF,0x02,0xFF,
    0xFF,0x02,0xFF,0xFF,0x02,0xFF,0xFF,0x02,0xFF,0xFF,0x02,0xFF,0xFF,0x03,0xFF,0xFF,
    0x03,0xFF,0xFF,0x03,0xFF,0xFF,0x02,0xFF,0xFF,0x03,0xFF,0xFF,0x02,0xFF,0xFF,0x02,
    0xFF,0xFF,0x02,0xFF,0xFF,0x02,0xFF,0xFF,0x03,0xFF,0xFF,0x03,0xFF,0xFF,0x03,0xFF,
    0xFF,0x03,0xFF,0xFF,0x03,0xFF,0xFF,0x03,0xFF,0xFF,0x03,0xFF,0xFF,0x03,0xFF,0xFF,
    0x03,0xFF,0xFF,0x03,0xFF,0xFF,0x03,0xFF,0xFF,0x03,0xFF,0xFF,0x03,0xFF,0xFF,0x03,
    0xFF,0xFF,0x03,0xFF,0xFF,0x03,0xFF,0xFF,0x03,0xFF,0xFF,0x03,0xFF,0xFF,0x03,0xFF,
    0xFF,0x02,0xFF,0xFF,0x03,0xFF,0xFF,0x03,0xFF,0xFF,0x03,0xFF,0xFF,0x03,0xFF,0xFF,
    0x03,0xFF,0xFF,0x03,0xFF,0xFF,0x03,0xFF,0xFF,0x03,0xFF,0xFF,0x03,0xFF,0xFF,0x03,
    0xFF,0xFF,0x03,0xFF,0xFF,0x03,0xFF,0xFF,0x03,0xFF,0xFF,0x03,0xFF,0xFF,0x03,0xFF,
    0xFF,0x03,0xFF,0xFF,0x03,0xFF,0xFF,0x03,0xFF,0xFF,0x03,0xFF,0xFF,0x03,0xFF,0xFF,
    0x03,0xFF,0xFF,0x03,0xFF,0xFF,0x03,0xFF,0xFF,0x03,0xFF,0xFF,0x02,0xFF,0xFF,0x02,
    0xFF,0xFF,0x03,0xFF,0xFF,0x02,0xFF,0xFF,0x03,0xFF,0xFF,0x02,0xFF,0xFF,0x02,0xFF,
    0xFF,0x02,0xFF,0xFF,0x03,0xFF,0xFF,0x02,0xFF,0xFF,0x02,0xFF,0xFF,0x02,0xFF,0xFF,
    0x02,0xFF,0xFF,0x02,0xFF,0xFF,0x02,0xFF,0xFF,0x02,0xFF,0xFF,0x02,0xFF,0xFF,0x02,
    0xFF,0xFF,0x02,0xFF,0xFF,0x02,0xFF,0xFF,0x02,0xFF,0xFF,0x02,0xFF,0xFF,0x02,0xFF,
    0xFF,0x02,0xFF,0xFF,0x02,0xFF,0xFF,0x02,0xFF,0xFF,0x02,0xFF,0xFF,0x02,0xFF,0xFF,
    0x01,0xFF,0xFF,0x02,0xFF,0xFF,0x01,0xFF,0xFF,0x02,0xFF,0xFF,0x01,0xFF,0xFF,0x01,
    0xFF,0xFF,0x02,0xFF,0xFF,0x02,0xFF,0xFF,0x02,0xFF,0xFF,0x01,0xEF,0x7B,0x02,0xFF,
    0xFF,0x01,0xFF,0xFF,0x01,0xFF,0xFF,0x01,0xFF,0xFF,0x01,0xFF,0xFF,0x01,0xFF,0xFF,
    0x01,0xFF,0xFF,0x01,0xFF,0xFF,0x01,0xFF,0xFF,0x01,0xFF,0xFF,0x01,0xFF,0xFF,0x01,
    0xFF,0xFF,0x01,0xFF,0xFF,0x01,0xFF,0xFF,0x01,0xFF,0xFF,0x01,0xFF,0xFF,0x01,0xFF,
    0xFF,0x01,0xFF,0xFF,0x01,0xFF,0xFF,0x01,0xFF,0xFF,0x01,0xFF,0xFF,0x01,0xFF,0xFF,
    0x01,0xFF,0xFF,0x01,0xFF,0xFF,0x01,0xFF,0xFF,0x01,0xFF,0xFF,0x01,0xFF,0xFF,0x01,
    0xEF,0x7B,0x02,0x00,0x00,0x01,0x00,0x00,0x00,0x00,0x00,0x00,0x00,0x00,0x00,0x00,
    0x00,0x00,0x00,0x00,0x00,0x00,0x00,0x00,0x00,0x00,0x00,0x00,0x00,0x00,0x00,0x00,
    0x00,0x00,0x00,0x00,0x00,0x00,0x00,0x00,0x00,0x00,0x00,0x00,0x00,0x00,0x00,0x00,
    0x00,0x00,0x00,0x00,0x00,0x00,0x00,0x00,0x00,0x00,0x00,0x00,0x00,0x00,0x00,0x00,
    0x00,0x00,0x00,0x00,0x00,0x00,0x00,0x00,0x00,0x00,0x00,0x00,0x00,0x00,0x00,0x00,
    0x00,0x00,0x00,0x00,0x00,0x00,0x00,0x00,0x00,0x00,0x00,0x00,0x00,0x00,0x00,0x00,
    0x00,0x00,0x00,0x00,0x00,0x00,0x00,0x00,0x00,0x00,0x00,0x00,0x00,0x00,0x00,0x00,
    0x00,0x00,0x00,0x00,0x00,0x00,0x00,0x00,0x00,0x00,0x00,0x00,0x00,0x00,0x00,0x00,
    0x00,0x00,0x00,0x00,0x00,0x00,0x00,0x00,0x00,0x00,0x00,0x00,0x00,0x00,0x00,0x00,
    0x00,0x00,0x00,0x00,0x00,0x00,0x00,0x00,0x00,0x00,0x00,0x00,0x00,0x00,0x00,0x00,
    0x00,0x00,0x00,0x00,0x00,0x00,0x00,0x00,0x00,0x00,0x00,0x00,0x00,0x00,0x00,0x00,
    0x00,0x00,0x00,0x00,0x00,0x00,0x00,0x00,0x00,0x00,0x00,0x00,0x00,0x00,0x00,0x00,
    0x00,0x00,0x00,0x00,0x00,0x00,0x00,0x00,0x00,0x00,0x00,0x00,0x00,0x00,0x00,0x00,
    0x00,0x00,0x00,0x00,0x00,0x00,0x00,0x00,0x00,0x00,0x00,0x00,0x00,0x00,0x00,0x00,
    0x00,0x00,0x00,0x00,0x00,0x00,0x00,0x00,0x00,0x00,0x00,0x00,0x00,0x00,0x00,0x00,
    0x00,0x00,0x00,0x00,0x00,0x00,0x00,0x00,0x00,0x00,0x00,0x00,0x00,0x00,0x00,0x00,
    0x00,0x00,0x00,0x00,0x00,0x00,0x00,0x00,0x00,0x00,0x00,0x00,0x00,0x00,0x00,0x00,
    0x00,0x00,0x00,0x00,0x00,0x00,0x00,0x00,0x00,0x00,0x00,0x00,0x00,0x00,0x00,0x00,
    0x00,0x00,0x00,0x00,0x00,0x00,0x00,0x00,0x00,0x00,0x00,0x00,0x00,0x00,0x00,0x00,
    0x00,0x00,0x00,0x00,0x00,0x00,0x00,0x00,0x00,0x00,0x00,0x00,0x00,0x00,0x00,0x00,
    0x00,0x00,0x00,0x00,0x00,0x00,0x00,0x00,0x00,0x00,0x00,0x00,0x00,0x00,0x00,0x00,
    0x00,0x00,0x00,0x00,0x00,0x00,0x00,0x00,0x00,0x00,0x00,0x00,0x00,0x00,0x00,0x00,
    0x00,0x00,0x00,0x00,0x00,0x00,0x00,0x00,0x00,0x00,0x00,0x00,0x00,0x00,0x00,0x00,
    0x00,0x00,0x00,0x00,0x00,0x00,0x00,0x00,0x00,0x00,0x00,0x00,0x00,0x00,0x00,0x00,
    0x00,0x00,0x00,0x00,0x00,0x00,0x00,0x00,0x00,0x00,0x00,0x00,0x00,0x00,0x00,0x00,
    0x00,0x00,0x00,0x00,0x00,0x00,0x00,0x00,0x00,0x00,0x00,0x00,0x00,0x00,0x00,0x00,
    0x00,0x00,0x00,0x00,0x00,0x00,0x00,0x00,0x00,0x00,0x00,0x00,0x00,0x00,0x00,0x00,
    0x00,0x00,0x00,0x00,0x00,0x00,0x00,0x00,0x00,0x00,0x00,0x00,0x00,0x00,0x00,0x00,
    0x00,0x00,0x00,0x00,0x00,0x00,0x00,0x00,0x00,0x00,0x00,0x00,0x00,0x00,0x00,0x00,
    0x00,0x00,0x00,0x00,0x00,0x00,0x00,0x00,0x00,0x00,0x00,0x00,0x00,0x00,0x00,0x00,
    0x00,0x00,0x00,0x00,0x00,0x00,0x00,0x00,0x00,0x00,0x00,0x00,0x00,0x00,0x00,0x00,
    0x00,0x00,0x00,0x00,0x00,0x00,0x00,0x00,0x00,0x00,0x01,0x00,0x00,0x00,0x00,0x00,
    0x01,0x00,0x00,0x01,0x00,0x00,0x01,0x00,0x00,0x01,0x00,0x00,0x00,0x00,0x00,0x00,
    0x00,0x00,0x00,0x00,0x00,0x00,0x00,0x00,0x00,0x00,0x00,0x00,0x00,0x00,0x01,0x00,
    0x00,0x00,0x00,0x00,0x01,0x00,0x00,0x01,0x00,0x00,0x00,0x00,0x00,0x00,0x00,0x00,
    0x00,0x00,0x00,0x00,0x00,0x00,0x00,0x00,0x00,0x01,0x00,0x00,0x00,0x00,0x00,0x01,
    0x00,0x00,0x01,0x00,0x00,0x01,0x00,0x00,0x01,0x00,0x00,0x01,0x00,0x00,0x01,0x00,
    0x00,0x00,0x00,0x00,0x00,0x00,0x00,0x00,0x00,0x00,0x00,0x00,0x00,0x00,0x00,0x00,
    0x00,0x00,0x00,0x00,0x00,0x00,0x00,0x00,0x00,0x00,0x00,0x00,0x00,0x00,0x00,0x00,
    0x00,0x00,0x00,0x00,0x00,0x00,0x00,0x00,0x00,0x00,0x00,0x00,0x00,0x00,0x00,0x00,
    0x00,0x00,0x00,0x00,0x00,0x00,0x00,0x00,0x00,0x00,0x00,0x00,0x00,0x00,0x00,0x00,
    0x00,0x00,0x00,0x00,0x00,0x00,0x00,0x00,0x00,0x00,0x00,0x00,0x00,0x00,0x00,0x00,
    0x00,0x00,0x00,0x00,0x00,0x00,0x00,0x00,0x00,0x00,0x00,0x00,0x00,0x00,0x00,0x00,
    0x00,0x00,0x00,0x00,0x00,0x00,0x00,0x00,0x00,0x00,0x00,0x00,0x00,0x00,0x00,0x00,
    0x00,0x00,0x00,0x00,0x00,0x00,0x00,0x00,0x00,0x00,0x00,0x00,0x00,0x00,0x00,0x00,
    0x00,0x00,0x00,0x00,0x00,0x00,0x00,0x00,0x00,0x00,0x00,0x00,0x00,0x00,0x00,0x00,
    0x00,0x00,0x00,0x00,0x00,0x00,0x00,0x00,0x00,0x00,0x00,0x00,0x00,0x00,0x00,0x00,
    0x00,0x00,0x00,0x00,0x00,0x00,0x00,0x00,0x00,0x00,0x00,0x00,0x00,0x00,0x00,0x00,
    0x00,0x00,0x00,0x00,0x00,0x00,0x00,0x00,0x00,0x00,0x00,0x00,0x00,0x00,0x00,0x00,
    0x00,0x00,0x00,0x00,0x00,0x00,0x00,0x00,0x00,0x00,0x00,0x00,0x00,0x00,0x00,0x00,
    0x00,0x00,0x00,0x00,0x00,0x00,0x00,0x00,0x00,0x00,0x00,0x00,0x00,0x00,0x00,0x00,
    0x00,0x00,0x00,0x00,0x00,0x00,0x00,0x00,0x00,0x00,0x00,0x00,0x00,0x00,0x00,0x00,
    0x00,0x00,0x00,0x00,0x00,0x00,0x00,0x00,0x00,0x00,0x00,0x00,0x00,0x00,0x00,0x00,
    0x00,0x00,0x00,0x00,0x00,0x00,0x00,0x00,0x00,0x00,0x00,0x00,0x00,0x00,0x00,0x00,
    0x00,0x00,0x00,0x00,0x00,0x00,0x00,0x00,0x00,0x00,0x00,0x00,0x00,0x00,0x00,0x00,
    0x00,0x00,0x00,0x00,0x00,0x00,0x00,0x00,0x00,0x00,0x00,0x00,0x00,0x00,0x00,0x00,
    0x00,0x00,0x00,0x00,0x00,0x00,0x00,0x00,0x00,0x00,0x00,0x00,0x00,0x00,0x00,0x00,
    0x00,0x00,0x00,0x00,0x00,0x00,0x00,0x00,0x00,0x00,0x00,0x00,0x00,0x00,0x00,0x00,
    0x00,0x00,0x00,0x00,0x00,0x00,0x00,0x00,0x00,0x00,0x00,0x00,0x00,0x00,0x00,0x00,
    0x00,0x00,0x00,0x00,0x00,0x00,0x00,0x00,0x00,0x00,0x00,0x00,0x00,0x00,0x00,0x00,
    0x00,0x00,0x00,0x00,0x00,0x00,0x00,0x00,0x00,0x00,0x00,0x00,0x00,0x00,0x00,0x00,
    0x00,0x00,0x00,0x00,0x00,0x00,0x00,0x00,0x00,0x00,0x00,0x00,0x00,0x00,0x00,0x00,
    0x00,0x00,0x00,0x00,0x00,0x00,0x00,0x00,0x00,0x00,0x00,0x00,0x00,0x00,0x00,0x00,
    0x00,0x00,0x00,0x00,0x00,0x00,0x00,0x00,0x00,0x00,0x00,0x00,0x00,0x00,0x00,0x00,
    0x00,0x00,0x00,0x00,0x00,0x00,0x00,0x00,0x00,0x00,0x00,0x00,0x00,0x00,0x00,0x00,
    0x00,0x00,0x00,0x00,0x00,0x00,0x00,0x00,0x00,0x00,0x00,0x00,0x00,0x00,0x00,0x00,
    0x00,0x00,0x00,0x00,0x00,0x00,0x00,0x00,0x00,0x00,0x00,0x00,0x00,0x00,0x00,0x00,
    0x00,0x00,0x00,0x00,0x00,0x00,0x00,0x00,0x00,0x00,0x00,0x00,0x00,0x00,0x00,0x00,
    0x00,0x00,0x00,0x00,0x00,0x00,0x00,0x00,0x00,0x00,0x00,0x00,0x00,0x00,0x00,0x00,
    0x00,0x00,0x00,0x00,0x00,0x00,0x00,0x00,0x00,0x00,0x00,0x00,0x00,0x00,0x00,0x00,
    0x00,0x00,0x00,0x00,0x00,0x00,0x00,0x00,0x00,0x00,0x00,0x00,0x00,0x00,0x00,0x00,
    0x00,0x00,0x00,0x00,0x00,0x00,0x00,0x00,0x00,0x00,0x00,0x00,0x00,0x00,0x00,0x00,
    0x00,0x00,0x00,0x00,0x00,0x00,0x00,0x00,0x00,0x00,0x00,0x00,0x00,0x00,0x00,0x00,
    0x00,0x00,0x00,0x00,0x00,0x00,0x00,0x00,0x00,0x00,0x00,0x00,0x00,0x00,0x00,0x00,
    0x00,0x00,0x00,0x00,0x00,0x00,0x00,0x00,0x00,0x00,0x00,0x00,0x00,0x00,0x00,0x00,
    0x00,0x00,0x00,0x00,0x00,0x00,0x00,0x00,0x00,0x00,0x00,0x00,0x00,0x00,0x00,0x00,
    0x00,0x00,0x00,0x00,0x00,0x00,0x00,0x00,0x00,0x00,0x00,0x00,0x00,0x00,0x00,0x00,
    0x00,0x00,0x00,0x00,0x00,0x00,0x00,0x00,0x00,0x00,0x00,0x00,0x00,0x00,0x00,0x00,
    0x00,0x00,0x00,0x00,0x00,0x00,0x00,0x00,0x00,0x00,0x00,0x00,0x00,0x00,0x00,0x00,
    0x00,0x00,0x00,0x00,0x00,0x00,0x00,0x00,0x00,0x00,0x00,0x00,0x00,0x00,0x00,0x00,
    0x00,0x00,0x00,0x00,0x00,0x00,0x00,0x00,0x00,0x00,0x00,0x00,0x00,0x00,0x00,0x00,
    0x00,0x00,0x00,0x00,0x00,0x00,0x00,0x00,0x00,0x00,0x00,0x00,0x00,0x00,0x00,0x00,
    0x00,0x00,0x00,0x00,0x00,0x00,0x00,0x00,0x00,0x00,0x00,0x00,0x00,0x00,0x00,0x00,
    0x00,0x00,0x00,0x00,0x00,0x00,0x00,0x00,0x00,0x00,0x00,0x00,0x00,0x00,0x00,0x00,
    0x00,0x00,0x00,0x00,0x00,0x00,0x00,0x00,0x00,0x00,0x00,0x00,0x00,0x00,0x00,0x00,
    0x00,0x00,0x00,0x00,0x00,0x00,0x00,0x00,0x00,0x00,0x00,0x00,0x00,0x00,0x00,0x00,
    0x00,0x00,0x00,0x00,0x00,0x00,0x00,0x00,0x00,0x00,0x00,0x00,0x00,0x00,0x00,0x00,
    0x00,0x00,0x00,0x00,0x00,0x00,0x00,0x00,0x00,0x00,0x00,0x00,0x00,0x00,0x00,0x00,
    0x00,0x00,0x00,0x00,0x00,0x00,0x00,0x00,0x00,0x00,0x00,0x00,0x00,0x00,0x00,0x00,
    0x00,0x00,0x00,0x00,0x00,0x00,0x00,0x00,0x00,0x00,0x00,0x00,0x00,0x00,0x00,0x00,
    0x00,0x00,0x00,0x00,0x00,0x00,0x00,0x00,0x00,0x00,0x00,0x00,0x00,0x00,0x00,0x00,
    0x00,0x00,0x00,0x00,0x00,0x00,0x00,0x00,0x00,0x00,0x00,0x00,0x00,0x00,0x00,0x00,
    0x00,0x00,0x00,0x00,0x00,0x00,0x00,0x00,0x00,0x00,0x00,0x00,0x00,0x00,0x00,0x00,
    0x00,0x00,0x00,0x00,0x00,0x00,0x00,0x00,0x00,0x00,0x00,0x00,0x00,0x00,0x00,0x00,
    0x00,0x00,0x00,0x00,0x00,0x00,0x00,0x00,0x00,0x00,0x00,0x00,0x00,0x00,0x00,0x00,
    0x00,0x00,0x00,0x00,0x00,0x00,0x00,0x00,0x00,0x00,0x00,0x00,0x00,0x00,0x00,0x00,
    0x00,0x00,0x00,0x00,0x00,0x00,0x00,0x00,0x00,0x00,0x00,0x00,0x00,0x00,0x00,0x00,
    0x00,0x00,0x00,0x00,0x00,0x00,0x00,0x00,0x00,0x00,0x00,0x00,0x00,0x00,0x00,0x00,
    0x00,0x00,0x00,0x00,0x00,0x00,0x00,0x00,0x00,0x00,0x00,0x00,0x00,0x00,0x00,0x00,
    0x00,0x00,0x00,0x00,0x00,0x00,0x00,0x00,0x00,0x00,0x00,0x00,0x00,0x00,0x00,0x00,
    0x00,0x00,0x00,0x00,0x00,0x00,0x00,0x00,0x00,0x00,0x00,0x00,0x00,0x00,0x00,0x00,
    0x00,0x00,0x00,0x00,0x00,0x00,0x00,0x00,0x00,0x00,0x00,0x00,0x00,0x00,0x00,0x00,
    0x00,0x00,0x00,0x00,0x00,0x00,0x00,0x00,0x00,0x00,0x00,0x00,0x00,0x00,0x00,0x00,
    0x00,0x00,0x00,0x00,0x00,0x00,0x00,0x00,0x00,0x00,0x00,0x00,0x00,0x00,0x00,0x00,
    0x00,0x00,0x00,0x00,0x00,0x00,0x00,0x00,0x00,0x00,0x00,0x00,0x00,0x00,0x00,0x00,
    0x00,0x00,0x00,0x00,0x00,0x00,0x00,0x00,0x00,0x00,0x00,0x00,0x00,0x00,0x00,0x00,
    0x00,0x00,0x00,0x00,0x00,0x00,0x00,0x00,0x00,0x00,0x00,0x00,0x00,0x00,0x00,0x00,
    0x00,0x00,0x00,0x00,0x00,0x00,0x00,0x00,0x00,0x00,0x00,0x00,0x00,0x00,0x00,0x00,
    0x00,0x00,0x00,0x00,0x00,0x00,0x00,0x00,0x00,0x00,0x00,0x00,0x00,0x00,0x00,0x00,
    0x00,0x00,0x00,0x00,0x00,0x00,0x00,0x00,0x00,0x00,0x00,0x00,0x00,0x00,0x00,0x00,
    0x00,0x00,0x00,0x00,0x00,0x00,0x00,0x00,0x00,0x00,0x00,0x00,0x00,0x00,0x00,0x00,
    0x00,0x00,0x00,0x00,0x00,0x00,0x00,0x00,0x00,0x00,0x00,0x00,0x00,0x00,0x00,0x00,
    0x00,0x00,0x00,0x00,0x00,0x00,0x00,0x00,0x00,0x00,0x00,0x00,0x00,0x00,0x00,0x00,
    0x00,0x00,0x00,0x00,0x00,0x00,0x00,0x00,0x00,0x00,0x00,0x00,0x00,0x00,0x00,0x00,
    0x00,0x00,0x00,0x00,0x00,0x00,0x00,0x00,0x00,0x00,0x00,0x00,0x00,0x00,0x00,0x00,
    0x00,0x00,0x00,0x00,0x00,0x00,0x00,0x00,0x00,0x00,0x00,0x00,0x00,0x00,0x00,0x00,
    0x00,0x00,0x00,0x00,0x00,0x00,0x00,0x00,0x00,0x00,0x00,0x00,0x00,0x00,0x00,0x00,
    0x00,0x00,0x00,0x00,0x00,0x00,0x00,0x00,0x00,0x00,0x00,0x00,0x00,0x00,0x00,0x00,
    0x00,0x00,0x00,0x00,0x00,0x00,0x00,0x00
};

const lv_img_dsc_t ui_img_trailmaster = {
    .header.always_zero = 0,
    .header.w = 206,
    .header.h = 92,
    .data_size = sizeof(ui_img_trailmaster_data),
    .header.cf = LV_IMG_CF_TRUE_COLOR_ALPHA,
    .data = ui_img_trailmaster_data
};
