// This file is custom converted for LVGL v8
#include "ui.h"

#ifndef LV_ATTRIBUTE_MEM_ALIGN
#define LV_ATTRIBUTE_MEM_ALIGN
#endif

// IMAGE DATA: Godzilla (180x180 px)
const LV_ATTRIBUTE_MEM_ALIGN uint8_t ui_img_godzilla_data[] = {
    0xF8,0x4D,0xFF,0xF8,0x4D,0xFF,0xF8,0x4D,0xFF,0xF8,0x4D,0xFF,0xF8,0x4D,0xFF,0xF8,
    0x4D,0xFF,0xF8,0x4D,0xFF,0xF8,0x4D,0xFF,0xF8,0x4D,0xFF,0xF8,0x4D,0xFF,0xF8,0x4D,
    0xFF,0xF8,0x4D,0xFF,0xF8,0x4D,0xFF,0xF8,0x4D,0xFF,0xF8,0x4D,0xFF,0xF8,0x4D,0xFF,
    0xF8,0x4D,0xFF,0xF8,0x4D,0xFF,0xF8,0x4D,0xFF,0xF8,0x4D,0xFF,0xF8,0x4D,0xFF,0xF8,
    0x4D,0xFF,0xF8,0x4D,0xFF,0xF8,0x4D,0xFF,0xF8,0x4D,0xFF,0xF8,0x4D,0xFF,0xF8,0x4D,
    0xFF,0xF8,0x4D,0xFF,0xF8,0x4D,0xFF,0xF8,0x4D,0xFF,0xF8,0x4D,0xFF,0xF8,0x4D,0xFF,
    0xF8,0x4D,0xFF,0xF8,0x4D,0xFF,0xF8,0x4D,0xFF,0xF8,0x4D,0xFF,0xF8,0x4D,0xFF,0xF8,
    0x4D,0xFF,0xF8,0x4D,0xFF,0xF8,0x4D,0xFF,0xF8,0x4D,0xFF,0xF8,0x4D,0xFF,0xF8,0x4D,
    0xFF,0xF8,0x4D,0xFF,0xF8,0x4D,0xFF,0xF8,0x4D,0xFF,0xF8,0x4D,0xFF,0xF8,0x4D,0xFF,
    0xF8,0x4D,0xFF,0xF8,0x4D,0xFF,0xF8,0x4D,0xFF,0xF8,0x4D,0xFF,0xF8,0x4D,0xFF,0xF8,
    0x4D,0xFF,0xF8,0x4D,0xFF,0xF8,0x4D,0xFF,0xF8,0x4D,0xFF,0xF8,0x4D,0xFF,0xF8,0x4D,
    0xFF,0xF8,0x4D,0xFF,0xF8,0x4D,0xFF,0xF8,0x4D,0xFF,0xF8,0x4D,0xFF,0xF8,0x4D,0xFF,
    0xF8,0x4D,0xFF,0xF8,0x4D,0xFF,0xF8,0x4D,0xFF,0xD8,0x4D,0xFF,0xD8,0x4D,0xFF,0xD8,
    0x4D,0xFF,0xF8,0x4D,0xFF,0xF8,0x4D,0xFF,0xF8,0x4D,0xFF,0xF8,0x4D,0xFF,0xF8,0x4D,
    0xFF,0xF8,0x4D,0xFF,0xF8,0x4D,0xFF,0xF8,0x4D,0xFF,0xF8,0x4D,0xFF,0xF8,0x4D,0xFF,
    0xF8,0x4D,0xFF,0xF8,0x4D,0xFF,0xF8,0x4D,0xFF,0xF8,0x4D,0xFF,0xF8,0x4D,0xFF,0xF8,
    0x4D,0xFF,0xF8,0x4D,0xFF,0xF8,0x4D,0xFF,0xF8,0x4D,0xFF,0xF8,0x4D,0xFF,0xF8,0x4D,
    0xFF,0xF8,0x4D,0xFF,0xF8,0x4D,0xFF,0xF8,0x4D,0xFF,0xF8,0x4D,0xFF,0xF8,0x4D,0xFF,
    0xF8,0x4D,0xFF,0xF8,0x4D,0xFF,0xF8,0x4D,0xFF,0xF8,0x4D,0xFF,0xF8,0x4D,0xFF,0xF8,
    0x4D,0xFF,0xF8,0x4D,0xFF,0xF8,0x4D,0xFF,0xF8,0x4D,0xFF,0xF8,0x4D,0xFF,0xF8,0x4D,
    0xFF,0xF8,0x4D,0xFF,0xF8,0x4D,0xFF,0xF8,0x4D,0xFF,0xD8,0x4D,0xFF,0xD8,0x4D,0xFF,
    0xD8,0x4D,0xFF,0xF8,0x4D,0xFF,0xF8,0x4D,0xFF,0xF8,0x4D,0xFF,0xF8,0x4D,0xFF,0xF8,
    0x4D,0xFF,0xF8,0x4D,0xFF,0xF8,0x4D,0xFF,0xF8,0x4D,0xFF,0xF8,0x4D,0xFF,0xF8,0x4D,
    0xFF,0xF8,0x4D,0xFF,0xF8,0x4D,0xFF,0xF8,0x4D,0xFF,0xF8,0x4D,0xFF,0xF8,0x4D,0xFF,
    0xF8,0x4D,0xFF,0xF8,0x4D,0xFF,0xF8,0x4D,0xFF,0xF8,0x4D,0xFF,0xF8,0x4D,0xFF,0xF8,
    0x4D,0xFF,0xF8,0x4D,0xFF,0xF8,0x4D,0xFF,0xF8,0x4D,0xFF,0xF8,0x4D,0xFF,0xF8,0x4D,
    0xFF,0xF8,0x4D,0xFF,0xF8,0x4D,0xFF,0xF8,0x4D,0xFF,0xF8,0x4D,0xFF,0xF8,0x4D,0xFF,
    0xF8,0x4D,0xFF,0xF8,0x4D,0xFF,0xF8,0x4D,0xFF,0x19,0x4E,0xFF,0x15,0x4D,0xFF,0xC9,
    0x5A,0xFF,0x0B,0x9F,0xFF,0xAF,0xD7,0xFF,0x2B,0x9F,0xFF,0xEA,0x96,0xFF,0x26,0x7E,
    0xFF,0xC9,0x8E,0xFF,0x06,0x76,0xFF,0xC5,0x75,0xFF,0xE5,0x75,0xFF,0xE5,0x75,0xFF,
    0xE5,0x75,0xFF,0xE5,0x75,0xFF,0xE5,0x75,0xFF,0xE5,0x75,0xFF,0xE5,0x75,0xFF,0xE5,
    0x75,0xFF,0xE5,0x75,0xFF,0xE5,0x75,0xFF,0xE5,0x75,0xFF,0xE5,0x75,0xFF,0xC5,0x75,
    0xFF,0x05,0x76,0xFF,0x84,0x5C,0xFF,0x25,0x65,0xFF,0x84,0x5C,0xFF,0xE3,0x4B,0xFF,
    0x65,0x52,0xFF,0x73,0x4C,0xFF,0x39,0x4E,0xFF,0xD8,0x4D,0xFF,0xF8,0x4D,0xFF,0xF8,
    0x4D,0xFF,0xF8,0x4D,0xFF,0xF8,0x4D,0xFF,0xF8,0x4D,0xFF,0xF8,0x4D,0xFF,0xF8,0x4D,
    0xFF,0xF8,0x4D,0xFF,0xF8,0x4D,0xFF,0xF8,0x4D,0xFF,0xF8,0x4D,0xFF,0xF8,0x4D,0xFF,
    0xF8,0x4D,0xFF,0xF8,0x4D,0xFF,0xF8,0x4D,0xFF,0xF8,0x4D,0xFF,0xF8,0x4D,0xFF,0xF8,
    0x4D,0xFF,0xF8,0x4D,0xFF,0xF8,0x4D,0xFF,0xF8,0x4D,0xFF,0xF8,0x4D,0xFF,0xF8,0x4D,
    0xFF,0xF8,0x4D,0xFF,0xF8,0x4D,0xFF,0xF8,0x4D,0xFF,0xF8,0x4D,0xFF,0xF8,0x4D,0xFF,
    0xF8,0x4D,0xFF,0xF8,0x4D,0xFF,0xF8,0x4D,0xFF,0xF8,0x4D,0xFF,0xF8,0x4D,0xFF,0xF8,
    0x4D,0xFF,0xF8,0x4D,0xFF,0xF8,0x4D,0xFF,0xF8,0x4D,0xFF,0xF8,0x4D,0xFF,0xF8,0x4D,
    0xFF,0xF8,0x4D,0xFF,0xF8,0x4D,0xFF,0xF8,0x4D,0xFF,0xF8,0x4D,0xFF,0xF8,0x4D,0xFF,
    0xF8,0x4D,0xFF,0xF8,0x4D,0xFF,0xF8,0x4D,0xFF,0xF8,0x4D,0xFF,0xF8,0x4D,0xFF,0xF8,
    0x4D,0xFF,0xF8,0x4D,0xFF,0xF8,0x4D,0xFF,0xF8,0x4D,0xFF,0xF8,0x4D,0xFF,0xF8,0x4D,
    0xFF,0xF8,0x4D,0xFF,0xF8,0x4D,0xFF,0xF8,0x4D,0xFF,0xF8,0x4D,0xFF,0xF8,0x4D,0xFF,
    0xF8,0x4D,0xFF,0xF8,0x4D,0xFF,0xF8,0x4D,0xFF,0xF8,0x4D,0xFF,0xF8,0x4D,0xFF,0xD8,
    0x4D,0xFF,0x18,0x4E,0xFF,0x59,0x56,0xFF,0x5A,0x56,0xFF,0x39,0x56,0xFF,0x19,0x56,
    0xFF,0x18,0x4E,0xFF,0xF8,0x4D,0xFF,0xF8,0x4D,0xFF,0xF8,0x4D,0xFF,0xF8,0x4D,0xFF,
    0xF8,0x4D,0xFF,0xF8,0x4D,0xFF,0xF8,0x4D,0xFF,0xF8,0x4D,0xFF,0xF8,0x4D,0xFF,0xF8,
    0x4D,0xFF,0xF8,0x4D,0xFF,0xF8,0x4D,0xFF,0xF8,0x4D,0xFF,0xF8,0x4D,0xFF,0xF8,0x4D,
    0xFF,0xF8,0x4D,0xFF,0xF8,0x4D,0xFF,0xF8,0x4D,0xFF,0xF8,0x4D,0xFF,0xF8,0x4D,0xFF,
    0xF8,0x4D,0xFF,0xF8,0x4D,0xFF,0xF8,0x4D,0xFF,0xF8,0x4D,0xFF,0xF8,0x4D,0xFF,0xF8,
    0x4D,0xFF,0xF8,0x4D,0xFF,0xF8,0x4D,0xFF,0xF8,0x4D,0xFF,0xF8,0x4D,0xFF,0xF8,0x4D,
    0xFF,0xF8,0x4D,0xFF,0xF8,0x4D,0xFF,0xF8,0x4D,0xFF,0xF8,0x4D,0xFF,0xF8,0x4D,0xFF,
    0x18,0x4E,0xFF,0x19,0x56,0xFF,0x39,0x56,0xFF,0x5A,0x56,0xFF,0x59,0x56,0xFF,0x18,
    0x56,0xFF,0xD8,0x4D,0xFF,0xF8,0x4D,0xFF,0xF8,0x4D,0xFF,0xF8,0x4D,0xFF,0xF8,0x4D,
    0xFF,0xF8,0x4D,0xFF,0xF8,0x4D,0xFF,0xF8,0x4D,0xFF,0xF8,0x4D,0xFF,0xF8,0x4D,0xFF,
    0xF8,0x4D,0xFF,0xF8,0x4D,0xFF,0xF8,0x4D,0xFF,0xF8,0x4D,0xFF,0xF8,0x4D,0xFF,0xF8,
    0x4D,0xFF,0xF8,0x4D,0xFF,0xF8,0x4D,0xFF,0xF8,0x4D,0xFF,0xF8,0x4D,0xFF,0xF8,0x4D,
    0xFF,0xF8,0x4D,0xFF,0xF8,0x4D,0xFF,0xF8,0x4D,0xFF,0xF8,0x4D,0xFF,0xF8,0x4D,0xFF,
    0xF8,0x4D,0xFF,0xF8,0x4D,0xFF,0xF8,0x4D,0xFF,0xF8,0x4D,0xFF,0xF8,0x4D,0xFF,0xF8,
    0x4D,0xFF,0xF8,0x4D,0xFF,0x19,0x4E,0xFF,0x15,0x4D,0xFF,0xC9,0x5A,0xFF,0x0B,0x9F,
    0xFF,0xAF,0xD7,0xFF,0x2B,0x9F,0xFF,0xEA,0x96,0xFF,0x26,0x7E,0xFF,0xC9,0x8E,0xFF,
    0x06,0x76,0xFF,0xC5,0x75,0xFF,0xE5,0x75,0xFF,0xE5,0x75,0xFF,0xE5,0x75,0xFF,0xE5,
    0x75,0xFF,0xE5,0x75,0xFF,0xE5,0x75,0xFF,0xE5,0x75,0xFF,0xE5,0x75,0xFF,0xE5,0x75,
    0xFF,0xE5,0x75,0xFF,0xE5,0x75,0xFF,0xE5,0x75,0xFF,0xC5,0x75,0xFF,0x05,0x76,0xFF,
    0x84,0x5C,0xFF,0x25,0x65,0xFF,0x84,0x5C,0xFF,0xE3,0x4B,0xFF,0x65,0x52,0xFF,0x73,
    0x4C,0xFF,0x39,0x4E,0xFF,0xD8,0x4D,0xFF,0xF8,0x4D,0xFF,0xF8,0x4D,0xFF,0xF8,0x4D,
    0xFF,0xF8,0x4D,0xFF,0xF8,0x4D,0xFF,0xF8,0x4D,0xFF,0xF8,0x4D,0xFF,0xF8,0x4D,0xFF,
    0xF8,0x4D,0xFF,0xF8,0x4D,0xFF,0xF8,0x4D,0xFF,0xF8,0x4D,0xFF,0xF8,0x4D,0xFF,0xF8,
    0x4D,0xFF,0xF8,0x4D,0xFF,0xF8,0x4D,0xFF,0xF8,0x4D,0xFF,0xF8,0x4D,0xFF,0xF8,0x4D,
    0xFF,0xF8,0x4D,0xFF,0xF8,0x4D,0xFF,0xF8,0x4D,0xFF,0xF8,0x4D,0xFF,0xF8,0x4D,0xFF,
    0xF8,0x4D,0xFF,0xF8,0x4D,0xFF,0xD8,0x4D,0xFF,0xD8,0x4D,0xFF,0xF8,0x4D,0xFF,0xD8,
    0x4D,0xFF,0xD8,0x4D,0xFF,0xF8,0x4D,0xFF,0xF8,0x4D,0xFF,0xF8,0x4D,0xFF,0xF8,0x4D,
    0xFF,0xD8,0x4D,0xFF,0xD8,0x4D,0xFF,0xF8,0x4D,0xFF,0xF8,0x4D,0xFF,0xF8,0x4D,0xFF,
    0xD8,0x4D,0xFF,0xD8,0x4D,0xFF,0xF8,0x4D,0xFF,0xF8,0x4D,0xFF,0xF8,0x4D,0xFF,0xF8,
    0x4D,0xFF,0xF8,0x4D,0xFF,0xF8,0x4D,0xFF,0xF8,0x4D,0xFF,0xF8,0x4D,0xFF,0xF8,0x4D,
    0xFF,0xF8,0x4D,0xFF,0xF8,0x4D,0xFF,0xF8,0x4D,0xFF,0xF8,0x4D,0xFF,0xF8,0x4D,0xFF,
    0xF8,0x4D,0xFF,0xF8,0x4D,0xFF,0xF8,0x4D,0xFF,0xF8,0x4D,0xFF,0xF8,0x4D,0xFF,0xF8,
    0x4D,0xFF,0xF8,0x4D,0xFF,0xF8,0x4D,0xFF,0xF8,0x4D,0xFF,0x5A,0x56,0xFF,0x97,0x4D,
    0xFF,0x10,0x34,0xFF,0xCB,0x22,0xFF,0xC7,0x19,0xFF,0x45,0x11,0xFF,0x24,0x09,0xFF,
    0x24,0x09,0xFF,0x24,0x09,0xFF,0x24,0x09,0xFF,0x24,0x09,0xFF,0x24,0x09,0xFF,0x24,
    0x09,0xFF,0x24,0x09,0xFF,0x24,0x09,0xFF,0x24,0x09,0xFF,0x24,0x09,0xFF,0x24,0x09,
    0xFF,0x24,0x09,0xFF,0x24,0x09,0xFF,0x24,0x09,0xFF,0x24,0x09,0xFF,0x24,0x09,0xFF,
    0x24,0x09,0xFF,0x24,0x09,0xFF,0x24,0x09,0xFF,0x24,0x09,0xFF,0x24,0x09,0xFF,0x24,
    0x09,0xFF,0x24,0x09,0xFF,0x24,0x09,0xFF,0x24,0x09,0xFF,0x24,0x09,0xFF,0x24,0x09,
    0xFF,0x24,0x09,0xFF,0x24,0x09,0xFF,0x24,0x09,0xFF,0x24,0x09,0xFF,0x24,0x09,0xFF,
    0x24,0x09,0xFF,0x24,0x09,0xFF,0x24,0x09,0xFF,0x24,0x09,0xFF,0x24,0x09,0xFF,0x45,
    0x11,0xFF,0xA6,0x11,0xFF,0xAA,0x22,0xFF,0xF0,0x33,0xFF,0x56,0x45,0xFF,0x59,0x56,
    0xFF,0x18,0x4E,0xFF,0xF8,0x4D,0xFF,0xF8,0x4D,0xFF,0xF8,0x4D,0xFF,0xF8,0x4D,0xFF,
    0xF8,0x4D,0xFF,0xF8,0x4D,0xFF,0xF8,0x4D,0xFF,0xF8,0x4D,0xFF,0xF8,0x4D,0xFF,0xF8,
    0x4D,0xFF,0xF8,0x4D,0xFF,0xF8,0x4D,0xFF,0xF8,0x4D,0xFF,0xF8,0x4D,0xFF,0xF8,0x4D,
    0xFF,0xF8,0x4D,0xFF,0xF8,0x4D,0xFF,0xF8,0x4D,0xFF,0xF8,0x4D,0xFF,0xF8,0x4D,0xFF,
    0xF8,0x4D,0xFF,0xF8,0x4D,0xFF,0xF8,0x4D,0xFF,0xF8,0x4D,0xFF,0xF8,0x4D,0xFF,0xD8,
    0x4D,0xFF,0xF8,0x4D,0xFF,0xF8,0x4D,0xFF,0xF8,0x4D,0xFF,0xF8,0x4D,0xFF,0xD7,0x4D,
    0xFF,0x18,0x4E,0xFF,0x15,0x4D,0xFF,0xC9,0x5A,0xFF,0x0B,0x9F,0xFF,0xAF,0xD7,0xFF,
    0x2B,0x9F,0xFF,0xE9,0x96,0xFF,0x06,0x7E,0xFF,0xC9,0x8E,0xFF,0xE6,0x75,0xFF,0xC5,
    0x6D,0xFF,0xC5,0x75,0xFF,0xC5,0x75,0xFF,0xC5,0x75,0xFF,0xC5,0x75,0xFF,0xC5,0x75,
    0xFF,0xE5,0x75,0xFF,0xE5,0x75,0xFF,0xE5,0x75,0xFF,0xE5,0x75,0xFF,0xE5,0x75,0xFF,
    0xE5,0x75,0xFF,0xE5,0x75,0xFF,0xC5,0x75,0xFF,0x05,0x76,0xFF,0x84,0x5C,0xFF,0x25,
    0x65,0xFF,0x84,0x5C,0xFF,0xE3,0x4B,0xFF,0x65,0x52,0xFF,0x73,0x4C,0xFF,0x39,0x4E,
    0xFF,0xD8,0x4D,0xFF,0xF8,0x4D,0xFF,0xF8,0x4D,0xFF,0xF8,0x4D,0xFF,0xF8,0x4D,0xFF,
    0xF8,0x4D,0xFF,0xF8,0x4D,0xFF,0xF8,0x4D,0xFF,0xF8,0x4D,0xFF,0xF8,0x4D,0xFF,0xF8,
    0x4D,0xFF,0xF8,0x4D,0xFF,0xF8,0x4D,0xFF,0xF8,0x4D,0xFF,0xF8,0x4D,0xFF,0xF8,0x4D,
    0xFF,0xF8,0x4D,0xFF,0xF8,0x4D,0xFF,0xF8,0x4D,0xFF,0xF8,0x4D,0xFF,0xF8,0x4D,0xFF,
    0xF8,0x4D,0xFF,0xF8,0x4D,0xFF,0xF8,0x4D,0xFF,0xF8,0x4D,0xFF,0xF8,0x4D,0xFF,0x19,
    0x56,0xFF,0x59,0x56,0xFF,0x39,0x56,0xFF,0xF8,0x4D,0xFF,0x39,0x56,0xFF,0x5A,0x56,
    0xFF,0x18,0x4E,0xFF,0x18,0x4E,0xFF,0x39,0x56,0xFF,0xF8,0x4D,0xFF,0x59,0x56,0xFF,
    0x59,0x56,0xFF,0xF8,0x4D,0xFF,0xD8,0x4D,0xFF,0x18,0x4E,0xFF,0x59,0x56,0xFF,0x39,
    0x56,0xFF,0xF8,0x4D,0xFF,0xF8,0x4D,0xFF,0xF8,0x4D,0xFF,0xF8,0x4D,0xFF,0xF8,0x4D,
    0xFF,0xF8,0x4D,0xFF,0xF8,0x4D,0xFF,0xF8,0x4D,0xFF,0xF8,0x4D,0xFF,0xF8,0x4D,0xFF,
    0xF8,0x4D,0xFF,0xF8,0x4D,0xFF,0xF8,0x4D,0xFF,0xF8,0x4D,0xFF,0xF8,0x4D,0xFF,0xF8,
    0x4D,0xFF,0xF8,0x4D,0xFF,0xF8,0x4D,0xFF,0xF8,0x4D,0xFF,0xF8,0x4D,0xFF,0xF8,0x4D,
    0xFF,0xF8,0x4D,0xFF,0xF8,0x4D,0xFF,0x0C,0x2B,0xFF,0xA2,0x08,0xFF,0x00,0x00,0xFF,
    0x00,0x00,0xFF,0x00,0x00,0xFF,0x00,0x00,0xFF,0x00,0x00,0xFF,0x00,0x00,0xFF,0x00,
    0x00,0xFF,0x00,0x00,0xFF,0x00,0x00,0xFF,0x00,0x00,0xFF,0x00,0x00,0xFF,0x00,0x00,
    0xFF,0x00,0x00,0xFF,0x00,0x00,0xFF,0x00,0x00,0xFF,0x00,0x00,0xFF,0x00,0x00,0xFF,
    0x00,0x00,0xFF,0x00,0x00,0xFF,0x00,0x00,0xFF,0x00,0x00,0xFF,0x00,0x00,0xFF,0x00,
    0x00,0xFF,0x00,0x00,0xFF,0x00,0x00,0xFF,0x00,0x00,0xFF,0x00,0x00,0xFF,0x00,0x00,
    0xFF,0x00,0x00,0xFF,0x00,0x00,0xFF,0x00,0x00,0xFF,0x00,0x00,0xFF,0x00,0x00,0xFF,
    0x00,0x00,0xFF,0x00,0x00,0xFF,0x00,0x00,0xFF,0x00,0x00,0xFF,0x00,0x00,0xFF,0x00,
    0x00,0xFF,0x00,0x00,0xFF,0x00,0x00,0xFF,0x00,0x00,0xFF,0x00,0x00,0xFF,0x00,0x00,
    0xFF,0x00,0x00,0xFF,0x00,0x00,0xFF,0x61,0x00,0xFF,0x8A,0x22,0xFF,0x97,0x4D,0xFF,
    0x19,0x56,0xFF,0xF8,0x4D,0xFF,0xF8,0x4D,0xFF,0xF8,0x4D,0xFF,0xF8,0x4D,0xFF,0xF8,
    0x4D,0xFF,0xF8,0x4D,0xFF,0xF8,0x4D,0xFF,0xF8,0x4D,0xFF,0xF8,0x4D,0xFF,0xF8,0x4D,
    0xFF,0xF8,0x4D,0xFF,0xF8,0x4D,0xFF,0xF8,0x4D,0xFF,0xF8,0x4D,0xFF,0xF8,0x4D,0xFF,
    0xF8,0x4D,0xFF,0xF8,0x4D,0xFF,0xF8,0x4D,0xFF,0xF8,0x4D,0xFF,0xF8,0x4D,0xFF,0xF8,
    0x4D,0xFF,0xF8,0x4D,0xFF,0xF8,0x4D,0xFF,0x39,0x56,0xFF,0x5A,0x56,0xFF,0x19,0x56,
    0xFF,0xF8,0x4D,0xFF,0xD8,0x4D,0xFF,0xF8,0x4D,0xFF,0x39,0x56,0xFF,0x7A,0x56,0xFF,
    0x15,0x4D,0xFF,0xC9,0x5A,0xFF,0x0B,0x9F,0xFF,0xD0,0xD7,0xFF,0x4B,0x9F,0xFF,0x4A,
    0x97,0xFF,0x66,0x7E,0xFF,0x29,0x97,0xFF,0x46,0x7E,0xFF,0x05,0x76,0xFF,0x25,0x76,
    0xFF,0x25,0x76,0xFF,0x25,0x76,0xFF,0x05,0x76,0xFF,0xE5,0x75,0xFF,0xE5,0x75,0xFF,
    0xE5,0x75,0xFF,0xE5,0x75,0xFF,0xE5,0x75,0xFF,0xE5,0x75,0xFF,0xE5,0x75,0xFF,0xE5,
    0x75,0xFF,0xC5,0x75,0xFF,0x05,0x76,0xFF,0x84,0x5C,0xFF,0x25,0x65,0xFF,0x84,0x5C,
    0xFF,0xE3,0x4B,0xFF,0x65,0x52,0xFF,0x73,0x4C,0xFF,0x39,0x4E,0xFF,0xD8,0x4D,0xFF,
    0xF8,0x4D,0xFF,0xF8,0x4D,0xFF,0xF8,0x4D,0xFF,0xF8,0x4D,0xFF,0xF8,0x4D,0xFF,0xF8,
    0x4D,0xFF,0xF8,0x4D,0xFF,0xF8,0x4D,0xFF,0xF8,0x4D,0xFF,0xF8,0x4D,0xFF,0xF8,0x4D,
    0xFF,0xF8,0x4D,0xFF,0xF8,0x4D,0xFF,0xF8,0x4D,0xFF,0xF8,0x4D,0xFF,0xF8,0x4D,0xFF,
    0xF8,0x4D,0xFF,0xF8,0x4D,0xFF,0xF8,0x4D,0xFF,0xF8,0x4D,0xFF,0xF8,0x4D,0xFF,0xF8,
    0x4D,0xFF,0xF8,0x4D,0xFF,0xF8,0x4D,0xFF,0x18,0x4E,0xFF,0x55,0x45,0xFF,0x6E,0x2B,
    0xFF,0x8E,0x2B,0xFF,0xD8,0x4D,0xFF,0x51,0x3C,0xFF,0xEC,0x22,0xFF,0x14,0x45,0xFF,
    0x97,0x4D,0xFF,0xF4,0x44,0xFF,0xB7,0x4D,0xFF,0xCF,0x33,0xFF,0x0C,0x2B,0xFF,0x96,
    0x4D,0xFF,0x7A,0x56,0xFF,0x96,0x4D,0xFF,0x2D,0x2B,0xFF,0xAF,0x33,0xFF,0x19,0x56,
    0xFF,0xF8,0x4D,0xFF,0xF8,0x4D,0xFF,0xF8,0x4D,0xFF,0xF8,0x4D,0xFF,0xF8,0x4D,0xFF,
    0xF8,0x4D,0xFF,0xF8,0x4D,0xFF,0xF8,0x4D,0xFF,0xF8,0x4D,0xFF,0xF8,0x4D,0xFF,0xF8,
    0x4D,0xFF,0xF8,0x4D,0xFF,0xF8,0x4D,0xFF,0xF8,0x4D,0xFF,0xF8,0x4D,0xFF,0xF8,0x4D,
    0xFF,0xF8,0x4D,0xFF,0xF8,0x4D,0xFF,0xF8,0x4D,0xFF,0xF8,0x4D,0xFF,0x18,0x4E,0xFF,
    0x08,0x1A,0xFF,0x00,0x00,0xFF,0x00,0x00,0xFF,0x00,0x00,0xFF,0x00,0x00,0xFF,0x00,
    0x00,0xFF,0x00,0x00,0xFF,0x00,0x00,0xFF,0x00,0x00,0xFF,0x00,0x00,0xFF,0x00,0x00,
    0xFF,0x00,0x00,0xFF,0x00,0x00,0xFF,0x00,0x00,0xFF,0x00,0x00,0xFF,0x00,0x00,0xFF,
    0x00,0x00,0xFF,0x00,0x00,0xFF,0x00,0x00,0xFF,0x00,0x00,0xFF,0x00,0x00,0xFF,0x00,
    0x00,0xFF,0x00,0x00,0xFF,0x00,0x00,0xFF,0x00,0x00,0xFF,0x00,0x00,0xFF,0x00,0x00,
    0xFF,0x00,0x00,0xFF,0x00,0x00,0xFF,0x00,0x00,0xFF,0x00,0x00,0xFF,0x00,0x00,0xFF,
    0x00,0x00,0xFF,0x00,0x00,0xFF,0x00,0x00,0xFF,0x00,0x00,0xFF,0x00,0x00,0xFF,0x00,
    0x00,0xFF,0x00,0x00,0xFF,0x00,0x00,0xFF,0x00,0x00,0xFF,0x00,0x00,0xFF,0x00,0x00,
    0xFF,0x00,0x00,0xFF,0x00,0x00,0xFF,0x00,0x00,0xFF,0x00,0x00,0xFF,0x00,0x00,0xFF,
    0x00,0x00,0xFF,0x00,0x00,0xFF,0x00,0x00,0xFF,0x24,0x09,0xFF,0xB7,0x4D,0xFF,0xF8,
    0x4D,0xFF,0xF8,0x4D,0xFF,0xF8,0x4D,0xFF,0xF8,0x4D,0xFF,0xF8,0x4D,0xFF,0xF8,0x4D,
    0xFF,0xF8,0x4D,0xFF,0xF8,0x4D,0xFF,0xF8,0x4D,0xFF,0xF8,0x4D,0xFF,0xF8,0x4D,0xFF,
    0xF8,0x4D,0xFF,0xF8,0x4D,0xFF,0xF8,0x4D,0xFF,0xF8,0x4D,0xFF,0xF8,0x4D,0xFF,0xF8,
    0x4D,0xFF,0xF8,0x4D,0xFF,0xF8,0x4D,0xFF,0xF8,0x4D,0xFF,0xF8,0x4D,0xFF,0xF8,0x4D,
    0xFF,0x18,0x4E,0xFF,0xD3,0x44,0xFF,0x2D,0x2B,0xFF,0xEC,0x22,0xFF,0x8A,0x22,0xFF,
    0x8A,0x22,0xFF,0xCB,0x22,0xFF,0x0C,0x2B,0xFF,0x10,0x34,0xFF,0xF5,0x4C,0xFF,0xC9,
    0x5A,0xFF,0x2B,0xA7,0xFF,0x4E,0xC7,0xFF,0x88,0x7D,0xFF,0xE5,0x53,0xFF,0x43,0x43,
    0xFF,0xA5,0x4B,0xFF,0x43,0x43,0xFF,0x23,0x3B,0xFF,0x23,0x3B,0xFF,0x23,0x3B,0xFF,
    0x23,0x3B,0xFF,0x83,0x43,0xFF,0xE4,0x5C,0xFF,0xA5,0x6D,0xFF,0xE5,0x75,0xFF,0xE5,
    0x75,0xFF,0xE5,0x75,0xFF,0xE5,0x75,0xFF,0xE5,0x75,0xFF,0xE5,0x75,0xFF,0xC5,0x75,
    0xFF,0x05,0x76,0xFF,0x84,0x5C,0xFF,0x25,0x65,0xFF,0x84,0x5C,0xFF,0xE3,0x4B,0xFF,
    0x65,0x52,0xFF,0x73,0x4C,0xFF,0x39,0x4E,0xFF,0xD8,0x4D,0xFF,0xF8,0x4D,0xFF,0xF8,
    0x4D,0xFF,0xF8,0x4D,0xFF,0xF8,0x4D,0xFF,0xF8,0x4D,0xFF,0xF8,0x4D,0xFF,0xF8,0x4D,
    0xFF,0xF8,0x4D,0xFF,0xF8,0x4D,0xFF,0xF8,0x4D,0xFF,0xF8,0x4D,0xFF,0xF8,0x4D,0xFF,
    0xF8,0x4D,0xFF,0xF8,0x4D,0xFF,0xF8,0x4D,0xFF,0xF8,0x4D,0xFF,0xF8,0x4D,0xFF,0xF8,
    0x4D,0xFF,0xF8,0x4D,0xFF,0xF8,0x4D,0xFF,0xF8,0x4D,0xFF,0xF8,0x4D,0xFF,0xF8,0x4D,
    0xFF,0xF8,0x4D,0xFF,0xF8,0x4D,0xFF,0x76,0x4D,0xFF,0x8E,0x2B,0xFF,0x04,0x09,0xFF,
    0xB7,0x4D,0xFF,0x35,0x45,0xFF,0x25,0x11,0xFF,0xF0,0x33,0xFF,0x96,0x4D,0xFF,0x10,
    0x34,0xFF,0xB7,0x4D,0xFF,0x72,0x3C,0xFF,0xA2,0x08,0xFF,0x55,0x45,0xFF,0x92,0x3C,
    0xFF,0x28,0x1A,0xFF,0x0C,0x2B,0xFF,0x04,0x09,0xFF,0xB7,0x4D,0xFF,0xF8,0x4D,0xFF,
    0xF8,0x4D,0xFF,0xF8,0x4D,0xFF,0xF8,0x4D,0xFF,0xF8,0x4D,0xFF,0xF8,0x4D,0xFF,0xF8,
    0x4D,0xFF,0xF8,0x4D,0xFF,0xF8,0x4D,0xFF,0xF8,0x4D,0xFF,0xF8,0x4D,0xFF,0xF8,0x4D,
    0xFF,0xF8,0x4D,0xFF,0xF8,0x4D,0xFF,0xF8,0x4D,0xFF,0xF8,0x4D,0xFF,0xF8,0x4D,0xFF,
    0xF8,0x4D,0xFF,0xD8,0x4D,0xFF,0x39,0x56,0xFF,0xD3,0x3C,0xFF,0x00,0x00,0xFF,0x00,
    0x00,0xFF,0x00,0x00,0xFF,0x00,0x00,0xFF,0x00,0x00,0xFF,0x00,0x00,0xFF,0x00,0x00,
    0xFF,0x00,0x00,0xFF,0x00,0x00,0xFF,0x00,0x00,0xFF,0x00,0x00,0xFF,0x00,0x00,0xFF,
    0x00,0x00,0xFF,0x00,0x00,0xFF,0x00,0x00,0xFF,0x00,0x00,0xFF,0x00,0x00,0xFF,0x00,
    0x00,0xFF,0x00,0x00,0xFF,0x00,0x00,0xFF,0x00,0x00,0xFF,0x00,0x00,0xFF,0x00,0x00,
    0xFF,0x00,0x00,0xFF,0x00,0x00,0xFF,0x00,0x00,0xFF,0x00,0x00,0xFF,0x00,0x00,0xFF,
    0x00,0x00,0xFF,0x00,0x00,0xFF,0x00,0x00,0xFF,0x00,0x00,0xFF,0x00,0x00,0xFF,0x00,
    0x00,0xFF,0x00,0x00,0xFF,0x00,0x00,0xFF,0x00,0x00,0xFF,0x00,0x00,0xFF,0x00,0x00,
    0xFF,0x00,0x00,0xFF,0x00,0x00,0xFF,0x00,0x00,0xFF,0x00,0x00,0xFF,0x00,0x00,0xFF,
    0x00,0x00,0xFF,0x00,0x00,0xFF,0x00,0x00,0xFF,0x00,0x00,0xFF,0x00,0x00,0xFF,0x00,
    0x00,0xFF,0x20,0x00,0xFF,0x00,0x00,0xFF,0xAF,0x33,0xFF,0x5A,0x56,0xFF,0xD8,0x4D,
    0xFF,0xF8,0x4D,0xFF,0xF8,0x4D,0xFF,0xF8,0x4D,0xFF,0xF8,0x4D,0xFF,0xF8,0x4D,0xFF,
    0xF8,0x4D,0xFF,0xF8,0x4D,0xFF,0xF8,0x4D,0xFF,0xF8,0x4D,0xFF,0xF8,0x4D,0xFF,0xF8,
    0x4D,0xFF,0xF8,0x4D,0xFF,0xF8,0x4D,0xFF,0xF8,0x4D,0xFF,0xF8,0x4D,0xFF,0xF8,0x4D,
    0xFF,0xF8,0x4D,0xFF,0xF8,0x4D,0xFF,0xF8,0x4D,0xFF,0xF8,0x4D,0xFF,0x18,0x4E,0xFF,
    0xD3,0x3C,0xFF,0x8E,0x2B,0xFF,0x49,0x1A,0xFF,0x49,0x1A,0xFF,0x69,0x22,0xFF,0x08,
    0x1A,0xFF,0xEC,0x22,0xFF,0x51,0x34,0xFF,0xF5,0x4C,0xFF,0xC9,0x5A,0xFF,0x2B,0xA7,
    0xFF,0x8D,0xAE,0xFF,0x43,0x32,0xFF,0x00,0x00,0xFF,0x00,0x00,0xFF,0x00,0x00,0xFF,
    0x00,0x00,0xFF,0x00,0x00,0xFF,0x00,0x00,0xFF,0x00,0x00,0xFF,0x00,0x00,0xFF,0x00,
    0x00,0xFF,0x63,0x43,0xFF,0x84,0x54,0xFF,0x24,0x65,0xFF,0x05,0x76,0xFF,0xC5,0x75,
    0xFF,0xE5,0x75,0xFF,0xE5,0x75,0xFF,0xE5,0x75,0xFF,0xC5,0x75,0xFF,0x05,0x76,0xFF,
    0x84,0x5C,0xFF,0x25,0x65,0xFF,0x84,0x5C,0xFF,0xE3,0x4B,0xFF,0x65,0x52,0xFF,0x73,
    0x4C,0xFF,0x39,0x4E,0xFF,0xD8,0x4D,0xFF,0xF8,0x4D,0xFF,0xF8,0x4D,0xFF,0xF8,0x4D,
    0xFF,0xF8,0x4D,0xFF,0xF8,0x4D,0xFF,0xF8,0x4D,0xFF,0xF8,0x4D,0xFF,0xF8,0x4D,0xFF,
    0xF8,0x4D,0xFF,0xF8,0x4D,0xFF,0xF8,0x4D,0xFF,0xF8,0x4D,0xFF,0xF8,0x4D,0xFF,0xF8,
    0x4D,0xFF,0xF8,0x4D,0xFF,0xF8,0x4D,0xFF,0xF8,0x4D,0xFF,0xF8,0x4D,0xFF,0xF8,0x4D,
    0xFF,0xF8,0x4D,0xFF,0xF8,0x4D,0xFF,0xF8,0x4D,0xFF,0xF8,0x4D,0xFF,0xF8,0x4D,0xFF,
    0xD8,0x4D,0xFF,0x5A,0x56,0xFF,0xD4,0x44,0xFF,0x08,0x1A,0xFF,0xF8,0x4D,0xFF,0x7A,
    0x56,0xFF,0x8A,0x22,0xFF,0x51,0x3C,0xFF,0x96,0x4D,0xFF,0x31,0x34,0xFF,0x39,0x56,
    0xFF,0xD7,0x4D,0xFF,0xE7,0x19,0xFF,0x56,0x45,0xFF,0x10,0x34,0xFF,0xF0,0x33,0xFF,
    0xCF,0x33,0xFF,0xA6,0x11,0xFF,0x35,0x45,0xFF,0x18,0x56,0xFF,0xF8,0x4D,0xFF,0xF8,
    0x4D,0xFF,0xF8,0x4D,0xFF,0xF8,0x4D,0xFF,0xF8,0x4D,0xFF,0xF8,0x4D,0xFF,0xF8,0x4D,
    0xFF,0xF8,0x4D,0xFF,0xF8,0x4D,0xFF,0xF8,0x4D,0xFF,0xF8,0x4D,0xFF,0xF8,0x4D,0xFF,
    0xF8,0x4D,0xFF,0xF8,0x4D,0xFF,0xF8,0x4D,0xFF,0xF8,0x4D,0xFF,0xF8,0x4D,0xFF,0xF8,
    0x4D,0xFF,0x18,0x56,0xFF,0x76,0x4D,0xFF,0x61,0x00,0xFF,0x00,0x00,0xFF,0x00,0x00,
    0xFF,0x00,0x00,0xFF,0x00,0x00,0xFF,0x00,0x00,0xFF,0x00,0x00,0xFF,0x00,0x00,0xFF,
    0x00,0x00,0xFF,0x00,0x00,0xFF,0x00,0x00,0xFF,0x00,0x00,0xFF,0x00,0x00,0xFF,0x00,
    0x00,0xFF,0x00,0x00,0xFF,0x00,0x00,0xFF,0x00,0x00,0xFF,0x00,0x00,0xFF,0x00,0x00,
    0xFF,0x00,0x00,0xFF,0x00,0x00,0xFF,0x00,0x00,0xFF,0x00,0x00,0xFF,0x00,0x00,0xFF,
    0x00,0x00,0xFF,0x00,0x00,0xFF,0x00,0x00,0xFF,0x00,0x00,0xFF,0x00,0x00,0xFF,0x00,
    0x00,0xFF,0x00,0x00,0xFF,0x00,0x00,0xFF,0x00,0x00,0xFF,0x00,0x00,0xFF,0x00,0x00,
    0xFF,0x00,0x00,0xFF,0x00,0x00,0xFF,0x00,0x00,0xFF,0x00,0x00,0xFF,0x00,0x00,0xFF,
    0x00,0x00,0xFF,0x00,0x00,0xFF,0x00,0x00,0xFF,0x00,0x00,0xFF,0x00,0x00,0xFF,0x00,
    0x00,0xFF,0x00,0x00,0xFF,0x00,0x00,0xFF,0x00,0x00,0xFF,0x00,0x00,0xFF,0x00,0x00,
    0xFF,0x00,0x00,0xFF,0xB3,0x3C,0xFF,0x39,0x56,0xFF,0xD8,0x4D,0xFF,0xF8,0x4D,0xFF,
    0xF8,0x4D,0xFF,0xF8,0x4D,0xFF,0xF8,0x4D,0xFF,0xF8,0x4D,0xFF,0xF8,0x4D,0xFF,0xF8,
    0x4D,0xFF,0xF8,0x4D,0xFF,0xD8,0x4D,0xFF,0x35,0x45,0xFF,0xB7,0x4D,0xFF,0x96,0x4D,
    0xFF,0x35,0x45,0xFF,0xD8,0x4D,0xFF,0x35,0x45,0xFF,0x97,0x4D,0xFF,0x96,0x4D,0xFF,
    0x35,0x45,0xFF,0xF8,0x4D,0xFF,0xF8,0x4D,0xFF,0xF8,0x4D,0xFF,0x39,0x56,0xFF,0x19,
    0x56,0xFF,0x96,0x4D,0xFF,0x6E,0x2B,0xFF,0x69,0x22,0xFF,0x14,0x45,0xFF,0xD7,0x4D,
    0xFF,0x9A,0x56,0xFF,0x15,0x4D,0xFF,0xC8,0x5A,0xFF,0x2B,0xA7,0xFF,0x2E,0xC7,0xFF,
    0xE7,0x6C,0xFF,0x24,0x43,0xFF,0xA2,0x32,0xFF,0xE4,0x3A,0xFF,0xA2,0x32,0xFF,0x82,
    0x32,0xFF,0x82,0x32,0xFF,0x82,0x32,0xFF,0x82,0x32,0xFF,0xE2,0x3A,0xFF,0xA4,0x5C,
    0xFF,0x85,0x6D,0xFF,0xC5,0x75,0xFF,0xE5,0x75,0xFF,0xE5,0x75,0xFF,0xE5,0x75,0xFF,
    0xE5,0x75,0xFF,0xE5,0x75,0xFF,0xC5,0x75,0xFF,0x05,0x76,0xFF,0x84,0x5C,0xFF,0x25,
    0x65,0xFF,0x84,0x5C,0xFF,0xE3,0x4B,0xFF,0x65,0x52,0xFF,0x73,0x4C,0xFF,0x39,0x4E,
    0xFF,0xD8,0x4D,0xFF,0xF8,0x4D,0xFF,0xF8,0x4D,0xFF,0xF8,0x4D,0xFF,0xF8,0x4D,0xFF,
    0xF8,0x4D,0xFF,0xF8,0x4D,0xFF,0xF8,0x4D,0xFF,0xF8,0x4D,0xFF,0xF8,0x4D,0xFF,0xF8,
    0x4D,0xFF,0xF8,0x4D,0xFF,0xF8,0x4D,0xFF,0xF8,0x4D,0xFF,0xF8,0x4D,0xFF,0xF8,0x4D,
    0xFF,0xF8,0x4D,0xFF,0xF8,0x4D,0xFF,0xF8,0x4D,0xFF,0xF8,0x4D,0xFF,0xF8,0x4D,0xFF,
    0xF8,0x4D,0xFF,0xF8,0x4D,0xFF,0xF8,0x4D,0xFF,0xF8,0x4D,0xFF,0xF8,0x4D,0xFF,0xF8,
    0x4D,0xFF,0xD8,0x4D,0xFF,0xD8,0x4D,0xFF,0xF8,0x4D,0xFF,0xF8,0x4D,0xFF,0xD8,0x4D,
    0xFF,0xD8,0x4D,0xFF,0x18,0x4E,0xFF,0x19,0x56,0xFF,0xF8,0x4D,0xFF,0xF8,0x4D,0xFF,
    0xD8,0x4D,0xFF,0xF8,0x4D,0xFF,0x59,0x56,0xFF,0x59,0x56,0xFF,0x18,0x56,0xFF,0xF8,
    0x4D,0xFF,0x18,0x56,0xFF,0xF8,0x4D,0xFF,0xF8,0x4D,0xFF,0xF8,0x4D,0xFF,0xF8,0x4D,
    0xFF,0xF8,0x4D,0xFF,0xF8,0x4D,0xFF,0xF8,0x4D,0xFF,0xF8,0x4D,0xFF,0xF8,0x4D,0xFF,
    0xF8,0x4D,0xFF,0xF8,0x4D,0xFF,0xF8,0x4D,0xFF,0xF8,0x4D,0xFF,0xF8,0x4D,0xFF,0xF8,
    0x4D,0xFF,0xF8,0x4D,0xFF,0xF8,0x4D,0xFF,0xF8,0x4D,0xFF,0xF8,0x4D,0xFF,0xD8,0x4D,
    0xFF,0x39,0x56,0xFF,0x72,0x3C,0xFF,0xC3,0x08,0xFF,0x00,0x00,0xFF,0x00,0x00,0xFF,
    0x00,0x00,0xFF,0x00,0x00,0xFF,0x00,0x00,0xFF,0x00,0x00,0xFF,0x00,0x00,0xFF,0x00,
    0x00,0xFF,0x00,0x00,0xFF,0x00,0x00,0xFF,0x00,0x00,0xFF,0x00,0x00,0xFF,0x00,0x00,
    0xFF,0x00,0x00,0xFF,0x00,0x00,0xFF,0x00,0x00,0xFF,0x00,0x00,0xFF,0x00,0x00,0xFF,
    0x00,0x00,0xFF,0x00,0x00,0xFF,0x00,0x00,0xFF,0x00,0x00,0xFF,0x00,0x00,0xFF,0x00,
    0x00,0xFF,0x00,0x00,0xFF,0x00,0x00,0xFF,0x00,0x00,0xFF,0x00,0x00,0xFF,0x00,0x00,
    0xFF,0x00,0x00,0xFF,0x00,0x00,0xFF,0x00,0x00,0xFF,0x00,0x00,0xFF,0x00,0x00,0xFF,
    0x00,0x00,0xFF,0x00,0x00,0xFF,0x00,0x00,0xFF,0x00,0x00,0xFF,0x00,0x00,0xFF,0x00,
    0x00,0xFF,0x00,0x00,0xFF,0x00,0x00,0xFF,0x00,0x00,0xFF,0x00,0x00,0xFF,0x00,0x00,
    0xFF,0x00,0x00,0xFF,0x00,0x00,0xFF,0x00,0x00,0xFF,0x61,0x00,0xFF,0xCF,0x33,0xFF,
    0x39,0x56,0xFF,0xD8,0x4D,0xFF,0xF8,0x4D,0xFF,0xF8,0x4D,0xFF,0xF8,0x4D,0xFF,0xF8,
    0x4D,0xFF,0xF8,0x4D,0xFF,0xF8,0x4D,0xFF,0xF8,0x4D,0xFF,0xF8,0x4D,0xFF,0xF8,0x4D,
    0xFF,0xF8,0x4D,0xFF,0xD8,0x4D,0xFF,0xF8,0x4D,0xFF,0xF8,0x4D,0xFF,0xD8,0x4D,0xFF,
    0xF8,0x4D,0xFF,0xD8,0x4D,0xFF,0xF8,0x4D,0xFF,0xF8,0x4D,0xFF,0xD8,0x4D,0xFF,0xF8,
    0x4D,0xFF,0xF8,0x4D,0xFF,0xF8,0x4D,0xFF,0xD8,0x4D,0xFF,0xF8,0x4D,0xFF,0x19,0x56,
    0xFF,0xF8,0x4D,0xFF,0xF8,0x4D,0xFF,0x19,0x56,0xFF,0xF8,0x4D,0xFF,0x18,0x4E,0xFF,
    0x15,0x4D,0xFF,0xC9,0x5A,0xFF,0x0B,0x9F,0xFF,0xD0,0xD7,0xFF,0x4B,0x9F,0xFF,0x2A,
    0x97,0xFF,0x46,0x7E,0xFF,0x09,0x97,0xFF,0x26,0x7E,0xFF,0x05,0x76,0xFF,0x05,0x76,
    0xFF,0x05,0x76,0xFF,0x05,0x76,0xFF,0x05,0x76,0xFF,0xE5,0x75,0xFF,0xE5,0x75,0xFF,
    0xE5,0x75,0xFF,0xE5,0x75,0xFF,0xE5,0x75,0xFF,0xE5,0x75,0xFF,0xE5,0x75,0xFF,0xE5,
    0x75,0xFF,0xC5,0x75,0xFF,0x05,0x76,0xFF,0x84,0x5C,0xFF,0x25,0x65,0xFF,0x84,0x5C,
    0xFF,0xE3,0x4B,0xFF,0x65,0x52,0xFF,0x73,0x4C,0xFF,0x39,0x4E,0xFF,0xD8,0x4D,0xFF,
    0xF8,0x4D,0xFF,0xF8,0x4D,0xFF,0xF8,0x4D,0xFF,0xF8,0x4D,0xFF,0xF8,0x4D,0xFF,0xF8,
    0x4D,0xFF,0xF8,0x4D,0xFF,0xF8,0x4D,0xFF,0xF8,0x4D,0xFF,0xF8,0x4D,0xFF,0xF8,0x4D,
    0xFF,0xF8,0x4D,0xFF,0xF8,0x4D,0xFF,0xF8,0x4D,0xFF,0xF8,0x4D,0xFF,0xF8,0x4D,0xFF,
    0xF8,0x4D,0xFF,0xF8,0x4D,0xFF,0xF8,0x4D,0xFF,0xF8,0x4D,0xFF,0xF8,0x4D,0xFF,0xF8,
    0x4D,0xFF,0xF8,0x4D,0xFF,0xF8,0x4D,0xFF,0xF8,0x4D,0xFF,0xF8,0x4D,0xFF,0xF8,0x4D,
    0xFF,0xF8,0x4D,0xFF,0xF8,0x4D,0xFF,0xF8,0x4D,0xFF,0xF8,0x4D,0xFF,0xF8,0x4D,0xFF,
    0xF8,0x4D,0xFF,0xF8,0x4D,0xFF,0xF8,0x4D,0xFF,0xF8,0x4D,0xFF,0xF8,0x4D,0xFF,0xF8,
    0x4D,0xFF,0xD8,0x4D,0xFF,0xD8,0x4D,0xFF,0xF8,0x4D,0xFF,0xF8,0x4D,0xFF,0xF8,0x4D,
    0xFF,0xF8,0x4D,0xFF,0xF8,0x4D,0xFF,0xF8,0x4D,0xFF,0xF8,0x4D,0xFF,0xF8,0x4D,0xFF,
    0xF8,0x4D,0xFF,0xF8,0x4D,0xFF,0xF8,0x4D,0xFF,0xF8,0x4D,0xFF,0xF8,0x4D,0xFF,0xF8,
    0x4D,0xFF,0xF8,0x4D,0xFF,0xF8,0x4D,0xFF,0xF8,0x4D,0xFF,0xF8,0x4D,0xFF,0xF8,0x4D,
    0xFF,0xF8,0x4D,0xFF,0xF8,0x4D,0xFF,0xF8,0x4D,0xFF,0xF8,0x4D,0xFF,0xD8,0x4D,0xFF,
    0x39,0x56,0xFF,0x97,0x4D,0xFF,0x6E,0x2B,0xFF,0x86,0x11,0xFF,0x62,0x00,0xFF,0x00,
    0x00,0xFF,0x00,0x00,0xFF,0x00,0x00,0xFF,0x00,0x00,0xFF,0x00,0x00,0xFF,0x00,0x00,
    0xFF,0x00,0x00,0xFF,0x00,0x00,0xFF,0x00,0x00,0xFF,0x00,0x00,0xFF,0x00,0x00,0xFF,
    0x00,0x00,0xFF,0x00,0x00,0xFF,0x00,0x00,0xFF,0x00,0x00,0xFF,0x00,0x00,0xFF,0x00,
    0x00,0xFF,0x00,0x00,0xFF,0x00,0x00,0xFF,0x00,0x00,0xFF,0x00,0x00,0xFF,0x00,0x00,
    0xFF,0x00,0x00,0xFF,0x00,0x00,0xFF,0x00,0x00,0xFF,0x00,0x00,0xFF,0x00,0x00,0xFF,
    0x00,0x00,0xFF,0x00,0x00,0xFF,0x00,0x00,0xFF,0x00,0x00,0xFF,0x00,0x00,0xFF,0x00,
    0x00,0xFF,0x00,0x00,0xFF,0x00,0x00,0xFF,0x00,0x00,0xFF,0x00,0x00,0xFF,0x00,0x00,
    0xFF,0x00,0x00,0xFF,0x00,0x00,0xFF,0x00,0x00,0xFF,0x00,0x00,0xFF,0x61,0x00,0xFF,
    0x45,0x11,0xFF,0x0C,0x2B,0xFF,0x55,0x45,0xFF,0x59,0x56,0xFF,0xF8,0x4D,0xFF,0xF8,
    0x4D,0xFF,0xF8,0x4D,0xFF,0xF8,0x4D,0xFF,0xF8,0x4D,0xFF,0xF8,0x4D,0xFF,0xF8,0x4D,
    0xFF,0xF8,0x4D,0xFF,0xF8,0x4D,0xFF,0xF8,0x4D,0xFF,0xF8,0x4D,0xFF,0xF8,0x4D,0xFF,
    0xF8,0x4D,0xFF,0xF8,0x4D,0xFF,0xF8,0x4D,0xFF,0xF8,0x4D,0xFF,0xF8,0x4D,0xFF,0xF8,
    0x4D,0xFF,0xF8,0x4D,0xFF,0xF8,0x4D,0xFF,0xF8,0x4D,0xFF,0xF8,0x4D,0xFF,0xF8,0x4D,
    0xFF,0xF8,0x4D,0xFF,0xF8,0x4D,0xFF,0xF8,0x4D,0xFF,0xF8,0x4D,0xFF,0xF8,0x4D,0xFF,
    0xF8,0x4D,0xFF,0xF8,0x4D,0xFF,0xF8,0x4D,0xFF,0x19,0x4E,0xFF,0x15,0x4D,0xFF,0xC9,
    0x5A,0xFF,0x0B,0x9F,0xFF,0xAF,0xD7,0xFF,0x2B,0x9F,0xFF,0xE9,0x96,0xFF,0x06,0x7E,
    0xFF,0xC9,0x8E,0xFF,0x06,0x76,0xFF,0xC5,0x6D,0xFF,0xC5,0x75,0xFF,0xC5,0x75,0xFF,
    0xC5,0x75,0xFF,0xC5,0x75,0xFF,0xE5,0x75,0xFF,0xE5,0x75,0xFF,0xE5,0x75,0xFF,0xE5,
    0x75,0xFF,0xE5,0x75,0xFF,0xE5,0x75,0xFF,0xE5,0x75,0xFF,0xE5,0x75,0xFF,0xC5,0x75,
    0xFF,0x05,0x76,0xFF,0x84,0x5C,0xFF,0x25,0x65,0xFF,0x84,0x5C,0xFF,0xE3,0x4B,0xFF,
    0x65,0x52,0xFF,0x73,0x4C,0xFF,0x39,0x4E,0xFF,0xD8,0x4D,0xFF,0xF8,0x4D,0xFF,0xF8,
    0x4D,0xFF,0xF8,0x4D,0xFF,0xF8,0x4D,0xFF,0xF8,0x4D,0xFF,0xF8,0x4D,0xFF,0xF8,0x4D,
    0xFF,0xF8,0x4D,0xFF,0xF8,0x4D,0xFF,0xF8,0x4D,0xFF,0xF8,0x4D,0xFF,0xF8,0x4D,0xFF,
    0xF8,0x4D,0xFF,0xF8,0x4D,0xFF,0xF8,0x4D,0xFF,0xF8,0x4D,0xFF,0xF8,0x4D,0xFF,0xF8,
    0x4D,0xFF,0xF8,0x4D,0xFF,0xF8,0x4D,0xFF,0xF8,0x4D,0xFF,0xF8,0x4D,0xFF,0xF8,0x4D,
    0xFF,0xF8,0x4D,0xFF,0xF8,0x4D,0xFF,0xF8,0x4D,0xFF,0xF8,0x4D,0xFF,0xF8,0x4D,0xFF,
    0xF8,0x4D,0xFF,0xF8,0x4D,0xFF,0xF8,0x4D,0xFF,0xF8,0x4D,0xFF,0xF8,0x4D,0xFF,0xF8,
    0x4D,0xFF,0xF8,0x4D,0xFF,0xF8,0x4D,0xFF,0xF8,0x4D,0xFF,0xF8,0x4D,0xFF,0xF8,0x4D,
    0xFF,0xF8,0x4D,0xFF,0xF8,0x4D,0xFF,0xF8,0x4D,0xFF,0xF8,0x4D,0xFF,0xF8,0x4D,0xFF,
    0xF8,0x4D,0xFF,0xF8,0x4D,0xFF,0xF8,0x4D,0xFF,0xF8,0x4D,0xFF,0xF8,0x4D,0xFF,0xF8,
    0x4D,0xFF,0xF8,0x4D,0xFF,0xF8,0x4D,0xFF,0xF8,0x4D,0xFF,0xF8,0x4D,0xFF,0xF8,0x4D,
    0xFF,0xF8,0x4D,0xFF,0xF8,0x4D,0xFF,0xF8,0x4D,0xFF,0xF8,0x4D,0xFF,0xF8,0x4D,0xFF,
    0xF8,0x4D,0xFF,0xF8,0x4D,0xFF,0xF8,0x4D,0xFF,0xF8,0x4D,0xFF,0xD8,0x4D,0xFF,0x18,
    0x4E,0xFF,0x5A,0x56,0xFF,0x19,0x56,0xFF,0x96,0x4D,0xFF,0xF4,0x44,0xFF,0x72,0x3C,
    0xFF,0x31,0x34,0xFF,0x11,0x34,0xFF,0x11,0x34,0xFF,0x11,0x34,0xFF,0x11,0x34,0xFF,
    0x11,0x34,0xFF,0x11,0x34,0xFF,0x11,0x34,0xFF,0x11,0x34,0xFF,0x11,0x34,0xFF,0x11,
    0x34,0xFF,0x11,0x34,0xFF,0x11,0x34,0xFF,0x11,0x34,0xFF,0x11,0x34,0xFF,0x11,0x34,
    0xFF,0x11,0x34,0xFF,0x11,0x34,0xFF,0x11,0x34,0xFF,0x11,0x34,0xFF,0x11,0x34,0xFF,
    0x11,0x34,0xFF,0x11,0x34,0xFF,0x11,0x34,0xFF,0x11,0x34,0xFF,0x11,0x34,0xFF,0x11,
    0x34,0xFF,0x11,0x34,0xFF,0x11,0x34,0xFF,0x11,0x34,0xFF,0x11,0x34,0xFF,0x11,0x34,
    0xFF,0x11,0x34,0xFF,0x11,0x34,0xFF,0x11,0x34,0xFF,0x11,0x34,0xFF,0x11,0x34,0xFF,
    0x31,0x34,0xFF,0x51,0x3C,0xFF,0xD3,0x44,0xFF,0x76,0x4D,0xFF,0x18,0x56,0xFF,0x5A,
    0x56,0xFF,0x19,0x56,0xFF,0xD8,0x4D,0xFF,0xF8,0x4D,0xFF,0xF8,0x4D,0xFF,0xF8,0x4D,
    0xFF,0xF8,0x4D,0xFF,0xF8,0x4D,0xFF,0xF8,0x4D,0xFF,0xF8,0x4D,0xFF,0xF8,0x4D,0xFF,
    0xF8,0x4D,0xFF,0xF8,0x4D,0xFF,0xF8,0x4D,0xFF,0xF8,0x4D,0xFF,0xF8,0x4D,0xFF,0xF8,
    0x4D,0xFF,0xF8,0x4D,0xFF,0xF8,0x4D,0xFF,0xF8,0x4D,0xFF,0xF8,0x4D,0xFF,0xF8,0x4D,
    0xFF,0xF8,0x4D,0xFF,0xF8,0x4D,0xFF,0xF8,0x4D,0xFF,0xF8,0x4D,0xFF,0xF8,0x4D,0xFF,
    0xF8,0x4D,0xFF,0xF8,0x4D,0xFF,0xF8,0x4D,0xFF,0xF8,0x4D,0xFF,0xF8,0x4D,0xFF,0xF8,
    0x4D,0xFF,0xF8,0x4D,0xFF,0x19,0x4E,0xFF,0x15,0x4D,0xFF,0xC9,0x5A,0xFF,0x0B,0x9F,
    0xFF,0xAF,0xD7,0xFF,0x2B,0x9F,0xFF,0xEA,0x96,0xFF,0x26,0x7E,0xFF,0xC9,0x8E,0xFF,
    0x06,0x76,0xFF,0xC5,0x75,0xFF,0xE5,0x75,0xFF,0xE5,0x75,0xFF,0xE5,0x75,0xFF,0xE5,
    0x75,0xFF,0xE5,0x75,0xFF,0xE5,0x75,0xFF,0xE5,0x75,0xFF,0xE5,0x75,0xFF,0xE5,0x75,
    0xFF,0xE5,0x75,0xFF,0xE5,0x75,0xFF,0xE5,0x75,0xFF,0xC5,0x75,0xFF,0x05,0x76,0xFF,
    0x84,0x5C,0xFF,0x25,0x65,0xFF,0x84,0x5C,0xFF,0xE3,0x4B,0xFF,0x65,0x52,0xFF,0x73,
    0x4C,0xFF,0x39,0x4E,0xFF,0xD8,0x4D,0xFF,0xF8,0x4D,0xFF,0xF8,0x4D,0xFF,0xF8,0x4D,
    0xFF,0xF8,0x4D,0xFF,0xF8,0x4D,0xFF,0xF8,0x4D,0xFF,0xF8,0x4D,0xFF,0xF8,0x4D,0xFF,
    0xF8,0x4D,0xFF,0xF8,0x4D,0xFF,0xF8,0x4D,0xFF,0xF8,0x4D,0xFF,0xF8,0x4D,0xFF,0xF8,
    0x4D,0xFF,0xF8,0x4D,0xFF,0xF8,0x4D,0xFF,0xF8,0x4D,0xFF,0xF8,0x4D,0xFF,0xF8,0x4D,
    0xFF,0xF8,0x4D,0xFF,0xF8,0x4D,0xFF,0xF8,0x4D,0xFF,0xF8,0x4D,0xFF,0xF8,0x4D,0xFF,
    0xF8,0x4D,0xFF,0xF8,0x4D,0xFF,0xF8,0x4D,0xFF,0xF8,0x4D,0xFF,0xF8,0x4D,0xFF,0xF8,
    0x4D,0xFF,0xF8,0x4D,0xFF,0xF8,0x4D,0xFF,0xF8,0x4D,0xFF,0xF8,0x4D,0xFF,0xF8,0x4D,
    0xFF,0xF8,0x4D,0xFF,0xF8,0x4D,0xFF,0xF8,0x4D,0xFF,0xF8,0x4D,0xFF,0xF8,0x4D,0xFF,
    0xF8,0x4D,0xFF,0xF8,0x4D,0xFF,0xF8,0x4D,0xFF,0xF8,0x4D,0xFF,0xF8,0x4D,0xFF,0xF8,
    0x4D,0xFF,0xF8,0x4D,0xFF,0xF8,0x4D,0xFF,0xF8,0x4D,0xFF,0xF8,0x4D,0xFF,0xF8,0x4D,
    0xFF,0xF8,0x4D,0xFF,0xF8,0x4D,0xFF,0xF8,0x4D,0xFF,0xF8,0x4D,0xFF,0xF8,0x4D,0xFF,
    0xF8,0x4D,0xFF,0xF8,0x4D,0xFF,0xF8,0x4D,0xFF,0xF8,0x4D,0xFF,0xF8,0x4D,0xFF,0xF8,
    0x4D,0xFF,0xF8,0x4D,0xFF,0xF8,0x4D,0xFF,0xF8,0x4D,0xFF,0xF8,0x4D,0xFF,0xD8,0x4D,
    0xFF,0xF8,0x4D,0xFF,0x18,0x4E,0xFF,0x39,0x56,0xFF,0x39,0x56,0xFF,0x59,0x56,0xFF,
    0x59,0x56,0xFF,0x59,0x56,0xFF,0x59,0x56,0xFF,0x59,0x56,0xFF,0x59,0x56,0xFF,0x59,
    0x56,0xFF,0x59,0x56,0xFF,0x59,0x56,0xFF,0x59,0x56,0xFF,0x59,0x56,0xFF,0x59,0x56,
    0xFF,0x59,0x56,0xFF,0x59,0x56,0xFF,0x59,0x56,0xFF,0x59,0x56,0xFF,0x59,0x56,0xFF,
    0x59,0x56,0xFF,0x59,0x56,0xFF,0x59,0x56,0xFF,0x59,0x56,0xFF,0x59,0x56,0xFF,0x59,
    0x56,0xFF,0x59,0x56,0xFF,0x59,0x56,0xFF,0x59,0x56,0xFF,0x59,0x56,0xFF,0x59,0x56,
    0xFF,0x59,0x56,0xFF,0x59,0x56,0xFF,0x59,0x56,0xFF,0x59,0x56,0xFF,0x59,0x56,0xFF,
    0x59,0x56,0xFF,0x59,0x56,0xFF,0x59,0x56,0xFF,0x59,0x56,0xFF,0x59,0x56,0xFF,0x39,
    0x56,0xFF,0x39,0x56,0xFF,0x18,0x56,0xFF,0xF8,0x4D,0xFF,0xD8,0x4D,0xFF,0xF8,0x4D,
    0xFF,0xF8,0x4D,0xFF,0xF8,0x4D,0xFF,0xF8,0x4D,0xFF,0xF8,0x4D,0xFF,0xF8,0x4D,0xFF,
    0xF8,0x4D,0xFF,0xF8,0x4D,0xFF,0xF8,0x4D,0xFF,0xF8,0x4D,0xFF,0xF8,0x4D,0xFF,0xF8,
    0x4D,0xFF,0xF8,0x4D,0xFF,0xF8,0x4D,0xFF,0xF8,0x4D,0xFF,0xF8,0x4D,0xFF,0xF8,0x4D,
    0xFF,0xF8,0x4D,0xFF,0xF8,0x4D,0xFF,0xF8,0x4D,0xFF,0xF8,0x4D,0xFF,0xF8,0x4D,0xFF,
    0xF8,0x4D,0xFF,0xF8,0x4D,0xFF,0xF8,0x4D,0xFF,0xF8,0x4D,0xFF,0xF8,0x4D,0xFF,0xF8,
    0x4D,0xFF,0xF8,0x4D,0xFF,0xF8,0x4D,0xFF,0xF8,0x4D,0xFF,0xF8,0x4D,0xFF,0xF8,0x4D,
    0xFF,0x19,0x4E,0xFF,0x15,0x4D,0xFF,0xC9,0x5A,0xFF,0x0B,0x9F,0xFF,0xAF,0xD7,0xFF,
    0x2B,0x9F,0xFF,0xEA,0x96,0xFF,0x26,0x7E,0xFF,0xC9,0x8E,0xFF,0x06,0x76,0xFF,0xC5,
    0x75,0xFF,0xE5,0x75,0xFF,0xE5,0x75,0xFF,0xE5,0x75,0xFF,0xE5,0x75,0xFF,0xE5,0x75,
    0xFF,0xE5,0x75,0xFF,0xE5,0x75,0xFF,0xE5,0x75,0xFF,0xE5,0x75,0xFF,0xE5,0x75,0xFF,
    0xE5,0x75,0xFF,0xE5,0x75,0xFF,0xC5,0x75,0xFF,0x05,0x76,0xFF,0x84,0x5C,0xFF,0x25,
    0x65,0xFF,0x84,0x5C,0xFF,0xE3,0x4B,0xFF,0x65,0x52,0xFF,0x73,0x4C,0xFF,0x39,0x4E,
    0xFF,0xD8,0x4D,0xFF,0xF8,0x4D,0xFF,0xF8,0x4D,0xFF,0xF8,0x4D,0xFF,0xF8,0x4D,0xFF,
    0xF8,0x4D,0xFF,0xF8,0x4D,0xFF,0xF8,0x4D,0xFF,0xF8,0x4D,0xFF,0xF8,0x4D,0xFF,0xF8,
    0x4D,0xFF,0xF8,0x4D,0xFF,0xF8,0x4D,0xFF,0xF8,0x4D,0xFF,0xF8,0x4D,0xFF,0xF8,0x4D,
    0xFF,0xF8,0x4D,0xFF,0xF8,0x4D,0xFF,0xF8,0x4D,0xFF,0xF8,0x4D,0xFF,0xF8,0x4D,0xFF,
    0xF8,0x4D,0xFF,0xF8,0x4D,0xFF,0xF8,0x4D,0xFF,0xF8,0x4D,0xFF,0xF8,0x4D,0xFF,0xF8,
    0x4D,0xFF,0xF8,0x4D,0xFF,0xF8,0x4D,0xFF,0xF8,0x4D,0xFF,0xF8,0x4D,0xFF,0xF8,0x4D,
    0xFF,0xF8,0x4D,0xFF,0xF8,0x4D,0xFF,0xF8,0x4D,0xFF,0xF8,0x4D,0xFF,0xF8,0x4D,0xFF,
    0xF8,0x4D,0xFF,0xF8,0x4D,0xFF,0xF8,0x4D,0xFF,0xF8,0x4D,0xFF,0xF8,0x4D,0xFF,0xF8,
    0x4D,0xFF,0xF8,0x4D,0xFF,0xF8,0x4D,0xFF,0xF8,0x4D,0xFF,0xF8,0x4D,0xFF,0xF8,0x4D,
    0xFF,0xF8,0x4D,0xFF,0xF8,0x4D,0xFF,0xF8,0x4D,0xFF,0xF8,0x4D,0xFF,0xF8,0x4D,0xFF,
    0xF8,0x4D,0xFF,0xF8,0x4D,0xFF,0xF8,0x4D,0xFF,0xF8,0x4D,0xFF,0xF8,0x4D,0xFF,0xF8,
    0x4D,0xFF,0xF8,0x4D,0xFF,0xF8,0x4D,0xFF,0xF8,0x4D,0xFF,0xF8,0x4D,0xFF,0xF8,0x4D,
    0xFF,0xF8,0x4D,0xFF,0xF8,0x4D,0xFF,0xF8,0x4D,0xFF,0xF8,0x4D,0xFF,0xF8,0x4D,0xFF,
    0xF8,0x4D,0xFF,0xD8,0x4D,0xFF,0xD8,0x4D,0xFF,0xD8,0x4D,0xFF,0xD8,0x4D,0xFF,0xD8,
    0x4D,0xFF,0xD8,0x4D,0xFF,0xD8,0x4D,0xFF,0xD8,0x4D,0xFF,0xD8,0x4D,0xFF,0xD8,0x4D,
    0xFF,0xD8,0x4D,0xFF,0xD8,0x4D,0xFF,0xD8,0x4D,0xFF,0xD8,0x4D,0xFF,0xD8,0x4D,0xFF,
    0xD8,0x4D,0xFF,0xD8,0x4D,0xFF,0xD8,0x4D,0xFF,0xD8,0x4D,0xFF,0xD8,0x4D,0xFF,0xD8,
    0x4D,0xFF,0xD8,0x4D,0xFF,0xD8,0x4D,0xFF,0xD8,0x4D,0xFF,0xD8,0x4D,0xFF,0xD8,0x4D,
    0xFF,0xD8,0x4D,0xFF,0xD8,0x4D,0xFF,0xD8,0x4D,0xFF,0xD8,0x4D,0xFF,0xD8,0x4D,0xFF,
    0xD8,0x4D,0xFF,0xD8,0x4D,0xFF,0xD8,0x4D,0xFF,0xD8,0x4D,0xFF,0xD8,0x4D,0xFF,0xD8,
    0x4D,0xFF,0xD8,0x4D,0xFF,0xD8,0x4D,0xFF,0xD8,0x4D,0xFF,0xD8,0x4D,0xFF,0xD8,0x4D,
    0xFF,0xF8,0x4D,0xFF,0xF8,0x4D,0xFF,0xF8,0x4D,0xFF,0xF8,0x4D,0xFF,0xF8,0x4D,0xFF,
    0xF8,0x4D,0xFF,0xF8,0x4D,0xFF,0xF8,0x4D,0xFF,0xF8,0x4D,0xFF,0xF8,0x4D,0xFF,0xF8,
    0x4D,0xFF,0xF8,0x4D,0xFF,0xF8,0x4D,0xFF,0xF8,0x4D,0xFF,0xF8,0x4D,0xFF,0xF8,0x4D,
    0xFF,0xF8,0x4D,0xFF,0xF8,0x4D,0xFF,0xF8,0x4D,0xFF,0xF8,0x4D,0xFF,0xF8,0x4D,0xFF,
    0xF8,0x4D,0xFF,0xF8,0x4D,0xFF,0xF8,0x4D,0xFF,0xF8,0x4D,0xFF,0xF8,0x4D,0xFF,0xF8,
    0x4D,0xFF,0xF8,0x4D,0xFF,0xF8,0x4D,0xFF,0xF8,0x4D,0xFF,0xF8,0x4D,0xFF,0xF8,0x4D,
    0xFF,0xF8,0x4D,0xFF,0xF8,0x4D,0xFF,0xF8,0x4D,0xFF,0xF8,0x4D,0xFF,0x19,0x4E,0xFF,
    0x15,0x4D,0xFF,0xC9,0x5A,0xFF,0x0B,0x9F,0xFF,0xAF,0xD7,0xFF,0x2B,0x9F,0xFF,0xEA,
    0x96,0xFF,0x26,0x7E,0xFF,0xC9,0x8E,0xFF,0x06,0x76,0xFF,0xC5,0x75,0xFF,0xE5,0x75,
    0xFF,0xE5,0x75,0xFF,0xE5,0x75,0xFF,0xE5,0x75,0xFF,0xE5,0x75,0xFF,0xE5,0x75,0xFF,
    0xE5,0x75,0xFF,0xE5,0x75,0xFF,0xE5,0x75,0xFF,0xE5,0x75,0xFF,0xE5,0x75,0xFF,0xE5,
    0x75,0xFF,0xC5,0x75,0xFF,0x05,0x76,0xFF,0x84,0x5C,0xFF,0x25,0x65,0xFF,0x84,0x5C,
    0xFF,0xE3,0x4B,0xFF,0x65,0x52,0xFF,0x73,0x4C,0xFF,0x39,0x4E,0xFF,0xD8,0x4D,0xFF,
    0xF8,0x4D,0xFF,0xF8,0x4D,0xFF,0xF8,0x4D,0xFF,0xF8,0x4D,0xFF,0xF8,0x4D,0xFF,0xF8,
    0x4D,0xFF,0xF8,0x4D,0xFF,0xF8,0x4D,0xFF,0xF8,0x4D,0xFF,0xF8,0x4D,0xFF,0xF8,0x4D,
    0xFF,0xF8,0x4D,0xFF,0xF8,0x4D,0xFF,0xF8,0x4D,0xFF,0xF8,0x4D,0xFF,0xF8,0x4D,0xFF,
    0xF8,0x4D,0xFF,0xF8,0x4D,0xFF,0xF8,0x4D,0xFF,0xF8,0x4D,0xFF,0xF8,0x4D,0xFF,0xF8,
    0x4D,0xFF,0xF8,0x4D,0xFF,0xF8,0x4D,0xFF,0xF8,0x4D,0xFF,0xF8,0x4D,0xFF,0xF8,0x4D,
    0xFF,0xF8,0x4D,0xFF,0xF8,0x4D,0xFF,0xF8,0x4D,0xFF,0xF8,0x4D,0xFF,0xF8,0x4D,0xFF,
    0xF8,0x4D,0xFF,0xF8,0x4D,0xFF,0xF8,0x4D,0xFF,0xF8,0x4D,0xFF,0xF8,0x4D,0xFF,0xF8,
    0x4D,0xFF,0xF8,0x4D,0xFF,0xF8,0x4D,0xFF,0xF8,0x4D,0xFF,0xF8,0x4D,0xFF,0xF8,0x4D,
    0xFF,0xF8,0x4D,0xFF,0xF8,0x4D,0xFF,0xF8,0x4D,0xFF,0xF8,0x4D,0xFF,0xF8,0x4D,0xFF,
    0xF8,0x4D,0xFF,0xF8,0x4D,0xFF,0xF8,0x4D,0xFF,0xF8,0x4D,0xFF,0xF8,0x4D,0xFF,0xF8,
    0x4D,0xFF,0xF8,0x4D,0xFF,0xF8,0x4D,0xFF,0xF8,0x4D,0xFF,0xF8,0x4D,0xFF,0xF8,0x4D,
    0xFF,0xF8,0x4D,0xFF,0xF8,0x4D,0xFF,0xF8,0x4D,0xFF,0xF8,0x4D,0xFF,0xF8,0x4D,0xFF,
    0xF8,0x4D,0xFF,0xF8,0x4D,0xFF,0xF8,0x4D,0xFF,0xF8,0x4D,0xFF,0xF8,0x4D,0xFF,0xF8,
    0x4D,0xFF,0xF8,0x4D,0xFF,0xF8,0x4D,0xFF,0xF8,0x4D,0xFF,0xF8,0x4D,0xFF,0xF8,0x4D,
    0xFF,0xF8,0x4D,0xFF,0xF8,0x4D,0xFF,0xF8,0x4D,0xFF,0xF8,0x4D,0xFF,0xF8,0x4D,0xFF,
    0xF8,0x4D,0xFF,0xF8,0x4D,0xFF,0xF8,0x4D,0xFF,0xF8,0x4D,0xFF,0xF8,0x4D,0xFF,0xF8,
    0x4D,0xFF,0xF8,0x4D,0xFF,0xF8,0x4D,0xFF,0xF8,0x4D,0xFF,0xF8,0x4D,0xFF,0xF8,0x4D,
    0xFF,0xF8,0x4D,0xFF,0xF8,0x4D,0xFF,0xF8,0x4D,0xFF,0xF8,0x4D,0xFF,0xF8,0x4D,0xFF,
    0xF8,0x4D,0xFF,0xF8,0x4D,0xFF,0xF8,0x4D,0xFF,0xF8,0x4D,0xFF,0xF8,0x4D,0xFF,0xF8,
    0x4D,0xFF,0xF8,0x4D,0xFF,0xF8,0x4D,0xFF,0xF8,0x4D,0xFF,0xF8,0x4D,0xFF,0xF8,0x4D,
    0xFF,0xF8,0x4D,0xFF,0xF8,0x4D,0xFF,0xF8,0x4D,0xFF,0xF8,0x4D,0xFF,0xF8,0x4D,0xFF,
    0xF8,0x4D,0xFF,0xF8,0x4D,0xFF,0xF8,0x4D,0xFF,0xF8,0x4D,0xFF,0xF8,0x4D,0xFF,0xF8,
    0x4D,0xFF,0xF8,0x4D,0xFF,0xF8,0x4D,0xFF,0xF8,0x4D,0xFF,0xF8,0x4D,0xFF,0xF8,0x4D,
    0xFF,0xF8,0x4D,0xFF,0xF8,0x4D,0xFF,0xF8,0x4D,0xFF,0xF8,0x4D,0xFF,0xF8,0x4D,0xFF,
    0xF8,0x4D,0xFF,0xF8,0x4D,0xFF,0xF8,0x4D,0xFF,0xF8,0x4D,0xFF,0xF8,0x4D,0xFF,0xF8,
    0x4D,0xFF,0xF8,0x4D,0xFF,0xF8,0x4D,0xFF,0xF8,0x4D,0xFF,0xF8,0x4D,0xFF,0xF8,0x4D,
    0xFF,0xF8,0x4D,0xFF,0xF8,0x4D,0xFF,0xF8,0x4D,0xFF,0xF8,0x4D,0xFF,0xF8,0x4D,0xFF,
    0xF8,0x4D,0xFF,0xF8,0x4D,0xFF,0xF8,0x4D,0xFF,0x19,0x4E,0xFF,0x15,0x4D,0xFF,0xC9,
    0x5A,0xFF,0x0B,0x9F,0xFF,0xAF,0xCF,0xFF,0x0B,0x9F,0xFF,0xEA,0x96,0xFF,0x06,0x7E,
    0xFF,0xC9,0x8E,0xFF,0xE6,0x75,0xFF,0xC5,0x75,0xFF,0xC5,0x75,0xFF,0xC5,0x75,0xFF,
    0xC5,0x75,0xFF,0xC5,0x75,0xFF,0xC5,0x75,0xFF,0xC5,0x75,0xFF,0xC5,0x75,0xFF,0xC5,
    0x75,0xFF,0xC5,0x75,0xFF,0xC5,0x75,0xFF,0xC5,0x75,0xFF,0xC5,0x75,0xFF,0xC5,0x75,
    0xFF,0xE5,0x75,0xFF,0x84,0x5C,0xFF,0x25,0x65,0xFF,0x84,0x5C,0xFF,0xE3,0x4B,0xFF,
    0x65,0x52,0xFF,0x73,0x4C,0xFF,0x39,0x4E,0xFF,0xD8,0x4D,0xFF,0xF8,0x4D,0xFF,0xF8,
    0x4D,0xFF,0xF8,0x4D,0xFF,0xF8,0x4D,0xFF,0xF8,0x4D,0xFF,0xF8,0x4D,0xFF,0xF8,0x4D,
    0xFF,0xF8,0x4D,0xFF,0xF8,0x4D,0xFF,0xF8,0x4D,0xFF,0xF8,0x4D,0xFF,0xF8,0x4D,0xFF,
    0xF8,0x4D,0xFF,0xF8,0x4D,0xFF,0xF8,0x4D,0xFF,0xF8,0x4D,0xFF,0xF8,0x4D,0xFF,0xF8,
    0x4D,0xFF,0xF8,0x4D,0xFF,0xF8,0x4D,0xFF,0xF8,0x4D,0xFF,0xF8,0x4D,0xFF,0xF8,0x4D,
    0xFF,0xF8,0x4D,0xFF,0xF8,0x4D,0xFF,0xF8,0x4D,0xFF,0xF8,0x4D,0xFF,0xF8,0x4D,0xFF,
    0xF8,0x4D,0xFF,0xF8,0x4D,0xFF,0xF8,0x4D,0xFF,0xF8,0x4D,0xFF,0xF8,0x4D,0xFF,0xF8,
    0x4D,0xFF,0xF8,0x4D,0xFF,0xF8,0x4D,0xFF,0xF8,0x4D,0xFF,0xF8,0x4D,0xFF,0xF8,0x4D,
    0xFF,0xF8,0x4D,0xFF,0xF8,0x4D,0xFF,0xF8,0x4D,0xFF,0xF8,0x4D,0xFF,0xF8,0x4D,0xFF,
    0xF8,0x4D,0xFF,0xF8,0x4D,0xFF,0xF8,0x4D,0xFF,0xF8,0x4D,0xFF,0xF8,0x4D,0xFF,0xF8,
    0x4D,0xFF,0xF8,0x4D,0xFF,0xF8,0x4D,0xFF,0xF8,0x4D,0xFF,0xF8,0x4D,0xFF,0xF8,0x4D,
    0xFF,0xF8,0x4D,0xFF,0xF8,0x4D,0xFF,0xF8,0x4D,0xFF,0xF8,0x4D,0xFF,0xF8,0x4D,0xFF,
    0xF8,0x4D,0xFF,0xF8,0x4D,0xFF,0xF8,0x4D,0xFF,0xF8,0x4D,0xFF,0xF8,0x4D,0xFF,0xF8,
    0x4D,0xFF,0xF8,0x4D,0xFF,0xF8,0x4D,0xFF,0xF8,0x4D,0xFF,0xF8,0x4D,0xFF,0xF8,0x4D,
    0xFF,0xF8,0x4D,0xFF,0xF8,0x4D,0xFF,0xF8,0x4D,0xFF,0xF8,0x4D,0xFF,0xF8,0x4D,0xFF,
    0xF8,0x4D,0xFF,0xF8,0x4D,0xFF,0xF8,0x4D,0xFF,0xF8,0x4D,0xFF,0xF8,0x4D,0xFF,0xF8,
    0x4D,0xFF,0xF8,0x4D,0xFF,0xF8,0x4D,0xFF,0xF8,0x4D,0xFF,0xF8,0x4D,0xFF,0xF8,0x4D,
    0xFF,0xF8,0x4D,0xFF,0xF8,0x4D,0xFF,0xF8,0x4D,0xFF,0xF8,0x4D,0xFF,0xF8,0x4D,0xFF,
    0xF8,0x4D,0xFF,0xF8,0x4D,0xFF,0xF8,0x4D,0xFF,0xF8,0x4D,0xFF,0xF8,0x4D,0xFF,0xF8,
    0x4D,0xFF,0xF8,0x4D,0xFF,0xF8,0x4D,0xFF,0xF8,0x4D,0xFF,0xF8,0x4D,0xFF,0xF8,0x4D,
    0xFF,0xF8,0x4D,0xFF,0xF8,0x4D,0xFF,0xF8,0x4D,0xFF,0xF8,0x4D,0xFF,0xF8,0x4D,0xFF,
    0xF8,0x4D,0xFF,0xF8,0x4D,0xFF,0xF8,0x4D,0xFF,0xF8,0x4D,0xFF,0xF8,0x4D,0xFF,0xF8,
    0x4D,0xFF,0xF8,0x4D,0xFF,0xF8,0x4D,0xFF,0xF8,0x4D,0xFF,0xF8,0x4D,0xFF,0xF8,0x4D,
    0xFF,0xF8,0x4D,0xFF,0xF8,0x4D,0xFF,0xF8,0x4D,0xFF,0xF8,0x4D,0xFF,0xF8,0x4D,0xFF,
    0xF8,0x4D,0xFF,0xF8,0x4D,0xFF,0xF8,0x4D,0xFF,0xF8,0x4D,0xFF,0xF8,0x4D,0xFF,0xF8,
    0x4D,0xFF,0xF8,0x4D,0xFF,0xF8,0x4D,0xFF,0xF8,0x4D,0xFF,0xF8,0x4D,0xFF,0xF8,0x4D,
    0xFF,0xF8,0x4D,0xFF,0xF8,0x4D,0xFF,0xF8,0x4D,0xFF,0xF8,0x4D,0xFF,0xF8,0x4D,0xFF,
    0xF8,0x4D,0xFF,0xF8,0x4D,0xFF,0xF8,0x4D,0xFF,0xF8,0x4D,0xFF,0xF8,0x4D,0xFF,0xF8,
    0x4D,0xFF,0xF8,0x4D,0xFF,0x39,0x4E,0xFF,0x36,0x4D,0xFF,0xE9,0x5A,0xFF,0x6B,0xA7,
    0xFF,0xF0,0xD7,0xFF,0x8B,0xA7,0xFF,0x4A,0x97,0xFF,0x66,0x7E,0xFF,0x29,0x97,0xFF,
    0x45,0x7E,0xFF,0x05,0x76,0xFF,0x25,0x76,0xFF,0x25,0x76,0xFF,0x25,0x76,0xFF,0x25,
    0x76,0xFF,0x25,0x76,0xFF,0x25,0x76,0xFF,0x25,0x76,0xFF,0x25,0x76,0xFF,0x25,0x76,
    0xFF,0x25,0x76,0xFF,0x25,0x76,0xFF,0x25,0x76,0xFF,0x05,0x76,0xFF,0x45,0x76,0xFF,
    0xC4,0x5C,0xFF,0x64,0x6D,0xFF,0xC4,0x5C,0xFF,0x03,0x4C,0xFF,0x65,0x52,0xFF,0x94,
    0x4C,0xFF,0x59,0x4E,0xFF,0xD8,0x4D,0xFF,0xF8,0x4D,0xFF,0xF8,0x4D,0xFF,0xF8,0x4D,
    0xFF,0xF8,0x4D,0xFF,0xF8,0x4D,0xFF,0xF8,0x4D,0xFF,0xF8,0x4D,0xFF,0xF8,0x4D,0xFF,
    0xF8,0x4D,0xFF,0xF8,0x4D,0xFF,0xF8,0x4D,0xFF,0xF8,0x4D,0xFF,0xF8,0x4D,0xFF,0xF8,
    0x4D,0xFF,0xF8,0x4D,0xFF,0xF8,0x4D,0xFF,0xF8,0x4D,0xFF,0xF8,0x4D,0xFF,0xF8,0x4D,
    0xFF,0xF8,0x4D,0xFF,0xF8,0x4D,0xFF,0xF8,0x4D,0xFF,0xF8,0x4D,0xFF,0xF8,0x4D,0xFF,
    0xF8,0x4D,0xFF,0xF8,0x4D,0xFF,0xF8,0x4D,0xFF,0xF8,0x4D,0xFF,0xF8,0x4D,0xFF,0xF8,
    0x4D,0xFF,0xF8,0x4D,0xFF,0xF8,0x4D,0xFF,0xF8,0x4D,0xFF,0xF8,0x4D,0xFF,0xF8,0x4D,
    0xFF,0xF8,0x4D,0xFF,0xF8,0x4D,0xFF,0xF8,0x4D,0xFF,0xF8,0x4D,0xFF,0xF8,0x4D,0xFF,
    0xF8,0x4D,0xFF,0xF8,0x4D,0xFF,0xF8,0x4D,0xFF,0xF8,0x4D,0xFF,0xF8,0x4D,0xFF,0xF8,
    0x4D,0xFF,0xF8,0x4D,0xFF,0xF8,0x4D,0xFF,0xF8,0x4D,0xFF,0xF8,0x4D,0xFF,0xF8,0x4D,
    0xFF,0xF8,0x4D,0xFF,0xF8,0x4D,0xFF,0xF8,0x4D,0xFF,0xF8,0x4D,0xFF,0xF8,0x4D,0xFF,
    0xF8,0x4D,0xFF,0xF8,0x4D,0xFF,0xF8,0x4D,0xFF,0xF8,0x4D,0xFF,0xF8,0x4D,0xFF,0xF8,
    0x4D,0xFF,0xF8,0x4D,0xFF,0xF8,0x4D,0xFF,0xF8,0x4D,0xFF,0xF8,0x4D,0xFF,0xF8,0x4D,
    0xFF,0xF8,0x4D,0xFF,0xF8,0x4D,0xFF,0xF8,0x4D,0xFF,0xF8,0x4D,0xFF,0xF8,0x4D,0xFF,
    0xF8,0x4D,0xFF,0xF8,0x4D,0xFF,0xF8,0x4D,0xFF,0xF8,0x4D,0xFF,0xF8,0x4D,0xFF,0xF8,
    0x4D,0xFF,0xF8,0x4D,0xFF,0xF8,0x4D,0xFF,0xF8,0x4D,0xFF,0xF8,0x4D,0xFF,0xF8,0x4D,
    0xFF,0xF8,0x4D,0xFF,0xF8,0x4D,0xFF,0xF8,0x4D,0xFF,0xF8,0x4D,0xFF,0xF8,0x4D,0xFF,
    0xF8,0x4D,0xFF,0xF8,0x4D,0xFF,0xF8,0x4D,0xFF,0xF8,0x4D,0xFF,0xF8,0x4D,0xFF,0xF8,
    0x4D,0xFF,0xF8,0x4D,0xFF,0xF8,0x4D,0xFF,0xF8,0x4D,0xFF,0xF8,0x4D,0xFF,0xF8,0x4D,
    0xFF,0xF8,0x4D,0xFF,0xF8,0x4D,0xFF,0xF8,0x4D,0xFF,0xF8,0x4D,0xFF,0xF8,0x4D,0xFF,
    0xF8,0x4D,0xFF,0xF8,0x4D,0xFF,0xF8,0x4D,0xFF,0xF8,0x4D,0xFF,0xF8,0x4D,0xFF,0xF8,
    0x4D,0xFF,0xF8,0x4D,0xFF,0xF8,0x4D,0xFF,0xF8,0x4D,0xFF,0xF8,0x4D,0xFF,0xF8,0x4D,
    0xFF,0xF8,0x4D,0xFF,0xF8,0x4D,0xFF,0xF8,0x4D,0xFF,0xF8,0x4D,0xFF,0xF8,0x4D,0xFF,
    0xF8,0x4D,0xFF,0xF8,0x4D,0xFF,0xF8,0x4D,0xFF,0xF8,0x4D,0xFF,0xF8,0x4D,0xFF,0xF8,
    0x4D,0xFF,0xF8,0x4D,0xFF,0xF8,0x4D,0xFF,0xF8,0x4D,0xFF,0xF8,0x4D,0xFF,0xF8,0x4D,
    0xFF,0xF8,0x4D,0xFF,0xF8,0x4D,0xFF,0xF8,0x4D,0xFF,0xF8,0x4D,0xFF,0xF8,0x4D,0xFF,
    0xF8,0x4D,0xFF,0xF8,0x4D,0xFF,0xF8,0x4D,0xFF,0xF8,0x4D,0xFF,0xF8,0x4D,0xFF,0xF8,
    0x4D,0xFF,0xF8,0x4D,0xFF,0xF8,0x4D,0xFF,0xF8,0x4D,0xFF,0xF8,0x4D,0xFF,0xF8,0x4D,
    0xFF,0xF8,0x4D,0xFF,0x32,0x4C,0xFF,0x48,0x52,0xFF,0x6A,0x85,0xFF,0xCD,0xAD,0xFF,
    0x8A,0x85,0xFF,0x6A,0x85,0xFF,0xC7,0x6C,0xFF,0x49,0x7D,0xFF,0xC7,0x6C,0xFF,0xA6,
    0x6C,0xFF,0xA6,0x6C,0xFF,0xA6,0x6C,0xFF,0xA6,0x6C,0xFF,0xA6,0x6C,0xFF,0xA6,0x6C,
    0xFF,0xA6,0x6C,0xFF,0xA6,0x6C,0xFF,0xA6,0x6C,0xFF,0xA6,0x6C,0xFF,0xA6,0x6C,0xFF,
    0xA6,0x6C,0xFF,0xA6,0x6C,0xFF,0x86,0x64,0xFF,0xC6,0x6C,0xFF,0xA5,0x53,0xFF,0x26,
    0x64,0xFF,0xA5,0x5B,0xFF,0x45,0x4B,0xFF,0x26,0x52,0xFF,0x90,0x4B,0xFF,0xD7,0x4D,
    0xFF,0xF8,0x4D,0xFF,0xF8,0x4D,0xFF,0xF8,0x4D,0xFF,0xF8,0x4D,0xFF,0xF8,0x4D,0xFF,
    0xF8,0x4D,0xFF,0xF8,0x4D,0xFF,0xF8,0x4D,0xFF,0xF8,0x4D,0xFF,0xF8,0x4D,0xFF,0xF8,
    0x4D,0xFF,0xF8,0x4D,0xFF,0xF8,0x4D,0xFF,0xF8,0x4D,0xFF,0xF8,0x4D,0xFF,0xF8,0x4D,
    0xFF,0xF8,0x4D,0xFF,0xF8,0x4D,0xFF,0xF8,0x4D,0xFF,0xF8,0x4D,0xFF,0xF8,0x4D,0xFF,
    0xF8,0x4D,0xFF,0xF8,0x4D,0xFF,0xF8,0x4D,0xFF,0xF8,0x4D,0xFF,0xF8,0x4D,0xFF,0xF8,
    0x4D,0xFF,0xF8,0x4D,0xFF,0xF8,0x4D,0xFF,0xF8,0x4D,0xFF,0xF8,0x4D,0xFF,0xF8,0x4D,
    0xFF,0xF8,0x4D,0xFF,0xF8,0x4D,0xFF,0xF8,0x4D,0xFF,0xF8,0x4D,0xFF,0xF8,0x4D,0xFF,
    0xF8,0x4D,0xFF,0xF8,0x4D,0xFF,0xF8,0x4D,0xFF,0xF8,0x4D,0xFF,0xF8,0x4D,0xFF,0xF8,
    0x4D,0xFF,0xF8,0x4D,0xFF,0xF8,0x4D,0xFF,0xF8,0x4D,0xFF,0xF8,0x4D,0xFF,0xF8,0x4D,
    0xFF,0xF8,0x4D,0xFF,0xF8,0x4D,0xFF,0xF8,0x4D,0xFF,0xF8,0x4D,0xFF,0xF8,0x4D,0xFF,
    0xF8,0x4D,0xFF,0xF8,0x4D,0xFF,0xF8,0x4D,0xFF,0xF8,0x4D,0xFF,0xF8,0x4D,0xFF,0xF8,
    0x4D,0xFF,0xF8,0x4D,0xFF,0xF8,0x4D,0xFF,0xF8,0x4D,0xFF,0xF8,0x4D,0xFF,0xF8,0x4D,
    0xFF,0xF8,0x4D,0xFF,0xF8,0x4D,0xFF,0xF8,0x4D,0xFF,0xF8,0x4D,0xFF,0xF8,0x4D,0xFF,
    0xF8,0x4D,0xFF,0xF8,0x4D,0xFF,0xF8,0x4D,0xFF,0xF8,0x4D,0xFF,0xF8,0x4D,0xFF,0xF8,
    0x4D,0xFF,0xF8,0x4D,0xFF,0xF8,0x4D,0xFF,0xF8,0x4D,0xFF,0xF8,0x4D,0xFF,0xF8,0x4D,
    0xFF,0xF8,0x4D,0xFF,0xF8,0x4D,0xFF,0xF8,0x4D,0xFF,0xF8,0x4D,0xFF,0xF8,0x4D,0xFF,
    0xF8,0x4D,0xFF,0xF8,0x4D,0xFF,0xF8,0x4D,0xFF,0xF8,0x4D,0xFF,0xF8,0x4D,0xFF,0xF8,
    0x4D,0xFF,0xF8,0x4D,0xFF,0xF8,0x4D,0xFF,0xF8,0x4D,0xFF,0xF8,0x4D,0xFF,0xF8,0x4D,
    0xFF,0xF8,0x4D,0xFF,0xF8,0x4D,0xFF,0xF8,0x4D,0xFF,0xF8,0x4D,0xFF,0xF8,0x4D,0xFF,
    0xF8,0x4D,0xFF,0xF8,0x4D,0xFF,0xF8,0x4D,0xFF,0xF8,0x4D,0xFF,0xF8,0x4D,0xFF,0xF8,
    0x4D,0xFF,0xF8,0x4D,0xFF,0xF8,0x4D,0xFF,0xF8,0x4D,0xFF,0xF8,0x4D,0xFF,0xF8,0x4D,
    0xFF,0xF8,0x4D,0xFF,0xF8,0x4D,0xFF,0xF8,0x4D,0xFF,0xF8,0x4D,0xFF,0xF8,0x4D,0xFF,
    0xF8,0x4D,0xFF,0xF8,0x4D,0xFF,0xF8,0x4D,0xFF,0xF8,0x4D,0xFF,0xF8,0x4D,0xFF,0xF8,
    0x4D,0xFF,0xF8,0x4D,0xFF,0xF8,0x4D,0xFF,0xF8,0x4D,0xFF,0xF8,0x4D,0xFF,0xF8,0x4D,
    0xFF,0xF8,0x4D,0xFF,0xF8,0x4D,0xFF,0xF8,0x4D,0xFF,0xF8,0x4D,0xFF,0xF8,0x4D,0xFF,
    0xF8,0x4D,0xFF,0xF8,0x4D,0xFF,0xF8,0x4D,0xFF,0xF8,0x4D,0xFF,0xF8,0x4D,0xFF,0xF8,
    0x4D,0xFF,0xF8,0x4D,0xFF,0xF8,0x4D,0xFF,0xF8,0x4D,0xFF,0xF8,0x4D,0xFF,0xF8,0x4D,
    0xFF,0xF8,0x4D,0xFF,0xF8,0x4D,0xFF,0xF8,0x4D,0xFF,0x18,0x4E,0xFF,0x15,0x4D,0xFF,
    0x48,0x52,0xFF,0x28,0x7D,0xFF,0xAC,0x95,0xFF,0xCC,0x9D,0xFF,0xCC,0x9D,0xFF,0x6B,
    0x95,0xFF,0xCC,0x9D,0xFF,0x6B,0x95,0xFF,0x6B,0x95,0xFF,0x6B,0x95,0xFF,0x6B,0x95,
    0xFF,0x6B,0x95,0xFF,0x6B,0x95,0xFF,0x6B,0x95,0xFF,0x6B,0x95,0xFF,0x6B,0x95,0xFF,
    0x6B,0x9D,0xFF,0x29,0x7D,0xFF,0x4A,0x8D,0xFF,0x49,0x85,0xFF,0x28,0x75,0xFF,0x28,
    0x7D,0xFF,0x28,0x7D,0xFF,0x28,0x75,0xFF,0x48,0x7D,0xFF,0xC8,0x74,0xFF,0x08,0x75,
    0xFF,0x87,0x6C,0xFF,0xC5,0x53,0xFF,0xE6,0x49,0xFF,0x73,0x4C,0xFF,0x39,0x4E,0xFF,
    0xF8,0x4D,0xFF,0xF8,0x4D,0xFF,0xF8,0x4D,0xFF,0xF8,0x4D,0xFF,0xF8,0x4D,0xFF,0xF8,
    0x4D,0xFF,0xF8,0x4D,0xFF,0xF8,0x4D,0xFF,0xF8,0x4D,0xFF,0xF8,0x4D,0xFF,0xF8,0x4D,
    0xFF,0xF8,0x4D,0xFF,0xF8,0x4D,0xFF,0xF8,0x4D,0xFF,0xF8,0x4D,0xFF,0xF8,0x4D,0xFF,
    0xF8,0x4D,0xFF,0xF8,0x4D,0xFF,0xF8,0x4D,0xFF,0xF8,0x4D,0xFF,0xF8,0x4D,0xFF,0xF8,
    0x4D,0xFF,0xF8,0x4D,0xFF,0xF8,0x4D,0xFF,0xF8,0x4D,0xFF,0xF8,0x4D,0xFF,0xF8,0x4D,
    0xFF,0xF8,0x4D,0xFF,0xF8,0x4D,0xFF,0xF8,0x4D,0xFF,0xF8,0x4D,0xFF,0xF8,0x4D,0xFF,
    0xF8,0x4D,0xFF,0xF8,0x4D,0xFF,0xF8,0x4D,0xFF,0xF8,0x4D,0xFF,0xF8,0x4D,0xFF,0xF8,
    0x4D,0xFF,0xF8,0x4D,0xFF,0xF8,0x4D,0xFF,0xF8,0x4D,0xFF,0xF8,0x4D,0xFF,0xF8,0x4D,
    0xFF,0xF8,0x4D,0xFF,0xF8,0x4D,0xFF,0xF8,0x4D,0xFF,0xF8,0x4D,0xFF,0xF8,0x4D,0xFF,
    0xF8,0x4D,0xFF,0xF8,0x4D,0xFF,0xF8,0x4D,0xFF,0xF8,0x4D,0xFF,0xF8,0x4D,0xFF,0xF8,
    0x4D,0xFF,0xF8,0x4D,0xFF,0xF8,0x4D,0xFF,0xF8,0x4D,0xFF,0xF8,0x4D,0xFF,0xF8,0x4D,
    0xFF,0xF8,0x4D,0xFF,0xF8,0x4D,0xFF,0xF8,0x4D,0xFF,0xF8,0x4D,0xFF,0xF8,0x4D,0xFF,
    0xF8,0x4D,0xFF,0xF8,0x4D,0xFF,0xF8,0x4D,0xFF,0xF8,0x4D,0xFF,0xF8,0x4D,0xFF,0xF8,
    0x4D,0xFF,0xF8,0x4D,0xFF,0xF8,0x4D,0xFF,0xF8,0x4D,0xFF,0xF8,0x4D,0xFF,0xF8,0x4D,
    0xFF,0xF8,0x4D,0xFF,0xF8,0x4D,0xFF,0xF8,0x4D,0xFF,0xF8,0x4D,0xFF,0xF8,0x4D,0xFF,
    0xF8,0x4D,0xFF,0xF8,0x4D,0xFF,0xF8,0x4D,0xFF,0xF8,0x4D,0xFF,0xF8,0x4D,0xFF,0xF8,
    0x4D,0xFF,0xF8,0x4D,0xFF,0xF8,0x4D,0xFF,0xF8,0x4D,0xFF,0xF8,0x4D,0xFF,0xF8,0x4D,
    0xFF,0xF8,0x4D,0xFF,0xF8,0x4D,0xFF,0xF8,0x4D,0xFF,0xF8,0x4D,0xFF,0xF8,0x4D,0xFF,
    0xF8,0x4D,0xFF,0xF8,0x4D,0xFF,0xF8,0x4D,0xFF,0xF8,0x4D,0xFF,0xF8,0x4D,0xFF,0xF8,
    0x4D,0xFF,0xF8,0x4D,0xFF,0xF8,0x4D,0xFF,0xF8,0x4D,0xFF,0xF8,0x4D,0xFF,0xF8,0x4D,
    0xFF,0xF8,0x4D,0xFF,0xF8,0x4D,0xFF,0xF8,0x4D,0xFF,0xF8,0x4D,0xFF,0xF8,0x4D,0xFF,
    0xF8,0x4D,0xFF,0xF8,0x4D,0xFF,0xF8,0x4D,0xFF,0xF8,0x4D,0xFF,0xF8,0x4D,0xFF,0xF8,
    0x4D,0xFF,0xF8,0x4D,0xFF,0xF8,0x4D,0xFF,0xF8,0x4D,0xFF,0xF8,0x4D,0xFF,0xF8,0x4D,
    0xFF,0xF8,0x4D,0xFF,0xF8,0x4D,0xFF,0xF8,0x4D,0xFF,0xF8,0x4D,0xFF,0xF8,0x4D,0xFF,
    0xF8,0x4D,0xFF,0xF8,0x4D,0xFF,0xF8,0x4D,0xFF,0xF8,0x4D,0xFF,0xF8,0x4D,0xFF,0xF8,
    0x4D,0xFF,0xF8,0x4D,0xFF,0xF8,0x4D,0xFF,0xF8,0x4D,0xFF,0xF8,0x4D,0xFF,0xF8,0x4D,
    0xFF,0xF8,0x4D,0xFF,0xF8,0x4D,0xFF,0xF8,0x4D,0xFF,0xF8,0x4D,0xFF,0xF8,0x4D,0xFF,
    0xF8,0x4D,0xFF,0xF8,0x4D,0xFF,0x18,0x4E,0xFF,0x15,0x4D,0xFF,0xC9,0x5A,0xFF,0x6C,
    0xAF,0xFF,0xF0,0xDF,0xFF,0x8B,0xA7,0xFF,0x29,0x97,0xFF,0x46,0x7E,0xFF,0x29,0x97,
    0xFF,0x46,0x7E,0xFF,0x05,0x76,0xFF,0x25,0x76,0xFF,0x25,0x76,0xFF,0x25,0x76,0xFF,
    0x25,0x76,0xFF,0x25,0x76,0xFF,0x25,0x76,0xFF,0x25,0x76,0xFF,0x25,0x76,0xFF,0x25,
    0x76,0xFF,0x25,0x76,0xFF,0x25,0x76,0xFF,0x25,0x76,0xFF,0x25,0x76,0xFF,0x25,0x76,
    0xFF,0x05,0x76,0xFF,0x45,0x76,0xFF,0xA4,0x5C,0xFF,0x84,0x6D,0xFF,0xC4,0x5C,0xFF,
    0x23,0x4C,0xFF,0x66,0x52,0xFF,0x73,0x4C,0xFF,0x39,0x4E,0xFF,0xF8,0x4D,0xFF,0xF8,
    0x4D,0xFF,0xF8,0x4D,0xFF,0xF8,0x4D,0xFF,0xF8,0x4D,0xFF,0xF8,0x4D,0xFF,0xF8,0x4D,
    0xFF,0xF8,0x4D,0xFF,0xF8,0x4D,0xFF,0xF8,0x4D,0xFF,0xF8,0x4D,0xFF,0xF8,0x4D,0xFF,
    0xF8,0x4D,0xFF,0xF8,0x4D,0xFF,0xF8,0x4D,0xFF,0xF8,0x4D,0xFF,0xF8,0x4D,0xFF,0xF8,
    0x4D,0xFF,0xF8,0x4D,0xFF,0xF8,0x4D,0xFF,0xF8,0x4D,0xFF,0xF8,0x4D,0xFF,0xF8,0x4D,
    0xFF,0xF8,0x4D,0xFF,0xF8,0x4D,0xFF,0xF8,0x4D,0xFF,0xF8,0x4D,0xFF,0xF8,0x4D,0xFF,
    0xF8,0x4D,0xFF,0xF8,0x4D,0xFF,0xF8,0x4D,0xFF,0xF8,0x4D,0xFF,0xF8,0x4D,0xFF,0xF8,
    0x4D,0xFF,0xF8,0x4D,0xFF,0xF8,0x4D,0xFF,0xF8,0x4D,0xFF,0xF8,0x4D,0xFF,0xF8,0x4D,
    0xFF,0xF8,0x4D,0xFF,0xF8,0x4D,0xFF,0xF8,0x4D,0xFF,0xF8,0x4D,0xFF,0xF8,0x4D,0xFF,
    0xF8,0x4D,0xFF,0xF8,0x4D,0xFF,0xF8,0x4D,0xFF,0xF8,0x4D,0xFF,0xF8,0x4D,0xFF,0xF8,
    0x4D,0xFF,0xF8,0x4D,0xFF,0xF8,0x4D,0xFF,0xF8,0x4D,0xFF,0xF8,0x4D,0xFF,0xF8,0x4D,
    0xFF,0xF8,0x4D,0xFF,0xF8,0x4D,0xFF,0xF8,0x4D,0xFF,0xF8,0x4D,0xFF,0xF8,0x4D,0xFF,
    0xF8,0x4D,0xFF,0xF8,0x4D,0xFF,0xF8,0x4D,0xFF,0xF8,0x4D,0xFF,0xF8,0x4D,0xFF,0xF8,
    0x4D,0xFF,0xF8,0x4D,0xFF,0xF8,0x4D,0xFF,0xF8,0x4D,0xFF,0xF8,0x4D,0xFF,0xF8,0x4D,
    0xFF,0xF8,0x4D,0xFF,0xF8,0x4D,0xFF,0xF8,0x4D,0xFF,0xF8,0x4D,0xFF,0xF8,0x4D,0xFF,
    0xF8,0x4D,0xFF,0xF8,0x4D,0xFF,0xF8,0x4D,0xFF,0xF8,0x4D,0xFF,0xF8,0x4D,0xFF,0xF8,
    0x4D,0xFF,0xF8,0x4D,0xFF,0xF8,0x4D,0xFF,0xF8,0x4D,0xFF,0xF8,0x4D,0xFF,0xF8,0x4D,
    0xFF,0xF8,0x4D,0xFF,0xF8,0x4D,0xFF,0xF8,0x4D,0xFF,0xF8,0x4D,0xFF,0xF8,0x4D,0xFF,
    0xF8,0x4D,0xFF,0xF8,0x4D,0xFF,0xF8,0x4D,0xFF,0xF8,0x4D,0xFF,0xF8,0x4D,0xFF,0xF8,
    0x4D,0xFF,0xF8,0x4D,0xFF,0xF8,0x4D,0xFF,0xF8,0x4D,0xFF,0xF8,0x4D,0xFF,0xF8,0x4D,
    0xFF,0xF8,0x4D,0xFF,0xF8,0x4D,0xFF,0xF8,0x4D,0xFF,0xF8,0x4D,0xFF,0xF8,0x4D,0xFF,
    0xF8,0x4D,0xFF,0xF8,0x4D,0xFF,0xF8,0x4D,0xFF,0xF8,0x4D,0xFF,0xF8,0x4D,0xFF,0xF8,
    0x4D,0xFF,0xF8,0x4D,0xFF,0xF8,0x4D,0xFF,0xF8,0x4D,0xFF,0xF8,0x4D,0xFF,0xF8,0x4D,
    0xFF,0xF8,0x4D,0xFF,0xF8,0x4D,0xFF,0xF8,0x4D,0xFF,0xF8,0x4D,0xFF,0xF8,0x4D,0xFF,
    0xF8,0x4D,0xFF,0xF8,0x4D,0xFF,0xF8,0x4D,0xFF,0xF8,0x4D,0xFF,0xF8,0x4D,0xFF,0xF8,
    0x4D,0xFF,0xF8,0x4D,0xFF,0xF8,0x4D,0xFF,0xF8,0x4D,0xFF,0xF8,0x4D,0xFF,0xF8,0x4D,
    0xFF,0xF8,0x4D,0xFF,0xF8,0x4D,0xFF,0xF8,0x4D,0xFF,0xF8,0x4D,0xFF,0xF8,0x4D,0xFF,
    0xF8,0x4D,0xFF,0xF8,0x4D,0xFF,0xF8,0x4D,0xFF,0xF8,0x4D,0xFF,0xF8,0x4D,0xFF,0xF8,
    0x4D,0xFF,0x18,0x4E,0xFF,0x15,0x4D,0xFF,0xA9,0x5A,0xFF,0x0B,0xA7,0xFF,0x90,0xD7,
    0xFF,0x0B,0x9F,0xFF,0xC9,0x8E,0xFF,0xE6,0x75,0xFF,0xA9,0x8E,0xFF,0xE6,0x75,0xFF,
    0xC5,0x6D,0xFF,0xC5,0x75,0xFF,0xC5,0x75,0xFF,0xC5,0x75,0xFF,0xC5,0x75,0xFF,0xC5,
    0x75,0xFF,0xC5,0x75,0xFF,0xC5,0x75,0xFF,0xC5,0x75,0xFF,0xC5,0x75,0xFF,0xC5,0x75,
    0xFF,0xC5,0x75,0xFF,0xC5,0x75,0xFF,0xC5,0x75,0xFF,0xC5,0x75,0xFF,0xC5,0x75,0xFF,
    0xE5,0x75,0xFF,0x64,0x5C,0xFF,0x45,0x65,0xFF,0x84,0x5C,0xFF,0xE3,0x4B,0xFF,0x46,
    0x52,0xFF,0x73,0x4C,0xFF,0x39,0x4E,0xFF,0xF8,0x4D,0xFF,0xF8,0x4D,0xFF,0xF8,0x4D,
    0xFF,0xF8,0x4D,0xFF,0xF8,0x4D,0xFF,0xF8,0x4D,0xFF,0xF8,0x4D,0xFF,0xF8,0x4D,0xFF,
    0xF8,0x4D,0xFF,0xF8,0x4D,0xFF,0xF8,0x4D,0xFF,0xF8,0x4D,0xFF,0xF8,0x4D,0xFF,0xF8,
    0x4D,0xFF,0xF8,0x4D,0xFF,0xF8,0x4D,0xFF,0xF8,0x4D,0xFF,0xF8,0x4D,0xFF,0xF8,0x4D,
    0xFF,0xF8,0x4D,0xFF,0xF8,0x4D,0xFF,0xF8,0x4D,0xFF,0xF8,0x4D,0xFF,0xF8,0x4D,0xFF,
    0xF8,0x4D,0xFF,0xF8,0x4D,0xFF,0xF8,0x4D,0xFF,0xF8,0x4D,0xFF,0xF8,0x4D,0xFF,0xF8,
    0x4D,0xFF,0xF8,0x4D,0xFF,0xF8,0x4D,0xFF,0xF8,0x4D,0xFF,0xF8,0x4D,0xFF,0xF8,0x4D,
    0xFF,0xF8,0x4D,0xFF,0xF8,0x4D,0xFF,0xF8,0x4D,0xFF,0xF8,0x4D,0xFF,0xF8,0x4D,0xFF,
    0xF8,0x4D,0xFF,0xF8,0x4D,0xFF,0xF8,0x4D,0xFF,0xF8,0x4D,0xFF,0xF8,0x4D,0xFF,0xF8,
    0x4D,0xFF,0xF8,0x4D,0xFF,0xF8,0x4D,0xFF,0xF8,0x4D,0xFF,0xF8,0x4D,0xFF,0xF8,0x4D,
    0xFF,0xF8,0x4D,0xFF,0xF8,0x4D,0xFF,0xF8,0x4D,0xFF,0xF8,0x4D,0xFF,0xF8,0x4D,0xFF,
    0xF8,0x4D,0xFF,0xF8,0x4D,0xFF,0xF8,0x4D,0xFF,0xF8,0x4D,0xFF,0xF8,0x4D,0xFF,0xF8,
    0x4D,0xFF,0xF8,0x4D,0xFF,0xF8,0x4D,0xFF,0xF8,0x4D,0xFF,0xF8,0x4D,0xFF,0xF8,0x4D,
    0xFF,0xF8,0x4D,0xFF,0xF8,0x4D,0xFF,0xF8,0x4D,0xFF,0xF8,0x4D,0xFF,0xF8,0x4D,0xFF,
    0xF8,0x4D,0xFF,0xF8,0x4D,0xFF,0xF8,0x4D,0xFF,0xF8,0x4D,0xFF,0xF8,0x4D,0xFF,0xF8,
    0x4D,0xFF,0xF8,0x4D,0xFF,0xF8,0x4D,0xFF,0xF8,0x4D,0xFF,0xF8,0x4D,0xFF,0xF8,0x4D,
    0xFF,0xF8,0x4D,0xFF,0xF8,0x4D,0xFF,0xF8,0x4D,0xFF,0xF8,0x4D,0xFF,0xF8,0x4D,0xFF,
    0xF8,0x4D,0xFF,0xF8,0x4D,0xFF,0xF8,0x4D,0xFF,0xF8,0x4D,0xFF,0xF8,0x4D,0xFF,0xF8,
    0x4D,0xFF,0xF8,0x4D,0xFF,0xF8,0x4D,0xFF,0xF8,0x4D,0xFF,0xF8,0x4D,0xFF,0xF8,0x4D,
    0xFF,0xF8,0x4D,0xFF,0xF8,0x4D,0xFF,0xF8,0x4D,0xFF,0xF8,0x4D,0xFF,0xF8,0x4D,0xFF,
    0xF8,0x4D,0xFF,0xF8,0x4D,0xFF,0xF8,0x4D,0xFF,0xF8,0x4D,0xFF,0xF8,0x4D,0xFF,0xF8,
    0x4D,0xFF,0xF8,0x4D,0xFF,0xF8,0x4D,0xFF,0xF8,0x4D,0xFF,0xF8,0x4D,0xFF,0xF8,0x4D,
    0xFF,0xF8,0x4D,0xFF,0xF8,0x4D,0xFF,0xF8,0x4D,0xFF,0xF8,0x4D,0xFF,0xF8,0x4D,0xFF,
    0xF8,0x4D,0xFF,0xF8,0x4D,0xFF,0xF8,0x4D,0xFF,0xF8,0x4D,0xFF,0xF8,0x4D,0xFF,0xF8,
    0x4D,0xFF,0xF8,0x4D,0xFF,0xF8,0x4D,0xFF,0xF8,0x4D,0xFF,0xF8,0x4D,0xFF,0xF8,0x4D,
    0xFF,0xF8,0x4D,0xFF,0xF8,0x4D,0xFF,0xF8,0x4D,0xFF,0xF8,0x4D,0xFF,0xF8,0x4D,0xFF,
    0xF8,0x4D,0xFF,0xF8,0x4D,0xFF,0xF8,0x4D,0xFF,0xF8,0x4D,0xFF,0xF8,0x4D,0xFF,0xF8,
    0x4D,0xFF,0xF8,0x4D,0xFF,0xF8,0x4D,0xFF,0xF8,0x4D,0xFF,0xF8,0x4D,0xFF,0x18,0x4E,
    0xFF,0x15,0x4D,0xFF,0xC9,0x5A,0xFF,0x6C,0xAF,0xFF,0xF1,0xDF,0xFF,0x8B,0xA7,0xFF,
    0x4A,0x97,0xFF,0x46,0x7E,0xFF,0x2A,0x97,0xFF,0x46,0x7E,0xFF,0x25,0x76,0xFF,0x25,
    0x76,0xFF,0x25,0x76,0xFF,0x25,0x76,0xFF,0x25,0x76,0xFF,0x25,0x76,0xFF,0x25,0x76,
    0xFF,0x25,0x76,0xFF,0x25,0x76,0xFF,0x25,0x76,0xFF,0x25,0x76,0xFF,0x25,0x76,0xFF,
    0x25,0x76,0xFF,0x25,0x76,0xFF,0x25,0x76,0xFF,0x25,0x76,0xFF,0x45,0x76,0xFF,0xA4,
    0x5C,0xFF,0x85,0x6D,0xFF,0xC4,0x5C,0xFF,0x23,0x4C,0xFF,0x66,0x52,0xFF,0x73,0x4C,
    0xFF,0x39,0x4E,0xFF,0xF8,0x4D,0xFF,0xF8,0x4D,0xFF,0xF8,0x4D,0xFF,0xF8,0x4D,0xFF,
    0xF8,0x4D,0xFF,0xF8,0x4D,0xFF,0xF8,0x4D,0xFF,0xF8,0x4D,0xFF,0xF8,0x4D,0xFF,0xF8,
    0x4D,0xFF,0xF8,0x4D,0xFF,0xF8,0x4D,0xFF,0xF8,0x4D,0xFF,0xF8,0x4D,0xFF,0xF8,0x4D,
    0xFF,0xF8,0x4D,0xFF,0xF8,0x4D,0xFF,0xF8,0x4D,0xFF,0xF8,0x4D,0xFF,0xF8,0x4D,0xFF,
    0xF8,0x4D,0xFF,0xF8,0x4D,0xFF,0xF8,0x4D,0xFF,0xF8,0x4D,0xFF,0xF8,0x4D,0xFF,0xF8,
    0x4D,0xFF,0xF8,0x4D,0xFF,0xF8,0x4D,0xFF,0xF8,0x4D,0xFF,0xF8,0x4D,0xFF,0xF8,0x4D,
    0xFF,0xF8,0x4D,0xFF,0xF8,0x4D,0xFF,0xF8,0x4D,0xFF,0xF8,0x4D,0xFF,0xF8,0x4D,0xFF,
    0xF8,0x4D,0xFF,0xF8,0x4D,0xFF,0xF8,0x4D,0xFF,0xF8,0x4D,0xFF,0xF8,0x4D,0xFF,0xF8,
    0x4D,0xFF,0xF8,0x4D,0xFF,0xF8,0x4D,0xFF,0xF8,0x4D,0xFF,0xF8,0x4D,0xFF,0xF8,0x4D,
    0xFF,0xF8,0x4D,0xFF,0xF8,0x4D,0xFF,0xF8,0x4D,0xFF,0xF8,0x4D,0xFF,0xF8,0x4D,0xFF,
    0xF8,0x4D,0xFF,0xF8,0x4D,0xFF,0xF8,0x4D,0xFF,0xF8,0x4D,0xFF,0xF8,0x4D,0xFF,0xF8,
    0x4D,0xFF,0xF8,0x4D,0xFF,0xF8,0x4D,0xFF,0xF8,0x4D,0xFF,0xF8,0x4D,0xFF,0xF8,0x4D,
    0xFF,0xF8,0x4D,0xFF,0xF8,0x4D,0xFF,0xF8,0x4D,0xFF,0xF8,0x4D,0xFF,0xF8,0x4D,0xFF,
    0xF8,0x4D,0xFF,0xF8,0x4D,0xFF,0xF8,0x4D,0xFF,0xF8,0x4D,0xFF,0xF8,0x4D,0xFF,0xF8,
    0x4D,0xFF,0xF8,0x4D,0xFF,0xF8,0x4D,0xFF,0xF8,0x4D,0xFF,0xF8,0x4D,0xFF,0xF8,0x4D,
    0xFF,0xF8,0x4D,0xFF,0xF8,0x4D,0xFF,0xF8,0x4D,0xFF,0xF8,0x4D,0xFF,0xF8,0x4D,0xFF,
    0xF8,0x4D,0xFF,0xF8,0x4D,0xFF,0xF8,0x4D,0xFF,0xF8,0x4D,0xFF,0xF8,0x4D,0xFF,0xF8,
    0x4D,0xFF,0xF8,0x4D,0xFF,0xF8,0x4D,0xFF,0xF8,0x4D,0xFF,0xF8,0x4D,0xFF,0xF8,0x4D,
    0xFF,0xF8,0x4D,0xFF,0xF8,0x4D,0xFF,0xF8,0x4D,0xFF,0xF8,0x4D,0xFF,0xF8,0x4D,0xFF,
    0xF8,0x4D,0xFF,0xF8,0x4D,0xFF,0xF8,0x4D,0xFF,0xF8,0x4D,0xFF,0xF8,0x4D,0xFF,0xF8,
    0x4D,0xFF,0xF8,0x4D,0xFF,0xF8,0x4D,0xFF,0xF8,0x4D,0xFF,0xF8,0x4D,0xFF,0xF8,0x4D,
    0xFF,0xF8,0x4D,0xFF,0xF8,0x4D,0xFF,0xF8,0x4D,0xFF,0xF8,0x4D,0xFF,0xF8,0x4D,0xFF,
    0xF8,0x4D,0xFF,0xF8,0x4D,0xFF,0xF8,0x4D,0xFF,0xF8,0x4D,0xFF,0xF8,0x4D,0xFF,0xF8,
    0x4D,0xFF,0xF8,0x4D,0xFF,0xF8,0x4D,0xFF,0xF8,0x4D,0xFF,0xF8,0x4D,0xFF,0xF8,0x4D,
    0xFF,0xF8,0x4D,0xFF,0xF8,0x4D,0xFF,0xF8,0x4D,0xFF,0xF8,0x4D,0xFF,0xF8,0x4D,0xFF,
    0xF8,0x4D,0xFF,0xF8,0x4D,0xFF,0xF8,0x4D,0xFF,0xF8,0x4D,0xFF,0xF8,0x4D,0xFF,0xF8,
    0x4D,0xFF,0xF8,0x4D,0xFF,0xF8,0x4D,0xFF,0xF8,0x4D,0xFF,0xF8,0x4D,0xFF,0xF8,0x4D,
    0xFF,0xF8,0x4D,0xFF,0xF8,0x4D,0xFF,0xF8,0x4D,0xFF,0x18,0x4E,0xFF,0x15,0x4D,0xFF,
    0x27,0x52,0xFF,0xC7,0x74,0xFF,0x09,0x8D,0xFF,0xC6,0x74,0xFF,0xA6,0x6C,0xFF,0x44,
    0x64,0xFF,0xA6,0x6C,0xFF,0x44,0x64,0xFF,0x24,0x5C,0xFF,0x44,0x64,0xFF,0x44,0x64,
    0xFF,0x44,0x64,0xFF,0x44,0x64,0xFF,0x44,0x64,0xFF,0x44,0x64,0xFF,0x44,0x64,0xFF,
    0x44,0x64,0xFF,0x44,0x64,0xFF,0x44,0x64,0xFF,0x44,0x64,0xFF,0x44,0x64,0xFF,0x44,
    0x64,0xFF,0x44,0x64,0xFF,0x24,0x64,0xFF,0x44,0x64,0xFF,0x83,0x53,0xFF,0xE4,0x5B,
    0xFF,0xA3,0x53,0xFF,0x63,0x53,0xFF,0xE5,0x51,0xFF,0x53,0x4C,0xFF,0x39,0x4E,0xFF,
    0xF8,0x4D,0xFF,0xF8,0x4D,0xFF,0xF8,0x4D,0xFF,0xF8,0x4D,0xFF,0xF8,0x4D,0xFF,0xF8,
    0x4D,0xFF,0xF8,0x4D,0xFF,0xF8,0x4D,0xFF,0xF8,0x4D,0xFF,0xF8,0x4D,0xFF,0xF8,0x4D,
    0xFF,0xF8,0x4D,0xFF,0xF8,0x4D,0xFF,0xF8,0x4D,0xFF,0xF8,0x4D,0xFF,0xF8,0x4D,0xFF,
    0xF8,0x4D,0xFF,0xF8,0x4D,0xFF,0xF8,0x4D,0xFF,0xF8,0x4D,0xFF,0xF8,0x4D,0xFF,0xF8,
    0x4D,0xFF,0xF8,0x4D,0xFF,0xF8,0x4D,0xFF,0xF8,0x4D,0xFF,0xF8,0x4D,0xFF,0xF8,0x4D,
    0xFF,0xF8,0x4D,0xFF,0xF8,0x4D,0xFF,0xF8,0x4D,0xFF,0xF8,0x4D,0xFF,0xF8,0x4D,0xFF,
    0xF8,0x4D,0xFF,0xF8,0x4D,0xFF,0xF8,0x4D,0xFF,0xF8,0x4D,0xFF,0xF8,0x4D,0xFF,0xF8,
    0x4D,0xFF,0xF8,0x4D,0xFF,0xF8,0x4D,0xFF,0xF8,0x4D,0xFF,0xF8,0x4D,0xFF,0xF8,0x4D,
    0xFF,0xF8,0x4D,0xFF,0xF8,0x4D,0xFF,0xF8,0x4D,0xFF,0xF8,0x4D,0xFF,0xF8,0x4D,0xFF,
    0xF8,0x4D,0xFF,0xF8,0x4D,0xFF,0xF8,0x4D,0xFF,0xF8,0x4D,0xFF,0xF8,0x4D,0xFF,0xF8,
    0x4D,0xFF,0xF8,0x4D,0xFF,0xF8,0x4D,0xFF,0xF8,0x4D,0xFF,0xF8,0x4D,0xFF,0xF8,0x4D,
    0xFF,0xF8,0x4D,0xFF,0xF8,0x4D,0xFF,0xF8,0x4D,0xFF,0xF8,0x4D,0xFF,0xF8,0x4D,0xFF,
    0xF8,0x4D,0xFF,0xF8,0x4D,0xFF,0xF8,0x4D,0xFF,0xF8,0x4D,0xFF,0xF8,0x4D,0xFF,0xF8,
    0x4D,0xFF,0xF8,0x4D,0xFF,0xF8,0x4D,0xFF,0xF8,0x4D,0xFF,0xF8,0x4D,0xFF,0xF8,0x4D,
    0xFF,0xF8,0x4D,0xFF,0xF8,0x4D,0xFF,0xF8,0x4D,0xFF,0xF8,0x4D,0xFF,0xF8,0x4D,0xFF,
    0xF8,0x4D,0xFF,0xF8,0x4D,0xFF,0xF8,0x4D,0xFF,0xF8,0x4D,0xFF,0xF8,0x4D,0xFF,0xF8,
    0x4D,0xFF,0xF8,0x4D,0xFF,0xF8,0x4D,0xFF,0xF8,0x4D,0xFF,0xF8,0x4D,0xFF,0xF8,0x4D,
    0xFF,0xF8,0x4D,0xFF,0xF8,0x4D,0xFF,0xF8,0x4D,0xFF,0xF8,0x4D,0xFF,0xF8,0x4D,0xFF,
    0xF8,0x4D,0xFF,0xF8,0x4D,0xFF,0xF8,0x4D,0xFF,0xF8,0x4D,0xFF,0xF8,0x4D,0xFF,0xF8,
    0x4D,0xFF,0xF8,0x4D,0xFF,0xF8,0x4D,0xFF,0xF8,0x4D,0xFF,0xF8,0x4D,0xFF,0xF8,0x4D,
    0xFF,0xF8,0x4D,0xFF,0xF8,0x4D,0xFF,0xF8,0x4D,0xFF,0xF8,0x4D,0xFF,0xF8,0x4D,0xFF,
    0xF8,0x4D,0xFF,0xF8,0x4D,0xFF,0xF8,0x4D,0xFF,0xF8,0x4D,0xFF,0xF8,0x4D,0xFF,0xF8,
    0x4D,0xFF,0xF8,0x4D,0xFF,0xF8,0x4D,0xFF,0xF8,0x4D,0xFF,0xF8,0x4D,0xFF,0xF8,0x4D,
    0xFF,0xF8,0x4D,0xFF,0xF8,0x4D,0xFF,0xF8,0x4D,0xFF,0xF8,0x4D,0xFF,0xF8,0x4D,0xFF,
    0xF8,0x4D,0xFF,0xF8,0x4D,0xFF,0xF8,0x4D,0xFF,0xF8,0x4D,0xFF,0xF8,0x4D,0xFF,0xF8,
    0x4D,0xFF,0xF8,0x4D,0xFF,0xF8,0x4D,0xFF,0xF8,0x4D,0xFF,0xF8,0x4D,0xFF,0xF8,0x4D,
    0xFF,0xF8,0x4D,0xFF,0xF8,0x4D,0xFF,0xF8,0x4D,0xFF,0xF8,0x4D,0xFF,0xF8,0x4D,0xFF,
    0xF8,0x4D,0xFF,0xF8,0x4D,0xFF,0xF8,0x4D,0xFF,0xB7,0x4D,0xFF,0x31,0x4C,0xFF,0x11,
    0x4C,0xFF,0xF0,0x43,0xFF,0x11,0x4C,0xFF,0x11,0x4C,0xFF,0x11,0x4C,0xFF,0x11,0x4C,
    0xFF,0x11,0x4C,0xFF,0x11,0x4C,0xFF,0x11,0x4C,0xFF,0x11,0x4C,0xFF,0x11,0x4C,0xFF,
    0x11,0x4C,0xFF,0x11,0x4C,0xFF,0x11,0x4C,0xFF,0x11,0x4C,0xFF,0x11,0x4C,0xFF,0x11,
    0x4C,0xFF,0x11,0x4C,0xFF,0x11,0x4C,0xFF,0x11,0x4C,0xFF,0x11,0x4C,0xFF,0x11,0x4C,
    0xFF,0x11,0x4C,0xFF,0x11,0x4C,0xFF,0x31,0x4C,0xFF,0x31,0x4C,0xFF,0x31,0x4C,0xFF,
    0x51,0x4C,0xFF,0x31,0x4C,0xFF,0x56,0x4D,0xFF,0x18,0x4E,0xFF,0xF8,0x4D,0xFF,0xF8,
    0x4D,0xFF,0xF8,0x4D,0xFF,0xF8,0x4D,0xFF,0xF8,0x4D,0xFF,0xF8,0x4D,0xFF,0xF8,0x4D,
    0xFF,0xF8,0x4D,0xFF,0xF8,0x4D,0xFF,0xF8,0x4D,0xFF,0xF8,0x4D,0xFF,0xF8,0x4D,0xFF,
    0xF8,0x4D,0xFF,0xF8,0x4D,0xFF,0xF8,0x4D,0xFF,0xF8,0x4D,0xFF,0xF8,0x4D,0xFF,0xF8,
    0x4D,0xFF,0xF8,0x4D,0xFF,0xF8,0x4D,0xFF,0xF8,0x4D,0xFF,0xF8,0x4D,0xFF,0xF8,0x4D,
    0xFF,0xF8,0x4D,0xFF,0xF8,0x4D,0xFF,0xF8,0x4D,0xFF,0xF8,0x4D,0xFF,0xF8,0x4D,0xFF,
    0xF8,0x4D,0xFF,0xF8,0x4D,0xFF,0xF8,0x4D,0xFF,0xF8,0x4D,0xFF,0xF8,0x4D,0xFF,0xF8,
    0x4D,0xFF,0xF8,0x4D,0xFF,0xF8,0x4D,0xFF,0xF8,0x4D,0xFF,0xF8,0x4D,0xFF,0xF8,0x4D,
    0xFF,0xF8,0x4D,0xFF,0xF8,0x4D,0xFF,0xF8,0x4D,0xFF,0xF8,0x4D,0xFF,0xF8,0x4D,0xFF,
    0xF8,0x4D,0xFF,0xF8,0x4D,0xFF,0xF8,0x4D,0xFF,0xF8,0x4D,0xFF,0xF8,0x4D,0xFF,0xF8,
    0x4D,0xFF,0xF8,0x4D,0xFF,0xF8,0x4D,0xFF,0xF8,0x4D,0xFF,0xF8,0x4D,0xFF,0xF8,0x4D,
    0xFF,0xF8,0x4D,0xFF,0xF8,0x4D,0xFF,0xF8,0x4D,0xFF,0xF8,0x4D,0xFF,0xF8,0x4D,0xFF,
    0xF8,0x4D,0xFF,0xF8,0x4D,0xFF,0xF8,0x4D,0xFF,0xF8,0x4D,0xFF,0xF8,0x4D,0xFF,0xF8,
    0x4D,0xFF,0xF8,0x4D,0xFF,0xF8,0x4D,0xFF,0xF8,0x4D,0xFF,0xF8,0x4D,0xFF,0xF8,0x4D,
    0xFF,0xF8,0x4D,0xFF,0xF8,0x4D,0xFF,0xF8,0x4D,0xFF,0xF8,0x4D,0xFF,0xF8,0x4D,0xFF,
    0xF8,0x4D,0xFF,0xF8,0x4D,0xFF,0xF8,0x4D,0xFF,0xF8,0x4D,0xFF,0xF8,0x4D,0xFF,0xF8,
    0x4D,0xFF,0xF8,0x4D,0xFF,0xF8,0x4D,0xFF,0xF8,0x4D,0xFF,0xF8,0x4D,0xFF,0xF8,0x4D,
    0xFF,0xF8,0x4D,0xFF,0xF8,0x4D,0xFF,0xF8,0x4D,0xFF,0xF8,0x4D,0xFF,0xF8,0x4D,0xFF,
    0xF8,0x4D,0xFF,0xF8,0x4D,0xFF,0xF8,0x4D,0xFF,0xF8,0x4D,0xFF,0xF8,0x4D,0xFF,0xF8,
    0x4D,0xFF,0xF8,0x4D,0xFF,0xF8,0x4D,0xFF,0xF8,0x4D,0xFF,0xF8,0x4D,0xFF,0xF8,0x4D,
    0xFF,0xF8,0x4D,0xFF,0xF8,0x4D,0xFF,0xF8,0x4D,0xFF,0xF8,0x4D,0xFF,0xF8,0x4D,0xFF,
    0xF8,0x4D,0xFF,0xF8,0x4D,0xFF,0xF8,0x4D,0xFF,0xF8,0x4D,0xFF,0xF8,0x4D,0xFF,0xF8,
    0x4D,0xFF,0xF8,0x4D,0xFF,0xF8,0x4D,0xFF,0xF8,0x4D,0xFF,0xF8,0x4D,0xFF,0xF8,0x4D,
    0xFF,0xF8,0x4D,0xFF,0xF8,0x4D,0xFF,0xF8,0x4D,0xFF,0xF8,0x4D,0xFF,0xF8,0x4D,0xFF,
    0xF8,0x4D,0xFF,0xF8,0x4D,0xFF,0xF8,0x4D,0xFF,0xF8,0x4D,0xFF,0xF8,0x4D,0xFF,0xF8,
    0x4D,0xFF,0xF8,0x4D,0xFF,0xF8,0x4D,0xFF,0xF8,0x4D,0xFF,0xF8,0x4D,0xFF,0xF8,0x4D,
    0xFF,0xF8,0x4D,0xFF,0xF8,0x4D,0xFF,0xF8,0x4D,0xFF,0xF8,0x4D,0xFF,0xF8,0x4D,0xFF,
    0xF8,0x4D,0xFF,0xF8,0x4D,0xFF,0xF8,0x4D,0xFF,0xF8,0x4D,0xFF,0xF8,0x4D,0xFF,0xF8,
    0x4D,0xFF,0xF8,0x4D,0xFF,0xF8,0x4D,0xFF,0x39,0x4E,0xFF,0x39,0x4E,0xFF,0x59,0x56,
    0xFF,0x39,0x4E,0xFF,0x39,0x4E,0xFF,0x39,0x4E,0xFF,0x39,0x4E,0xFF,0x39,0x4E,0xFF,
    0x39,0x4E,0xFF,0x39,0x4E,0xFF,0x39,0x4E,0xFF,0x39,0x4E,0xFF,0x39,0x4E,0xFF,0x39,
    0x4E,0xFF,0x39,0x4E,0xFF,0x39,0x4E,0xFF,0x39,0x4E,0xFF,0x39,0x4E,0xFF,0x39,0x4E,
    0xFF,0x39,0x4E,0xFF,0x39,0x4E,0xFF,0x39,0x4E,0xFF,0x39,0x4E,0xFF,0x39,0x4E,0xFF,
    0x39,0x4E,0xFF,0x39,0x4E,0xFF,0x39,0x4E,0xFF,0x39,0x4E,0xFF,0x39,0x4E,0xFF,0x39,
    0x4E,0xFF,0x18,0x4E,0xFF,0xF8,0x4D,0xFF,0xF8,0x4D,0xFF,0xF8,0x4D,0xFF,0xF8,0x4D,
    0xFF,0xF8,0x4D,0xFF,0xF8,0x4D,0xFF,0xF8,0x4D,0xFF,0xF8,0x4D,0xFF,0xF8,0x4D,0xFF,
    0xF8,0x4D,0xFF,0xF8,0x4D,0xFF,0xF8,0x4D,0xFF,0xF8,0x4D,0xFF,0xF8,0x4D,0xFF,0xF8,
    0x4D,0xFF,0xF8,0x4D,0xFF,0xF8,0x4D,0xFF,0xF8,0x4D,0xFF,0xF8,0x4D,0xFF,0xF8,0x4D,
    0xFF,0xF8,0x4D,0xFF,0xF8,0x4D,0xFF,0xF8,0x4D,0xFF,0xF8,0x4D,0xFF,0xF8,0x4D,0xFF,
    0xF8,0x4D,0xFF,0xF8,0x4D,0xFF,0xF8,0x4D,0xFF,0xF8,0x4D,0xFF,0xF8,0x4D,0xFF,0xF8,
    0x4D,0xFF,0xF8,0x4D,0xFF,0xF8,0x4D,0xFF,0xF8,0x4D,0xFF,0xF8,0x4D,0xFF,0xF8,0x4D,
    0xFF,0xF8,0x4D,0xFF,0xF8,0x4D,0xFF,0xF8,0x4D,0xFF,0xF8,0x4D,0xFF,0xF8,0x4D,0xFF,
    0xF8,0x4D,0xFF,0xF8,0x4D,0xFF,0xF8,0x4D,0xFF,0xF8,0x4D,0xFF,0xF8,0x4D,0xFF,0xF8,
    0x4D,0xFF,0xF8,0x4D,0xFF,0xF8,0x4D,0xFF,0xF8,0x4D,0xFF,0xF8,0x4D,0xFF,0xF8,0x4D,
    0xFF,0xF8,0x4D,0xFF,0xF8,0x4D,0xFF,0xF8,0x4D,0xFF,0xF8,0x4D,0xFF,0xF8,0x4D,0xFF,
    0xF8,0x4D,0xFF,0xF8,0x4D,0xFF,0xF8,0x4D,0xFF,0xF8,0x4D,0xFF,0xF8,0x4D,0xFF,0xF8,
    0x4D,0xFF,0xF8,0x4D,0xFF,0xF8,0x4D,0xFF,0xF8,0x4D,0xFF,0xF8,0x4D,0xFF,0xF8,0x4D,
    0xFF,0xF8,0x4D,0xFF,0xF8,0x4D,0xFF,0xF8,0x4D,0xFF,0xF8,0x4D,0xFF,0xF8,0x4D,0xFF,
    0xF8,0x4D,0xFF,0xF8,0x4D,0xFF,0xF8,0x4D,0xFF,0xF8,0x4D,0xFF,0xF8,0x4D,0xFF,0xF8,
    0x4D,0xFF,0xF8,0x4D,0xFF,0xF8,0x4D,0xFF,0xF8,0x4D,0xFF,0xF8,0x4D,0xFF,0xF8,0x4D,
    0xFF,0xF8,0x4D,0xFF,0xF8,0x4D,0xFF,0xF8,0x4D,0xFF,0xF8,0x4D,0xFF,0xF8,0x4D,0xFF,
    0xF8,0x4D,0xFF,0xF8,0x4D,0xFF,0xF8,0x4D,0xFF,0xF8,0x4D,0xFF,0xF8,0x4D,0xFF,0xF8,
    0x4D,0xFF,0xF8,0x4D,0xFF,0xF8,0x4D,0xFF,0xF8,0x4D,0xFF,0xF8,0x4D,0xFF,0xF8,0x4D,
    0xFF,0xF8,0x4D,0xFF,0xF8,0x4D,0xFF,0xF8,0x4D,0xFF,0xF8,0x4D,0xFF,0xF8,0x4D,0xFF,
    0xF8,0x4D,0xFF,0xF8,0x4D,0xFF,0xF8,0x4D,0xFF,0xF8,0x4D,0xFF,0xF8,0x4D,0xFF,0xF8,
    0x4D,0xFF,0xF8,0x4D,0xFF,0xF8,0x4D,0xFF,0xF8,0x4D,0xFF,0xF8,0x4D,0xFF,0xF8,0x4D,
    0xFF,0xF8,0x4D,0xFF,0xF8,0x4D,0xFF,0xF8,0x4D,0xFF,0xF8,0x4D,0xFF,0xF8,0x4D,0xFF,
    0xF8,0x4D,0xFF,0xF8,0x4D,0xFF,0xF8,0x4D,0xFF,0xF8,0x4D,0xFF,0xF8,0x4D,0xFF,0xF8,
    0x4D,0xFF,0xF8,0x4D,0xFF,0xF8,0x4D,0xFF,0xF8,0x4D,0xFF,0xF8,0x4D,0xFF,0xF8,0x4D,
    0xFF,0xF8,0x4D,0xFF,0xF8,0x4D,0xFF,0xF8,0x4D,0xFF,0xF8,0x4D,0xFF,0xF8,0x4D,0xFF,
    0xF8,0x4D,0xFF,0xF8,0x4D,0xFF,0xF8,0x4D,0xFF,0xF8,0x4D,0xFF,0xF8,0x4D,0xFF,0xF8,
    0x4D,0xFF,0xF8,0x4D,0xFF,0xF8,0x4D,0xFF,0xF8,0x4D,0xFF,0xF8,0x4D,0xFF,0xF8,0x4D,
    0xFF,0xF8,0x4D,0xFF,0xD8,0x4D,0xFF,0xD8,0x4D,0xFF,0xD8,0x4D,0xFF,0xD8,0x4D,0xFF,
    0xD8,0x4D,0xFF,0xD8,0x4D,0xFF,0xD8,0x4D,0xFF,0xD8,0x4D,0xFF,0xD8,0x4D,0xFF,0xD8,
    0x4D,0xFF,0xD8,0x4D,0xFF,0xD8,0x4D,0xFF,0xD8,0x4D,0xFF,0xD8,0x4D,0xFF,0xD8,0x4D,
    0xFF,0xD8,0x4D,0xFF,0xD8,0x4D,0xFF,0xD8,0x4D,0xFF,0xD8,0x4D,0xFF,0xD8,0x4D,0xFF,
    0xD8,0x4D,0xFF,0xD8,0x4D,0xFF,0xD8,0x4D,0xFF,0xD8,0x4D,0xFF,0xD8,0x4D,0xFF,0xD8,
    0x4D,0xFF,0xD8,0x4D,0xFF,0xD8,0x4D,0xFF,0xD8,0x4D,0xFF,0xD8,0x4D,0xFF,0xF8,0x4D,
    0xFF,0xF8,0x4D,0xFF,0xF8,0x4D,0xFF,0xF8,0x4D,0xFF,0xF8,0x4D,0xFF,0xF8,0x4D,0xFF,
    0xF8,0x4D,0xFF,0xF8,0x4D,0xFF,0xF8,0x4D,0xFF,0xF8,0x4D,0xFF,0xF8,0x4D,0xFF,0xF8,
    0x4D,0xFF,0xF8,0x4D,0xFF,0xF8,0x4D,0xFF,0xF8,0x4D,0xFF,0xF8,0x4D,0xFF,0xF8,0x4D,
    0xFF,0xF8,0x4D,0xFF,0xF8,0x4D,0xFF,0xF8,0x4D,0xFF,0xF8,0x4D,0xFF,0xF8,0x4D,0xFF,
    0xF8,0x4D,0xFF,0xF8,0x4D,0xFF,0xF8,0x4D,0xFF,0xF8,0x4D,0xFF,0xF8,0x4D,0xFF,0xF8,
    0x4D,0xFF,0xF8,0x4D,0xFF,0xF8,0x4D,0xFF,0xF8,0x4D,0xFF,0xF8,0x4D,0xFF,0xF8,0x4D,
    0xFF,0xF8,0x4D,0xFF,0xF8,0x4D,0xFF,0xF8,0x4D,0xFF,0xF8,0x4D,0xFF,0xF8,0x4D,0xFF,
    0xF8,0x4D,0xFF,0xF8,0x4D,0xFF,0xF8,0x4D,0xFF,0xF8,0x4D,0xFF,0xF8,0x4D,0xFF,0xF8,
    0x4D,0xFF,0xF8,0x4D,0xFF,0xF8,0x4D,0xFF,0xF8,0x4D,0xFF,0xF8,0x4D,0xFF,0xF8,0x4D,
    0xFF,0xF8,0x4D,0xFF,0xF8,0x4D,0xFF,0xF8,0x4D,0xFF,0xF8,0x4D,0xFF,0xF8,0x4D,0xFF,
    0xF8,0x4D,0xFF,0xF8,0x4D,0xFF,0xF8,0x4D,0xFF,0xF8,0x4D,0xFF,0xF8,0x4D,0xFF,0xF8,
    0x4D,0xFF,0xF8,0x4D,0xFF,0xF8,0x4D,0xFF,0xF8,0x4D,0xFF,0xF8,0x4D,0xFF,0xF8,0x4D,
    0xFF,0xF8,0x4D,0xFF,0xF8,0x4D,0xFF,0xF8,0x4D,0xFF,0xF8,0x4D,0xFF,0xF8,0x4D,0xFF,
    0xF8,0x4D,0xFF,0xF8,0x4D,0xFF,0xF8,0x4D,0xFF,0xF8,0x4D,0xFF,0xF8,0x4D,0xFF,0xF8,
    0x4D,0xFF,0xF8,0x4D,0xFF,0xF8,0x4D,0xFF,0xF8,0x4D,0xFF,0xF8,0x4D,0xFF,0xF8,0x4D,
    0xFF,0xF8,0x4D,0xFF,0xF8,0x4D,0xFF,0xF8,0x4D,0xFF,0xF8,0x4D,0xFF,0xF8,0x4D,0xFF,
    0xF8,0x4D,0xFF,0xF8,0x4D,0xFF,0xF8,0x4D,0xFF,0xF8,0x4D,0xFF,0xF8,0x4D,0xFF,0xF8,
    0x4D,0xFF,0xF8,0x4D,0xFF,0xF8,0x4D,0xFF,0xF8,0x4D,0xFF,0xF8,0x4D,0xFF,0xF8,0x4D,
    0xFF,0xF8,0x4D,0xFF,0xF8,0x4D,0xFF,0xF8,0x4D,0xFF,0xF8,0x4D,0xFF,0xF8,0x4D,0xFF,
    0xF8,0x4D,0xFF,0xF8,0x4D,0xFF,0xF8,0x4D,0xFF,0xF8,0x4D,0xFF,0xF8,0x4D,0xFF,0xF8,
    0x4D,0xFF,0xF8,0x4D,0xFF,0xF8,0x4D,0xFF,0xF8,0x4D,0xFF,0xF8,0x4D,0xFF,0xF8,0x4D,
    0xFF,0xF8,0x4D,0xFF,0xF8,0x4D,0xFF,0xF8,0x4D,0xFF,0xF8,0x4D,0xFF,0xF8,0x4D,0xFF,
    0xF8,0x4D,0xFF,0xF8,0x4D,0xFF,0xF8,0x4D,0xFF,0xF8,0x4D,0xFF,0xF8,0x4D,0xFF,0xF8,
    0x4D,0xFF,0xF8,0x4D,0xFF,0xF8,0x4D,0xFF,0xF8,0x4D,0xFF,0xF8,0x4D,0xFF,0xF8,0x4D,
    0xFF,0xF8,0x4D,0xFF,0xF8,0x4D,0xFF,0xF8,0x4D,0xFF,0xF8,0x4D,0xFF,0xF8,0x4D,0xFF,
    0xF8,0x4D,0xFF,0xF8,0x4D,0xFF,0xF8,0x4D,0xFF,0xF8,0x4D,0xFF,0xF8,0x4D,0xFF,0xF8,
    0x4D,0xFF,0xF8,0x4D,0xFF,0xF8,0x4D,0xFF,0xF8,0x4D,0xFF,0xF8,0x4D,0xFF,0xF8,0x4D,
    0xFF,0xF8,0x4D,0xFF,0xF8,0x4D,0xFF,0xF8,0x4D,0xFF,0xF8,0x4D,0xFF,0xF8,0x4D,0xFF,
    0xF8,0x4D,0xFF,0xF8,0x4D,0xFF,0xF8,0x4D,0xFF,0xF8,0x4D,0xFF,0xF8,0x4D,0xFF,0xF8,
    0x4D,0xFF,0xF8,0x4D,0xFF,0xF8,0x4D,0xFF,0xF8,0x4D,0xFF,0xF8,0x4D,0xFF,0xF8,0x4D,
    0xFF,0xF8,0x4D,0xFF,0xF8,0x4D,0xFF,0xF8,0x4D,0xFF,0xF8,0x4D,0xFF,0xF8,0x4D,0xFF,
    0xF8,0x4D,0xFF,0xF8,0x4D,0xFF,0xF8,0x4D,0xFF,0xF8,0x4D,0xFF,0xF8,0x4D,0xFF,0xF8,
    0x4D,0xFF,0xF8,0x4D,0xFF,0xF8,0x4D,0xFF,0xF8,0x4D,0xFF,0xF8,0x4D,0xFF,0xF8,0x4D,
    0xFF,0xF8,0x4D,0xFF,0xF8,0x4D,0xFF,0xF8,0x4D,0xFF,0xF8,0x4D,0xFF,0xF8,0x4D,0xFF,
    0xF8,0x4D,0xFF,0xF8,0x4D,0xFF,0xF8,0x4D,0xFF,0xF8,0x4D,0xFF,0xF8,0x4D,0xFF,0xF8,
    0x4D,0xFF,0xF8,0x4D,0xFF,0xF8,0x4D,0xFF,0xF8,0x4D,0xFF,0xF8,0x4D,0xFF,0xF8,0x4D,
    0xFF,0xF8,0x4D,0xFF,0xF8,0x4D,0xFF,0xF8,0x4D,0xFF,0xF8,0x4D,0xFF,0xF8,0x4D,0xFF,
    0xF8,0x4D,0xFF,0xF8,0x4D,0xFF,0xF8,0x4D,0xFF,0xF8,0x4D,0xFF,0xF8,0x4D,0xFF,0xF8,
    0x4D,0xFF,0xF8,0x4D,0xFF,0xF8,0x4D,0xFF,0xF8,0x4D,0xFF,0xF8,0x4D,0xFF,0xF8,0x4D,
    0xFF,0xF8,0x4D,0xFF,0xF8,0x4D,0xFF,0xF8,0x4D,0xFF,0xF8,0x4D,0xFF,0xF8,0x4D,0xFF,
    0xF8,0x4D,0xFF,0xF8,0x4D,0xFF,0xF8,0x4D,0xFF,0xF8,0x4D,0xFF,0xF8,0x4D,0xFF,0xF8,
    0x4D,0xFF,0xF8,0x4D,0xFF,0xF8,0x4D,0xFF,0xF8,0x4D,0xFF,0xF8,0x4D,0xFF,0xF8,0x4D,
    0xFF,0xF8,0x4D,0xFF,0xF8,0x4D,0xFF,0xF8,0x4D,0xFF,0xF8,0x4D,0xFF,0xF8,0x4D,0xFF,
    0xF8,0x4D,0xFF,0xF8,0x4D,0xFF,0xF8,0x4D,0xFF,0xF8,0x4D,0xFF,0xF8,0x4D,0xFF,0xF8,
    0x4D,0xFF,0xF8,0x4D,0xFF,0xF8,0x4D,0xFF,0xF8,0x4D,0xFF,0xF8,0x4D,0xFF,0xF8,0x4D,
    0xFF,0xF8,0x4D,0xFF,0xF8,0x4D,0xFF,0xF8,0x4D,0xFF,0xF8,0x4D,0xFF,0xF8,0x4D,0xFF,
    0xF8,0x4D,0xFF,0xF8,0x4D,0xFF,0xF8,0x4D,0xFF,0xF8,0x4D,0xFF,0xF8,0x4D,0xFF,0xF8,
    0x4D,0xFF,0xF8,0x4D,0xFF,0xF8,0x4D,0xFF,0xF8,0x4D,0xFF,0xF8,0x4D,0xFF,0xF8,0x4D,
    0xFF,0xF8,0x4D,0xFF,0xF8,0x4D,0xFF,0xF8,0x4D,0xFF,0xF8,0x4D,0xFF,0xF8,0x4D,0xFF,
    0xF8,0x4D,0xFF,0xF8,0x4D,0xFF,0xF8,0x4D,0xFF,0xF8,0x4D,0xFF,0xF8,0x4D,0xFF,0xF8,
    0x4D,0xFF,0xF8,0x4D,0xFF,0xF8,0x4D,0xFF,0xF8,0x4D,0xFF,0xF8,0x4D,0xFF,0xF8,0x4D,
    0xFF,0xF8,0x4D,0xFF,0xF8,0x4D,0xFF,0xF8,0x4D,0xFF,0xF8,0x4D,0xFF,0xF8,0x4D,0xFF,
    0xF8,0x4D,0xFF,0xF8,0x4D,0xFF,0xF8,0x4D,0xFF,0xF8,0x4D,0xFF,0xF8,0x4D,0xFF,0xF8,
    0x4D,0xFF,0xF8,0x4D,0xFF,0xF8,0x4D,0xFF,0xF8,0x4D,0xFF,0xF8,0x4D,0xFF,0xF8,0x4D,
    0xFF,0xF8,0x4D,0xFF,0xF8,0x4D,0xFF,0xF8,0x4D,0xFF,0xF8,0x4D,0xFF,0xF8,0x4D,0xFF,
    0xF8,0x4D,0xFF,0xF8,0x4D,0xFF,0xF8,0x4D,0xFF,0xF8,0x4D,0xFF,0xF8,0x4D,0xFF,0xF8,
    0x4D,0xFF,0xF8,0x4D,0xFF,0xF8,0x4D,0xFF,0xF8,0x4D,0xFF,0xF8,0x4D,0xFF,0xF8,0x4D,
    0xFF,0xF8,0x4D,0xFF,0xF8,0x4D,0xFF,0xF8,0x4D,0xFF,0xF8,0x4D,0xFF,0xF8,0x4D,0xFF,
    0xF8,0x4D,0xFF,0xF8,0x4D,0xFF,0xF8,0x4D,0xFF,0xF8,0x4D,0xFF,0xF8,0x4D,0xFF,0xF8,
    0x4D,0xFF,0xF8,0x4D,0xFF,0xF8,0x4D,0xFF,0xF8,0x4D,0xFF,0xF8,0x4D,0xFF,0xF8,0x4D,
    0xFF,0xF8,0x4D,0xFF,0xF8,0x4D,0xFF,0xF8,0x4D,0xFF,0xF8,0x4D,0xFF,0xF8,0x4D,0xFF,
    0xF8,0x4D,0xFF,0xF8,0x4D,0xFF,0xF8,0x4D,0xFF,0xF8,0x4D,0xFF,0xF8,0x4D,0xFF,0xF8,
    0x4D,0xFF,0xF8,0x4D,0xFF,0xF8,0x4D,0xFF,0xF8,0x4D,0xFF,0xF8,0x4D,0xFF,0xF8,0x4D,
    0xFF,0xF8,0x4D,0xFF,0xF8,0x4D,0xFF,0xF8,0x4D,0xFF,0xF8,0x4D,0xFF,0xF8,0x4D,0xFF,
    0xF8,0x4D,0xFF,0xF8,0x4D,0xFF,0xF8,0x4D,0xFF,0xF8,0x4D,0xFF,0xF8,0x4D,0xFF,0xF8,
    0x4D,0xFF,0xF8,0x4D,0xFF,0xF8,0x4D,0xFF,0xF8,0x4D,0xFF,0xF8,0x4D,0xFF,0xF8,0x4D,
    0xFF,0xF8,0x4D,0xFF,0xF8,0x4D,0xFF,0xF8,0x4D,0xFF,0xF8,0x4D,0xFF,0xF8,0x4D,0xFF,
    0xF8,0x4D,0xFF,0xF8,0x4D,0xFF,0xF8,0x4D,0xFF,0xF8,0x4D,0xFF,0xF8,0x4D,0xFF,0xF8,
    0x4D,0xFF,0xF8,0x4D,0xFF,0xF8,0x4D,0xFF,0xF8,0x4D,0xFF,0xF8,0x4D,0xFF,0xF8,0x4D,
    0xFF,0xF8,0x4D,0xFF,0xF8,0x4D,0xFF,0xF8,0x4D,0xFF,0xF8,0x4D,0xFF,0xF8,0x4D,0xFF,
    0xF8,0x4D,0xFF,0xF8,0x4D,0xFF,0xF8,0x4D,0xFF,0xF8,0x4D,0xFF,0xF8,0x4D,0xFF,0xF8,
    0x4D,0xFF,0xF8,0x4D,0xFF,0xF8,0x4D,0xFF,0xF8,0x4D,0xFF,0xF8,0x4D,0xFF,0xF8,0x4D,
    0xFF,0xF8,0x4D,0xFF,0xF8,0x4D,0xFF,0xF8,0x4D,0xFF,0xF8,0x4D,0xFF,0xF8,0x4D,0xFF,
    0xF8,0x4D,0xFF,0xF8,0x4D,0xFF,0xF8,0x4D,0xFF,0xF8,0x4D,0xFF,0xF8,0x4D,0xFF,0xF8,
    0x4D,0xFF,0xF8,0x4D,0xFF,0xF8,0x4D,0xFF,0xF8,0x4D,0xFF,0xF8,0x4D,0xFF,0xF8,0x4D,
    0xFF,0xF8,0x4D,0xFF,0xF8,0x4D,0xFF,0xF8,0x4D,0xFF,0xF8,0x4D,0xFF,0xF8,0x4D,0xFF,
    0xF8,0x4D,0xFF,0xF8,0x4D,0xFF,0xF8,0x4D,0xFF,0xF8,0x4D,0xFF,0xF8,0x4D,0xFF,0xF8,
    0x4D,0xFF,0xF8,0x4D,0xFF,0xF8,0x4D,0xFF,0xF8,0x4D,0xFF,0xF8,0x4D,0xFF,0xF8,0x4D,
    0xFF,0xF8,0x4D,0xFF,0xF8,0x4D,0xFF,0xF8,0x4D,0xFF,0xF8,0x4D,0xFF,0xF8,0x4D,0xFF,
    0xF8,0x4D,0xFF,0xF8,0x4D,0xFF,0xF8,0x4D,0xFF,0xF8,0x4D,0xFF,0xF8,0x4D,0xFF,0xF8,
    0x4D,0xFF,0xF8,0x4D,0xFF,0xF8,0x4D,0xFF,0xF8,0x4D,0xFF,0xF8,0x4D,0xFF,0xF8,0x4D,
    0xFF,0xF8,0x4D,0xFF,0xF8,0x4D,0xFF,0xF8,0x4D,0xFF,0xF8,0x4D,0xFF,0xF8,0x4D,0xFF,
    0xF8,0x4D,0xFF,0xF8,0x4D,0xFF,0xF8,0x4D,0xFF,0xF8,0x4D,0xFF,0xF8,0x4D,0xFF,0xF8,
    0x4D,0xFF,0xF8,0x4D,0xFF,0xF8,0x4D,0xFF,0xF8,0x4D,0xFF,0xF8,0x4D,0xFF,0xF8,0x4D,
    0xFF,0xF8,0x4D,0xFF,0xF8,0x4D,0xFF,0xF8,0x4D,0xFF,0xF8,0x4D,0xFF,0xF8,0x4D,0xFF,
    0xF8,0x4D,0xFF,0xF8,0x4D,0xFF,0xF8,0x4D,0xFF,0xF8,0x4D,0xFF,0xF8,0x4D,0xFF,0xF8,
    0x4D,0xFF,0xF8,0x4D,0xFF,0xF8,0x4D,0xFF,0xF8,0x4D,0xFF,0xF8,0x4D,0xFF,0xF8,0x4D,
    0xFF,0xF8,0x4D,0xFF,0xF8,0x4D,0xFF,0xF8,0x4D,0xFF,0xF8,0x4D,0xFF,0xF8,0x4D,0xFF,
    0xF8,0x4D,0xFF,0xF8,0x4D,0xFF,0xF8,0x4D,0xFF,0xF8,0x4D,0xFF,0xF8,0x4D,0xFF,0xF8,
    0x4D,0xFF,0xF8,0x4D,0xFF,0xF8,0x4D,0xFF,0xF8,0x4D,0xFF,0xF8,0x4D,0xFF,0xF8,0x4D,
    0xFF,0xF8,0x4D,0xFF,0xF8,0x4D,0xFF,0xF8,0x4D,0xFF,0xF8,0x4D,0xFF,0xF8,0x4D,0xFF,
    0xF8,0x4D,0xFF,0xF8,0x4D,0xFF,0xF8,0x4D,0xFF,0xF8,0x4D,0xFF,0xF8,0x4D,0xFF,0xF8,
    0x4D,0xFF,0xF8,0x4D,0xFF,0xF8,0x4D,0xFF,0xF8,0x4D,0xFF,0xF8,0x4D,0xFF,0xF8,0x4D,
    0xFF,0xF8,0x4D,0xFF,0xF8,0x4D,0xFF,0xF8,0x4D,0xFF,0xF8,0x4D,0xFF,0xF8,0x4D,0xFF,
    0xF8,0x4D,0xFF,0xF8,0x4D,0xFF,0xF8,0x4D,0xFF,0xF8,0x4D,0xFF,0xF8,0x4D,0xFF,0xF8,
    0x4D,0xFF,0xF8,0x4D,0xFF,0xF8,0x4D,0xFF,0xF8,0x4D,0xFF,0xF8,0x4D,0xFF,0xF8,0x4D,
    0xFF,0xF8,0x4D,0xFF,0xF8,0x4D,0xFF,0xF8,0x4D,0xFF,0xF8,0x4D,0xFF,0xF8,0x4D,0xFF,
    0xF8,0x4D,0xFF,0xF8,0x4D,0xFF,0xF8,0x4D,0xFF,0xF8,0x4D,0xFF,0xF8,0x4D,0xFF,0xF8,
    0x4D,0xFF,0xF8,0x4D,0xFF,0xF8,0x4D,0xFF,0xF8,0x4D,0xFF,0xF8,0x4D,0xFF,0xF8,0x4D,
    0xFF,0xF8,0x4D,0xFF,0xF8,0x4D,0xFF,0xF8,0x4D,0xFF,0xF8,0x4D,0xFF,0xF8,0x4D,0xFF,
    0xF8,0x4D,0xFF,0xF8,0x4D,0xFF,0xF8,0x4D,0xFF,0xF8,0x4D,0xFF,0xF8,0x4D,0xFF,0xF8,
    0x4D,0xFF,0xF8,0x4D,0xFF,0xF8,0x4D,0xFF,0xF8,0x4D,0xFF,0xF8,0x4D,0xFF,0xF8,0x4D,
    0xFF,0xF8,0x4D,0xFF,0xF8,0x4D,0xFF,0xF8,0x4D,0xFF,0xF8,0x4D,0xFF,0xF8,0x4D,0xFF,
    0xF8,0x4D,0xFF,0xF8,0x4D,0xFF,0xF8,0x4D,0xFF,0xF8,0x4D,0xFF,0xF8,0x4D,0xFF,0xF8,
    0x4D,0xFF,0xF8,0x4D,0xFF,0xF8,0x4D,0xFF,0xF8,0x4D,0xFF,0xF8,0x4D,0xFF,0xF8,0x4D,
    0xFF,0xF8,0x4D,0xFF,0xF8,0x4D,0xFF,0xF8,0x4D,0xFF,0xF8,0x4D,0xFF,0xF8,0x4D,0xFF,
    0xF8,0x4D,0xFF,0xF8,0x4D,0xFF,0xF8,0x4D,0xFF,0xF8,0x4D,0xFF,0xF8,0x4D,0xFF,0xF8,
    0x4D,0xFF,0xF8,0x4D,0xFF,0xF8,0x4D,0xFF,0xF8,0x4D,0xFF,0xF8,0x4D,0xFF,0xF8,0x4D,
    0xFF,0xF8,0x4D,0xFF,0xF8,0x4D,0xFF,0xF8,0x4D,0xFF,0xF8,0x4D,0xFF,0xF8,0x4D,0xFF,
    0xF8,0x4D,0xFF,0xF8,0x4D,0xFF,0xF8,0x4D,0xFF,0xF8,0x4D,0xFF,0xF8,0x4D,0xFF,0xF8,
    0x4D,0xFF,0xF8,0x4D,0xFF,0xF8,0x4D,0xFF,0xF8,0x4D,0xFF,0xF8,0x4D,0xFF,0xF8,0x4D,
    0xFF,0xF8,0x4D,0xFF,0xF8,0x4D,0xFF,0xF8,0x4D,0xFF,0xF8,0x4D,0xFF,0xF8,0x4D,0xFF,
    0xF8,0x4D,0xFF,0xF8,0x4D,0xFF,0xF8,0x4D,0xFF,0xF8,0x4D,0xFF,0xF8,0x4D,0xFF,0xF8,
    0x4D,0xFF,0xF8,0x4D,0xFF,0xF8,0x4D,0xFF,0xF8,0x4D,0xFF,0xF8,0x4D,0xFF,0xF8,0x4D,
    0xFF,0xF8,0x4D,0xFF,0xF8,0x4D,0xFF,0xF8,0x4D,0xFF,0xF8,0x4D,0xFF,0xF8,0x4D,0xFF,
    0xF8,0x4D,0xFF,0xF8,0x4D,0xFF,0xF8,0x4D,0xFF,0xF8,0x4D,0xFF,0xF8,0x4D,0xFF,0xF8,
    0x4D,0xFF,0xF8,0x4D,0xFF,0xF8,0x4D,0xFF,0xF8,0x4D,0xFF,0xF8,0x4D,0xFF,0xF8,0x4D,
    0xFF,0xF8,0x4D,0xFF,0xF8,0x4D,0xFF,0xF8,0x4D,0xFF,0xF8,0x4D,0xFF,0xF8,0x4D,0xFF,
    0xF8,0x4D,0xFF,0xF8,0x4D,0xFF,0xF8,0x4D,0xFF,0xF8,0x4D,0xFF,0xF8,0x4D,0xFF,0xF8,
    0x4D,0xFF,0xF8,0x4D,0xFF,0xF8,0x4D,0xFF,0xF8,0x4D,0xFF,0xF8,0x4D,0xFF,0xF8,0x4D,
    0xFF,0xF8,0x4D,0xFF,0xF8,0x4D,0xFF,0xF8,0x4D,0xFF,0xF8,0x4D,0xFF,0xF8,0x4D,0xFF,
    0xF8,0x4D,0xFF,0xF8,0x4D,0xFF,0xF8,0x4D,0xFF,0xF8,0x4D,0xFF,0xF8,0x4D,0xFF,0xF8,
    0x4D,0xFF,0xF8,0x4D,0xFF,0xF8,0x4D,0xFF,0xF8,0x4D,0xFF,0xF8,0x4D,0xFF,0xF8,0x4D,
    0xFF,0xF8,0x4D,0xFF,0xF8,0x4D,0xFF,0xF8,0x4D,0xFF,0xF8,0x4D,0xFF,0xF8,0x4D,0xFF,
    0xF8,0x4D,0xFF,0xF8,0x4D,0xFF,0xF8,0x4D,0xFF,0xF8,0x4D,0xFF,0xF8,0x4D,0xFF,0xF8,
    0x4D,0xFF,0xF8,0x4D,0xFF,0xF8,0x4D,0xFF,0xF8,0x4D,0xFF,0xF8,0x4D,0xFF,0xF8,0x4D,
    0xFF,0xF8,0x4D,0xFF,0xF8,0x4D,0xFF,0xF8,0x4D,0xFF,0xF8,0x4D,0xFF,0xF8,0x4D,0xFF,
    0xF8,0x4D,0xFF,0xF8,0x4D,0xFF,0xF8,0x4D,0xFF,0xF8,0x4D,0xFF,0xF8,0x4D,0xFF,0xF8,
    0x4D,0xFF,0xF8,0x4D,0xFF,0xF8,0x4D,0xFF,0xF8,0x4D,0xFF,0xF8,0x4D,0xFF,0xF8,0x4D,
    0xFF,0xF8,0x4D,0xFF,0xF8,0x4D,0xFF,0xF8,0x4D,0xFF,0xF8,0x4D,0xFF,0xF8,0x4D,0xFF,
    0xF8,0x4D,0xFF,0xF8,0x4D,0xFF,0xF8,0x4D,0xFF,0xF8,0x4D,0xFF,0xF8,0x4D,0xFF,0xF8,
    0x4D,0xFF,0xF8,0x4D,0xFF,0xF8,0x4D,0xFF,0xF8,0x4D,0xFF,0xF8,0x4D,0xFF,0xF8,0x4D,
    0xFF,0xF8,0x4D,0xFF,0xF8,0x4D,0xFF,0xF8,0x4D,0xFF,0xF8,0x4D,0xFF,0xF8,0x4D,0xFF,
    0xF8,0x4D,0xFF,0xF8,0x4D,0xFF,0xF8,0x4D,0xFF,0xF8,0x4D,0xFF,0xF8,0x4D,0xFF,0xF8,
    0x4D,0xFF,0xF8,0x4D,0xFF,0xF8,0x4D,0xFF,0xF8,0x4D,0xFF,0xF8,0x4D,0xFF,0xF8,0x4D,
    0xFF,0xF8,0x4D,0xFF,0xF8,0x4D,0xFF,0xF8,0x4D,0xFF,0xF8,0x4D,0xFF,0xF8,0x4D,0xFF,
    0xF8,0x4D,0xFF,0xF8,0x4D,0xFF,0xF8,0x4D,0xFF,0xF8,0x4D,0xFF,0xF8,0x4D,0xFF,0xF8,
    0x4D,0xFF,0xF8,0x4D,0xFF,0xF8,0x4D,0xFF,0xF8,0x4D,0xFF,0xF8,0x4D,0xFF,0xF8,0x4D,
    0xFF,0xF8,0x4D,0xFF,0xF8,0x4D,0xFF,0xF8,0x4D,0xFF,0xF8,0x4D,0xFF,0xF8,0x4D,0xFF,
    0xF8,0x4D,0xFF,0xF8,0x4D,0xFF,0xF8,0x4D,0xFF,0xF8,0x4D,0xFF,0xF8,0x4D,0xFF,0xF8,
    0x4D,0xFF,0xF8,0x4D,0xFF,0xF8,0x4D,0xFF,0xF8,0x4D,0xFF,0xF8,0x4D,0xFF,0xF8,0x4D,
    0xFF,0xF8,0x4D,0xFF,0xF8,0x4D,0xFF,0xF8,0x4D,0xFF,0xF8,0x4D,0xFF,0xF8,0x4D,0xFF,
    0xF8,0x4D,0xFF,0xF8,0x4D,0xFF,0xF8,0x4D,0xFF,0xF8,0x4D,0xFF,0xF8,0x4D,0xFF,0xF8,
    0x4D,0xFF,0xF8,0x4D,0xFF,0xF8,0x4D,0xFF,0xF8,0x4D,0xFF,0xF8,0x4D,0xFF,0xF8,0x4D,
    0xFF,0xF8,0x4D,0xFF,0xF8,0x4D,0xFF,0xF8,0x4D,0xFF,0xF8,0x4D,0xFF,0xF8,0x4D,0xFF,
    0xF8,0x4D,0xFF,0xF8,0x4D,0xFF,0xF8,0x4D,0xFF,0xF8,0x4D,0xFF,0xF8,0x4D,0xFF,0xF8,
    0x4D,0xFF,0xF8,0x4D,0xFF,0xF8,0x4D,0xFF,0xF8,0x4D,0xFF,0xF8,0x4D,0xFF,0xF8,0x4D,
    0xFF,0xF8,0x4D,0xFF,0xF8,0x4D,0xFF,0xF8,0x4D,0xFF,0xF8,0x4D,0xFF,0xF8,0x4D,0xFF,
    0xF8,0x4D,0xFF,0xF8,0x4D,0xFF,0xF8,0x4D,0xFF,0xF8,0x4D,0xFF,0xF8,0x4D,0xFF,0xF8,
    0x4D,0xFF,0xF8,0x4D,0xFF,0xF8,0x4D,0xFF,0xF8,0x4D,0xFF,0xF8,0x4D,0xFF,0xF8,0x4D,
    0xFF,0xF8,0x4D,0xFF,0xF8,0x4D,0xFF,0xF8,0x4D,0xFF,0xF8,0x4D,0xFF,0xF8,0x4D,0xFF,
    0xF8,0x4D,0xFF,0xF8,0x4D,0xFF,0xF8,0x4D,0xFF,0xF8,0x4D,0xFF,0xF8,0x4D,0xFF,0xF8,
    0x4D,0xFF,0xF8,0x4D,0xFF,0xF8,0x4D,0xFF,0xF8,0x4D,0xFF,0xF8,0x4D,0xFF,0xF8,0x4D,
    0xFF,0xF8,0x4D,0xFF,0xF8,0x4D,0xFF,0xF8,0x4D,0xFF,0xF8,0x4D,0xFF,0xF8,0x4D,0xFF,
    0xF8,0x4D,0xFF,0xF8,0x4D,0xFF,0xF8,0x4D,0xFF,0xF8,0x4D,0xFF,0xF8,0x4D,0xFF,0xF8,
    0x4D,0xFF,0xF8,0x4D,0xFF,0xF8,0x4D,0xFF,0xF8,0x4D,0xFF,0xF8,0x4D,0xFF,0xF8,0x4D,
    0xFF,0xF8,0x4D,0xFF,0xF8,0x4D,0xFF,0xF8,0x4D,0xFF,0xF8,0x4D,0xFF,0xF8,0x4D,0xFF,
    0xF8,0x4D,0xFF,0xF8,0x4D,0xFF,0xF8,0x4D,0xFF,0xF8,0x4D,0xFF,0xF8,0x4D,0xFF,0xF8,
    0x4D,0xFF,0xF8,0x4D,0xFF,0xF8,0x4D,0xFF,0xF8,0x4D,0xFF,0xF8,0x4D,0xFF,0xF8,0x4D,
    0xFF,0xF8,0x4D,0xFF,0xF8,0x4D,0xFF,0xF8,0x4D,0xFF,0xF8,0x4D,0xFF,0xF8,0x4D,0xFF,
    0xF8,0x4D,0xFF,0xF8,0x4D,0xFF,0xF8,0x4D,0xFF,0xF8,0x4D,0xFF,0xF8,0x4D,0xFF,0xF8,
    0x4D,0xFF,0xF8,0x4D,0xFF,0xF8,0x4D,0xFF,0xF8,0x4D,0xFF,0xF8,0x4D,0xFF,0xF8,0x4D,
    0xFF,0xF8,0x4D,0xFF,0xF8,0x4D,0xFF,0xF8,0x4D,0xFF,0xF8,0x4D,0xFF,0xF8,0x4D,0xFF,
    0xF8,0x4D,0xFF,0xF8,0x4D,0xFF,0xF8,0x4D,0xFF,0xF8,0x4D,0xFF,0xF8,0x4D,0xFF,0xF8,
    0x4D,0xFF,0xF8,0x4D,0xFF,0xF8,0x4D,0xFF,0xF8,0x4D,0xFF,0xF8,0x4D,0xFF,0xF8,0x4D,
    0xFF,0xF8,0x4D,0xFF,0xF8,0x4D,0xFF,0xF8,0x4D,0xFF,0xF8,0x4D,0xFF,0xF8,0x4D,0xFF,
    0xF8,0x4D,0xFF,0xF8,0x4D,0xFF,0xF8,0x4D,0xFF,0xF8,0x4D,0xFF,0xF8,0x4D,0xFF,0xF8,
    0x4D,0xFF,0xF8,0x4D,0xFF,0xF8,0x4D,0xFF,0xF8,0x4D,0xFF,0xF8,0x4D,0xFF,0xF8,0x4D,
    0xFF,0xF8,0x4D,0xFF,0xF8,0x4D,0xFF,0xF8,0x4D,0xFF,0xF8,0x4D,0xFF,0xF8,0x4D,0xFF,
    0xF8,0x4D,0xFF,0xF8,0x4D,0xFF,0xF8,0x4D,0xFF,0xF8,0x4D,0xFF,0xF8,0x4D,0xFF,0xF8,
    0x4D,0xFF,0xF8,0x4D,0xFF,0xF8,0x4D,0xFF,0xF8,0x4D,0xFF,0xF8,0x4D,0xFF,0xF8,0x4D,
    0xFF,0xF8,0x4D,0xFF,0xF8,0x4D,0xFF,0xF8,0x4D,0xFF,0xF8,0x4D,0xFF,0xF8,0x4D,0xFF,
    0xF8,0x4D,0xFF,0xF8,0x4D,0xFF,0xF8,0x4D,0xFF,0xF8,0x4D,0xFF,0xF8,0x4D,0xFF,0xF8,
    0x4D,0xFF,0xF8,0x4D,0xFF,0xF8,0x4D,0xFF,0xF8,0x4D,0xFF,0xF8,0x4D,0xFF,0xF8,0x4D,
    0xFF,0xF8,0x4D,0xFF,0xF8,0x4D,0xFF,0xF8,0x4D,0xFF,0xF8,0x4D,0xFF,0xF8,0x4D,0xFF,
    0xF8,0x4D,0xFF,0xF8,0x4D,0xFF,0xF8,0x4D,0xFF,0xF8,0x4D,0xFF,0xF8,0x4D,0xFF,0xF8,
    0x4D,0xFF,0xF8,0x4D,0xFF,0xF8,0x4D,0xFF,0xF8,0x4D,0xFF,0xF8,0x4D,0xFF,0xF8,0x4D,
    0xFF,0xF8,0x4D,0xFF,0xF8,0x4D,0xFF,0xF8,0x4D,0xFF,0xF8,0x4D,0xFF,0xF8,0x4D,0xFF,
    0xF8,0x4D,0xFF,0xF8,0x4D,0xFF,0xF8,0x4D,0xFF,0xF8,0x4D,0xFF,0xF8,0x4D,0xFF,0xF8,
    0x4D,0xFF,0xF8,0x4D,0xFF,0xF8,0x4D,0xFF,0xF8,0x4D,0xFF,0xF8,0x4D,0xFF,0xF8,0x4D,
    0xFF,0xF8,0x4D,0xFF,0xF8,0x4D,0xFF,0xF8,0x4D,0xFF,0xF8,0x4D,0xFF,0xF8,0x4D,0xFF,
    0xF8,0x4D,0xFF,0xF8,0x4D,0xFF,0xF8,0x4D,0xFF,0xF8,0x4D,0xFF,0xF8,0x4D,0xFF,0xF8,
    0x4D,0xFF,0xF8,0x4D,0xFF,0xF8,0x4D,0xFF,0xF8,0x4D,0xFF,0xF8,0x4D,0xFF,0xF8,0x4D,
    0xFF,0xF8,0x4D,0xFF,0xF8,0x4D,0xFF,0xF8,0x4D,0xFF,0xF8,0x4D,0xFF,0xF8,0x4D,0xFF,
    0xF8,0x4D,0xFF,0xF8,0x4D,0xFF,0xF8,0x4D,0xFF,0xF8,0x4D,0xFF,0xF8,0x4D,0xFF,0xF8,
    0x4D,0xFF,0xF8,0x4D,0xFF,0xF8,0x4D,0xFF,0xF8,0x4D,0xFF,0xF8,0x4D,0xFF,0xF8,0x4D,
    0xFF,0xF8,0x4D,0xFF,0xF8,0x4D,0xFF,0xF8,0x4D,0xFF,0xF8,0x4D,0xFF,0xF8,0x4D,0xFF,
    0xF8,0x4D,0xFF,0xF8,0x4D,0xFF,0xF8,0x4D,0xFF,0xF8,0x4D,0xFF,0xF8,0x4D,0xFF,0xF8,
    0x4D,0xFF,0xF8,0x4D,0xFF,0xF8,0x4D,0xFF,0xF8,0x4D,0xFF,0xF8,0x4D,0xFF,0xF8,0x4D,
    0xFF,0xF8,0x4D,0xFF,0xF8,0x4D,0xFF,0xF8,0x4D,0xFF,0xF8,0x4D,0xFF,0xF8,0x4D,0xFF,
    0xF8,0x4D,0xFF,0xF8,0x4D,0xFF,0xF8,0x4D,0xFF,0xF8,0x4D,0xFF,0xF8,0x4D,0xFF,0xF8,
    0x4D,0xFF,0xF8,0x4D,0xFF,0xF8,0x4D,0xFF,0xF8,0x4D,0xFF,0xF8,0x4D,0xFF,0xF8,0x4D,
    0xFF,0xF8,0x4D,0xFF,0xF8,0x4D,0xFF,0xF8,0x4D,0xFF,0xF8,0x4D,0xFF,0xF8,0x4D,0xFF,
    0xF8,0x4D,0xFF,0xF8,0x4D,0xFF,0xF8,0x4D,0xFF,0xF8,0x4D,0xFF,0xF8,0x4D,0xFF,0xF8,
    0x4D,0xFF,0xF8,0x4D,0xFF,0xF8,0x4D,0xFF,0xF8,0x4D,0xFF,0xF8,0x4D,0xFF,0xF8,0x4D,
    0xFF,0xF8,0x4D,0xFF,0xF8,0x4D,0xFF,0xF8,0x4D,0xFF,0xF8,0x4D,0xFF,0xF8,0x4D,0xFF,
    0xF8,0x4D,0xFF,0xF8,0x4D,0xFF,0xF8,0x4D,0xFF,0xF8,0x4D,0xFF,0xF8,0x4D,0xFF,0xF8,
    0x4D,0xFF,0xF8,0x4D,0xFF,0xF8,0x4D,0xFF,0xF8,0x4D,0xFF,0xF8,0x4D,0xFF,0xF8,0x4D,
    0xFF,0xF8,0x4D,0xFF,0xF8,0x4D,0xFF,0xF8,0x4D,0xFF,0xF8,0x4D,0xFF,0xF8,0x4D,0xFF,
    0xF8,0x4D,0xFF,0xF8,0x4D,0xFF,0xF8,0x4D,0xFF,0xF8,0x4D,0xFF,0xF8,0x4D,0xFF,0xF8,
    0x4D,0xFF,0xF8,0x4D,0xFF,0xF8,0x4D,0xFF,0xF8,0x4D,0xFF,0xF8,0x4D,0xFF,0xF8,0x4D,
    0xFF,0xF8,0x4D,0xFF,0xF8,0x4D,0xFF,0xF8,0x4D,0xFF,0xF8,0x4D,0xFF,0xF8,0x4D,0xFF,
    0xF8,0x4D,0xFF,0xF8,0x4D,0xFF,0xF8,0x4D,0xFF,0xF8,0x4D,0xFF,0xF8,0x4D,0xFF,0xF8,
    0x4D,0xFF,0xF8,0x4D,0xFF,0xF8,0x4D,0xFF,0xF8,0x4D,0xFF,0xF8,0x4D,0xFF,0xF8,0x4D,
    0xFF,0xF8,0x4D,0xFF,0xF8,0x4D,0xFF,0xF8,0x4D,0xFF,0xF8,0x4D,0xFF,0xF8,0x4D,0xFF,
    0xF8,0x4D,0xFF,0xF8,0x4D,0xFF,0xF8,0x4D,0xFF,0xF8,0x4D,0xFF,0xF8,0x4D,0xFF,0xF8,
    0x4D,0xFF,0xF8,0x4D,0xFF,0xF8,0x4D,0xFF,0xF8,0x4D,0xFF,0xF8,0x4D,0xFF,0xF8,0x4D,
    0xFF,0xF8,0x4D,0xFF,0xF8,0x4D,0xFF,0xF8,0x4D,0xFF,0xF8,0x4D,0xFF,0xF8,0x4D,0xFF,
    0xF8,0x4D,0xFF,0xF8,0x4D,0xFF,0xF8,0x4D,0xFF,0xF8,0x4D,0xFF,0xF8,0x4D,0xFF,0xF8,
    0x4D,0xFF,0xF8,0x4D,0xFF,0xF8,0x4D,0xFF,0xF8,0x4D,0xFF,0xF8,0x4D,0xFF,0xF8,0x4D,
    0xFF,0xF8,0x4D,0xFF,0xF8,0x4D,0xFF,0xF8,0x4D,0xFF,0xF8,0x4D,0xFF,0xF8,0x4D,0xFF,
    0xF8,0x4D,0xFF,0xF8,0x4D,0xFF,0xF8,0x4D,0xFF,0xF8,0x4D,0xFF,0xF8,0x4D,0xFF,0xF8,
    0x4D,0xFF,0xF8,0x4D,0xFF,0xF8,0x4D,0xFF,0xF8,0x4D,0xFF,0xF8,0x4D,0xFF,0xF8,0x4D,
    0xFF,0xF8,0x4D,0xFF,0xF8,0x4D,0xFF,0xF8,0x4D,0xFF,0xF8,0x4D,0xFF,0xF8,0x4D,0xFF,
    0xF8,0x4D,0xFF,0xF8,0x4D,0xFF,0xF8,0x4D,0xFF,0xF8,0x4D,0xFF,0xF8,0x4D,0xFF,0xF8,
    0x4D,0xFF,0xF8,0x4D,0xFF,0xF8,0x4D,0xFF,0xF8,0x4D,0xFF,0xF8,0x4D,0xFF,0xF8,0x4D,
    0xFF,0xF8,0x4D,0xFF,0xF8,0x4D,0xFF,0xF8,0x4D,0xFF,0xF8,0x4D,0xFF,0xF8,0x4D,0xFF,
    0xF8,0x4D,0xFF,0xF8,0x4D,0xFF,0xF8,0x4D,0xFF,0xF8,0x4D,0xFF,0xF8,0x4D,0xFF,0xF8,
    0x4D,0xFF,0xF8,0x4D,0xFF,0xF8,0x4D,0xFF,0xF8,0x4D,0xFF,0xF8,0x4D,0xFF,0xF8,0x4D,
    0xFF,0xF8,0x4D,0xFF,0xF8,0x4D,0xFF,0xF8,0x4D,0xFF,0xF8,0x4D,0xFF,0xF8,0x4D,0xFF,
    0xF8,0x4D,0xFF,0xF8,0x4D,0xFF,0xF8,0x4D,0xFF,0xF8,0x4D,0xFF,0xF8,0x4D,0xFF,0xF8,
    0x4D,0xFF,0xF8,0x4D,0xFF,0xF8,0x4D,0xFF,0xF8,0x4D,0xFF,0xF8,0x4D,0xFF,0xF8,0x4D,
    0xFF,0xF8,0x4D,0xFF,0xF8,0x4D,0xFF,0xF8,0x4D,0xFF,0xF8,0x4D,0xFF,0xF8,0x4D,0xFF,
    0xF8,0x4D,0xFF,0xF8,0x4D,0xFF,0xF8,0x4D,0xFF,0xF8,0x4D,0xFF,0xF8,0x4D,0xFF,0xF8,
    0x4D,0xFF,0xF8,0x4D,0xFF,0xF8,0x4D,0xFF,0xF8,0x4D,0xFF,0xF8,0x4D,0xFF,0xF8,0x4D,
    0xFF,0xF8,0x4D,0xFF,0xF8,0x4D,0xFF,0xF8,0x4D,0xFF,0xF8,0x4D,0xFF,0xF8,0x4D,0xFF,
    0xF8,0x4D,0xFF,0xF8,0x4D,0xFF,0xF8,0x4D,0xFF,0xF8,0x4D,0xFF,0xF8,0x4D,0xFF,0xF8,
    0x4D,0xFF,0xF8,0x4D,0xFF,0xF8,0x4D,0xFF,0xF8,0x4D,0xFF,0xF8,0x4D,0xFF,0xF8,0x4D,
    0xFF,0xF8,0x4D,0xFF,0xF8,0x4D,0xFF,0xF8,0x4D,0xFF,0xF8,0x4D,0xFF,0xF8,0x4D,0xFF,
    0xF8,0x4D,0xFF,0xF8,0x4D,0xFF,0xF8,0x4D,0xFF,0xF8,0x4D,0xFF,0xF8,0x4D,0xFF,0xF8,
    0x4D,0xFF,0xF8,0x4D,0xFF,0xF8,0x4D,0xFF,0xF8,0x4D,0xFF,0xF8,0x4D,0xFF,0xF8,0x4D,
    0xFF,0xF8,0x4D,0xFF,0xF8,0x4D,0xFF,0xF8,0x4D,0xFF,0xF8,0x4D,0xFF,0xF8,0x4D,0xFF,
    0xF8,0x4D,0xFF,0xF8,0x4D,0xFF,0xF8,0x4D,0xFF,0xF8,0x4D,0xFF,0xF8,0x4D,0xFF,0xF8,
    0x4D,0xFF,0xF8,0x4D,0xFF,0xF8,0x4D,0xFF,0xF8,0x4D,0xFF,0xF8,0x4D,0xFF,0xF8,0x4D,
    0xFF,0xF8,0x4D,0xFF,0xF8,0x4D,0xFF,0xF8,0x4D,0xFF,0xF8,0x4D,0xFF,0xF8,0x4D,0xFF,
    0xF8,0x4D,0xFF,0xF8,0x4D,0xFF,0xF8,0x4D,0xFF,0xF8,0x4D,0xFF,0xF8,0x4D,0xFF,0xF8,
    0x4D,0xFF,0xF8,0x4D,0xFF,0xF8,0x4D,0xFF,0xF8,0x4D,0xFF,0xF8,0x4D,0xFF,0xF8,0x4D,
    0xFF,0xF8,0x4D,0xFF,0xF8,0x4D,0xFF,0xF8,0x4D,0xFF,0xF8,0x4D,0xFF,0xF8,0x4D,0xFF,
    0xF8,0x4D,0xFF,0xF8,0x4D,0xFF,0xF8,0x4D,0xFF,0xF8,0x4D,0xFF,0xF8,0x4D,0xFF,0xF8,
    0x4D,0xFF,0xF8,0x4D,0xFF,0xF8,0x4D,0xFF,0xF8,0x4D,0xFF,0xF8,0x4D,0xFF,0xF8,0x4D,
    0xFF,0xF8,0x4D,0xFF,0xF8,0x4D,0xFF,0xF8,0x4D,0xFF,0xF8,0x4D,0xFF,0xF8,0x4D,0xFF,
    0xF8,0x4D,0xFF,0xF8,0x4D,0xFF,0xF8,0x4D,0xFF,0xF8,0x4D,0xFF,0xF8,0x4D,0xFF,0xF8,
    0x4D,0xFF,0xF8,0x4D,0xFF,0xF8,0x4D,0xFF,0xF8,0x4D,0xFF,0xF8,0x4D,0xFF,0xF8,0x4D,
    0xFF,0xF8,0x4D,0xFF,0xF8,0x4D,0xFF,0xF8,0x4D,0xFF,0xF8,0x4D,0xFF,0xF8,0x4D,0xFF,
    0xF8,0x4D,0xFF,0xF8,0x4D,0xFF,0xF8,0x4D,0xFF,0xF8,0x4D,0xFF,0xF8,0x4D,0xFF,0xF8,
    0x4D,0xFF,0xF8,0x4D,0xFF,0xF8,0x4D,0xFF,0xF8,0x4D,0xFF,0xF8,0x4D,0xFF,0xF8,0x4D,
    0xFF,0xF8,0x4D,0xFF,0xF8,0x4D,0xFF,0xF8,0x4D,0xFF,0xF8,0x4D,0xFF,0xF8,0x4D,0xFF,
    0xF8,0x4D,0xFF,0xF8,0x4D,0xFF,0xF8,0x4D,0xFF,0xF8,0x4D,0xFF,0xF8,0x4D,0xFF,0xF8,
    0x4D,0xFF,0xF8,0x4D,0xFF,0xF8,0x4D,0xFF,0xF8,0x4D,0xFF,0xF8,0x4D,0xFF,0xF8,0x4D,
    0xFF,0xF8,0x4D,0xFF,0xF8,0x4D,0xFF,0xF8,0x4D,0xFF,0xF8,0x4D,0xFF,0xF8,0x4D,0xFF,
    0xF8,0x4D,0xFF,0xF8,0x4D,0xFF,0xF8,0x4D,0xFF,0xF8,0x4D,0xFF,0xF8,0x4D,0xFF,0xF8,
    0x4D,0xFF,0xF8,0x4D,0xFF,0xF8,0x4D,0xFF,0xF8,0x4D,0xFF,0xF8,0x4D,0xFF,0xF8,0x4D,
    0xFF,0xF8,0x4D,0xFF,0xF8,0x4D,0xFF,0xF8,0x4D,0xFF,0xF8,0x4D,0xFF,0xF8,0x4D,0xFF,
    0xF8,0x4D,0xFF,0xF8,0x4D,0xFF,0xF8,0x4D,0xFF,0xF8,0x4D,0xFF,0xF8,0x4D,0xFF,0xF8,
    0x4D,0xFF,0xF8,0x4D,0xFF,0xF8,0x4D,0xFF,0xF8,0x4D,0xFF,0xF8,0x4D,0xFF,0xF8,0x4D,
    0xFF,0xF8,0x4D,0xFF,0xF8,0x4D,0xFF,0xF8,0x4D,0xFF,0xF8,0x4D,0xFF,0xF8,0x4D,0xFF,
    0xF8,0x4D,0xFF,0xF8,0x4D,0xFF,0xF8,0x4D,0xFF,0xF8,0x4D,0xFF,0xF8,0x4D,0xFF,0xF8,
    0x4D,0xFF,0xF8,0x4D,0xFF,0xF8,0x4D,0xFF,0xF8,0x4D,0xFF,0xF8,0x4D,0xFF,0xF8,0x4D,
    0xFF,0xF8,0x4D,0xFF,0xF8,0x4D,0xFF,0xF8,0x4D,0xFF,0xF8,0x4D,0xFF,0xF8,0x4D,0xFF,
    0xF8,0x4D,0xFF,0xF8,0x4D,0xFF,0xF8,0x4D,0xFF,0xF8,0x4D,0xFF,0xF8,0x4D,0xFF,0xF8,
    0x4D,0xFF,0xF8,0x4D,0xFF,0xF8,0x4D,0xFF,0xF8,0x4D,0xFF,0xF8,0x4D,0xFF,0xF8,0x4D,
    0xFF,0xF8,0x4D,0xFF,0xF8,0x4D,0xFF,0xF8,0x4D,0xFF,0xF8,0x4D,0xFF,0xF8,0x4D,0xFF,
    0xF8,0x4D,0xFF,0xF8,0x4D,0xFF,0xF8,0x4D,0xFF,0xF8,0x4D,0xFF,0xF8,0x4D,0xFF,0xF8,
    0x4D,0xFF,0xF8,0x4D,0xFF,0xF8,0x4D,0xFF,0xF8,0x4D,0xFF,0xF8,0x4D,0xFF,0xF8,0x4D,
    0xFF,0xF8,0x4D,0xFF,0xF8,0x4D,0xFF,0xF8,0x4D,0xFF,0xF8,0x4D,0xFF,0xF8,0x4D,0xFF,
    0xF8,0x4D,0xFF,0xF8,0x4D,0xFF,0xF8,0x4D,0xFF,0xF8,0x4D,0xFF,0xF8,0x4D,0xFF,0xF8,
    0x4D,0xFF,0xF8,0x4D,0xFF,0xF8,0x4D,0xFF,0xF8,0x4D,0xFF,0xF8,0x4D,0xFF,0xF8,0x4D,
    0xFF,0xF8,0x4D,0xFF,0xF8,0x4D,0xFF,0xF8,0x4D,0xFF,0xF8,0x4D,0xFF,0xF8,0x4D,0xFF,
    0xF8,0x4D,0xFF,0xF8,0x4D,0xFF,0xF8,0x4D,0xFF,0xF8,0x4D,0xFF,0xF8,0x4D,0xFF,0xF8,
    0x4D,0xFF,0xF8,0x4D,0xFF,0xF8,0x4D,0xFF,0xF8,0x4D,0xFF,0xF8,0x4D,0xFF,0xF8,0x4D,
    0xFF,0xF8,0x4D,0xFF,0xF8,0x4D,0xFF,0xF8,0x4D,0xFF,0xF8,0x4D,0xFF,0xF8,0x4D,0xFF,
    0xF8,0x4D,0xFF,0xF8,0x4D,0xFF,0xF8,0x4D,0xFF,0xF8,0x4D,0xFF,0xF8,0x4D,0xFF,0xF8,
    0x4D,0xFF,0xF8,0x4D,0xFF,0xF8,0x4D,0xFF,0xF8,0x4D,0xFF,0xF8,0x4D,0xFF,0xF8,0x4D,
    0xFF,0xF8,0x4D,0xFF,0xF8,0x4D,0xFF,0xF8,0x4D,0xFF,0xF8,0x4D,0xFF,0xF8,0x4D,0xFF,
    0xF8,0x4D,0xFF,0xF8,0x4D,0xFF,0xF8,0x4D,0xFF,0xF8,0x4D,0xFF,0xF8,0x4D,0xFF,0xF8,
    0x4D,0xFF,0xF8,0x4D,0xFF,0xF8,0x4D,0xFF,0xF8,0x4D,0xFF,0xF8,0x4D,0xFF,0xF8,0x4D,
    0xFF,0xF8,0x4D,0xFF,0xF8,0x4D,0xFF,0xF8,0x4D,0xFF,0xF8,0x4D,0xFF,0xF8,0x4D,0xFF,
    0xF8,0x4D,0xFF,0xF8,0x4D,0xFF,0xF8,0x4D,0xFF,0xF8,0x4D,0xFF,0xF8,0x4D,0xFF,0xF8,
    0x4D,0xFF,0xF8,0x4D,0xFF,0xF8,0x4D,0xFF,0xF8,0x4D,0xFF,0xF8,0x4D,0xFF,0xF8,0x4D,
    0xFF,0xF8,0x4D,0xFF,0xF8,0x4D,0xFF,0xF8,0x4D,0xFF,0xF8,0x4D,0xFF,0xF8,0x4D,0xFF,
    0xF8,0x4D,0xFF,0xF8,0x4D,0xFF,0xF8,0x4D,0xFF,0xF8,0x4D,0xFF,0xF8,0x4D,0xFF,0xF8,
    0x4D,0xFF,0xF8,0x4D,0xFF,0xF8,0x4D,0xFF,0xF8,0x4D,0xFF,0xF8,0x4D,0xFF,0xF8,0x4D,
    0xFF,0xF8,0x4D,0xFF,0xF8,0x4D,0xFF,0xF8,0x4D,0xFF,0xF8,0x4D,0xFF,0xF8,0x4D,0xFF,
    0xF8,0x4D,0xFF,0xF8,0x4D,0xFF,0xF8,0x4D,0xFF,0xF8,0x4D,0xFF,0xF8,0x4D,0xFF,0xF8,
    0x4D,0xFF,0xF8,0x4D,0xFF,0xF8,0x4D,0xFF,0xF8,0x4D,0xFF,0xF8,0x4D,0xFF,0xF8,0x4D,
    0xFF,0xF8,0x4D,0xFF,0xF8,0x4D,0xFF,0xF8,0x4D,0xFF,0xF8,0x4D,0xFF,0xF8,0x4D,0xFF,
    0xF8,0x4D,0xFF,0xF8,0x4D,0xFF,0xF8,0x4D,0xFF,0xF8,0x4D,0xFF,0xF8,0x4D,0xFF,0xF8,
    0x4D,0xFF,0xF8,0x4D,0xFF,0xF8,0x4D,0xFF,0xF8,0x4D,0xFF,0xF8,0x4D,0xFF,0xF8,0x4D,
    0xFF,0xF8,0x4D,0xFF,0xF8,0x4D,0xFF,0xF8,0x4D,0xFF,0xF8,0x4D,0xFF,0xF8,0x4D,0xFF,
    0xF8,0x4D,0xFF,0xF8,0x4D,0xFF,0xF8,0x4D,0xFF,0xF8,0x4D,0xFF,0xF8,0x4D,0xFF,0xF8,
    0x4D,0xFF,0xF8,0x4D,0xFF,0xF8,0x4D,0xFF,0xF8,0x4D,0xFF,0xF8,0x4D,0xFF,0xF8,0x4D,
    0xFF,0xF8,0x4D,0xFF,0xF8,0x4D,0xFF,0xF8,0x4D,0xFF,0xF8,0x4D,0xFF,0xF8,0x4D,0xFF,
    0xF8,0x4D,0xFF,0xF8,0x4D,0xFF,0xF8,0x4D,0xFF,0xF8,0x4D,0xFF,0xF8,0x4D,0xFF,0xF8,
    0x4D,0xFF,0xF8,0x4D,0xFF,0xF8,0x4D,0xFF,0xF8,0x4D,0xFF,0xF8,0x4D,0xFF,0xF8,0x4D,
    0xFF,0xF8,0x4D,0xFF,0xF8,0x4D,0xFF,0xF8,0x4D,0xFF,0xF8,0x4D,0xFF,0xF8,0x4D,0xFF,
    0xF8,0x4D,0xFF,0xF8,0x4D,0xFF,0xF8,0x4D,0xFF,0xF8,0x4D,0xFF,0xF8,0x4D,0xFF,0xF8,
    0x4D,0xFF,0xF8,0x4D,0xFF,0xF8,0x4D,0xFF,0xF8,0x4D,0xFF,0xF8,0x4D,0xFF,0xF8,0x4D,
    0xFF,0xF8,0x4D,0xFF,0xF8,0x4D,0xFF,0xF8,0x4D,0xFF,0xF8,0x4D,0xFF,0xF8,0x4D,0xFF,
    0xF8,0x4D,0xFF,0xF8,0x4D,0xFF,0xF8,0x4D,0xFF,0xF8,0x4D,0xFF,0xF8,0x4D,0xFF,0xF8,
    0x4D,0xFF,0xF8,0x4D,0xFF,0xF8,0x4D,0xFF,0xF8,0x4D,0xFF,0xF8,0x4D,0xFF,0xF8,0x4D,
    0xFF,0xF8,0x4D,0xFF,0xF8,0x4D,0xFF,0xF8,0x4D,0xFF,0xF8,0x4D,0xFF,0xF8,0x4D,0xFF,
    0xF8,0x4D,0xFF,0xF8,0x4D,0xFF,0xF8,0x4D,0xFF,0xF8,0x4D,0xFF,0xF8,0x4D,0xFF,0xF8,
    0x4D,0xFF,0xF8,0x4D,0xFF,0xF8,0x4D,0xFF,0xF8,0x4D,0xFF,0xF8,0x4D,0xFF,0xF8,0x4D,
    0xFF,0xF8,0x4D,0xFF,0xF8,0x4D,0xFF,0xF8,0x4D,0xFF,0xF8,0x4D,0xFF,0xF8,0x4D,0xFF,
    0xF8,0x4D,0xFF,0xF8,0x4D,0xFF,0xF8,0x4D,0xFF,0xF8,0x4D,0xFF,0xF8,0x4D,0xFF,0xF8,
    0x4D,0xFF,0xF8,0x4D,0xFF,0xF8,0x4D,0xFF,0xF8,0x4D,0xFF,0xF8,0x4D,0xFF,0xF8,0x4D,
    0xFF,0xF8,0x4D,0xFF,0xF8,0x4D,0xFF,0xF8,0x4D,0xFF,0xF8,0x4D,0xFF,0xF8,0x4D,0xFF,
    0xF8,0x4D,0xFF,0xF8,0x4D,0xFF,0xF8,0x4D,0xFF,0xF8,0x4D,0xFF,0xF8,0x4D,0xFF,0xF8,
    0x4D,0xFF,0xF8,0x4D,0xFF,0xF8,0x4D,0xFF,0xF8,0x4D,0xFF,0xF8,0x4D,0xFF,0xF8,0x4D,
    0xFF,0xF8,0x4D,0xFF,0xF8,0x4D,0xFF,0xF8,0x4D,0xFF,0xF8,0x4D,0xFF,0xF8,0x4D,0xFF,
    0xF8,0x4D,0xFF,0xF8,0x4D,0xFF,0xF8,0x4D,0xFF,0xF8,0x4D,0xFF,0xF8,0x4D,0xFF,0xF8,
    0x4D,0xFF,0xF8,0x4D,0xFF,0xF8,0x4D,0xFF,0xF8,0x4D,0xFF,0xF8,0x4D,0xFF,0xF8,0x4D,
    0xFF,0xF8,0x4D,0xFF,0xF8,0x4D,0xFF,0xF8,0x4D,0xFF,0xF8,0x4D,0xFF,0xF8,0x4D,0xFF,
    0xF8,0x4D,0xFF,0xF8,0x4D,0xFF,0xF8,0x4D,0xFF,0xF8,0x4D,0xFF,0xF8,0x4D,0xFF,0xF8,
    0x4D,0xFF,0xF8,0x4D,0xFF,0xF8,0x4D,0xFF,0xF8,0x4D,0xFF,0xF8,0x4D,0xFF,0xF8,0x4D,
    0xFF,0xF8,0x4D,0xFF,0xF8,0x4D,0xFF,0xF8,0x4D,0xFF,0xF8,0x4D,0xFF,0xF8,0x4D,0xFF,
    0xF8,0x4D,0xFF,0xF8,0x4D,0xFF,0xF8,0x4D,0xFF,0xF8,0x4D,0xFF,0xF8,0x4D,0xFF,0xF8,
    0x4D,0xFF,0xF8,0x4D,0xFF,0xF8,0x4D,0xFF,0xF8,0x4D,0xFF,0xF8,0x4D,0xFF,0xF8,0x4D,
    0xFF,0xF8,0x4D,0xFF,0xF8,0x4D,0xFF,0xF8,0x4D,0xFF,0xF8,0x4D,0xFF,0xF8,0x4D,0xFF,
    0xF8,0x4D,0xFF,0xF8,0x4D,0xFF,0xF8,0x4D,0xFF,0xF8,0x4D,0xFF,0xF8,0x4D,0xFF,0xF8,
    0x4D,0xFF,0xF8,0x4D,0xFF,0xF8,0x4D,0xFF,0xF8,0x4D,0xFF,0xF8,0x4D,0xFF,0xF8,0x4D,
    0xFF,0xF8,0x4D,0xFF,0xF8,0x4D,0xFF,0xF8,0x4D,0xFF,0xF8,0x4D,0xFF,0xF8,0x4D,0xFF,
    0xF8,0x4D,0xFF,0xF8,0x4D,0xFF,0xF8,0x4D,0xFF,0xF8,0x4D,0xFF,0xF8,0x4D,0xFF,0xF8,
    0x4D,0xFF,0xF8,0x4D,0xFF,0xF8,0x4D,0xFF,0xF8,0x4D,0xFF,0xF8,0x4D,0xFF,0xF8,0x4D,
    0xFF,0xF8,0x4D,0xFF,0xF8,0x4D,0xFF,0xF8,0x4D,0xFF,0xF8,0x4D,0xFF,0xF8,0x4D,0xFF,
    0xF8,0x4D,0xFF,0xF8,0x4D,0xFF,0xF8,0x4D,0xFF,0xF8,0x4D,0xFF,0xF8,0x4D,0xFF,0xF8,
    0x4D,0xFF,0xF8,0x4D,0xFF,0xF8,0x4D,0xFF,0xF8,0x4D,0xFF,0xF8,0x4D,0xFF,0xF8,0x4D,
    0xFF,0xF8,0x4D,0xFF,0xF8,0x4D,0xFF,0xF8,0x4D,0xFF,0xF8,0x4D,0xFF,0xF8,0x4D,0xFF,
    0xF8,0x4D,0xFF,0xF8,0x4D,0xFF,0xF8,0x4D,0xFF,0xF8,0x4D,0xFF,0xF8,0x4D,0xFF,0xF8,
    0x4D,0xFF,0xF8,0x4D,0xFF,0xF8,0x4D,0xFF,0xF8,0x4D,0xFF,0xF8,0x4D,0xFF,0xF8,0x4D,
    0xFF,0xF8,0x4D,0xFF,0xF8,0x4D,0xFF,0xF8,0x4D,0xFF,0xF8,0x4D,0xFF,0xF8,0x4D,0xFF,
    0xF8,0x4D,0xFF,0xF8,0x4D,0xFF,0xF8,0x4D,0xFF,0xF8,0x4D,0xFF,0xF8,0x4D,0xFF,0xF8,
    0x4D,0xFF,0xF8,0x4D,0xFF,0xF8,0x4D,0xFF,0xF8,0x4D,0xFF,0xF8,0x4D,0xFF,0xF8,0x4D,
    0xFF,0xF8,0x4D,0xFF,0xF8,0x4D,0xFF,0xF8,0x4D,0xFF,0xF8,0x4D,0xFF,0xF8,0x4D,0xFF,
    0xF8,0x4D,0xFF,0xF8,0x4D,0xFF,0xF8,0x4D,0xFF,0xF8,0x4D,0xFF,0xF8,0x4D,0xFF,0xF8,
    0x4D,0xFF,0xF8,0x4D,0xFF,0xF8,0x4D,0xFF,0xF8,0x4D,0xFF,0xF8,0x4D,0xFF,0xF8,0x4D,
    0xFF,0xF8,0x4D,0xFF,0xF8,0x4D,0xFF,0xF8,0x4D,0xFF,0xF8,0x4D,0xFF,0xF8,0x4D,0xFF,
    0xF8,0x4D,0xFF,0xF8,0x4D,0xFF,0xF8,0x4D,0xFF,0xF8,0x4D,0xFF,0xF8,0x4D,0xFF,0xF8,
    0x4D,0xFF,0xF8,0x4D,0xFF,0xF8,0x4D,0xFF,0xF8,0x4D,0xFF,0xF8,0x4D,0xFF,0xF8,0x4D,
    0xFF,0xF8,0x4D,0xFF,0xF8,0x4D,0xFF,0xF8,0x4D,0xFF,0xF8,0x4D,0xFF,0xF8,0x4D,0xFF,
    0xF8,0x4D,0xFF,0xF8,0x4D,0xFF,0xF8,0x4D,0xFF,0xF8,0x4D,0xFF,0xF8,0x4D,0xFF,0xF8,
    0x4D,0xFF,0xF8,0x4D,0xFF,0xF8,0x4D,0xFF,0xF8,0x4D,0xFF,0xF8,0x4D,0xFF,0xF8,0x4D,
    0xFF,0xF8,0x4D,0xFF,0xF8,0x4D,0xFF,0xF8,0x4D,0xFF,0xF8,0x4D,0xFF,0xF8,0x4D,0xFF,
    0xF8,0x4D,0xFF,0xF8,0x4D,0xFF,0xF8,0x4D,0xFF,0xF8,0x4D,0xFF,0xF8,0x4D,0xFF,0xF8,
    0x4D,0xFF,0xF8,0x4D,0xFF,0xF8,0x4D,0xFF,0xF8,0x4D,0xFF,0xF8,0x4D,0xFF,0xF8,0x4D,
    0xFF,0xF8,0x4D,0xFF,0xF8,0x4D,0xFF,0xF8,0x4D,0xFF,0xF8,0x4D,0xFF,0xF8,0x4D,0xFF,
    0xF8,0x4D,0xFF,0xF8,0x4D,0xFF,0xF8,0x4D,0xFF,0xF8,0x4D,0xFF,0xF8,0x4D,0xFF,0xF8,
    0x4D,0xFF,0xF8,0x4D,0xFF,0xF8,0x4D,0xFF,0xF8,0x4D,0xFF,0xF8,0x4D,0xFF,0xF8,0x4D,
    0xFF,0xF8,0x4D,0xFF,0xF8,0x4D,0xFF,0xF8,0x4D,0xFF,0xF8,0x4D,0xFF,0xF8,0x4D,0xFF,
    0xF8,0x4D,0xFF,0xF8,0x4D,0xFF,0xF8,0x4D,0xFF,0xF8,0x4D,0xFF,0xF8,0x4D,0xFF,0xF8,
    0x4D,0xFF,0xF8,0x4D,0xFF,0xF8,0x4D,0xFF,0xF8,0x4D,0xFF,0xF8,0x4D,0xFF,0xF8,0x4D,
    0xFF,0xF8,0x4D,0xFF,0xF8,0x4D,0xFF,0xF8,0x4D,0xFF,0xF8,0x4D,0xFF,0xF8,0x4D,0xFF,
    0xF8,0x4D,0xFF,0xF8,0x4D,0xFF,0xF8,0x4D,0xFF,0xF8,0x4D,0xFF,0xF8,0x4D,0xFF,0xF8,
    0x4D,0xFF,0xF8,0x4D,0xFF,0xF8,0x4D,0xFF,0xF8,0x4D,0xFF,0xF8,0x4D,0xFF,0xF8,0x4D,
    0xFF,0xF8,0x4D,0xFF,0xF8,0x4D,0xFF,0xF8,0x4D,0xFF,0xF8,0x4D,0xFF,0xF8,0x4D,0xFF,
    0xF8,0x4D,0xFF,0xF8,0x4D,0xFF,0xF8,0x4D,0xFF,0xF8,0x4D,0xFF,0xF8,0x4D,0xFF,0xF8,
    0x4D,0xFF,0xF8,0x4D,0xFF,0xF8,0x4D,0xFF,0xF8,0x4D,0xFF,0xF8,0x4D,0xFF,0xF8,0x4D,
    0xFF,0xF8,0x4D,0xFF,0xF8,0x4D,0xFF,0xF8,0x4D,0xFF,0xF8,0x4D,0xFF,0xF8,0x4D,0xFF,
    0xF8,0x4D,0xFF,0xF8,0x4D,0xFF,0xF8,0x4D,0xFF,0xF8,0x4D,0xFF,0xF8,0x4D,0xFF,0xF8,
    0x4D,0xFF,0xF8,0x4D,0xFF,0xF8,0x4D,0xFF,0xF8,0x4D,0xFF,0xF8,0x4D,0xFF,0xF8,0x4D,
    0xFF,0xF8,0x4D,0xFF,0xF8,0x4D,0xFF,0xF8,0x4D,0xFF,0xF8,0x4D,0xFF,0xF8,0x4D,0xFF,
    0xF8,0x4D,0xFF,0xF8,0x4D,0xFF,0xF8,0x4D,0xFF,0xF8,0x4D,0xFF,0xF8,0x4D,0xFF,0xF8,
    0x4D,0xFF,0xF8,0x4D,0xFF,0xF8,0x4D,0xFF,0xF8,0x4D,0xFF,0xF8,0x4D,0xFF,0xF8,0x4D,
    0xFF,0xF8,0x4D,0xFF,0xF8,0x4D,0xFF,0xF8,0x4D,0xFF,0xF8,0x4D,0xFF,0xF8,0x4D,0xFF,
    0xF8,0x4D,0xFF,0xF8,0x4D,0xFF,0xF8,0x4D,0xFF,0xF8,0x4D,0xFF,0xF8,0x4D,0xFF,0xF8,
    0x4D,0xFF,0xF8,0x4D,0xFF,0xF8,0x4D,0xFF,0xF8,0x4D,0xFF,0xF8,0x4D,0xFF,0xF8,0x4D,
    0xFF,0xF8,0x4D,0xFF,0xF8,0x4D,0xFF,0xF8,0x4D,0xFF,0xF8,0x4D,0xFF,0xF8,0x4D,0xFF,
    0xF8,0x4D,0xFF,0xF8,0x4D,0xFF,0xF8,0x4D,0xFF,0xF8,0x4D,0xFF,0xF8,0x4D,0xFF,0xF8,
    0x4D,0xFF,0xF8,0x4D,0xFF,0xF8,0x4D,0xFF,0xF8,0x4D,0xFF,0xF8,0x4D,0xFF,0xF8,0x4D,
    0xFF,0xF8,0x4D,0xFF,0xF8,0x4D,0xFF,0xF8,0x4D,0xFF,0xF8,0x4D,0xFF,0xF8,0x4D,0xFF,
    0xF8,0x4D,0xFF,0xF8,0x4D,0xFF,0xF8,0x4D,0xFF,0xF8,0x4D,0xFF,0xF8,0x4D,0xFF,0xF8,
    0x4D,0xFF,0xF8,0x4D,0xFF,0xF8,0x4D,0xFF,0xF8,0x4D,0xFF,0xF8,0x4D,0xFF,0xF8,0x4D,
    0xFF,0xF8,0x4D,0xFF,0xF8,0x4D,0xFF,0xF8,0x4D,0xFF,0xF8,0x4D,0xFF,0xF8,0x4D,0xFF,
    0xF8,0x4D,0xFF,0xF8,0x4D,0xFF,0xF8,0x4D,0xFF,0xF8,0x4D,0xFF,0xF8,0x4D,0xFF,0xF8,
    0x4D,0xFF,0xF8,0x4D,0xFF,0xF8,0x4D,0xFF,0xF8,0x4D,0xFF,0xF8,0x4D,0xFF,0xF8,0x4D,
    0xFF,0xF8,0x4D,0xFF,0xF8,0x4D,0xFF,0xF8,0x4D,0xFF,0xF8,0x4D,0xFF,0xF8,0x4D,0xFF,
    0xF8,0x4D,0xFF,0xF8,0x4D,0xFF,0xF8,0x4D,0xFF,0xF8,0x4D,0xFF,0xF8,0x4D,0xFF,0xF8,
    0x4D,0xFF,0xF8,0x4D,0xFF,0xF8,0x4D,0xFF,0xF8,0x4D,0xFF,0xF8,0x4D,0xFF,0xF8,0x4D,
    0xFF,0xF8,0x4D,0xFF,0xF8,0x4D,0xFF,0xF8,0x4D,0xFF,0xF8,0x4D,0xFF,0xF8,0x4D,0xFF,
    0xF8,0x4D,0xFF,0xF8,0x4D,0xFF,0xF8,0x4D,0xFF,0xF8,0x4D,0xFF,0xF8,0x4D,0xFF,0xF8,
    0x4D,0xFF,0xF8,0x4D,0xFF,0xF8,0x4D,0xFF,0xF8,0x4D,0xFF,0xF8,0x4D,0xFF,0xF8,0x4D,
    0xFF,0xF8,0x4D,0xFF,0xF8,0x4D,0xFF,0xF8,0x4D,0xFF,0xF8,0x4D,0xFF,0xF8,0x4D,0xFF,
    0xF8,0x4D,0xFF,0xF8,0x4D,0xFF,0xF8,0x4D,0xFF,0xF8,0x4D,0xFF,0xF8,0x4D,0xFF,0xF8,
    0x4D,0xFF,0xF8,0x4D,0xFF,0xF8,0x4D,0xFF,0xF8,0x4D,0xFF,0xF8,0x4D,0xFF,0xF8,0x4D,
    0xFF,0xF8,0x4D,0xFF,0xF8,0x4D,0xFF,0xF8,0x4D,0xFF,0xF8,0x4D,0xFF,0xF8,0x4D,0xFF,
    0xF8,0x4D,0xFF,0xF8,0x4D,0xFF,0xF8,0x4D,0xFF,0xF8,0x4D,0xFF,0xF8,0x4D,0xFF,0xF8,
    0x4D,0xFF,0xF8,0x4D,0xFF,0xF8,0x4D,0xFF,0xF8,0x4D,0xFF,0xF8,0x4D,0xFF,0xF8,0x4D,
    0xFF,0xF8,0x4D,0xFF,0xF8,0x4D,0xFF,0xF8,0x4D,0xFF,0xF8,0x4D,0xFF,0xF8,0x4D,0xFF,
    0xF8,0x4D,0xFF,0xF8,0x4D,0xFF,0xF8,0x4D,0xFF,0xF8,0x4D,0xFF,0xF8,0x4D,0xFF,0xF8,
    0x4D,0xFF,0xF8,0x4D,0xFF,0xF8,0x4D,0xFF,0xF8,0x4D,0xFF,0xF8,0x4D,0xFF,0xF8,0x4D,
    0xFF,0xF8,0x4D,0xFF,0xF8,0x4D,0xFF,0xF8,0x4D,0xFF,0xF8,0x4D,0xFF,0xF8,0x4D,0xFF,
    0xF8,0x4D,0xFF,0xF8,0x4D,0xFF,0xF8,0x4D,0xFF,0xF8,0x4D,0xFF,0xF8,0x4D,0xFF,0xF8,
    0x4D,0xFF,0xF8,0x4D,0xFF,0xF8,0x4D,0xFF,0xF8,0x4D,0xFF,0xF8,0x4D,0xFF,0xF8,0x4D,
    0xFF,0xF8,0x4D,0xFF,0xF8,0x4D,0xFF,0xF8,0x4D,0xFF,0xF8,0x4D,0xFF,0xF8,0x4D,0xFF,
    0xF8,0x4D,0xFF,0xF8,0x4D,0xFF,0xF8,0x4D,0xFF,0xF8,0x4D,0xFF,0xF8,0x4D,0xFF,0xF8,
    0x4D,0xFF,0xF8,0x4D,0xFF,0xF8,0x4D,0xFF,0xF8,0x4D,0xFF,0xF8,0x4D,0xFF,0xF8,0x4D,
    0xFF,0xF8,0x4D,0xFF,0xF8,0x4D,0xFF,0xF8,0x4D,0xFF,0xF8,0x4D,0xFF,0xF8,0x4D,0xFF,
    0xF8,0x4D,0xFF,0xF8,0x4D,0xFF,0xF8,0x4D,0xFF,0xF8,0x4D,0xFF,0xF8,0x4D,0xFF,0xF8,
    0x4D,0xFF,0xF8,0x4D,0xFF,0xF8,0x4D,0xFF,0xF8,0x4D,0xFF,0xF8,0x4D,0xFF,0xF8,0x4D,
    0xFF,0xF8,0x4D,0xFF,0xF8,0x4D,0xFF,0xF8,0x4D,0xFF,0xF8,0x4D,0xFF,0xF8,0x4D,0xFF,
    0xF8,0x4D,0xFF,0xF8,0x4D,0xFF,0xF8,0x4D,0xFF,0xF8,0x4D,0xFF,0xF8,0x4D,0xFF,0xF8,
    0x4D,0xFF,0xF8,0x4D,0xFF,0xF8,0x4D,0xFF,0xF8,0x4D,0xFF,0xF8,0x4D,0xFF,0xF8,0x4D,
    0xFF,0xF8,0x4D,0xFF,0xF8,0x4D,0xFF,0xF8,0x4D,0xFF,0xF8,0x4D,0xFF,0xF8,0x4D,0xFF,
    0xF8,0x4D,0xFF,0xF8,0x4D,0xFF,0xF8,0x4D,0xFF,0xF8,0x4D,0xFF,0xF8,0x4D,0xFF,0xF8,
    0x4D,0xFF,0xF8,0x4D,0xFF,0xF8,0x4D,0xFF,0xF8,0x4D,0xFF,0xF8,0x4D,0xFF,0xF8,0x4D,
    0xFF,0xF8,0x4D,0xFF,0xF8,0x4D,0xFF,0xF8,0x4D,0xFF,0xF8,0x4D,0xFF,0xF8,0x4D,0xFF,
    0xF8,0x4D,0xFF,0xF8,0x4D,0xFF,0xF8,0x4D,0xFF,0xF8,0x4D,0xFF,0xF8,0x4D,0xFF,0xF8,
    0x4D,0xFF,0xF8,0x4D,0xFF,0xF8,0x4D,0xFF,0xF8,0x4D,0xFF,0xF8,0x4D,0xFF,0xF8,0x4D,
    0xFF,0xF8,0x4D,0xFF,0xF8,0x4D,0xFF,0xF8,0x4D,0xFF,0xF8,0x4D,0xFF,0xF8,0x4D,0xFF,
    0xF8,0x4D,0xFF,0xF8,0x4D,0xFF,0xF8,0x4D,0xFF,0xF8,0x4D,0xFF,0xF8,0x4D,0xFF,0xF8,
    0x4D,0xFF,0xF8,0x4D,0xFF,0xF8,0x4D,0xFF,0xF8,0x4D,0xFF,0xF8,0x4D,0xFF,0xF8,0x4D,
    0xFF,0xF8,0x4D,0xFF,0xF8,0x4D,0xFF,0xF8,0x4D,0xFF,0xF8,0x4D,0xFF,0xF8,0x4D,0xFF,
    0xF8,0x4D,0xFF,0xF8,0x4D,0xFF,0xF8,0x4D,0xFF,0xF8,0x4D,0xFF,0xF8,0x4D,0xFF,0xF8,
    0x4D,0xFF,0xF8,0x4D,0xFF,0xF8,0x4D,0xFF,0xF8,0x4D,0xFF,0xF8,0x4D,0xFF,0xF8,0x4D,
    0xFF,0xF8,0x4D,0xFF,0xF8,0x4D,0xFF,0xF8,0x4D,0xFF,0xF8,0x4D,0xFF,0xF8,0x4D,0xFF,
    0xF8,0x4D,0xFF,0xF8,0x4D,0xFF,0xF8,0x4D,0xFF,0xF8,0x4D,0xFF,0xF8,0x4D,0xFF,0xF8,
    0x4D,0xFF,0xF8,0x4D,0xFF,0xF8,0x4D,0xFF,0xF8,0x4D,0xFF,0xF8,0x4D,0xFF,0xF8,0x4D,
    0xFF,0xF8,0x4D,0xFF,0xF8,0x4D,0xFF,0xF8,0x4D,0xFF,0xF8,0x4D,0xFF,0xF8,0x4D,0xFF,
    0xF8,0x4D,0xFF,0xF8,0x4D,0xFF,0xF8,0x4D,0xFF,0xF8,0x4D,0xFF,0xF8,0x4D,0xFF,0xF8,
    0x4D,0xFF,0xF8,0x4D,0xFF,0xF8,0x4D,0xFF,0xF8,0x4D,0xFF,0xF8,0x4D,0xFF,0xF8,0x4D,
    0xFF,0xF8,0x4D,0xFF,0xF8,0x4D,0xFF,0xF8,0x4D,0xFF,0xF8,0x4D,0xFF,0xF8,0x4D,0xFF,
    0xF8,0x4D,0xFF,0xF8,0x4D,0xFF,0xF8,0x4D,0xFF,0xF8,0x4D,0xFF,0xF8,0x4D,0xFF,0xF8,
    0x4D,0xFF,0xF8,0x4D,0xFF,0xF8,0x4D,0xFF,0xF8,0x4D,0xFF,0xF8,0x4D,0xFF,0xF8,0x4D,
    0xFF,0xF8,0x4D,0xFF,0xF8,0x4D,0xFF,0xF8,0x4D,0xFF,0xF8,0x4D,0xFF,0xF8,0x4D,0xFF,
    0xF8,0x4D,0xFF,0xF8,0x4D,0xFF,0xF8,0x4D,0xFF,0xF8,0x4D,0xFF,0xF8,0x4D,0xFF,0xF8,
    0x4D,0xFF,0xF8,0x4D,0xFF,0xF8,0x4D,0xFF,0xF8,0x4D,0xFF,0xF8,0x4D,0xFF,0xF8,0x4D,
    0xFF,0xF8,0x4D,0xFF,0xF8,0x4D,0xFF,0xF8,0x4D,0xFF,0xF8,0x4D,0xFF,0xF8,0x4D,0xFF,
    0xF8,0x4D,0xFF,0xF8,0x4D,0xFF,0xF8,0x4D,0xFF,0xF8,0x4D,0xFF,0xF8,0x4D,0xFF,0xF8,
    0x4D,0xFF,0xF8,0x4D,0xFF,0xF8,0x4D,0xFF,0xF8,0x4D,0xFF,0xF8,0x4D,0xFF,0xF8,0x4D,
    0xFF,0xF8,0x4D,0xFF,0xF8,0x4D,0xFF,0xF8,0x4D,0xFF,0xF8,0x4D,0xFF,0xF8,0x4D,0xFF,
    0xF8,0x4D,0xFF,0xF8,0x4D,0xFF,0xF8,0x4D,0xFF,0xF8,0x4D,0xFF,0xF8,0x4D,0xFF,0xF8,
    0x4D,0xFF,0xF8,0x4D,0xFF,0xF8,0x4D,0xFF,0xF8,0x4D,0xFF,0xF8,0x4D,0xFF,0xF8,0x4D,
    0xFF,0xF8,0x4D,0xFF,0xF8,0x4D,0xFF,0xF8,0x4D,0xFF,0xF8,0x4D,0xFF,0xF8,0x4D,0xFF,
    0xF8,0x4D,0xFF,0xF8,0x4D,0xFF,0xF8,0x4D,0xFF,0xF8,0x4D,0xFF,0xF8,0x4D,0xFF,0xF8,
    0x4D,0xFF,0xF8,0x4D,0xFF,0xF8,0x4D,0xFF,0xF8,0x4D,0xFF,0xF8,0x4D,0xFF,0xF8,0x4D,
    0xFF,0xF8,0x4D,0xFF,0xF8,0x4D,0xFF,0xF8,0x4D,0xFF,0xF8,0x4D,0xFF,0xF8,0x4D,0xFF,
    0xF8,0x4D,0xFF,0xF8,0x4D,0xFF,0xF8,0x4D,0xFF,0xF8,0x4D,0xFF,0xF8,0x4D,0xFF,0xF8,
    0x4D,0xFF,0xF8,0x4D,0xFF,0xF8,0x4D,0xFF,0xF8,0x4D,0xFF,0xF8,0x4D,0xFF,0xF8,0x4D,
    0xFF,0xF8,0x4D,0xFF,0xF8,0x4D,0xFF,0xF8,0x4D,0xFF,0xF8,0x4D,0xFF,0xF8,0x4D,0xFF,
    0xF8,0x4D,0xFF,0xF8,0x4D,0xFF,0xF8,0x4D,0xFF,0xF8,0x4D,0xFF,0xF8,0x4D,0xFF,0xF8,
    0x4D,0xFF,0xF8,0x4D,0xFF,0xF8,0x4D,0xFF,0xF8,0x4D,0xFF,0xF8,0x4D,0xFF,0xF8,0x4D,
    0xFF,0xF8,0x4D,0xFF,0xF8,0x4D,0xFF,0xF8,0x4D,0xFF,0xF8,0x4D,0xFF,0xF8,0x4D,0xFF,
    0xF8,0x4D,0xFF,0xF8,0x4D,0xFF,0xF8,0x4D,0xFF,0xF8,0x4D,0xFF,0xF8,0x4D,0xFF,0xF8,
    0x4D,0xFF,0xF8,0x4D,0xFF,0xF8,0x4D,0xFF,0xF8,0x4D,0xFF,0xF8,0x4D,0xFF,0xF8,0x4D,
    0xFF,0xF8,0x4D,0xFF,0xF8,0x4D,0xFF,0xF8,0x4D,0xFF,0xF8,0x4D,0xFF,0xF8,0x4D,0xFF,
    0xF8,0x4D,0xFF,0xF8,0x4D,0xFF,0xF8,0x4D,0xFF,0xF8,0x4D,0xFF,0xF8,0x4D,0xFF,0xF8,
    0x4D,0xFF,0xF8,0x4D,0xFF,0xF8,0x4D,0xFF,0xD8,0x4D,0xFF,0xD8,0x4D,0xFF,0xD8,0x4D,
    0xFF,0xD8,0x4D,0xFF,0xF8,0x4D,0xFF,0xF8,0x4D,0xFF,0xF8,0x4D,0xFF,0xF8,0x4D,0xFF,
    0xF8,0x4D,0xFF,0xF8,0x4D,0xFF,0xF8,0x4D,0xFF,0xF8,0x4D,0xFF,0xF8,0x4D,0xFF,0xF8,
    0x4D,0xFF,0xF8,0x4D,0xFF,0xF8,0x4D,0xFF,0xF8,0x4D,0xFF,0xF8,0x4D,0xFF,0xF8,0x4D,
    0xFF,0xF8,0x4D,0xFF,0xF8,0x4D,0xFF,0xF8,0x4D,0xFF,0xF8,0x4D,0xFF,0xF8,0x4D,0xFF,
    0xF8,0x4D,0xFF,0xF8,0x4D,0xFF,0xF8,0x4D,0xFF,0xF8,0x4D,0xFF,0xF8,0x4D,0xFF,0xF8,
    0x4D,0xFF,0xF8,0x4D,0xFF,0xF8,0x4D,0xFF,0xF8,0x4D,0xFF,0xF8,0x4D,0xFF,0xF8,0x4D,
    0xFF,0xF8,0x4D,0xFF,0xF8,0x4D,0xFF,0xF8,0x4D,0xFF,0xF8,0x4D,0xFF,0xF8,0x4D,0xFF,
    0xF8,0x4D,0xFF,0xF8,0x4D,0xFF,0xF8,0x4D,0xFF,0xF8,0x4D,0xFF,0xF8,0x4D,0xFF,0xF8,
    0x4D,0xFF,0xF8,0x4D,0xFF,0xF8,0x4D,0xFF,0xF8,0x4D,0xFF,0xF8,0x4D,0xFF,0xF8,0x4D,
    0xFF,0xF8,0x4D,0xFF,0xF8,0x4D,0xFF,0xF8,0x4D,0xFF,0xF8,0x4D,0xFF,0xF8,0x4D,0xFF,
    0xF8,0x4D,0xFF,0xF8,0x4D,0xFF,0xF8,0x4D,0xFF,0xF8,0x4D,0xFF,0xF8,0x4D,0xFF,0xF8,
    0x4D,0xFF,0xF8,0x4D,0xFF,0xF8,0x4D,0xFF,0xF8,0x4D,0xFF,0xF8,0x4D,0xFF,0xF8,0x4D,
    0xFF,0xF8,0x4D,0xFF,0xF8,0x4D,0xFF,0xF8,0x4D,0xFF,0xF8,0x4D,0xFF,0xF8,0x4D,0xFF,
    0xF8,0x4D,0xFF,0xF8,0x4D,0xFF,0xF8,0x4D,0xFF,0xF8,0x4D,0xFF,0xF8,0x4D,0xFF,0xF8,
    0x4D,0xFF,0xF8,0x4D,0xFF,0xF8,0x4D,0xFF,0xF8,0x4D,0xFF,0xF8,0x4D,0xFF,0xF8,0x4D,
    0xFF,0xF8,0x4D,0xFF,0xF8,0x4D,0xFF,0xF8,0x4D,0xFF,0xF8,0x4D,0xFF,0xF8,0x4D,0xFF,
    0xF8,0x4D,0xFF,0xF8,0x4D,0xFF,0xF8,0x4D,0xFF,0xF8,0x4D,0xFF,0xF8,0x4D,0xFF,0xF8,
    0x4D,0xFF,0xF8,0x4D,0xFF,0xF8,0x4D,0xFF,0xF8,0x4D,0xFF,0xF8,0x4D,0xFF,0xF8,0x4D,
    0xFF,0xF8,0x4D,0xFF,0xF8,0x4D,0xFF,0xF8,0x4D,0xFF,0xF8,0x4D,0xFF,0xF8,0x4D,0xFF,
    0xF8,0x4D,0xFF,0xF8,0x4D,0xFF,0xF8,0x4D,0xFF,0xF8,0x4D,0xFF,0xF8,0x4D,0xFF,0xF8,
    0x4D,0xFF,0xF8,0x4D,0xFF,0xF8,0x4D,0xFF,0xF8,0x4D,0xFF,0xF8,0x4D,0xFF,0xF8,0x4D,
    0xFF,0xF8,0x4D,0xFF,0xF8,0x4D,0xFF,0xF8,0x4D,0xFF,0xF8,0x4D,0xFF,0xF8,0x4D,0xFF,
    0xF8,0x4D,0xFF,0xF8,0x4D,0xFF,0xF8,0x4D,0xFF,0xF8,0x4D,0xFF,0xF8,0x4D,0xFF,0xF8,
    0x4D,0xFF,0xF8,0x4D,0xFF,0xF8,0x4D,0xFF,0xF8,0x4D,0xFF,0xF8,0x4D,0xFF,0xF8,0x4D,
    0xFF,0xF8,0x4D,0xFF,0xF8,0x4D,0xFF,0xF8,0x4D,0xFF,0xF8,0x4D,0xFF,0xF8,0x4D,0xFF,
    0xF8,0x4D,0xFF,0xF8,0x4D,0xFF,0xF8,0x4D,0xFF,0xF8,0x4D,0xFF,0xF8,0x4D,0xFF,0xF8,
    0x4D,0xFF,0xF8,0x4D,0xFF,0xF8,0x4D,0xFF,0xF8,0x4D,0xFF,0xF8,0x4D,0xFF,0xF8,0x4D,
    0xFF,0xF8,0x4D,0xFF,0xF8,0x4D,0xFF,0xF8,0x4D,0xFF,0xF8,0x4D,0xFF,0xF8,0x4D,0xFF,
    0xF8,0x4D,0xFF,0xF8,0x4D,0xFF,0xF8,0x4D,0xFF,0xF8,0x4D,0xFF,0xF8,0x4D,0xFF,0xF8,
    0x4D,0xFF,0xF8,0x4D,0xFF,0xF8,0x4D,0xFF,0xF8,0x4D,0xFF,0xF8,0x4D,0xFF,0xF8,0x4D,
    0xFF,0xF8,0x4D,0xFF,0xF8,0x4D,0xFF,0xF8,0x4D,0xFF,0xF8,0x4D,0xFF,0xF8,0x4D,0xFF,
    0xF8,0x4D,0xFF,0xF8,0x4D,0xFF,0xF8,0x4D,0xFF,0xF8,0x4D,0xFF,0x18,0x4E,0xFF,0x18,
    0x4E,0xFF,0x18,0x4E,0xFF,0x19,0x4E,0xFF,0x39,0x56,0xFF,0x39,0x56,0xFF,0x39,0x4E,
    0xFF,0x19,0x4E,0xFF,0x39,0x4E,0xFF,0x39,0x56,0xFF,0x39,0x56,0xFF,0x59,0x56,0xFF,
    0x18,0x4E,0xFF,0xD8,0x4D,0xFF,0xF8,0x4D,0xFF,0xF8,0x4D,0xFF,0xF8,0x4D,0xFF,0xF8,
    0x4D,0xFF,0xF8,0x4D,0xFF,0xF8,0x4D,0xFF,0xF8,0x4D,0xFF,0xF8,0x4D,0xFF,0xF8,0x4D,
    0xFF,0xF8,0x4D,0xFF,0xF8,0x4D,0xFF,0xF8,0x4D,0xFF,0xF8,0x4D,0xFF,0xF8,0x4D,0xFF,
    0xF8,0x4D,0xFF,0xF8,0x4D,0xFF,0xF8,0x4D,0xFF,0xF8,0x4D,0xFF,0xF8,0x4D,0xFF,0xF8,
    0x4D,0xFF,0xF8,0x4D,0xFF,0xF8,0x4D,0xFF,0xF8,0x4D,0xFF,0xF8,0x4D,0xFF,0xF8,0x4D,
    0xFF,0xF8,0x4D,0xFF,0xF8,0x4D,0xFF,0xF8,0x4D,0xFF,0xF8,0x4D,0xFF,0xF8,0x4D,0xFF,
    0xF8,0x4D,0xFF,0xF8,0x4D,0xFF,0xF8,0x4D,0xFF,0xF8,0x4D,0xFF,0xF8,0x4D,0xFF,0xF8,
    0x4D,0xFF,0xF8,0x4D,0xFF,0xF8,0x4D,0xFF,0xF8,0x4D,0xFF,0xF8,0x4D,0xFF,0xF8,0x55,
    0xFF,0xF8,0x4D,0xFF,0xD8,0x4D,0xFF,0xD8,0x45,0xFF,0xD8,0x45,0xFF,0xD8,0x4D,0xFF,
    0xF8,0x4D,0xFF,0xF8,0x55,0xFF,0xF8,0x4D,0xFF,0xF8,0x4D,0xFF,0xF8,0x4D,0xFF,0xF8,
    0x4D,0xFF,0xF8,0x4D,0xFF,0xF8,0x4D,0xFF,0xF8,0x4D,0xFF,0xF8,0x4D,0xFF,0xF8,0x4D,
    0xFF,0xF8,0x4D,0xFF,0xF8,0x4D,0xFF,0xF8,0x4D,0xFF,0xF8,0x4D,0xFF,0xF8,0x4D,0xFF,
    0xF8,0x4D,0xFF,0xF8,0x4D,0xFF,0xF8,0x4D,0xFF,0xF8,0x4D,0xFF,0xF8,0x4D,0xFF,0xF8,
    0x4D,0xFF,0xF8,0x4D,0xFF,0xF8,0x4D,0xFF,0xF8,0x4D,0xFF,0xF8,0x4D,0xFF,0xF8,0x4D,
    0xFF,0xF8,0x4D,0xFF,0xF8,0x4D,0xFF,0xF8,0x4D,0xFF,0xF8,0x4D,0xFF,0xF8,0x4D,0xFF,
    0xF8,0x4D,0xFF,0xF8,0x4D,0xFF,0xF8,0x4D,0xFF,0xF8,0x4D,0xFF,0xF8,0x4D,0xFF,0xF8,
    0x4D,0xFF,0xF8,0x4D,0xFF,0xF8,0x4D,0xFF,0xF8,0x4D,0xFF,0xF8,0x4D,0xFF,0xF8,0x4D,
    0xFF,0xF8,0x4D,0xFF,0xF8,0x4D,0xFF,0xF8,0x4D,0xFF,0xF8,0x4D,0xFF,0xF8,0x4D,0xFF,
    0xF8,0x4D,0xFF,0xF8,0x4D,0xFF,0xF8,0x4D,0xFF,0xF8,0x4D,0xFF,0xF8,0x4D,0xFF,0xF8,
    0x4D,0xFF,0xF8,0x4D,0xFF,0xF8,0x4D,0xFF,0xF8,0x4D,0xFF,0xF8,0x4D,0xFF,0xF8,0x4D,
    0xFF,0xF8,0x4D,0xFF,0xF8,0x4D,0xFF,0xF8,0x4D,0xFF,0xF8,0x4D,0xFF,0xF8,0x4D,0xFF,
    0xF8,0x4D,0xFF,0xF8,0x4D,0xFF,0xF8,0x4D,0xFF,0xF8,0x4D,0xFF,0xF8,0x4D,0xFF,0xF8,
    0x4D,0xFF,0xF8,0x4D,0xFF,0xF8,0x4D,0xFF,0xF8,0x4D,0xFF,0xF8,0x4D,0xFF,0xF8,0x4D,
    0xFF,0xF8,0x4D,0xFF,0xF8,0x4D,0xFF,0xF8,0x4D,0xFF,0xF8,0x4D,0xFF,0xF8,0x4D,0xFF,
    0xF8,0x4D,0xFF,0xF8,0x4D,0xFF,0xF8,0x4D,0xFF,0xF8,0x4D,0xFF,0xF8,0x4D,0xFF,0xF8,
    0x4D,0xFF,0xF8,0x4D,0xFF,0xF8,0x4D,0xFF,0xF8,0x4D,0xFF,0xF8,0x4D,0xFF,0xF8,0x4D,
    0xFF,0xF8,0x4D,0xFF,0xF8,0x4D,0xFF,0xF8,0x4D,0xFF,0xF8,0x4D,0xFF,0xF8,0x4D,0xFF,
    0xF8,0x4D,0xFF,0xF8,0x4D,0xFF,0xF8,0x4D,0xFF,0xF8,0x4D,0xFF,0xF8,0x4D,0xFF,0xF8,
    0x4D,0xFF,0xF8,0x4D,0xFF,0xF8,0x4D,0xFF,0xF8,0x4D,0xFF,0xF8,0x4D,0xFF,0xF8,0x4D,
    0xFF,0xF8,0x4D,0xFF,0xF8,0x4D,0xFF,0xF8,0x4D,0xFF,0xF8,0x4D,0xFF,0xF8,0x4D,0xFF,
    0xF8,0x4D,0xFF,0xF8,0x4D,0xFF,0xF8,0x4D,0xFF,0xF8,0x4D,0xFF,0xF8,0x4D,0xFF,0xF8,
    0x4D,0xFF,0x18,0x4E,0xFF,0x18,0x4E,0xFF,0x97,0x4D,0xFF,0x56,0x4D,0xFF,0x56,0x4D,
    0xFF,0x15,0x4D,0xFF,0x15,0x45,0xFF,0xD4,0x44,0xFF,0xF5,0x4C,0xFF,0x15,0x55,0xFF,
    0xB3,0x4C,0xFF,0x72,0x44,0xFF,0x52,0x44,0xFF,0x11,0x44,0xFF,0x56,0x4D,0xFF,0x7A,
    0x56,0xFF,0x19,0x4E,0xFF,0xD8,0x4D,0xFF,0xF8,0x4D,0xFF,0xF8,0x4D,0xFF,0xF8,0x4D,
    0xFF,0xF8,0x4D,0xFF,0xF8,0x4D,0xFF,0xF8,0x4D,0xFF,0xF8,0x4D,0xFF,0xF8,0x4D,0xFF,
    0xF8,0x4D,0xFF,0xF8,0x4D,0xFF,0xF8,0x4D,0xFF,0xF8,0x4D,0xFF,0xF8,0x4D,0xFF,0xF8,
    0x4D,0xFF,0xF8,0x4D,0xFF,0xF8,0x4D,0xFF,0xF8,0x4D,0xFF,0xF8,0x4D,0xFF,0xF8,0x4D,
    0xFF,0xF8,0x4D,0xFF,0xF8,0x4D,0xFF,0xF8,0x4D,0xFF,0xF8,0x4D,0xFF,0xF8,0x4D,0xFF,
    0xF8,0x4D,0xFF,0xF8,0x4D,0xFF,0xF8,0x4D,0xFF,0xF8,0x4D,0xFF,0xF8,0x4D,0xFF,0xF8,
    0x4D,0xFF,0xF8,0x4D,0xFF,0xF8,0x4D,0xFF,0xF8,0x4D,0xFF,0xF8,0x4D,0xFF,0xF8,0x4D,
    0xFF,0xF8,0x4D,0xFF,0xF8,0x4D,0xFF,0xF8,0x4D,0xFF,0xD8,0x4D,0xFF,0xD8,0x45,0xFF,
    0x39,0x66,0xFF,0x59,0x76,0xFF,0x59,0x76,0xFF,0x39,0x66,0xFF,0xD8,0x45,0xFF,0xD8,
    0x45,0xFF,0xF8,0x4D,0xFF,0xF8,0x4D,0xFF,0xF8,0x4D,0xFF,0xF8,0x4D,0xFF,0xF8,0x4D,
    0xFF,0xF8,0x4D,0xFF,0xF8,0x4D,0xFF,0xF8,0x4D,0xFF,0xF8,0x4D,0xFF,0xF8,0x4D,0xFF,
    0xF8,0x4D,0xFF,0xF8,0x4D,0xFF,0xF8,0x4D,0xFF,0xF8,0x4D,0xFF,0xF8,0x4D,0xFF,0xF8,
    0x4D,0xFF,0xF8,0x4D,0xFF,0xF8,0x4D,0xFF,0xF8,0x4D,0xFF,0xF8,0x4D,0xFF,0xF8,0x4D,
    0xFF,0xF8,0x4D,0xFF,0xF8,0x4D,0xFF,0xF8,0x4D,0xFF,0xF8,0x4D,0xFF,0xF8,0x4D,0xFF,
    0xF8,0x4D,0xFF,0xF8,0x4D,0xFF,0xF8,0x4D,0xFF,0xF8,0x4D,0xFF,0xF8,0x4D,0xFF,0xF8,
    0x4D,0xFF,0xF8,0x4D,0xFF,0xF8,0x4D,0xFF,0xF8,0x4D,0xFF,0xF8,0x4D,0xFF,0xF8,0x4D,
    0xFF,0xF8,0x4D,0xFF,0xF8,0x4D,0xFF,0xF8,0x4D,0xFF,0xF8,0x4D,0xFF,0xF8,0x4D,0xFF,
    0xF8,0x4D,0xFF,0xF8,0x4D,0xFF,0xF8,0x4D,0xFF,0xF8,0x4D,0xFF,0xF8,0x4D,0xFF,0xF8,
    0x4D,0xFF,0xF8,0x4D,0xFF,0xF8,0x4D,0xFF,0xF8,0x4D,0xFF,0xF8,0x4D,0xFF,0xF8,0x4D,
    0xFF,0xF8,0x4D,0xFF,0xF8,0x4D,0xFF,0xF8,0x4D,0xFF,0xF8,0x4D,0xFF,0xF8,0x4D,0xFF,
    0xF8,0x4D,0xFF,0xF8,0x4D,0xFF,0xF8,0x4D,0xFF,0xF8,0x4D,0xFF,0xF8,0x4D,0xFF,0xF8,
    0x4D,0xFF,0xF8,0x4D,0xFF,0xF8,0x4D,0xFF,0xF8,0x4D,0xFF,0xF8,0x4D,0xFF,0xF8,0x4D,
    0xFF,0xF8,0x4D,0xFF,0xF8,0x4D,0xFF,0xF8,0x4D,0xFF,0xF8,0x4D,0xFF,0xF8,0x4D,0xFF,
    0xF8,0x4D,0xFF,0xF8,0x4D,0xFF,0xF8,0x4D,0xFF,0xF8,0x4D,0xFF,0xF8,0x4D,0xFF,0xF8,
    0x4D,0xFF,0xF8,0x4D,0xFF,0xF8,0x4D,0xFF,0xF8,0x4D,0xFF,0xF8,0x4D,0xFF,0xF8,0x4D,
    0xFF,0xF8,0x4D,0xFF,0xF8,0x4D,0xFF,0xF8,0x4D,0xFF,0xF8,0x4D,0xFF,0xF8,0x4D,0xFF,
    0xF8,0x4D,0xFF,0xF8,0x4D,0xFF,0xF8,0x4D,0xFF,0xF8,0x4D,0xFF,0xF8,0x4D,0xFF,0xF8,
    0x4D,0xFF,0xF8,0x4D,0xFF,0xF8,0x4D,0xFF,0xF8,0x4D,0xFF,0xF8,0x4D,0xFF,0xF8,0x4D,
    0xFF,0xF8,0x4D,0xFF,0xF8,0x4D,0xFF,0xF8,0x4D,0xFF,0xF8,0x4D,0xFF,0xF8,0x4D,0xFF,
    0xF8,0x4D,0xFF,0xF8,0x4D,0xFF,0xF8,0x4D,0xFF,0xF8,0x4D,0xFF,0xF8,0x4D,0xFF,0xF8,
    0x4D,0xFF,0xF8,0x4D,0xFF,0x18,0x4E,0xFF,0xB7,0x4D,0xFF,0xB7,0x4D,0xFF,0x76,0x4D,
    0xFF,0x76,0x4D,0xFF,0x4D,0x5B,0xFF,0x6A,0x62,0xFF,0xCB,0x6A,0xFF,0xAA,0x6A,0xFF,
    0xCA,0x72,0xFF,0x4B,0x83,0xFF,0x08,0x5A,0xFF,0xE5,0x38,0xFF,0x8B,0x6A,0xFF,0xAF,
    0x8B,0xFF,0x8F,0x83,0xFF,0xCF,0x93,0xFF,0x31,0x6C,0xFF,0x6F,0x3B,0xFF,0xD4,0x44,
    0xFF,0x7A,0x56,0xFF,0x39,0x56,0xFF,0xD8,0x4D,0xFF,0xF8,0x4D,0xFF,0xF8,0x4D,0xFF,
    0xF8,0x4D,0xFF,0xF8,0x4D,0xFF,0xF8,0x4D,0xFF,0xF8,0x4D,0xFF,0xF8,0x4D,0xFF,0xF8,
    0x4D,0xFF,0xF8,0x4D,0xFF,0xF8,0x4D,0xFF,0xF8,0x4D,0xFF,0xF8,0x4D,0xFF,0xF8,0x4D,
    0xFF,0xF8,0x4D,0xFF,0xF8,0x4D,0xFF,0xF8,0x4D,0xFF,0xF8,0x4D,0xFF,0xF8,0x4D,0xFF,
    0xF8,0x4D,0xFF,0xF8,0x4D,0xFF,0xF8,0x4D,0xFF,0xF8,0x4D,0xFF,0xF8,0x4D,0xFF,0xF8,
    0x4D,0xFF,0xF8,0x4D,0xFF,0xF8,0x4D,0xFF,0xF8,0x4D,0xFF,0xF8,0x4D,0xFF,0xF8,0x4D,
    0xFF,0xF8,0x4D,0xFF,0xF8,0x4D,0xFF,0xF8,0x4D,0xFF,0xF8,0x4D,0xFF,0xF8,0x4D,0xFF,
    0xF8,0x4D,0xFF,0xD8,0x4D,0xFF,0x59,0x6E,0xFF,0x5D,0xCF,0xFF,0x5D,0xCF,0xFF,0x1C,
    0xAF,0xFF,0x1C,0xAF,0xFF,0x5D,0xC7,0xFF,0x7D,0xCF,0xFF,0x59,0x76,0xFF,0xD8,0x45,
    0xFF,0xF8,0x4D,0xFF,0xF8,0x4D,0xFF,0xF8,0x4D,0xFF,0xF8,0x4D,0xFF,0xF8,0x4D,0xFF,
    0xF8,0x4D,0xFF,0xF8,0x4D,0xFF,0xF8,0x4D,0xFF,0xF8,0x4D,0xFF,0xF8,0x4D,0xFF,0xF8,
    0x4D,0xFF,0xF8,0x4D,0xFF,0xF8,0x4D,0xFF,0xF8,0x4D,0xFF,0xF8,0x4D,0xFF,0xF8,0x4D,
    0xFF,0xF8,0x4D,0xFF,0xF8,0x4D,0xFF,0xF8,0x4D,0xFF,0xF8,0x4D,0xFF,0xF8,0x4D,0xFF,
    0xF8,0x4D,0xFF,0xF8,0x4D,0xFF,0xF8,0x4D,0xFF,0xF8,0x4D,0xFF,0xF8,0x4D,0xFF,0xF8,
    0x4D,0xFF,0xF8,0x4D,0xFF,0xF8,0x4D,0xFF,0xF8,0x4D,0xFF,0xF8,0x4D,0xFF,0xF8,0x4D,
    0xFF,0xF8,0x4D,0xFF,0xF8,0x4D,0xFF,0xF8,0x4D,0xFF,0xF8,0x4D,0xFF,0xF8,0x4D,0xFF,
    0xF8,0x4D,0xFF,0xF8,0x4D,0xFF,0xF8,0x4D,0xFF,0xF8,0x4D,0xFF,0xF8,0x4D,0xFF,0xF8,
    0x4D,0xFF,0xF8,0x4D,0xFF,0xF8,0x4D,0xFF,0xF8,0x4D,0xFF,0xF8,0x4D,0xFF,0xF8,0x4D,
    0xFF,0xF8,0x4D,0xFF,0xF8,0x4D,0xFF,0xF8,0x4D,0xFF,0xF8,0x4D,0xFF,0xF8,0x4D,0xFF,
    0xF8,0x4D,0xFF,0xF8,0x4D,0xFF,0xF8,0x4D,0xFF,0xF8,0x4D,0xFF,0xF8,0x4D,0xFF,0xF8,
    0x4D,0xFF,0xF8,0x4D,0xFF,0xF8,0x4D,0xFF,0xF8,0x4D,0xFF,0xF8,0x4D,0xFF,0xF8,0x4D,
    0xFF,0xF8,0x4D,0xFF,0xF8,0x4D,0xFF,0xF8,0x4D,0xFF,0xF8,0x4D,0xFF,0xF8,0x4D,0xFF,
    0xF8,0x4D,0xFF,0xF8,0x4D,0xFF,0xF8,0x4D,0xFF,0xF8,0x4D,0xFF,0xF8,0x4D,0xFF,0xF8,
    0x4D,0xFF,0xF8,0x4D,0xFF,0xF8,0x4D,0xFF,0xF8,0x4D,0xFF,0xF8,0x4D,0xFF,0xF8,0x4D,
    0xFF,0xF8,0x4D,0xFF,0xF8,0x4D,0xFF,0xF8,0x4D,0xFF,0xF8,0x4D,0xFF,0xF8,0x4D,0xFF,
    0xF8,0x4D,0xFF,0xF8,0x4D,0xFF,0xF8,0x4D,0xFF,0xF8,0x4D,0xFF,0xF8,0x4D,0xFF,0xF8,
    0x4D,0xFF,0xF8,0x4D,0xFF,0xF8,0x4D,0xFF,0xF8,0x4D,0xFF,0xF8,0x4D,0xFF,0xF8,0x4D,
    0xFF,0xF8,0x4D,0xFF,0xF8,0x4D,0xFF,0xF8,0x4D,0xFF,0xF8,0x4D,0xFF,0xF8,0x4D,0xFF,
    0xF8,0x4D,0xFF,0xF8,0x4D,0xFF,0xF8,0x4D,0xFF,0xF8,0x4D,0xFF,0xF8,0x4D,0xFF,0xF8,
    0x4D,0xFF,0xF8,0x4D,0xFF,0xF8,0x4D,0xFF,0xF8,0x4D,0xFF,0x18,0x4E,0xFF,0xD7,0x4D,
    0xFF,0xB7,0x4D,0xFF,0x6E,0x53,0xFF,0x6A,0x5A,0xFF,0x8A,0x62,0xFF,0x6A,0x5A,0xFF,
    0x0D,0xBD,0xFF,0x8E,0xF6,0xFF,0x4E,0xF6,0xFF,0x6E,0xF6,0xFF,0xEE,0xDD,0xFF,0x6E,
    0xCD,0xFF,0x4F,0x9C,0xFF,0x4E,0x7B,0xFF,0x39,0xCE,0xFF,0xFF,0xFF,0xFF,0xFF,0xFF,
    0xFF,0xFF,0xFF,0xFF,0x79,0xD6,0xFF,0xB3,0xAC,0xFF,0x92,0x8C,0xFF,0xED,0x42,0xFF,
    0x11,0x4C,0xFF,0x59,0x4E,0xFF,0x18,0x4E,0xFF,0xF8,0x4D,0xFF,0xF8,0x4D,0xFF,0xF8,
    0x4D,0xFF,0xF8,0x4D,0xFF,0xF8,0x4D,0xFF,0xF8,0x4D,0xFF,0xF8,0x4D,0xFF,0xF8,0x4D,
    0xFF,0xF8,0x4D,0xFF,0xF8,0x4D,0xFF,0xF8,0x4D,0xFF,0xF8,0x4D,0xFF,0xF8,0x4D,0xFF,
    0xF8,0x4D,0xFF,0xF8,0x4D,0xFF,0xF8,0x4D,0xFF,0xF8,0x4D,0xFF,0xF8,0x4D,0xFF,0xF8,
    0x4D,0xFF,0xF8,0x4D,0xFF,0xF8,0x4D,0xFF,0xF8,0x4D,0xFF,0xF8,0x4D,0xFF,0xF8,0x4D,
    0xFF,0xF8,0x4D,0xFF,0xF8,0x4D,0xFF,0xF8,0x4D,0xFF,0xF8,0x4D,0xFF,0xF8,0x4D,0xFF,
    0xF8,0x4D,0xFF,0xF8,0x4D,0xFF,0xF8,0x4D,0xFF,0xF8,0x4D,0xFF,0xF8,0x4D,0xFF,0x18,
    0x5E,0xFF,0xDE,0xEF,0xFF,0x7D,0xD7,0xFF,0xF8,0x4D,0xFF,0xD8,0x45,0xFF,0xD8,0x45,
    0xFF,0xF8,0x4D,0xFF,0x7D,0xCF,0xFF,0xDE,0xF7,0xFF,0x39,0x66,0xFF,0xD8,0x4D,0xFF,
    0xF8,0x4D,0xFF,0xF8,0x4D,0xFF,0xF8,0x4D,0xFF,0xF8,0x4D,0xFF,0xF8,0x4D,0xFF,0xF8,
    0x4D,0xFF,0xF8,0x4D,0xFF,0xF8,0x4D,0xFF,0xF8,0x4D,0xFF,0xF8,0x4D,0xFF,0xF8,0x4D,
    0xFF,0xF8,0x4D,0xFF,0xF8,0x4D,0xFF,0xF8,0x4D,0xFF,0xF8,0x4D,0xFF,0xF8,0x4D,0xFF,
    0xF8,0x4D,0xFF,0xF8,0x4D,0xFF,0xF8,0x4D,0xFF,0xF8,0x4D,0xFF,0xF8,0x4D,0xFF,0xF8,
    0x4D,0xFF,0xF8,0x4D,0xFF,0xF8,0x4D,0xFF,0xF8,0x4D,0xFF,0xF8,0x4D,0xFF,0xF8,0x4D,
    0xFF,0xF8,0x4D,0xFF,0xF8,0x4D,0xFF,0xF8,0x4D,0xFF,0xF8,0x4D,0xFF,0xF8,0x4D,0xFF,
    0xF8,0x4D,0xFF,0xF8,0x4D,0xFF,0xF8,0x4D,0xFF,0xF8,0x4D,0xFF,0xF8,0x4D,0xFF,0xF8,
    0x4D,0xFF,0xF8,0x4D,0xFF,0xF8,0x4D,0xFF,0xF8,0x4D,0xFF,0xF8,0x4D,0xFF,0xF8,0x4D,
    0xFF,0xF8,0x4D,0xFF,0xF8,0x4D,0xFF,0xF8,0x4D,0xFF,0xF8,0x4D,0xFF,0xF8,0x4D,0xFF,
    0xF8,0x4D,0xFF,0xF8,0x4D,0xFF,0xF8,0x4D,0xFF,0xF8,0x4D,0xFF,0xF8,0x4D,0xFF,0xF8,
    0x4D,0xFF,0xF8,0x4D,0xFF,0xF8,0x4D,0xFF,0xF8,0x4D,0xFF,0xF8,0x4D,0xFF,0xF8,0x4D,
    0xFF,0xF8,0x4D,0xFF,0xF8,0x4D,0xFF,0xF8,0x4D,0xFF,0xF8,0x4D,0xFF,0xF8,0x4D,0xFF,
    0xF8,0x4D,0xFF,0xF8,0x4D,0xFF,0xF8,0x4D,0xFF,0xF8,0x4D,0xFF,0xF8,0x4D,0xFF,0xF8,
    0x4D,0xFF,0xF8,0x4D,0xFF,0xF8,0x4D,0xFF,0xF8,0x4D,0xFF,0xF8,0x4D,0xFF,0xF8,0x4D,
    0xFF,0xF8,0x4D,0xFF,0xF8,0x4D,0xFF,0xF8,0x4D,0xFF,0xF8,0x4D,0xFF,0xF8,0x4D,0xFF,
    0xF8,0x4D,0xFF,0xF8,0x4D,0xFF,0xF8,0x4D,0xFF,0xF8,0x4D,0xFF,0xF8,0x4D,0xFF,0xF8,
    0x4D,0xFF,0xF8,0x4D,0xFF,0xF8,0x4D,0xFF,0xF8,0x4D,0xFF,0xF8,0x4D,0xFF,0xF8,0x4D,
    0xFF,0xF8,0x4D,0xFF,0xF8,0x4D,0xFF,0xF8,0x4D,0xFF,0xF8,0x4D,0xFF,0xF8,0x4D,0xFF,
    0xF8,0x4D,0xFF,0xF8,0x4D,0xFF,0xF8,0x4D,0xFF,0xF8,0x4D,0xFF,0xF8,0x4D,0xFF,0xF8,
    0x4D,0xFF,0xF8,0x4D,0xFF,0xF8,0x4D,0xFF,0xF8,0x4D,0xFF,0xF8,0x4D,0xFF,0xF8,0x4D,
    0xFF,0x18,0x4E,0xFF,0xB7,0x4D,0xFF,0xD8,0x4D,0xFF,0xD0,0x53,0xFF,0x09,0x52,0xFF,
    0x6D,0xA4,0xFF,0x4F,0xEE,0xFF,0x0E,0xEE,0xFF,0x4F,0xEE,0xFF,0xEA,0xED,0xFF,0xA5,
    0xF5,0xFF,0x86,0xED,0xFF,0xE5,0xFD,0xFF,0x07,0xAC,0xFF,0xC6,0x30,0xFF,0x51,0x94,
    0xFF,0xFD,0xF7,0xFF,0x9C,0xEF,0xFF,0xBE,0xF7,0xFF,0xBD,0xEF,0xFF,0xBE,0xF7,0xFF,
    0x1B,0xE7,0xFF,0xD3,0xA4,0xFF,0x72,0x9C,0xFF,0x34,0xBD,0xFF,0x35,0xA5,0xFF,0xCC,
    0x4A,0xFF,0x6F,0x53,0xFF,0xF8,0x4D,0xFF,0xF8,0x4D,0xFF,0xF8,0x4D,0xFF,0xF8,0x4D,
    0xFF,0xF8,0x4D,0xFF,0xF8,0x4D,0xFF,0xF8,0x4D,0xFF,0xF8,0x4D,0xFF,0xF8,0x4D,0xFF,
    0xF8,0x4D,0xFF,0xF8,0x4D,0xFF,0xF8,0x4D,0xFF,0xF8,0x4D,0xFF,0xF8,0x4D,0xFF,0xF8,
    0x4D,0xFF,0xF8,0x4D,0xFF,0xF8,0x4D,0xFF,0xF8,0x4D,0xFF,0xF8,0x4D,0xFF,0xF8,0x4D,
    0xFF,0xF8,0x4D,0xFF,0xF8,0x4D,0xFF,0xF8,0x4D,0xFF,0xF8,0x4D,0xFF,0xF8,0x4D,0xFF,
    0xF8,0x4D,0xFF,0xF8,0x4D,0xFF,0xF8,0x4D,0xFF,0xF8,0x4D,0xFF,0xF8,0x4D,0xFF,0xF8,
    0x4D,0xFF,0xF8,0x4D,0xFF,0xF8,0x55,0xFF,0xD8,0x45,0xFF,0xBA,0x8E,0xFF,0xFF,0xFF,
    0xFF,0x9A,0x86,0xFF,0xD8,0x45,0xFF,0xF8,0x55,0xFF,0xF8,0x55,0xFF,0xD8,0x45,0xFF,
    0xBA,0x8E,0xFF,0xFF,0xFF,0xFF,0xBB,0x96,0xFF,0xD8,0x45,0xFF,0xF8,0x55,0xFF,0xF8,
    0x4D,0xFF,0xF8,0x4D,0xFF,0xF8,0x4D,0xFF,0xF8,0x4D,0xFF,0xF8,0x4D,0xFF,0xF8,0x4D,
    0xFF,0xF8,0x4D,0xFF,0xF8,0x4D,0xFF,0xF8,0x4D,0xFF,0xF8,0x4D,0xFF,0xF8,0x4D,0xFF,
    0xF8,0x4D,0xFF,0xF8,0x4D,0xFF,0xF8,0x4D,0xFF,0xF8,0x4D,0xFF,0xF8,0x4D,0xFF,0xF8,
    0x4D,0xFF,0xF8,0x4D,0xFF,0xF8,0x4D,0xFF,0xF8,0x4D,0xFF,0xF8,0x4D,0xFF,0xF8,0x4D,
    0xFF,0xF8,0x4D,0xFF,0xF8,0x4D,0xFF,0xF8,0x4D,0xFF,0xF8,0x4D,0xFF,0xF8,0x4D,0xFF,
    0xF8,0x4D,0xFF,0xF8,0x4D,0xFF,0xF8,0x4D,0xFF,0xF8,0x4D,0xFF,0xF8,0x4D,0xFF,0xF8,
    0x4D,0xFF,0xF8,0x4D,0xFF,0xF8,0x4D,0xFF,0xF8,0x4D,0xFF,0xF8,0x4D,0xFF,0xF8,0x4D,
    0xFF,0xF8,0x4D,0xFF,0xF8,0x4D,0xFF,0xF8,0x4D,0xFF,0xF8,0x4D,0xFF,0xF8,0x4D,0xFF,
    0xF8,0x4D,0xFF,0xF8,0x4D,0xFF,0xF8,0x4D,0xFF,0xF8,0x4D,0xFF,0xF8,0x4D,0xFF,0xF8,
    0x4D,0xFF,0xF8,0x4D,0xFF,0xF8,0x4D,0xFF,0xF8,0x4D,0xFF,0xF8,0x4D,0xFF,0xF8,0x4D,
    0xFF,0xF8,0x4D,0xFF,0xF8,0x4D,0xFF,0xF8,0x4D,0xFF,0xF8,0x4D,0xFF,0xF8,0x4D,0xFF,
    0xF8,0x4D,0xFF,0xF8,0x4D,0xFF,0xF8,0x4D,0xFF,0xF8,0x4D,0xFF,0xF8,0x4D,0xFF,0xF8,
    0x4D,0xFF,0xF8,0x4D,0xFF,0xF8,0x4D,0xFF,0xF8,0x4D,0xFF,0xF8,0x4D,0xFF,0xF8,0x4D,
    0xFF,0xF8,0x4D,0xFF,0xF8,0x4D,0xFF,0xF8,0x4D,0xFF,0xF8,0x4D,0xFF,0xF8,0x4D,0xFF,
    0xF8,0x4D,0xFF,0xF8,0x4D,0xFF,0xF8,0x4D,0xFF,0xF8,0x4D,0xFF,0xF8,0x4D,0xFF,0xF8,
    0x4D,0xFF,0xF8,0x4D,0xFF,0xF8,0x4D,0xFF,0xF8,0x4D,0xFF,0xF8,0x4D,0xFF,0xF8,0x4D,
    0xFF,0xF8,0x4D,0xFF,0xF8,0x4D,0xFF,0xF8,0x4D,0xFF,0xF8,0x4D,0xFF,0xF8,0x4D,0xFF,
    0xF8,0x4D,0xFF,0xF8,0x4D,0xFF,0xF8,0x4D,0xFF,0xF8,0x4D,0xFF,0xF8,0x4D,0xFF,0xF8,
    0x4D,0xFF,0xF8,0x4D,0xFF,0xF8,0x4D,0xFF,0xF8,0x4D,0xFF,0xF8,0x4D,0xFF,0xF8,0x4D,
    0xFF,0xF8,0x4D,0xFF,0xF8,0x4D,0xFF,0xF8,0x4D,0xFF,0xD7,0x4D,0xFF,0xF8,0x4D,0xFF,
    0x31,0x5C,0xFF,0x48,0x5A,0xFF,0x4C,0xA4,0xFF,0x8F,0xF6,0xFF,0x2B,0xF6,0xFF,0x06,
    0xFE,0xFF,0x06,0xFE,0xFF,0x06,0xFE,0xFF,0xE6,0xFD,0xFF,0x86,0xED,0xFF,0x86,0xED,
    0xFF,0xC6,0xFD,0xFF,0x87,0xC4,0xFF,0x28,0x39,0xFF,0xAC,0x62,0xFF,0x79,0xDF,0xFF,
    0x9A,0xDF,0xFF,0xDE,0xF7,0xFF,0xBE,0xF7,0xFF,0xDE,0xF7,0xFF,0x9A,0xD6,0xFF,0xA4,
    0x30,0xFF,0x09,0x52,0xFF,0xFF,0xFF,0xFF,0x3C,0xE7,0xFF,0x87,0x51,0xFF,0xE9,0x49,
    0xFF,0xB7,0x4D,0xFF,0x18,0x4E,0xFF,0xF8,0x4D,0xFF,0xF8,0x4D,0xFF,0xF8,0x4D,0xFF,
    0xF8,0x4D,0xFF,0xF8,0x4D,0xFF,0xF8,0x4D,0xFF,0xF8,0x4D,0xFF,0xF8,0x4D,0xFF,0xF8,
    0x4D,0xFF,0xF8,0x4D,0xFF,0xF8,0x4D,0xFF,0xF8,0x4D,0xFF,0xF8,0x4D,0xFF,0xF8,0x4D,
    0xFF,0xF8,0x4D,0xFF,0xF8,0x4D,0xFF,0xF8,0x4D,0xFF,0xF8,0x4D,0xFF,0xF8,0x4D,0xFF,
    0xF8,0x4D,0xFF,0xF8,0x4D,0xFF,0xF8,0x4D,0xFF,0xF8,0x4D,0xFF,0xF8,0x4D,0xFF,0xF8,
    0x4D,0xFF,0xF8,0x4D,0xFF,0xF8,0x4D,0xFF,0xF8,0x4D,0xFF,0xF8,0x4D,0xFF,0xF8,0x4D,
    0xFF,0xF8,0x55,0xFF,0xD8,0x45,0xFF,0xBA,0x8E,0xFF,0xFF,0xFF,0xFF,0x9A,0x8E,0xFF,
    0xB7,0x3D,0xFF,0xF8,0x55,0xFF,0xF8,0x55,0xFF,0xB7,0x3D,0xFF,0xBA,0x8E,0xFF,0xFF,
    0xFF,0xFF,0x9A,0x86,0xFF,0xD8,0x45,0xFF,0xF8,0x55,0xFF,0xF8,0x4D,0xFF,0xF8,0x4D,
    0xFF,0xF8,0x4D,0xFF,0xF8,0x4D,0xFF,0xF8,0x4D,0xFF,0xF8,0x4D,0xFF,0xF8,0x4D,0xFF,
    0xF8,0x4D,0xFF,0xF8,0x4D,0xFF,0xF8,0x4D,0xFF,0xF8,0x4D,0xFF,0xF8,0x4D,0xFF,0xF8,
    0x4D,0xFF,0xF8,0x4D,0xFF,0xF8,0x4D,0xFF,0xF8,0x4D,0xFF,0xF8,0x4D,0xFF,0xF8,0x4D,
    0xFF,0xF8,0x4D,0xFF,0xF8,0x4D,0xFF,0xF8,0x4D,0xFF,0xF8,0x4D,0xFF,0xF8,0x4D,0xFF,
    0xF8,0x4D,0xFF,0xF8,0x4D,0xFF,0xF8,0x4D,0xFF,0xF8,0x4D,0xFF,0xF8,0x4D,0xFF,0xF8,
    0x4D,0xFF,0xF8,0x4D,0xFF,0xF8,0x4D,0xFF,0xF8,0x4D,0xFF,0xF8,0x4D,0xFF,0xF8,0x4D,
    0xFF,0xF8,0x4D,0xFF,0xF8,0x4D,0xFF,0xF8,0x4D,0xFF,0xF8,0x4D,0xFF,0xF8,0x4D,0xFF,
    0xF8,0x4D,0xFF,0xF8,0x4D,0xFF,0xF8,0x4D,0xFF,0xF8,0x4D,0xFF,0xF8,0x4D,0xFF,0xF8,
    0x4D,0xFF,0xF8,0x4D,0xFF,0xF8,0x4D,0xFF,0xF8,0x4D,0xFF,0xF8,0x4D,0xFF,0xF8,0x4D,
    0xFF,0xF8,0x4D,0xFF,0xF8,0x4D,0xFF,0xF8,0x4D,0xFF,0xF8,0x4D,0xFF,0xF8,0x4D,0xFF,
    0xF8,0x4D,0xFF,0xF8,0x4D,0xFF,0xF8,0x4D,0xFF,0xF8,0x4D,0xFF,0xF8,0x4D,0xFF,0xF8,
    0x4D,0xFF,0xF8,0x4D,0xFF,0xF8,0x4D,0xFF,0xF8,0x4D,0xFF,0xF8,0x4D,0xFF,0xF8,0x4D,
    0xFF,0xF8,0x4D,0xFF,0xF8,0x4D,0xFF,0xF8,0x4D,0xFF,0xF8,0x4D,0xFF,0xF8,0x4D,0xFF,
    0xF8,0x4D,0xFF,0xF8,0x4D,0xFF,0xF8,0x4D,0xFF,0xF8,0x4D,0xFF,0xF8,0x4D,0xFF,0xF8,
    0x4D,0xFF,0xF8,0x4D,0xFF,0xF8,0x4D,0xFF,0xF8,0x4D,0xFF,0xF8,0x4D,0xFF,0xF8,0x4D,
    0xFF,0xF8,0x4D,0xFF,0xF8,0x4D,0xFF,0xF8,0x4D,0xFF,0xF8,0x4D,0xFF,0xF8,0x4D,0xFF,
    0xF8,0x4D,0xFF,0xF8,0x4D,0xFF,0xF8,0x4D,0xFF,0xF8,0x4D,0xFF,0xF8,0x4D,0xFF,0xF8,
    0x4D,0xFF,0xF8,0x4D,0xFF,0xF8,0x4D,0xFF,0xF8,0x4D,0xFF,0xF8,0x4D,0xFF,0xF8,0x4D,
    0xFF,0xF8,0x4D,0xFF,0xF8,0x4D,0xFF,0xF8,0x4D,0xFF,0xF8,0x4D,0xFF,0xF8,0x4D,0xFF,
    0xF8,0x4D,0xFF,0x59,0x4E,0xFF,0x72,0x4C,0xFF,0x88,0x41,0xFF,0xE7,0x7A,0xFF,0xC5,
    0xD4,0xFF,0xA5,0xCC,0xFF,0xC6,0xD4,0xFF,0x85,0xCC,0xFF,0x45,0xC4,0xFF,0x45,0xBC,
    0xFF,0xE5,0xB3,0xFF,0x45,0xC4,0xFF,0xE5,0xFD,0xFF,0xE6,0xFD,0xFF,0xA6,0xF5,0xFF,
    0x46,0xE5,0xFF,0x87,0x9B,0xFF,0xC8,0x9B,0xFF,0x30,0x8C,0xFF,0x31,0x84,0xFF,0x7B,
    0xE7,0xFF,0xDC,0xEF,0xFF,0xFF,0xFF,0xFF,0xFF,0xFF,0xFF,0x38,0xCE,0xFF,0x79,0xD6,
    0xFF,0xBE,0xF7,0xFF,0x9E,0xEF,0xFF,0xAC,0x62,0xFF,0x88,0x41,0xFF,0x56,0x4D,0xFF,
    0xD8,0x4D,0xFF,0xF8,0x4D,0xFF,0x19,0x4E,0xFF,0xF8,0x4D,0xFF,0xF8,0x4D,0xFF,0xF8,
    0x4D,0xFF,0xF8,0x4D,0xFF,0xF8,0x4D,0xFF,0xF8,0x4D,0xFF,0xF8,0x4D,0xFF,0xF8,0x4D,
    0xFF,0xF8,0x4D,0xFF,0xF8,0x4D,0xFF,0xF8,0x4D,0xFF,0xF8,0x4D,0xFF,0xF8,0x4D,0xFF,
    0xF8,0x4D,0xFF,0xF8,0x4D,0xFF,0xF8,0x4D,0xFF,0xF8,0x4D,0xFF,0xF8,0x4D,0xFF,0xF8,
    0x4D,0xFF,0xF8,0x4D,0xFF,0xF8,0x4D,0xFF,0xF8,0x4D,0xFF,0xF8,0x4D,0xFF,0xF8,0x4D,
    0xFF,0xF8,0x4D,0xFF,0xF8,0x4D,0xFF,0xF8,0x4D,0xFF,0xF8,0x4D,0xFF,0xF8,0x4D,0xFF,
    0xF8,0x4D,0xFF,0x18,0x56,0xFF,0x9E,0xDF,0xFF,0xBE,0xE7,0xFF,0x39,0x66,0xFF,0xF8,
    0x4D,0xFF,0xF8,0x4D,0xFF,0x39,0x6E,0xFF,0xBE,0xE7,0xFF,0x7D,0xD7,0xFF,0xF8,0x55,
    0xFF,0xF8,0x4D,0xFF,0xF8,0x4D,0xFF,0xF8,0x4D,0xFF,0xF8,0x4D,0xFF,0xF8,0x4D,0xFF,
    0xF8,0x4D,0xFF,0xF8,0x4D,0xFF,0xF8,0x4D,0xFF,0xF8,0x4D,0xFF,0xF8,0x4D,0xFF,0xF8,
    0x4D,0xFF,0xF8,0x4D,0xFF,0xF8,0x4D,0xFF,0xF8,0x4D,0xFF,0xF8,0x4D,0xFF,0xF8,0x4D,
    0xFF,0xF8,0x4D,0xFF,0xF8,0x4D,0xFF,0xF8,0x4D,0xFF,0xF8,0x4D,0xFF,0xF8,0x4D,0xFF,
    0xF8,0x4D,0xFF,0xF8,0x4D,0xFF,0xF8,0x4D,0xFF,0xF8,0x4D,0xFF,0xF8,0x4D,0xFF,0xF8,
    0x4D,0xFF,0xF8,0x4D,0xFF,0xF8,0x4D,0xFF,0xF8,0x4D,0xFF,0xF8,0x4D,0xFF,0xF8,0x4D,
    0xFF,0xF8,0x4D,0xFF,0xF8,0x4D,0xFF,0xF8,0x4D,0xFF,0xF8,0x4D,0xFF,0xF8,0x4D,0xFF,
    0xF8,0x4D,0xFF,0xF8,0x4D,0xFF,0xF8,0x4D,0xFF,0xF8,0x4D,0xFF,0xF8,0x4D,0xFF,0xF8,
    0x4D,0xFF,0xF8,0x4D,0xFF,0xF8,0x4D,0xFF,0xF8,0x4D,0xFF,0xF8,0x4D,0xFF,0xF8,0x4D,
    0xFF,0xF8,0x4D,0xFF,0xF8,0x4D,0xFF,0xF8,0x4D,0xFF,0xF8,0x4D,0xFF,0xF8,0x4D,0xFF,
    0xF8,0x4D,0xFF,0xF8,0x4D,0xFF,0xF8,0x4D,0xFF,0xF8,0x4D,0xFF,0xF8,0x4D,0xFF,0xF8,
    0x4D,0xFF,0xF8,0x4D,0xFF,0xF8,0x4D,0xFF,0xF8,0x4D,0xFF,0xF8,0x4D,0xFF,0xF8,0x4D,
    0xFF,0xF8,0x4D,0xFF,0xF8,0x4D,0xFF,0xF8,0x4D,0xFF,0xF8,0x4D,0xFF,0xF8,0x4D,0xFF,
    0xF8,0x4D,0xFF,0xF8,0x4D,0xFF,0xF8,0x4D,0xFF,0xF8,0x4D,0xFF,0xF8,0x4D,0xFF,0xF8,
    0x4D,0xFF,0xF8,0x4D,0xFF,0xF8,0x4D,0xFF,0xF8,0x4D,0xFF,0xF8,0x4D,0xFF,0xF8,0x4D,
    0xFF,0xF8,0x4D,0xFF,0xF8,0x4D,0xFF,0xF8,0x4D,0xFF,0xF8,0x4D,0xFF,0xF8,0x4D,0xFF,
    0xF8,0x4D,0xFF,0xF8,0x4D,0xFF,0xF8,0x4D,0xFF,0xF8,0x4D,0xFF,0xF8,0x4D,0xFF,0xF8,
    0x4D,0xFF,0xF8,0x4D,0xFF,0xF8,0x4D,0xFF,0xF8,0x4D,0xFF,0xF8,0x4D,0xFF,0xF8,0x4D,
    0xFF,0xF8,0x4D,0xFF,0xF8,0x4D,0xFF,0xF8,0x4D,0xFF,0xF8,0x4D,0xFF,0xF8,0x4D,0xFF,
    0xF8,0x4D,0xFF,0xF8,0x4D,0xFF,0xF8,0x4D,0xFF,0xF8,0x4D,0xFF,0xD7,0x4D,0xFF,0xB7,
    0x4D,0xFF,0x93,0x54,0xFF,0x4A,0x62,0xFF,0xAC,0x6A,0xFF,0xCB,0x72,0xFF,0xCC,0x6A,
    0xFF,0xCC,0x6A,0xFF,0x2E,0x73,0xFF,0x0E,0x73,0xFF,0x8F,0x7B,0xFF,0x91,0x7B,0xFF,
    0xF0,0x8B,0xFF,0x07,0xB4,0xFF,0x26,0xB4,0xFF,0x66,0xED,0xFF,0xA6,0xF5,0xFF,0xE6,
    0xFD,0xFF,0xA6,0xF5,0xFF,0xE5,0xB3,0xFF,0xE6,0xB3,0xFF,0xCD,0x83,0xFF,0x8E,0x73,
    0xFF,0x8F,0x7B,0xFF,0x8F,0x7B,0xFF,0x8F,0x83,0xFF,0x6E,0x83,0xFF,0xEC,0x72,0xFF,
    0xCC,0x72,0xFF,0xE8,0x61,0xFF,0xA7,0x59,0xFF,0x29,0x62,0xFF,0xE8,0x61,0xFF,0x51,
    0x54,0xFF,0x76,0x4D,0xFF,0x96,0x4D,0xFF,0xF8,0x4D,0xFF,0xF8,0x4D,0xFF,0xF8,0x4D,
    0xFF,0xF8,0x4D,0xFF,0xF8,0x4D,0xFF,0xF8,0x4D,0xFF,0xF8,0x4D,0xFF,0xF8,0x4D,0xFF,
    0xF8,0x4D,0xFF,0xF8,0x4D,0xFF,0xF8,0x4D,0xFF,0xF8,0x4D,0xFF,0xF8,0x4D,0xFF,0xF8,
    0x4D,0xFF,0xF8,0x4D,0xFF,0xF8,0x4D,0xFF,0xF8,0x4D,0xFF,0xF8,0x4D,0xFF,0xF8,0x4D,
    0xFF,0xF8,0x4D,0xFF,0xF8,0x4D,0xFF,0xF8,0x4D,0xFF,0xF8,0x4D,0xFF,0xF8,0x4D,0xFF,
    0xF8,0x4D,0xFF,0xF8,0x4D,0xFF,0xF8,0x4D,0xFF,0xF8,0x4D,0xFF,0xF8,0x4D,0xFF,0xF8,
    0x4D,0xFF,0x18,0x5E,0xFF,0x1B,0xAF,0xFF,0x5D,0xCF,0xFF,0x3C,0xBF,0xFF,0x3C,0xBF,
    0xFF,0x5D,0xCF,0xFF,0xFB,0xA6,0xFF,0x18,0x56,0xFF,0xF8,0x4D,0xFF,0xF8,0x4D,0xFF,
    0xF8,0x4D,0xFF,0xF8,0x4D,0xFF,0xF8,0x4D,0xFF,0xF8,0x4D,0xFF,0xF8,0x4D,0xFF,0xF8,
    0x4D,0xFF,0xF8,0x4D,0xFF,0xF8,0x4D,0xFF,0xF8,0x4D,0xFF,0xF8,0x4D,0xFF,0xF8,0x4D,
    0xFF,0xF8,0x4D,0xFF,0xF8,0x4D,0xFF,0xF8,0x4D,0xFF,0xF8,0x4D,0xFF,0xF8,0x4D,0xFF,
    0xF8,0x4D,0xFF,0xF8,0x4D,0xFF,0xF8,0x4D,0xFF,0xF8,0x4D,0xFF,0xF8,0x4D,0xFF,0xF8,
    0x4D,0xFF,0xF8,0x4D,0xFF,0xF8,0x4D,0xFF,0xF8,0x4D,0xFF,0xF8,0x4D,0xFF,0xF8,0x4D,
    0xFF,0xF8,0x4D,0xFF,0xF8,0x4D,0xFF,0xF8,0x4D,0xFF,0xF8,0x4D,0xFF,0xF8,0x4D,0xFF,
    0xF8,0x4D,0xFF,0xF8,0x4D,0xFF,0xF8,0x4D,0xFF,0xF8,0x4D,0xFF,0xF8,0x4D,0xFF,0xF8,
    0x4D,0xFF,0xF8,0x4D,0xFF,0xF8,0x4D,0xFF,0xF8,0x4D,0xFF,0xF8,0x4D,0xFF,0xF8,0x4D,
    0xFF,0xF8,0x4D,0xFF,0xF8,0x4D,0xFF,0xF8,0x4D,0xFF,0xF8,0x4D,0xFF,0xF8,0x4D,0xFF,
    0xF8,0x4D,0xFF,0xF8,0x4D,0xFF,0xF8,0x4D,0xFF,0xF8,0x4D,0xFF,0xF8,0x4D,0xFF,0xF8,
    0x4D,0xFF,0xF8,0x4D,0xFF,0xF8,0x4D,0xFF,0xF8,0x4D,0xFF,0xF8,0x4D,0xFF,0xF8,0x4D,
    0xFF,0xF8,0x4D,0xFF,0xF8,0x4D,0xFF,0xF8,0x4D,0xFF,0xF8,0x4D,0xFF,0xF8,0x4D,0xFF,
    0xF8,0x4D,0xFF,0xF8,0x4D,0xFF,0xF8,0x4D,0xFF,0xF8,0x4D,0xFF,0xF8,0x4D,0xFF,0xF8,
    0x4D,0xFF,0xF8,0x4D,0xFF,0xF8,0x4D,0xFF,0xF8,0x4D,0xFF,0xF8,0x4D,0xFF,0xF8,0x4D,
    0xFF,0xF8,0x4D,0xFF,0xF8,0x4D,0xFF,0xF8,0x4D,0xFF,0xF8,0x4D,0xFF,0xF8,0x4D,0xFF,
    0xF8,0x4D,0xFF,0xF8,0x4D,0xFF,0xF8,0x4D,0xFF,0xF8,0x4D,0xFF,0xF8,0x4D,0xFF,0xF8,
    0x4D,0xFF,0xF8,0x4D,0xFF,0xF8,0x4D,0xFF,0xF8,0x4D,0xFF,0xF8,0x4D,0xFF,0xF8,0x4D,
    0xFF,0xF8,0x4D,0xFF,0xF8,0x4D,0xFF,0xF8,0x4D,0xFF,0xF8,0x4D,0xFF,0xF8,0x4D,0xFF,
    0xF8,0x4D,0xFF,0xF8,0x4D,0xFF,0xF8,0x4D,0xFF,0xF8,0x4D,0xFF,0xF8,0x4D,0xFF,0xF8,
    0x4D,0xFF,0xF8,0x4D,0xFF,0x19,0x4E,0xFF,0x35,0x55,0xFF,0x88,0x49,0xFF,0xAB,0x6A,
    0xFF,0xBC,0xF7,0xFF,0xDC,0xFF,0xFF,0xFF,0xFF,0xFF,0xFF,0xFF,0xFF,0xFF,0xFF,0xFF,
    0xFF,0xFF,0xFF,0xFF,0xFF,0xFF,0xFF,0xFF,0xFF,0xFB,0xFF,0xFF,0x99,0xFF,0xFF,0x0A,
    0x52,0xFF,0x48,0x39,0xFF,0x26,0xDD,0xFF,0xC6,0xF5,0xFF,0xA6,0xF5,0xFF,0xE6,0xFD,
    0xFF,0x47,0xB4,0xFF,0x48,0x83,0xFF,0xC3,0xA9,0xFF,0x41,0xC1,0xFF,0x61,0xB9,0xFF,
    0x40,0xC1,0xFF,0x40,0xC1,0xFF,0x40,0xC9,0xFF,0x60,0xC9,0xFF,0x60,0xC9,0xFF,0xA1,
    0xD1,0xFF,0xA1,0xD1,0xFF,0xA1,0xD1,0xFF,0x80,0xD9,0xFF,0x26,0x8A,0xFF,0x6B,0x42,
    0xFF,0x51,0x54,0xFF,0x39,0x4E,0xFF,0xD8,0x4D,0xFF,0xF8,0x4D,0xFF,0xF8,0x4D,0xFF,
    0xF8,0x4D,0xFF,0xF8,0x4D,0xFF,0xF8,0x4D,0xFF,0xF8,0x4D,0xFF,0xF8,0x4D,0xFF,0xF8,
    0x4D,0xFF,0xF8,0x4D,0xFF,0xF8,0x4D,0xFF,0xF8,0x4D,0xFF,0xF8,0x4D,0xFF,0xF8,0x4D,
    0xFF,0xF8,0x4D,0xFF,0xF8,0x4D,0xFF,0xF8,0x4D,0xFF,0xF8,0x4D,0xFF,0xF8,0x4D,0xFF,
    0xF8,0x4D,0xFF,0xF8,0x4D,0xFF,0xF8,0x4D,0xFF,0xF8,0x4D,0xFF,0xF8,0x4D,0xFF,0xF8,
    0x4D,0xFF,0xF8,0x4D,0xFF,0xF8,0x4D,0xFF,0xF8,0x4D,0xFF,0xF8,0x4D,0xFF,0xF8,0x4D,
    0xFF,0xD7,0x45,0xFF,0xF8,0x4D,0xFF,0x18,0x5E,0xFF,0x18,0x5E,0xFF,0xF8,0x4D,0xFF,
    0xD7,0x45,0xFF,0xF8,0x4D,0xFF,0xF8,0x4D,0xFF,0xF8,0x4D,0xFF,0xF8,0x4D,0xFF,0xF8,
    0x4D,0xFF,0xF8,0x4D,0xFF,0xF8,0x4D,0xFF,0xF8,0x4D,0xFF,0xF8,0x4D,0xFF,0xF8,0x4D,
    0xFF,0xF8,0x4D,0xFF,0xF8,0x4D,0xFF,0xF8,0x4D,0xFF,0xF8,0x4D,0xFF,0xF8,0x4D,0xFF,
    0xF8,0x4D,0xFF,0xF8,0x4D,0xFF,0xF8,0x4D,0xFF,0xF8,0x4D,0xFF,0xF8,0x4D,0xFF,0xF8,
    0x4D,0xFF,0xF8,0x4D,0xFF,0xF8,0x4D,0xFF,0xF8,0x4D,0xFF,0xF8,0x4D,0xFF,0xF8,0x4D,
    0xFF,0xF8,0x4D,0xFF,0xF8,0x4D,0xFF,0xF8,0x4D,0xFF,0xF8,0x4D,0xFF,0xF8,0x4D,0xFF,
    0xF8,0x4D,0xFF,0xF8,0x4D,0xFF,0xF8,0x4D,0xFF,0xF8,0x4D,0xFF,0xF8,0x4D,0xFF,0xF8,
    0x4D,0xFF,0xF8,0x4D,0xFF,0xF8,0x4D,0xFF,0xF8,0x4D,0xFF,0xF8,0x4D,0xFF,0xF8,0x4D,
    0xFF,0xF8,0x4D,0xFF,0xF8,0x4D,0xFF,0xF8,0x4D,0xFF,0xF8,0x4D,0xFF,0xF8,0x4D,0xFF,
    0xF8,0x4D,0xFF,0xF8,0x4D,0xFF,0xF8,0x4D,0xFF,0xF8,0x4D,0xFF,0xF8,0x4D,0xFF,0xF8,
    0x4D,0xFF,0xF8,0x4D,0xFF,0xF8,0x4D,0xFF,0xF8,0x4D,0xFF,0xF8,0x4D,0xFF,0xF8,0x4D,
    0xFF,0xF8,0x4D,0xFF,0xF8,0x4D,0xFF,0xF8,0x4D,0xFF,0xF8,0x4D,0xFF,0xF8,0x4D,0xFF,
    0xF8,0x4D,0xFF,0xF8,0x4D,0xFF,0xF8,0x4D,0xFF,0xF8,0x4D,0xFF,0xF8,0x4D,0xFF,0xF8,
    0x4D,0xFF,0xF8,0x4D,0xFF,0xF8,0x4D,0xFF,0xF8,0x4D,0xFF,0xF8,0x4D,0xFF,0xF8,0x4D,
    0xFF,0xF8,0x4D,0xFF,0xF8,0x4D,0xFF,0xF8,0x4D,0xFF,0xF8,0x4D,0xFF,0xF8,0x4D,0xFF,
    0xF8,0x4D,0xFF,0xF8,0x4D,0xFF,0xF8,0x4D,0xFF,0xF8,0x4D,0xFF,0xF8,0x4D,0xFF,0xF8,
    0x4D,0xFF,0xF8,0x4D,0xFF,0xF8,0x4D,0xFF,0xF8,0x4D,0xFF,0xF8,0x4D,0xFF,0xF8,0x4D,
    0xFF,0xF8,0x4D,0xFF,0xF8,0x4D,0xFF,0xF8,0x4D,0xFF,0xF8,0x4D,0xFF,0xF8,0x4D,0xFF,
    0xF8,0x4D,0xFF,0xF8,0x4D,0xFF,0xF8,0x4D,0xFF,0xF8,0x4D,0xFF,0xF8,0x4D,0xFF,0xF8,
    0x4D,0xFF,0xF8,0x4D,0xFF,0xF8,0x4D,0xFF,0xF8,0x4D,0xFF,0xF8,0x4D,0xFF,0xF8,0x4D,
    0xFF,0x18,0x4E,0xFF,0xB7,0x4D,0xFF,0x8B,0x4A,0xFF,0xCB,0x5A,0xFF,0x2E,0xC5,0xFF,
    0x4E,0xCD,0xFF,0x17,0xCE,0xFF,0xF7,0xBD,0xFF,0x97,0xB5,0xFF,0x15,0xA5,0xFF,0x15,
    0xA5,0xFF,0xD4,0x9C,0xFF,0x0D,0x9C,0xFF,0xEB,0x93,0xFF,0x07,0x93,0xFF,0xE6,0x9A,
    0xFF,0x45,0xD4,0xFF,0xC5,0xEC,0xFF,0x67,0xA3,0xFF,0xE8,0x7A,0xFF,0xC4,0xA1,0xFF,
    0x42,0xB9,0xFF,0xC4,0x99,0xFF,0xC6,0x79,0xFF,0xC6,0x79,0xFF,0xC6,0x79,0xFF,0xC6,
    0x79,0xFF,0xC6,0x79,0xFF,0xC6,0x79,0xFF,0xC6,0x71,0xFF,0xC6,0x79,0xFF,0xC6,0x79,
    0xFF,0xC7,0x69,0xFF,0x46,0x51,0xFF,0x2D,0x53,0xFF,0x19,0x4E,0xFF,0xD8,0x4D,0xFF,
    0xF8,0x4D,0xFF,0xF8,0x4D,0xFF,0xF8,0x4D,0xFF,0xF8,0x4D,0xFF,0xF8,0x4D,0xFF,0xF8,
    0x4D,0xFF,0xF8,0x4D,0xFF,0xF8,0x4D,0xFF,0xF8,0x4D,0xFF,0xF8,0x4D,0xFF,0xF8,0x4D,
    0xFF,0xF8,0x4D,0xFF,0xF8,0x4D,0xFF,0xF8,0x4D,0xFF,0xF8,0x4D,0xFF,0xF8,0x4D,0xFF,
    0xF8,0x4D,0xFF,0xF8,0x4D,0xFF,0xF8,0x4D,0xFF,0xF8,0x4D,0xFF,0xF8,0x4D,0xFF,0xF8,
    0x4D,0xFF,0xF8,0x4D,0xFF,0xF8,0x4D,0xFF,0xF8,0x4D,0xFF,0xF8,0x4D,0xFF,0xF8,0x4D,
    0xFF,0xF8,0x4D,0xFF,0xF8,0x4D,0xFF,0xF8,0x4D,0xFF,0xF8,0x4D,0xFF,0xF8,0x55,0xFF,
    0xF8,0x4D,0xFF,0xF8,0x4D,0xFF,0xF8,0x4D,0xFF,0xF8,0x4D,0xFF,0xF8,0x55,0xFF,0xF8,
    0x4D,0xFF,0xF8,0x4D,0xFF,0xF8,0x4D,0xFF,0xF8,0x4D,0xFF,0xF8,0x4D,0xFF,0xF8,0x4D,
    0xFF,0xF8,0x4D,0xFF,0xF8,0x4D,0xFF,0xF8,0x4D,0xFF,0xF8,0x4D,0xFF,0xF8,0x4D,0xFF,
    0xF8,0x4D,0xFF,0xF8,0x4D,0xFF,0xF8,0x4D,0xFF,0xF8,0x4D,0xFF,0xF8,0x4D,0xFF,0xF8,
    0x4D,0xFF,0xF8,0x4D,0xFF,0xF8,0x4D,0xFF,0xF8,0x4D,0xFF,0xF8,0x4D,0xFF,0xF8,0x4D,
    0xFF,0xF8,0x4D,0xFF,0xF8,0x4D,0xFF,0xF8,0x4D,0xFF,0xF8,0x4D,0xFF,0xF8,0x4D,0xFF,
    0xF8,0x4D,0xFF,0xF8,0x4D,0xFF,0xF8,0x4D,0xFF,0xF8,0x4D,0xFF,0xF8,0x4D,0xFF,0xF8,
    0x4D,0xFF,0xF8,0x4D,0xFF,0xF8,0x4D,0xFF,0xF8,0x4D,0xFF,0xF8,0x4D,0xFF,0xF8,0x4D,
    0xFF,0xF8,0x4D,0xFF,0xF8,0x4D,0xFF,0xF8,0x4D,0xFF,0xF8,0x4D,0xFF,0xF8,0x4D,0xFF,
    0xF8,0x4D,0xFF,0xF8,0x4D,0xFF,0xF8,0x4D,0xFF,0xF8,0x4D,0xFF,0xF8,0x4D,0xFF,0xF8,
    0x4D,0xFF,0xF8,0x4D,0xFF,0xF8,0x4D,0xFF,0xF8,0x4D,0xFF,0xF8,0x4D,0xFF,0xF8,0x4D,
    0xFF,0xF8,0x4D,0xFF,0xF8,0x4D,0xFF,0xF8,0x4D,0xFF,0xF8,0x4D,0xFF,0xF8,0x4D,0xFF,
    0xF8,0x4D,0xFF,0xF8,0x4D,0xFF,0xF8,0x4D,0xFF,0xF8,0x4D,0xFF,0xF8,0x4D,0xFF,0xF8,
    0x4D,0xFF,0xF8,0x4D,0xFF,0xF8,0x4D,0xFF,0xF8,0x4D,0xFF,0xF8,0x4D,0xFF,0xF8,0x4D,
    0xFF,0xF8,0x4D,0xFF,0xF8,0x4D,0xFF,0xF8,0x4D,0xFF,0xF8,0x4D,0xFF,0xF8,0x4D,0xFF,
    0xF8,0x4D,0xFF,0xF8,0x4D,0xFF,0xF8,0x4D,0xFF,0xF8,0x4D,0xFF,0xF8,0x4D,0xFF,0xF8,
    0x4D,0xFF,0xF8,0x4D,0xFF,0xF8,0x4D,0xFF,0xF8,0x4D,0xFF,0xF8,0x4D,0xFF,0xF8,0x4D,
    0xFF,0xF8,0x4D,0xFF,0xF8,0x4D,0xFF,0xF8,0x4D,0xFF,0xF8,0x4D,0xFF,0xF8,0x4D,0xFF,
    0xF8,0x4D,0xFF,0xF8,0x4D,0xFF,0xF8,0x4D,0xFF,0xF8,0x4D,0xFF,0xF8,0x4D,0xFF,0xF8,
    0x4D,0xFF,0xF8,0x4D,0xFF,0xF8,0x4D,0xFF,0xF8,0x4D,0xFF,0xF8,0x4D,0xFF,0xF8,0x4D,
    0xFF,0xF8,0x4D,0xFF,0xF8,0x4D,0xFF,0xF8,0x4D,0xFF,0xF8,0x4D,0xFF,0xF8,0x4D,0xFF,
    0xF8,0x4D,0xFF,0xF8,0x4D,0xFF,0x18,0x4E,0xFF,0x6F,0x4B,0xFF,0xAC,0x4A,0xFF,0xC8,
    0x49,0xFF,0xE5,0x40,0xFF,0x05,0x72,0xFF,0x85,0x8A,0xFF,0x85,0x8A,0xFF,0xA5,0x92,
    0xFF,0xA6,0x92,0xFF,0x86,0x8A,0xFF,0xA5,0xCB,0xFF,0x25,0xE4,0xFF,0xC5,0xD3,0xFF,
    0xC5,0xDB,0xFF,0x26,0xB3,0xFF,0x06,0xA3,0xFF,0x85,0xA2,0xFF,0xA6,0x71,0xFF,0xC4,
    0x99,0xFF,0xA2,0xC9,0xFF,0xA1,0xC9,0xFF,0xA1,0xC9,0xFF,0x81,0xD1,0xFF,0x81,0xC9,
    0xFF,0x81,0xD1,0xFF,0x81,0xD1,0xFF,0x81,0xD1,0xFF,0x60,0xD1,0xFF,0xC4,0xA1,0xFF,
    0x6B,0x4A,0xFF,0xAF,0x4B,0xFF,0x18,0x4E,0xFF,0xF8,0x4D,0xFF,0xF8,0x4D,0xFF,0xF8,
    0x4D,0xFF,0xF8,0x4D,0xFF,0xF8,0x4D,0xFF,0xF8,0x4D,0xFF,0xF8,0x4D,0xFF,0xF8,0x4D,
    0xFF,0xF8,0x4D,0xFF,0xF8,0x4D,0xFF,0xF8,0x4D,0xFF,0xF8,0x4D,0xFF,0xF8,0x4D,0xFF,
    0xF8,0x4D,0xFF,0xF8,0x4D,0xFF,0xF8,0x4D,0xFF,0xF8,0x4D,0xFF,0xF8,0x4D,0xFF,0xF8,
    0x4D,0xFF,0xF8,0x4D,0xFF,0xF8,0x4D,0xFF,0xF8,0x4D,0xFF,0xF8,0x4D,0xFF,0xF8,0x4D,
    0xFF,0xF8,0x4D,0xFF,0xF8,0x4D,0xFF,0xF8,0x4D,0xFF,0xF8,0x4D,0xFF,0xF8,0x4D,0xFF,
    0xF8,0x4D,0xFF,0xF8,0x4D,0xFF,0xF8,0x4D,0xFF,0xF8,0x4D,0xFF,0xF8,0x4D,0xFF,0xF8,
    0x4D,0xFF,0xF8,0x4D,0xFF,0xF8,0x4D,0xFF,0xF8,0x4D,0xFF,0xF8,0x4D,0xFF,0xF8,0x4D,
    0xFF,0xF8,0x4D,0xFF,0xF8,0x4D,0xFF,0xF8,0x4D,0xFF,0xF8,0x4D,0xFF,0xF8,0x4D,0xFF,
    0xF8,0x4D,0xFF,0xF8,0x4D,0xFF,0xF8,0x4D,0xFF,0xF8,0x4D,0xFF,0xF8,0x4D,0xFF,0xF8,
    0x4D,0xFF,0xF8,0x4D,0xFF,0xF8,0x4D,0xFF,0xF8,0x4D,0xFF,0xF8,0x4D,0xFF,0xF8,0x4D,
    0xFF,0xF8,0x4D,0xFF,0xF8,0x4D,0xFF,0xF8,0x4D,0xFF,0xF8,0x4D,0xFF,0xF8,0x4D,0xFF,
    0xF8,0x4D,0xFF,0xF8,0x4D,0xFF,0xF8,0x4D,0xFF,0xF8,0x4D,0xFF,0xF8,0x4D,0xFF,0xF8,
    0x4D,0xFF,0xF8,0x4D,0xFF,0xF8,0x4D,0xFF,0xF8,0x4D,0xFF,0xF8,0x4D,0xFF,0xF8,0x4D,
    0xFF,0xF8,0x4D,0xFF,0xF8,0x4D,0xFF,0xF8,0x4D,0xFF,0xF8,0x4D,0xFF,0xF8,0x4D,0xFF,
    0xF8,0x4D,0xFF,0xF8,0x4D,0xFF,0xF8,0x4D,0xFF,0xF8,0x4D,0xFF,0xF8,0x4D,0xFF,0xF8,
    0x4D,0xFF,0xF8,0x4D,0xFF,0xF8,0x4D,0xFF,0xF8,0x4D,0xFF,0xF8,0x4D,0xFF,0xF8,0x4D,
    0xFF,0xF8,0x4D,0xFF,0xF8,0x4D,0xFF,0xF8,0x4D,0xFF,0xF8,0x4D,0xFF,0xF8,0x4D,0xFF,
    0xF8,0x4D,0xFF,0xF8,0x4D,0xFF,0xF8,0x4D,0xFF,0xF8,0x4D,0xFF,0xF8,0x4D,0xFF,0xF8,
    0x4D,0xFF,0xF8,0x4D,0xFF,0xF8,0x4D,0xFF,0xF8,0x4D,0xFF,0xF8,0x4D,0xFF,0xF8,0x4D,
    0xFF,0xF8,0x4D,0xFF,0xF8,0x4D,0xFF,0xF8,0x4D,0xFF,0xF8,0x4D,0xFF,0xF8,0x4D,0xFF,
    0xF8,0x4D,0xFF,0xF8,0x4D,0xFF,0xF8,0x4D,0xFF,0xF8,0x4D,0xFF,0xF8,0x4D,0xFF,0xF8,
    0x4D,0xFF,0xF8,0x4D,0xFF,0xF8,0x4D,0xFF,0xF8,0x4D,0xFF,0xF8,0x4D,0xFF,0xF8,0x4D,
    0xFF,0xF8,0x4D,0xFF,0xF8,0x4D,0xFF,0xF8,0x4D,0xFF,0xF8,0x4D,0xFF,0xF8,0x4D,0xFF,
    0xF8,0x4D,0xFF,0xF8,0x4D,0xFF,0xF8,0x4D,0xFF,0xF8,0x4D,0xFF,0xF8,0x4D,0xFF,0xF8,
    0x4D,0xFF,0xF8,0x4D,0xFF,0xF8,0x4D,0xFF,0xF8,0x4D,0xFF,0xF8,0x4D,0xFF,0xF8,0x4D,
    0xFF,0xF8,0x4D,0xFF,0xF8,0x4D,0xFF,0xF8,0x4D,0xFF,0xF8,0x4D,0xFF,0xF8,0x4D,0xFF,
    0xF8,0x4D,0xFF,0xF8,0x4D,0xFF,0xF8,0x4D,0xFF,0xF8,0x4D,0xFF,0xF8,0x4D,0xFF,0xF8,
    0x4D,0xFF,0xF8,0x4D,0xFF,0x19,0x4E,0xFF,0x59,0x4E,0xFF,0x52,0x54,0xFF,0x90,0x4B,
    0xFF,0x6A,0x83,0xFF,0xA5,0xA2,0xFF,0xA6,0x9A,0xFF,0xA6,0x92,0xFF,0x65,0xC3,0xFF,
    0x65,0xF4,0xFF,0x05,0xE4,0xFF,0x05,0xDC,0xFF,0x05,0xDC,0xFF,0x05,0xDC,0xFF,0x25,
    0xE4,0xFF,0x24,0xEC,0xFF,0xC5,0xCB,0xFF,0x86,0xB3,0xFF,0xC6,0x9A,0xFF,0xC7,0x69,
    0xFF,0x08,0x6A,0xFF,0x08,0x62,0xFF,0x29,0x62,0xFF,0x49,0x5A,0xFF,0x6A,0x5A,0xFF,
    0x6A,0x52,0xFF,0x8B,0x52,0xFF,0x6B,0x52,0xFF,0x6E,0x53,0xFF,0x18,0x4E,0xFF,0xF8,
    0x4D,0xFF,0xF8,0x4D,0xFF,0xF8,0x4D,0xFF,0xF8,0x4D,0xFF,0xF8,0x4D,0xFF,0xF8,0x4D,
    0xFF,0xF8,0x4D,0xFF,0xF8,0x4D,0xFF,0xF8,0x4D,0xFF,0xF8,0x4D,0xFF,0xF8,0x4D,0xFF,
    0xF8,0x4D,0xFF,0xF8,0x4D,0xFF,0xF8,0x4D,0xFF,0xF8,0x4D,0xFF,0xF8,0x4D,0xFF,0xF8,
    0x4D,0xFF,0xF8,0x4D,0xFF,0xF8,0x4D,0xFF,0xF8,0x4D,0xFF,0xF8,0x4D,0xFF,0xF8,0x4D,
    0xFF,0xF8,0x4D,0xFF,0xF8,0x4D,0xFF,0xF8,0x4D,0xFF,0xF8,0x4D,0xFF,0xF8,0x4D,0xFF,
    0xF8,0x4D,0xFF,0xF8,0x4D,0xFF,0xF8,0x4D,0xFF,0xF8,0x4D,0xFF,0xF8,0x4D,0xFF,0xF8,
    0x4D,0xFF,0xF8,0x4D,0xFF,0xF8,0x4D,0xFF,0xF8,0x4D,0xFF,0xF8,0x4D,0xFF,0xF8,0x4D,
    0xFF,0xF8,0x4D,0xFF,0xF8,0x4D,0xFF,0xF8,0x4D,0xFF,0xF8,0x4D,0xFF,0xF8,0x4D,0xFF,
    0xF8,0x4D,0xFF,0xF8,0x4D,0xFF,0xF8,0x4D,0xFF,0xF8,0x4D,0xFF,0xF8,0x4D,0xFF,0xF8,
    0x4D,0xFF,0xF8,0x4D,0xFF,0xF8,0x4D,0xFF,0xF8,0x4D,0xFF,0xF8,0x4D,0xFF,0xF8,0x4D,
    0xFF,0xF8,0x4D,0xFF,0xF8,0x4D,0xFF,0xF8,0x4D,0xFF,0xF8,0x4D,0xFF,0xF8,0x4D,0xFF,
    0xF8,0x4D,0xFF,0xF8,0x4D,0xFF,0xF8,0x4D,0xFF,0xF8,0x4D,0xFF,0xF8,0x4D,0xFF,0xF8,
    0x4D,0xFF,0xF8,0x4D,0xFF,0xF8,0x4D,0xFF,0xF8,0x4D,0xFF,0xF8,0x4D,0xFF,0xF8,0x4D,
    0xFF,0xF8,0x4D,0xFF,0xF8,0x4D,0xFF,0xF8,0x4D,0xFF,0xF8,0x4D,0xFF,0xF8,0x4D,0xFF,
    0xF8,0x4D,0xFF,0xF8,0x4D,0xFF,0xF8,0x4D,0xFF,0xF8,0x4D,0xFF,0xF8,0x4D,0xFF,0xF8,
    0x4D,0xFF,0xF8,0x4D,0xFF,0xF8,0x4D,0xFF,0xF8,0x4D,0xFF,0xF8,0x4D,0xFF,0xF8,0x4D,
    0xFF,0xF8,0x4D,0xFF,0xF8,0x4D,0xFF,0xF8,0x4D,0xFF,0xF8,0x4D,0xFF,0xF8,0x4D,0xFF,
    0xF8,0x4D,0xFF,0xF8,0x4D,0xFF,0xF8,0x4D,0xFF,0xF8,0x4D,0xFF,0xF8,0x4D,0xFF,0xF8,
    0x4D,0xFF,0xF8,0x4D,0xFF,0xF8,0x4D,0xFF,0xF8,0x4D,0xFF,0xF8,0x4D,0xFF,0xF8,0x4D,
    0xFF,0xF8,0x4D,0xFF,0xF8,0x4D,0xFF,0xF8,0x4D,0xFF,0xF8,0x4D,0xFF,0xF8,0x4D,0xFF,
    0xF8,0x4D,0xFF,0xF8,0x4D,0xFF,0xF8,0x4D,0xFF,0xF8,0x4D,0xFF,0xF8,0x4D,0xFF,0xF8,
    0x4D,0xFF,0xF8,0x4D,0xFF,0xF8,0x4D,0xFF,0xF8,0x4D,0xFF,0xF8,0x4D,0xFF,0xF8,0x4D,
    0xFF,0xF8,0x4D,0xFF,0xF8,0x4D,0xFF,0xF8,0x4D,0xFF,0xF8,0x4D,0xFF,0xF8,0x4D,0xFF,
    0xF8,0x4D,0xFF,0xF8,0x4D,0xFF,0xF8,0x4D,0xFF,0xF8,0x4D,0xFF,0xF8,0x4D,0xFF,0xF8,
    0x4D,0xFF,0xF8,0x4D,0xFF,0xF8,0x4D,0xFF,0xF8,0x4D,0xFF,0xF8,0x4D,0xFF,0xF8,0x4D,
    0xFF,0xF8,0x4D,0xFF,0xF8,0x4D,0xFF,0xF8,0x4D,0xFF,0xF8,0x4D,0xFF,0xF8,0x4D,0xFF,
    0xF8,0x4D,0xFF,0xF8,0x4D,0xFF,0xF8,0x4D,0xFF,0xF8,0x4D,0xFF,0xF8,0x4D,0xFF,0xF8,
    0x4D,0xFF,0xF8,0x4D,0xFF,0xF8,0x4D,0xFF,0xF8,0x4D,0xFF,0xF8,0x4D,0xFF,0xF8,0x4D,
    0xFF,0xF8,0x4D,0xFF,0xD8,0x4D,0xFF,0x18,0x4E,0xFF,0x7A,0x4E,0xFF,0x15,0x45,0xFF,
    0xD1,0x43,0xFF,0xF1,0x43,0xFF,0x53,0x44,0xFF,0x8E,0x5B,0xFF,0x26,0x7A,0xFF,0x47,
    0x7A,0xFF,0x27,0x72,0xFF,0x47,0x72,0xFF,0x27,0x72,0xFF,0x27,0x6A,0xFF,0x28,0x6A,
    0xFF,0x28,0x6A,0xFF,0x48,0x6A,0xFF,0x0C,0x5B,0xFF,0x97,0x45,0xFF,0xB7,0x4D,0xFF,
    0xB7,0x4D,0xFF,0xD8,0x4D,0xFF,0xD8,0x4D,0xFF,0xF8,0x4D,0xFF,0xF8,0x4D,0xFF,0xF8,
    0x4D,0xFF,0x18,0x4E,0xFF,0x18,0x4E,0xFF,0xF8,0x4D,0xFF,0xF8,0x4D,0xFF,0xF8,0x4D,
    0xFF,0xF8,0x4D,0xFF,0xF8,0x4D,0xFF,0xF8,0x4D,0xFF,0xF8,0x4D,0xFF,0xF8,0x4D,0xFF,
    0xF8,0x4D,0xFF,0xF8,0x4D,0xFF,0xF8,0x4D,0xFF,0xF8,0x4D,0xFF,0xF8,0x4D,0xFF,0xF8,
    0x4D,0xFF,0xF8,0x4D,0xFF,0xF8,0x4D,0xFF,0xF8,0x4D,0xFF,0xF8,0x4D,0xFF,0xF8,0x4D,
    0xFF,0xF8,0x4D,0xFF,0xF8,0x4D,0xFF,0xF8,0x4D,0xFF,0xF8,0x4D,0xFF,0xF8,0x4D,0xFF,
    0xF8,0x4D,0xFF,0xF8,0x4D,0xFF,0xF8,0x4D,0xFF,0xF8,0x4D,0xFF,0xF8,0x4D,0xFF,0xF8,
    0x4D,0xFF,0xF8,0x4D,0xFF,0xF8,0x4D,0xFF,0xF8,0x4D,0xFF,0xF8,0x4D,0xFF,0xF8,0x4D,
    0xFF,0xF8,0x4D,0xFF,0xF8,0x4D,0xFF,0xF8,0x4D,0xFF,0xF8,0x4D,0xFF,0xF8,0x4D,0xFF,
    0xF8,0x4D,0xFF,0xF8,0x4D,0xFF,0xF8,0x4D,0xFF,0xF8,0x4D,0xFF,0xF8,0x4D,0xFF,0xF8,
    0x4D,0xFF,0xF8,0x4D,0xFF,0xF8,0x4D,0xFF,0xF8,0x4D,0xFF,0xF8,0x4D,0xFF,0xF8,0x4D,
    0xFF,0xF8,0x4D,0xFF,0xF8,0x4D,0xFF,0xF8,0x4D,0xFF,0xF8,0x4D,0xFF,0xF8,0x4D,0xFF,
    0xF8,0x4D,0xFF,0xF8,0x4D,0xFF,0xF8,0x4D,0xFF,0xF8,0x4D,0xFF,0xF8,0x4D,0xFF,0xF8,
    0x4D,0xFF,0xF8,0x4D,0xFF,0xF8,0x4D,0xFF,0xF8,0x4D,0xFF,0xF8,0x4D,0xFF,0xF8,0x4D,
    0xFF,0xF8,0x4D,0xFF,0xF8,0x4D,0xFF,0xF8,0x4D,0xFF,0xF8,0x4D,0xFF,0xF8,0x4D,0xFF,
    0xF8,0x4D,0xFF,0xF8,0x4D,0xFF,0xF8,0x4D,0xFF,0xF8,0x4D,0xFF,0xF8,0x4D,0xFF,0xF8,
    0x4D,0xFF,0xF8,0x4D,0xFF,0xF8,0x4D,0xFF,0xF8,0x4D,0xFF,0xF8,0x4D,0xFF,0xF8,0x4D,
    0xFF,0xF8,0x4D,0xFF,0xF8,0x4D,0xFF,0xF8,0x4D,0xFF,0xF8,0x4D,0xFF,0xF8,0x4D,0xFF,
    0xF8,0x4D,0xFF,0xF8,0x4D,0xFF,0xF8,0x4D,0xFF,0xF8,0x4D,0xFF,0xF8,0x4D,0xFF,0xF8,
    0x4D,0xFF,0xF8,0x4D,0xFF,0xF8,0x4D,0xFF,0xF8,0x4D,0xFF,0xF8,0x4D,0xFF,0xF8,0x4D,
    0xFF,0xF8,0x4D,0xFF,0xF8,0x4D,0xFF,0xF8,0x4D,0xFF,0xF8,0x4D,0xFF,0xF8,0x4D,0xFF,
    0xF8,0x4D,0xFF,0xF8,0x4D,0xFF,0xF8,0x4D,0xFF,0xF8,0x4D,0xFF,0xF8,0x4D,0xFF,0xF8,
    0x4D,0xFF,0xF8,0x4D,0xFF,0xF8,0x4D,0xFF,0xF8,0x4D,0xFF,0xF8,0x4D,0xFF,0xF8,0x4D,
    0xFF,0xF8,0x4D,0xFF,0xF8,0x4D,0xFF,0xF8,0x4D,0xFF,0xF8,0x4D,0xFF,0xF8,0x4D,0xFF,
    0xF8,0x4D,0xFF,0xF8,0x4D,0xFF,0xF8,0x4D,0xFF,0xF8,0x4D,0xFF,0xF8,0x4D,0xFF,0xF8,
    0x4D,0xFF,0xF8,0x4D,0xFF,0xF8,0x4D,0xFF,0xF8,0x4D,0xFF,0xF8,0x4D,0xFF,0xF8,0x4D,
    0xFF,0xF8,0x4D,0xFF,0xF8,0x4D,0xFF,0xF8,0x4D,0xFF,0xF8,0x4D,0xFF,0xF8,0x4D,0xFF,
    0xF8,0x4D,0xFF,0xF8,0x4D,0xFF,0xF8,0x4D,0xFF,0xF8,0x4D,0xFF,0xF8,0x4D,0xFF,0xF8,
    0x4D,0xFF,0xF8,0x4D,0xFF,0xF8,0x4D,0xFF,0xF8,0x4D,0xFF,0xF8,0x4D,0xFF,0xF8,0x4D,
    0xFF,0xF8,0x4D,0xFF,0xF8,0x4D,0xFF,0xF8,0x4D,0xFF,0xF8,0x4D,0xFF,0xF8,0x4D,0xFF,
    0xF8,0x4D,0xFF,0xF8,0x4D,0xFF,0xD8,0x4D,0xFF,0x18,0x4E,0xFF,0x59,0x56,0xFF,0x39,
    0x56,0xFF,0x59,0x56,0xFF,0xB7,0x4D,0xFF,0x93,0x44,0xFF,0xB4,0x44,0xFF,0xD4,0x44,
    0xFF,0xF5,0x44,0xFF,0x15,0x45,0xFF,0x15,0x4D,0xFF,0x56,0x4D,0xFF,0x56,0x4D,0xFF,
    0x77,0x4D,0xFF,0x97,0x4D,0xFF,0x18,0x4E,0xFF,0xF8,0x4D,0xFF,0xF8,0x4D,0xFF,0xF8,
    0x4D,0xFF,0xF8,0x4D,0xFF,0xF8,0x4D,0xFF,0xF8,0x4D,0xFF,0xF8,0x4D,0xFF,0xF8,0x4D,
    0xFF,0xF8,0x4D,0xFF,0xF8,0x4D,0xFF,0xF8,0x4D,0xFF,0xF8,0x4D,0xFF,0xF8,0x4D,0xFF,
    0xF8,0x4D,0xFF,0xF8,0x4D,0xFF,0xF8,0x4D,0xFF,0xF8,0x4D,0xFF,0xF8,0x4D,0xFF,0xF8,
    0x4D,0xFF,0xF8,0x4D,0xFF,0xF8,0x4D,0xFF,0xF8,0x4D,0xFF,0xF8,0x4D,0xFF,0xF8,0x4D,
    0xFF,0xF8,0x4D,0xFF,0xF8,0x4D,0xFF,0xF8,0x4D,0xFF,0xF8,0x4D,0xFF,0xF8,0x4D,0xFF,
    0xF8,0x4D,0xFF,0xF8,0x4D,0xFF,0xF8,0x4D,0xFF,0xF8,0x4D,0xFF,0xF8,0x4D,0xFF,0xF8,
    0x4D,0xFF,0xF8,0x4D,0xFF,0xF8,0x4D,0xFF,0xF8,0x4D,0xFF,0xF8,0x4D,0xFF,0xF8,0x4D,
    0xFF,0xF8,0x4D,0xFF,0xF8,0x4D,0xFF,0xF8,0x4D,0xFF,0xF8,0x4D,0xFF,0xF8,0x4D,0xFF,
    0xF8,0x4D,0xFF,0xF8,0x4D,0xFF,0xF8,0x4D,0xFF,0xF8,0x4D,0xFF,0xF8,0x4D,0xFF,0xF8,
    0x4D,0xFF,0xF8,0x4D,0xFF,0xF8,0x4D,0xFF,0xF8,0x4D,0xFF,0xF8,0x4D,0xFF,0xF8,0x4D,
    0xFF,0xF8,0x4D,0xFF,0xF8,0x4D,0xFF,0xF8,0x4D,0xFF,0xF8,0x4D,0xFF,0xF8,0x4D,0xFF,
    0xF8,0x4D,0xFF,0xF8,0x4D,0xFF,0xF8,0x4D,0xFF,0xF8,0x4D,0xFF,0xF8,0x4D,0xFF,0xF8,
    0x4D,0xFF,0xF8,0x4D,0xFF,0xF8,0x4D,0xFF,0xF8,0x4D,0xFF,0xF8,0x4D,0xFF,0xF8,0x4D,
    0xFF,0xF8,0x4D,0xFF,0xF8,0x4D,0xFF,0xF8,0x4D,0xFF,0xF8,0x4D,0xFF,0xF8,0x4D,0xFF,
    0xF8,0x4D,0xFF,0xF8,0x4D,0xFF,0xF8,0x4D,0xFF,0xF8,0x4D,0xFF,0xF8,0x4D,0xFF,0xF8,
    0x4D,0xFF,0xF8,0x4D,0xFF,0xF8,0x4D,0xFF,0xF8,0x4D,0xFF,0xF8,0x4D,0xFF,0xF8,0x4D,
    0xFF,0xF8,0x4D,0xFF,0xF8,0x4D,0xFF,0xF8,0x4D,0xFF,0xF8,0x4D,0xFF,0xF8,0x4D,0xFF,
    0xF8,0x4D,0xFF,0xF8,0x4D,0xFF,0xF8,0x4D,0xFF,0xF8,0x4D,0xFF,0xF8,0x4D,0xFF,0xF8,
    0x4D,0xFF,0xF8,0x4D,0xFF,0xF8,0x4D,0xFF,0xF8,0x4D,0xFF,0xF8,0x4D,0xFF,0xF8,0x4D,
    0xFF,0xF8,0x4D,0xFF,0xF8,0x4D,0xFF,0xF8,0x4D,0xFF,0xF8,0x4D,0xFF,0xF8,0x4D,0xFF,
    0xF8,0x4D,0xFF,0xF8,0x4D,0xFF,0xF8,0x4D,0xFF,0xF8,0x4D,0xFF,0xF8,0x4D,0xFF,0xF8,
    0x4D,0xFF,0xF8,0x4D,0xFF,0xF8,0x4D,0xFF,0xF8,0x4D,0xFF,0xF8,0x4D,0xFF,0xF8,0x4D,
    0xFF,0xF8,0x4D,0xFF,0xF8,0x4D,0xFF,0xF8,0x4D,0xFF,0xF8,0x4D,0xFF,0xF8,0x4D,0xFF,
    0xF8,0x4D,0xFF,0xF8,0x4D,0xFF,0xF8,0x4D,0xFF,0xF8,0x4D,0xFF,0xF8,0x4D,0xFF,0xF8,
    0x4D,0xFF,0xF8,0x4D,0xFF,0xF8,0x4D,0xFF,0xF8,0x4D,0xFF,0xF8,0x4D,0xFF,0xF8,0x4D,
    0xFF,0xF8,0x4D,0xFF,0xF8,0x4D,0xFF,0xF8,0x4D,0xFF,0xF8,0x4D,0xFF,0xF8,0x4D,0xFF,
    0xF8,0x4D,0xFF,0xF8,0x4D,0xFF,0xF8,0x4D,0xFF,0xF8,0x4D,0xFF,0xF8,0x4D,0xFF,0xF8,
    0x4D,0xFF,0xF8,0x4D,0xFF,0xF8,0x4D,0xFF,0xF8,0x4D,0xFF,0xF8,0x4D,0xFF,0xF8,0x4D,
    0xFF,0xF8,0x4D,0xFF,0xF8,0x4D,0xFF,0xF8,0x4D,0xFF,0xF8,0x4D,0xFF,0xF8,0x4D,0xFF,
    0xF8,0x4D,0xFF,0xF8,0x4D,0xFF,0xF8,0x4D,0xFF,0xF8,0x4D,0xFF,0xF8,0x4D,0xFF,0xF8,
    0x4D,0xFF,0xF8,0x4D,0xFF,0xF8,0x4D,0xFF,0xD8,0x4D,0xFF,0xD8,0x4D,0xFF,0xD8,0x4D,
    0xFF,0xF8,0x4D,0xFF,0x39,0x56,0xFF,0x39,0x56,0xFF,0x39,0x56,0xFF,0x39,0x56,0xFF,
    0x19,0x4E,0xFF,0x19,0x4E,0xFF,0x18,0x4E,0xFF,0x18,0x4E,0xFF,0x18,0x4E,0xFF,0xF8,
    0x4D,0xFF,0xF8,0x4D,0xFF,0xF8,0x4D,0xFF,0xF8,0x4D,0xFF,0xF8,0x4D,0xFF,0xF8,0x4D,
    0xFF,0xF8,0x4D,0xFF,0xF8,0x4D,0xFF,0xF8,0x4D,0xFF,0xF8,0x4D,0xFF,0xF8,0x4D,0xFF,
    0xF8,0x4D,0xFF,0xF8,0x4D,0xFF,0xF8,0x4D,0xFF,0xF8,0x4D,0xFF,0xF8,0x4D,0xFF,0xF8,
    0x4D,0xFF,0xF8,0x4D,0xFF,0xF8,0x4D,0xFF,0xF8,0x4D,0xFF,0xF8,0x4D,0xFF,0xF8,0x4D,
    0xFF,0xF8,0x4D,0xFF,0xF8,0x4D,0xFF,0xF8,0x4D,0xFF,0xF8,0x4D,0xFF,0xF8,0x4D,0xFF,
    0xF8,0x4D,0xFF,0xF8,0x4D,0xFF,0xF8,0x4D,0xFF,0xF8,0x4D,0xFF,0xF8,0x4D,0xFF,0xF8,
    0x4D,0xFF,0xF8,0x4D,0xFF,0xF8,0x4D,0xFF,0xF8,0x4D,0xFF,0xF8,0x4D,0xFF,0xF8,0x4D,
    0xFF,0xF8,0x4D,0xFF,0xF8,0x4D,0xFF,0xF8,0x4D,0xFF,0xF8,0x4D,0xFF,0xF8,0x4D,0xFF,
    0xF8,0x4D,0xFF,0xF8,0x4D,0xFF,0xF8,0x4D,0xFF,0xF8,0x4D,0xFF,0xF8,0x4D,0xFF,0xF8,
    0x4D,0xFF,0xF8,0x4D,0xFF,0xF8,0x4D,0xFF,0xF8,0x4D,0xFF,0xF8,0x4D,0xFF,0xF8,0x4D,
    0xFF,0xF8,0x4D,0xFF,0xF8,0x4D,0xFF,0xF8,0x4D,0xFF,0xF8,0x4D,0xFF,0xF8,0x4D,0xFF,
    0xF8,0x4D,0xFF,0xF8,0x4D,0xFF,0xF8,0x4D,0xFF,0xF8,0x4D,0xFF,0xF8,0x4D,0xFF,0xF8,
    0x4D,0xFF,0xF8,0x4D,0xFF,0xF8,0x4D,0xFF,0xF8,0x4D,0xFF,0xF8,0x4D,0xFF,0xF8,0x4D,
    0xFF,0xF8,0x4D,0xFF,0xF8,0x4D,0xFF,0xF8,0x4D,0xFF,0xF8,0x4D,0xFF,0xF8,0x4D,0xFF,
    0xF8,0x4D,0xFF,0xF8,0x4D,0xFF,0xF8,0x4D,0xFF,0xF8,0x4D,0xFF,0xF8,0x4D,0xFF,0xF8,
    0x4D,0xFF,0xF8,0x4D,0xFF,0xF8,0x4D,0xFF,0xF8,0x4D,0xFF,0xF8,0x4D,0xFF,0xF8,0x4D,
    0xFF,0xF8,0x4D,0xFF,0xF8,0x4D,0xFF,0xF8,0x4D,0xFF,0xF8,0x4D,0xFF,0xF8,0x4D,0xFF,
    0xF8,0x4D,0xFF,0xF8,0x4D,0xFF,0xF8,0x4D,0xFF,0xF8,0x4D,0xFF,0xF8,0x4D,0xFF,0xF8,
    0x4D,0xFF,0xF8,0x4D,0xFF,0xF8,0x4D,0xFF,0xF8,0x4D,0xFF,0xF8,0x4D,0xFF,0xF8,0x4D,
    0xFF,0xF8,0x4D,0xFF,0xF8,0x4D,0xFF,0xF8,0x4D,0xFF,0xF8,0x4D,0xFF,0xF8,0x4D,0xFF,
    0xF8,0x4D,0xFF,0xF8,0x4D,0xFF,0xF8,0x4D,0xFF,0xF8,0x4D,0xFF,0xF8,0x4D,0xFF,0xF8,
    0x4D,0xFF,0xF8,0x4D,0xFF,0xF8,0x4D,0xFF,0xF8,0x4D,0xFF,0xF8,0x4D,0xFF,0xF8,0x4D,
    0xFF,0xF8,0x4D,0xFF,0xF8,0x4D,0xFF,0xF8,0x4D,0xFF,0xF8,0x4D,0xFF,0xF8,0x4D,0xFF,
    0xF8,0x4D,0xFF,0xF8,0x4D,0xFF,0xF8,0x4D,0xFF,0xF8,0x4D,0xFF,0xF8,0x4D,0xFF,0xF8,
    0x4D,0xFF,0xF8,0x4D,0xFF,0xF8,0x4D,0xFF,0xF8,0x4D,0xFF,0xF8,0x4D,0xFF,0xF8,0x4D,
    0xFF,0xF8,0x4D,0xFF,0xF8,0x4D,0xFF,0xF8,0x4D,0xFF,0xF8,0x4D,0xFF,0xF8,0x4D,0xFF,
    0xF8,0x4D,0xFF,0xF8,0x4D,0xFF,0xF8,0x4D,0xFF,0xF8,0x4D,0xFF,0xF8,0x4D,0xFF,0xF8,
    0x4D,0xFF,0xF8,0x4D,0xFF,0xF8,0x4D,0xFF,0xF8,0x4D,0xFF,0xF8,0x4D,0xFF,0xF8,0x4D,
    0xFF,0xF8,0x4D,0xFF,0xF8,0x4D,0xFF,0xF8,0x4D,0xFF,0xF8,0x4D,0xFF,0xF8,0x4D,0xFF,
    0xF8,0x4D,0xFF,0xF8,0x4D,0xFF,0xF8,0x4D,0xFF,0xF8,0x4D,0xFF,0xF8,0x4D,0xFF,0xF8,
    0x4D,0xFF,0xF8,0x4D,0xFF,0xF8,0x4D,0xFF,0xF8,0x4D,0xFF,0xF8,0x4D,0xFF,0xF8,0x4D,
    0xFF,0xF8,0x4D,0xFF,0xF8,0x4D,0xFF,0xF8,0x4D,0xFF,0xF8,0x4D,0xFF,0xF8,0x4D,0xFF,
    0xD8,0x4D,0xFF,0xD8,0x4D,0xFF,0xD8,0x4D,0xFF,0xF8,0x4D,0xFF,0xF8,0x4D,0xFF,0xF8,
    0x4D,0xFF,0xF8,0x4D,0xFF,0xF8,0x4D,0xFF,0xF8,0x4D,0xFF,0xF8,0x4D,0xFF,0xF8,0x4D,
    0xFF,0xF8,0x4D,0xFF,0xF8,0x4D,0xFF,0xF8,0x4D,0xFF,0xF8,0x4D,0xFF,0xF8,0x4D,0xFF,
    0xF8,0x4D,0xFF,0xF8,0x4D,0xFF,0xF8,0x4D,0xFF,0xF8,0x4D,0xFF,0xF8,0x4D,0xFF,0xF8,
    0x4D,0xFF,0xF8,0x4D,0xFF,0xF8,0x4D,0xFF,0xF8,0x4D,0xFF,0xF8,0x4D,0xFF,0xF8,0x4D,
    0xFF,0xF8,0x4D,0xFF,0xF8,0x4D,0xFF,0xF8,0x4D,0xFF,0xF8,0x4D,0xFF,0xF8,0x4D,0xFF,
    0xF8,0x4D,0xFF,0xF8,0x4D,0xFF,0xF8,0x4D,0xFF,0xF8,0x4D,0xFF,0xF8,0x4D,0xFF,0xF8,
    0x4D,0xFF,0xF8,0x4D,0xFF,0xF8,0x4D,0xFF,0xF8,0x4D,0xFF,0xF8,0x4D,0xFF,0xF8,0x4D,
    0xFF,0xF8,0x4D,0xFF,0xF8,0x4D,0xFF,0xF8,0x4D,0xFF,0xF8,0x4D,0xFF,0xF8,0x4D,0xFF,
    0xF8,0x4D,0xFF,0xF8,0x4D,0xFF,0xF8,0x4D,0xFF,0xF8,0x4D,0xFF,0xF8,0x4D,0xFF,0xF8,
    0x4D,0xFF,0xF8,0x4D,0xFF,0xF8,0x4D,0xFF,0xF8,0x4D,0xFF,0xF8,0x4D,0xFF,0xF8,0x4D,
    0xFF,0xF8,0x4D,0xFF,0xF8,0x4D,0xFF,0xF8,0x4D,0xFF,0xF8,0x4D,0xFF,0xF8,0x4D,0xFF,
    0xF8,0x4D,0xFF,0xF8,0x4D,0xFF,0xF8,0x4D,0xFF,0xF8,0x4D,0xFF,0xF8,0x4D,0xFF,0xF8,
    0x4D,0xFF,0xF8,0x4D,0xFF,0xF8,0x4D,0xFF,0xF8,0x4D,0xFF,0xF8,0x4D,0xFF,0xF8,0x4D,
    0xFF,0xF8,0x4D,0xFF,0xF8,0x4D,0xFF,0xF8,0x4D,0xFF,0xF8,0x4D,0xFF,0xF8,0x4D,0xFF,
    0xF8,0x4D,0xFF,0xF8,0x4D,0xFF,0xF8,0x4D,0xFF,0xF8,0x4D,0xFF,0xF8,0x4D,0xFF,0xF8,
    0x4D,0xFF,0xF8,0x4D,0xFF,0xF8,0x4D,0xFF,0xF8,0x4D,0xFF,0xF8,0x4D,0xFF,0xF8,0x4D,
    0xFF,0xF8,0x4D,0xFF,0xF8,0x4D,0xFF,0xF8,0x4D,0xFF,0xF8,0x4D,0xFF,0xF8,0x4D,0xFF,
    0xF8,0x4D,0xFF,0xF8,0x4D,0xFF,0xF8,0x4D,0xFF,0xF8,0x4D,0xFF,0xF8,0x4D,0xFF,0xF8,
    0x4D,0xFF,0xF8,0x4D,0xFF,0xF8,0x4D,0xFF,0xF8,0x4D,0xFF,0xF8,0x4D,0xFF,0xF8,0x4D,
    0xFF,0xF8,0x4D,0xFF,0xF8,0x4D,0xFF,0xF8,0x4D,0xFF,0xF8,0x4D,0xFF,0xF8,0x4D,0xFF,
    0xF8,0x4D,0xFF,0xF8,0x4D,0xFF,0xF8,0x4D,0xFF,0xF8,0x4D,0xFF,0xF8,0x4D,0xFF,0xF8,
    0x4D,0xFF,0xF8,0x4D,0xFF,0xF8,0x4D,0xFF,0xF8,0x4D,0xFF,0xF8,0x4D,0xFF,0xF8,0x4D,
    0xFF,0xF8,0x4D,0xFF,0xF8,0x4D,0xFF,0xF8,0x4D,0xFF,0xF8,0x4D,0xFF,0xF8,0x4D,0xFF,
    0xF8,0x4D,0xFF,0xF8,0x4D,0xFF,0xF8,0x4D,0xFF,0xF8,0x4D,0xFF,0xF8,0x4D,0xFF,0xF8,
    0x4D,0xFF,0xF8,0x4D,0xFF,0xF8,0x4D,0xFF,0xF8,0x4D,0xFF,0xF8,0x4D,0xFF,0xF8,0x4D,
    0xFF,0xF8,0x4D,0xFF,0xF8,0x4D,0xFF,0xF8,0x4D,0xFF,0xF8,0x4D,0xFF,0xF8,0x4D,0xFF,
    0xF8,0x4D,0xFF,0xF8,0x4D,0xFF,0xF8,0x4D,0xFF,0xF8,0x4D,0xFF,0xF8,0x4D,0xFF,0xF8,
    0x4D,0xFF,0xF8,0x4D,0xFF,0xF8,0x4D,0xFF,0xF8,0x4D,0xFF,0xF8,0x4D,0xFF,0xF8,0x4D,
    0xFF,0xF8,0x4D,0xFF,0xF8,0x4D,0xFF,0xF8,0x4D,0xFF,0xF8,0x4D,0xFF,0xF8,0x4D,0xFF,
    0xF8,0x4D,0xFF,0xF8,0x4D,0xFF,0xF8,0x4D,0xFF,0xF8,0x4D,0xFF,0xF8,0x4D,0xFF,0xF8,
    0x4D,0xFF,0xF8,0x4D,0xFF,0xF8,0x4D,0xFF,0xF8,0x4D,0xFF,0xF8,0x4D,0xFF,0xF8,0x4D,
    0xFF,0xF8,0x4D,0xFF,0xF8,0x4D,0xFF,0xF8,0x4D,0xFF,0xF8,0x4D,0xFF,0xF8,0x4D,0xFF,
    0xF8,0x4D,0xFF,0xF8,0x4D,0xFF,0xF8,0x4D,0xFF,0xF8,0x4D,0xFF,0xF8,0x4D,0xFF,0xF8,
    0x4D,0xFF,0xF8,0x4D,0xFF,0xF8,0x4D,0xFF,0xF8,0x4D,0xFF,0xF8,0x4D,0xFF,0xF8,0x4D,
    0xFF,0xF8,0x4D,0xFF,0xF8,0x4D,0xFF,0xF8,0x4D,0xFF,0xF8,0x4D,0xFF,0xF8,0x4D,0xFF,
    0xF8,0x4D,0xFF,0xF8,0x4D,0xFF,0xF8,0x4D,0xFF,0xF8,0x4D,0xFF,0xF8,0x4D,0xFF,0xF8,
    0x4D,0xFF,0xF8,0x4D,0xFF,0xF8,0x4D,0xFF,0xF8,0x4D,0xFF,0xF8,0x4D,0xFF,0xF8,0x4D,
    0xFF,0xF8,0x4D,0xFF,0xF8,0x4D,0xFF,0xF8,0x4D,0xFF,0xF8,0x4D,0xFF,0xF8,0x4D,0xFF,
    0xF8,0x4D,0xFF,0xF8,0x4D,0xFF,0xF8,0x4D,0xFF,0xF8,0x4D,0xFF,0xF8,0x4D,0xFF,0xF8,
    0x4D,0xFF,0xF8,0x4D,0xFF,0xF8,0x4D,0xFF,0xF8,0x4D,0xFF,0xF8,0x4D,0xFF,0xF8,0x4D,
    0xFF,0xF8,0x4D,0xFF,0xF8,0x4D,0xFF,0xF8,0x4D,0xFF,0xF8,0x4D,0xFF,0xF8,0x4D,0xFF,
    0xF8,0x4D,0xFF,0xF8,0x4D,0xFF,0xF8,0x4D,0xFF,0xF8,0x4D,0xFF,0xF8,0x4D,0xFF,0xF8,
    0x4D,0xFF,0xF8,0x4D,0xFF,0xF8,0x4D,0xFF,0xF8,0x4D,0xFF,0xF8,0x4D,0xFF,0xF8,0x4D,
    0xFF,0xF8,0x4D,0xFF,0xF8,0x4D,0xFF,0xF8,0x4D,0xFF,0xF8,0x4D,0xFF,0xF8,0x4D,0xFF,
    0xF8,0x4D,0xFF,0xF8,0x4D,0xFF,0xF8,0x4D,0xFF,0xF8,0x4D,0xFF,0xF8,0x4D,0xFF,0xF8,
    0x4D,0xFF,0xF8,0x4D,0xFF,0xF8,0x4D,0xFF,0xF8,0x4D,0xFF,0xF8,0x4D,0xFF,0xF8,0x4D,
    0xFF,0xF8,0x4D,0xFF,0xF8,0x4D,0xFF,0xF8,0x4D,0xFF,0xF8,0x4D,0xFF,0xF8,0x4D,0xFF,
    0xF8,0x4D,0xFF,0xF8,0x4D,0xFF,0xF8,0x4D,0xFF,0xF8,0x4D,0xFF,0xF8,0x4D,0xFF,0xF8,
    0x4D,0xFF,0xF8,0x4D,0xFF,0xF8,0x4D,0xFF,0xF8,0x4D,0xFF,0xF8,0x4D,0xFF,0xF8,0x4D,
    0xFF,0xF8,0x4D,0xFF,0xF8,0x4D,0xFF,0xF8,0x4D,0xFF,0xF8,0x4D,0xFF,0xF8,0x4D,0xFF,
    0xF8,0x4D,0xFF,0xF8,0x4D,0xFF,0xF8,0x4D,0xFF,0xF8,0x4D,0xFF,0xF8,0x4D,0xFF,0xF8,
    0x4D,0xFF,0xF8,0x4D,0xFF,0xF8,0x4D,0xFF,0xF8,0x4D,0xFF,0xF8,0x4D,0xFF,0xF8,0x4D,
    0xFF,0xF8,0x4D,0xFF,0xF8,0x4D,0xFF,0xF8,0x4D,0xFF,0xF8,0x4D,0xFF,0xF8,0x4D,0xFF,
    0xF8,0x4D,0xFF,0xF8,0x4D,0xFF,0xF8,0x4D,0xFF,0xF8,0x4D,0xFF,0xF8,0x4D,0xFF,0xF8,
    0x4D,0xFF,0xF8,0x4D,0xFF,0xF8,0x4D,0xFF,0xD8,0x4D,0xFF,0xD8,0x4D,0xFF,0xF8,0x4D,
    0xFF,0xF8,0x4D,0xFF,0xF8,0x4D,0xFF,0xF8,0x4D,0xFF,0xF8,0x4D,0xFF,0xF8,0x4D,0xFF,
    0xF8,0x4D,0xFF,0xF8,0x4D,0xFF,0xF8,0x4D,0xFF,0xF8,0x4D,0xFF,0xF8,0x4D,0xFF,0xF8,
    0x4D,0xFF,0xF8,0x4D,0xFF,0xF8,0x4D,0xFF,0xF8,0x4D,0xFF,0xF8,0x4D,0xFF,0xF8,0x4D,
    0xFF,0xF8,0x4D,0xFF,0xF8,0x4D,0xFF,0xF8,0x4D,0xFF,0xF8,0x4D,0xFF,0xF8,0x4D,0xFF,
    0xF8,0x4D,0xFF,0xF8,0x4D,0xFF,0xF8,0x4D,0xFF,0xF8,0x4D,0xFF,0xD8,0x4D,0xFF,0xD8,
    0x4D,0xFF,0xF8,0x4D,0xFF,0xF8,0x4D,0xFF,0xF8,0x4D,0xFF,0xF8,0x4D,0xFF,0xF8,0x4D,
    0xFF,0xF8,0x4D,0xFF,0xF8,0x4D,0xFF,0xF8,0x4D,0xFF,0xF8,0x4D,0xFF,0xF8,0x4D,0xFF,
    0xF8,0x4D,0xFF,0xF8,0x4D,0xFF,0xF8,0x4D,0xFF,0xF8,0x4D,0xFF,0xF8,0x4D,0xFF,0xF8,
    0x4D,0xFF,0xF8,0x4D,0xFF,0xF8,0x4D,0xFF,0xF8,0x4D,0xFF,0xF8,0x4D,0xFF,0xF8,0x4D,
    0xFF,0xF8,0x4D,0xFF,0xF8,0x4D,0xFF,0xF8,0x4D,0xFF,0xF8,0x4D,0xFF,0xF8,0x4D,0xFF,
    0xF8,0x4D,0xFF,0xF8,0x4D,0xFF,0xF8,0x4D,0xFF,0xF8,0x4D,0xFF,0xF8,0x4D,0xFF,0xF8,
    0x4D,0xFF,0xF8,0x4D,0xFF,0xF8,0x4D,0xFF,0xF8,0x4D,0xFF,0xF8,0x4D,0xFF,0xF8,0x4D,
    0xFF,0xF8,0x4D,0xFF,0xF8,0x4D,0xFF,0xF8,0x4D,0xFF,0xF8,0x4D,0xFF,0xF8,0x4D,0xFF,
    0xF8,0x4D,0xFF,0xF8,0x4D,0xFF,0xF8,0x4D,0xFF,0xF8,0x4D,0xFF,0xF8,0x4D,0xFF,0xF8,
    0x4D,0xFF,0xF8,0x4D,0xFF,0xF8,0x4D,0xFF,0xF8,0x4D,0xFF,0xF8,0x4D,0xFF,0xF8,0x4D,
    0xFF,0xF8,0x4D,0xFF,0xF8,0x4D,0xFF,0xF8,0x4D,0xFF,0xF8,0x4D,0xFF,0xF8,0x4D,0xFF,
    0xF8,0x4D,0xFF,0xF8,0x4D,0xFF,0xF8,0x4D,0xFF,0xF8,0x4D,0xFF,0xF8,0x4D,0xFF,0xF8,
    0x4D,0xFF,0xF8,0x4D,0xFF,0xF8,0x4D,0xFF,0xF8,0x4D,0xFF,0xF8,0x4D,0xFF,0xF8,0x4D,
    0xFF,0xF8,0x4D,0xFF,0xF8,0x4D,0xFF,0xF8,0x4D,0xFF,0xF8,0x4D,0xFF,0xF8,0x4D,0xFF,
    0xF8,0x4D,0xFF,0xF8,0x4D,0xFF,0xF8,0x4D,0xFF,0xF8,0x4D,0xFF,0xF8,0x4D,0xFF,0xF8,
    0x4D,0xFF,0xF8,0x4D,0xFF,0xF8,0x4D,0xFF,0xF8,0x4D,0xFF,0xF8,0x4D,0xFF,0xF8,0x4D,
    0xFF,0xF8,0x4D,0xFF,0xF8,0x4D,0xFF,0xF8,0x4D,0xFF,0xF8,0x4D,0xFF,0xF8,0x4D,0xFF,
    0xF8,0x4D,0xFF,0xF8,0x4D,0xFF,0xF8,0x4D,0xFF,0xF8,0x4D,0xFF,0xF8,0x4D,0xFF,0xF8,
    0x4D,0xFF,0xF8,0x4D,0xFF,0xF8,0x4D,0xFF,0xF8,0x4D,0xFF,0xF8,0x4D,0xFF,0xF8,0x4D,
    0xFF,0xF8,0x4D,0xFF,0xF8,0x4D,0xFF,0xF8,0x4D,0xFF,0xF8,0x4D,0xFF,0xF8,0x4D,0xFF,
    0xF8,0x4D,0xFF,0xF8,0x4D,0xFF,0xF8,0x4D,0xFF,0xF8,0x4D,0xFF,0xF8,0x4D,0xFF,0xF8,
    0x4D,0xFF,0xF8,0x4D,0xFF,0xF8,0x4D,0xFF,0xF8,0x4D,0xFF,0xF8,0x4D,0xFF,0xF8,0x4D,
    0xFF,0xF8,0x4D,0xFF,0xF8,0x4D,0xFF,0xF8,0x4D,0xFF,0xF8,0x4D,0xFF,0xF8,0x4D,0xFF,
    0xF8,0x4D,0xFF,0xF8,0x4D,0xFF,0xF8,0x4D,0xFF,0xF8,0x4D,0xFF,0xF8,0x4D,0xFF,0xF8,
    0x4D,0xFF,0xF8,0x4D,0xFF,0xF8,0x4D,0xFF,0xF8,0x4D,0xFF,0xF8,0x4D,0xFF,0xF8,0x4D,
    0xFF,0xF8,0x4D,0xFF,0xF8,0x4D,0xFF,0xF8,0x4D,0xFF,0xF8,0x4D,0xFF,0xF8,0x4D,0xFF,
    0xF8,0x4D,0xFF,0xF8,0x4D,0xFF,0xF8,0x4D,0xFF,0xF8,0x4D,0xFF,0xF8,0x4D,0xFF,0xF8,
    0x4D,0xFF,0xF8,0x4D,0xFF,0xF8,0x4D,0xFF,0xF8,0x4D,0xFF,0xF8,0x4D,0xFF,0xF8,0x4D,
    0xFF,0xF8,0x4D,0xFF,0x39,0x4E,0xFF,0x39,0x4E,0xFF,0x39,0x4E,0xFF,0x19,0x4E,0xFF,
    0x19,0x4E,0xFF,0x19,0x4E,0xFF,0x19,0x4E,0xFF,0x19,0x4E,0xFF,0x19,0x4E,0xFF,0x19,
    0x4E,0xFF,0x19,0x4E,0xFF,0x19,0x4E,0xFF,0x19,0x4E,0xFF,0x19,0x4E,0xFF,0x19,0x4E,
    0xFF,0x19,0x4E,0xFF,0x19,0x4E,0xFF,0x19,0x4E,0xFF,0x19,0x4E,0xFF,0x19,0x4E,0xFF,
    0x19,0x4E,0xFF,0x19,0x4E,0xFF,0x19,0x4E,0xFF,0x19,0x4E,0xFF,0x19,0x4E,0xFF,0x19,
    0x4E,0xFF,0x19,0x4E,0xFF,0x19,0x4E,0xFF,0x39,0x4E,0xFF,0x39,0x4E,0xFF,0x18,0x4E,
    0xFF,0xF8,0x4D,0xFF,0xF8,0x4D,0xFF,0xF8,0x4D,0xFF,0xF8,0x4D,0xFF,0xF8,0x4D,0xFF,
    0xF8,0x4D,0xFF,0xF8,0x4D,0xFF,0xF8,0x4D,0xFF,0xF8,0x4D,0xFF,0xF8,0x4D,0xFF,0xF8,
    0x4D,0xFF,0xF8,0x4D,0xFF,0xF8,0x4D,0xFF,0xF8,0x4D,0xFF,0xF8,0x4D,0xFF,0xF8,0x4D,
    0xFF,0xF8,0x4D,0xFF,0xF8,0x4D,0xFF,0xF8,0x4D,0xFF,0xF8,0x4D,0xFF,0xF8,0x4D,0xFF,
    0xF8,0x4D,0xFF,0xF8,0x4D,0xFF,0xF8,0x4D,0xFF,0xF8,0x4D,0xFF,0xF8,0x4D,0xFF,0xF8,
    0x4D,0xFF,0xF8,0x4D,0xFF,0xF8,0x4D,0xFF,0xF8,0x4D,0xFF,0xF8,0x4D,0xFF,0xF8,0x4D,
    0xFF,0xF8,0x4D,0xFF,0xF8,0x4D,0xFF,0xF8,0x4D,0xFF,0xF8,0x4D,0xFF,0xF8,0x4D,0xFF,
    0xF8,0x4D,0xFF,0xF8,0x4D,0xFF,0xF8,0x4D,0xFF,0xF8,0x4D,0xFF,0xF8,0x4D,0xFF,0xF8,
    0x4D,0xFF,0xF8,0x4D,0xFF,0xF8,0x4D,0xFF,0xF8,0x4D,0xFF,0xF8,0x4D,0xFF,0xF8,0x4D,
    0xFF,0xF8,0x4D,0xFF,0xF8,0x4D,0xFF,0xF8,0x4D,0xFF,0xF8,0x4D,0xFF,0xF8,0x4D,0xFF,
    0xF8,0x4D,0xFF,0xF8,0x4D,0xFF,0xF8,0x4D,0xFF,0xF8,0x4D,0xFF,0xF8,0x4D,0xFF,0xF8,
    0x4D,0xFF,0xF8,0x4D,0xFF,0xF8,0x4D,0xFF,0xF8,0x4D,0xFF,0xF8,0x4D,0xFF,0xF8,0x4D,
    0xFF,0xF8,0x4D,0xFF,0xF8,0x4D,0xFF,0xF8,0x4D,0xFF,0xF8,0x4D,0xFF,0xF8,0x4D,0xFF,
    0xF8,0x4D,0xFF,0xF8,0x4D,0xFF,0xF8,0x4D,0xFF,0xF8,0x4D,0xFF,0xF8,0x4D,0xFF,0xF8,
    0x4D,0xFF,0xF8,0x4D,0xFF,0xF8,0x4D,0xFF,0xF8,0x4D,0xFF,0xF8,0x4D,0xFF,0xF8,0x4D,
    0xFF,0xF8,0x4D,0xFF,0xF8,0x4D,0xFF,0xF8,0x4D,0xFF,0xF8,0x4D,0xFF,0xF8,0x4D,0xFF,
    0xF8,0x4D,0xFF,0xF8,0x4D,0xFF,0xF8,0x4D,0xFF,0xF8,0x4D,0xFF,0xF8,0x4D,0xFF,0xF8,
    0x4D,0xFF,0xF8,0x4D,0xFF,0xF8,0x4D,0xFF,0xF8,0x4D,0xFF,0xF8,0x4D,0xFF,0xF8,0x4D,
    0xFF,0xF8,0x4D,0xFF,0xF8,0x4D,0xFF,0xF8,0x4D,0xFF,0xF8,0x4D,0xFF,0xF8,0x4D,0xFF,
    0xF8,0x4D,0xFF,0xF8,0x4D,0xFF,0xF8,0x4D,0xFF,0xF8,0x4D,0xFF,0xF8,0x4D,0xFF,0xF8,
    0x4D,0xFF,0xF8,0x4D,0xFF,0xF8,0x4D,0xFF,0xF8,0x4D,0xFF,0xF8,0x4D,0xFF,0xF8,0x4D,
    0xFF,0xF8,0x4D,0xFF,0xF8,0x4D,0xFF,0xF8,0x4D,0xFF,0xF8,0x4D,0xFF,0xF8,0x4D,0xFF,
    0xF8,0x4D,0xFF,0xF8,0x4D,0xFF,0xF8,0x4D,0xFF,0xF8,0x4D,0xFF,0xF8,0x4D,0xFF,0xF8,
    0x4D,0xFF,0xF8,0x4D,0xFF,0xF8,0x4D,0xFF,0xF8,0x4D,0xFF,0xF8,0x4D,0xFF,0xF8,0x4D,
    0xFF,0xF8,0x4D,0xFF,0xF8,0x4D,0xFF,0xF8,0x4D,0xFF,0xF8,0x4D,0xFF,0xF8,0x4D,0xFF,
    0xF8,0x4D,0xFF,0xF8,0x4D,0xFF,0xF8,0x4D,0xFF,0xF8,0x4D,0xFF,0xF8,0x4D,0xFF,0xF8,
    0x4D,0xFF,0xF8,0x4D,0xFF,0xF8,0x4D,0xFF,0xF8,0x4D,0xFF,0xF8,0x4D,0xFF,0xF8,0x4D,
    0xFF,0xF8,0x4D,0xFF,0xF8,0x4D,0xFF,0xF8,0x4D,0xFF,0xF8,0x4D,0xFF,0x97,0x4D,0xFF,
    0x31,0x4C,0xFF,0x50,0x4C,0xFF,0x71,0x4C,0xFF,0x92,0x5C,0xFF,0x92,0x5C,0xFF,0x92,
    0x5C,0xFF,0x92,0x5C,0xFF,0x92,0x5C,0xFF,0xB2,0x5C,0xFF,0x92,0x5C,0xFF,0x92,0x5C,
    0xFF,0x92,0x5C,0xFF,0x92,0x5C,0xFF,0x92,0x5C,0xFF,0x92,0x5C,0xFF,0x92,0x5C,0xFF,
    0xB2,0x64,0xFF,0x92,0x5C,0xFF,0x92,0x5C,0xFF,0x92,0x5C,0xFF,0x91,0x54,0xFF,0x91,
    0x54,0xFF,0x91,0x54,0xFF,0x91,0x54,0xFF,0x91,0x54,0xFF,0x92,0x54,0xFF,0x92,0x54,
    0xFF,0x91,0x54,0xFF,0x71,0x54,0xFF,0x11,0x4C,0xFF,0x56,0x4D,0xFF,0x18,0x4E,0xFF,
    0xF8,0x4D,0xFF,0xF8,0x4D,0xFF,0xF8,0x4D,0xFF,0xF8,0x4D,0xFF,0xF8,0x4D,0xFF,0xF8,
    0x4D,0xFF,0xF8,0x4D,0xFF,0xF8,0x4D,0xFF,0xF8,0x4D,0xFF,0xF8,0x4D,0xFF,0xF8,0x4D,
    0xFF,0xF8,0x4D,0xFF,0xF8,0x4D,0xFF,0xF8,0x4D,0xFF,0xF8,0x4D,0xFF,0xF8,0x4D,0xFF,
    0xF8,0x4D,0xFF,0xF8,0x4D,0xFF,0xF8,0x4D,0xFF,0xF8,0x4D,0xFF,0xF8,0x4D,0xFF,0xF8,
    0x4D,0xFF,0xF8,0x4D,0xFF,0xF8,0x4D,0xFF,0xF8,0x4D,0xFF,0xF8,0x4D,0xFF,0xF8,0x4D,
    0xFF,0xF8,0x4D,0xFF,0xF8,0x4D,0xFF,0xF8,0x4D,0xFF,0xF8,0x4D,0xFF,0xF8,0x4D,0xFF,
    0xF8,0x4D,0xFF,0xF8,0x4D,0xFF,0xF8,0x4D,0xFF,0xF8,0x4D,0xFF,0xF8,0x4D,0xFF,0xF8,
    0x4D,0xFF,0xF8,0x4D,0xFF,0xF8,0x4D,0xFF,0xF8,0x4D,0xFF,0xF8,0x4D,0xFF,0xF8,0x4D,
    0xFF,0xF8,0x4D,0xFF,0xF8,0x4D,0xFF,0xF8,0x4D,0xFF,0xF8,0x4D,0xFF,0xF8,0x4D,0xFF,
    0xF8,0x4D,0xFF,0xF8,0x4D,0xFF,0xF8,0x4D,0xFF,0xF8,0x4D,0xFF,0xF8,0x4D,0xFF,0xF8,
    0x4D,0xFF,0xF8,0x4D,0xFF,0xF8,0x4D,0xFF,0xF8,0x4D,0xFF,0xF8,0x4D,0xFF,0xF8,0x4D,
    0xFF,0xF8,0x4D,0xFF,0xF8,0x4D,0xFF,0xF8,0x4D,0xFF,0xF8,0x4D,0xFF,0xF8,0x4D,0xFF,
    0xF8,0x4D,0xFF,0xF8,0x4D,0xFF,0xF8,0x4D,0xFF,0xF8,0x4D,0xFF,0xF8,0x4D,0xFF,0xF8,
    0x4D,0xFF,0xF8,0x4D,0xFF,0xF8,0x4D,0xFF,0xF8,0x4D,0xFF,0xF8,0x4D,0xFF,0xF8,0x4D,
    0xFF,0xF8,0x4D,0xFF,0xF8,0x4D,0xFF,0xF8,0x4D,0xFF,0xF8,0x4D,0xFF,0xF8,0x4D,0xFF,
    0xF8,0x4D,0xFF,0xF8,0x4D,0xFF,0xF8,0x4D,0xFF,0xF8,0x4D,0xFF,0xF8,0x4D,0xFF,0xF8,
    0x4D,0xFF,0xF8,0x4D,0xFF,0xF8,0x4D,0xFF,0xF8,0x4D,0xFF,0xF8,0x4D,0xFF,0xF8,0x4D,
    0xFF,0xF8,0x4D,0xFF,0xF8,0x4D,0xFF,0xF8,0x4D,0xFF,0xF8,0x4D,0xFF,0xF8,0x4D,0xFF,
    0xF8,0x4D,0xFF,0xF8,0x4D,0xFF,0xF8,0x4D,0xFF,0xF8,0x4D,0xFF,0xF8,0x4D,0xFF,0xF8,
    0x4D,0xFF,0xF8,0x4D,0xFF,0xF8,0x4D,0xFF,0xF8,0x4D,0xFF,0xF8,0x4D,0xFF,0xF8,0x4D,
    0xFF,0xF8,0x4D,0xFF,0xF8,0x4D,0xFF,0xF8,0x4D,0xFF,0xF8,0x4D,0xFF,0xF8,0x4D,0xFF,
    0xF8,0x4D,0xFF,0xF8,0x4D,0xFF,0xF8,0x4D,0xFF,0xF8,0x4D,0xFF,0xF8,0x4D,0xFF,0xF8,
    0x4D,0xFF,0xF8,0x4D,0xFF,0xF8,0x4D,0xFF,0xF8,0x4D,0xFF,0xF8,0x4D,0xFF,0xF8,0x4D,
    0xFF,0xF8,0x4D,0xFF,0xF8,0x4D,0xFF,0xF8,0x4D,0xFF,0xF8,0x4D,0xFF,0xF8,0x4D,0xFF,
    0xF8,0x4D,0xFF,0xF8,0x4D,0xFF,0xF8,0x4D,0xFF,0xF8,0x4D,0xFF,0xF8,0x4D,0xFF,0xF8,
    0x4D,0xFF,0xF8,0x4D,0xFF,0xF8,0x4D,0xFF,0xF8,0x4D,0xFF,0xF8,0x4D,0xFF,0xF8,0x4D,
    0xFF,0xF8,0x4D,0xFF,0xF8,0x4D,0xFF,0xF8,0x4D,0xFF,0xF8,0x4D,0xFF,0xF8,0x4D,0xFF,
    0xF8,0x4D,0xFF,0xF8,0x4D,0xFF,0x18,0x4E,0xFF,0x15,0x4D,0xFF,0x47,0x52,0xFF,0xE8,
    0x8D,0xFF,0xCC,0xB6,0xFF,0xAC,0xAE,0xFF,0x8B,0xAE,0xFF,0x09,0x9E,0xFF,0x8B,0xAE,
    0xFF,0x09,0x9E,0xFF,0xE9,0x9D,0xFF,0x09,0x9E,0xFF,0x09,0x9E,0xFF,0x09,0x9E,0xFF,
    0x09,0x9E,0xFF,0x09,0x9E,0xFF,0x09,0x9E,0xFF,0x09,0x9E,0xFF,0x09,0x9E,0xFF,0xC7,
    0x85,0xFF,0xE8,0x95,0xFF,0xC7,0x85,0xFF,0xA6,0x7D,0xFF,0xA6,0x7D,0xFF,0xA6,0x7D,
    0xFF,0xA6,0x7D,0xFF,0xC6,0x7D,0xFF,0xE6,0x74,0xFF,0x66,0x7D,0xFF,0xC4,0x6C,0xFF,
    0xE3,0x53,0xFF,0xE5,0x49,0xFF,0x53,0x4C,0xFF,0x39,0x4E,0xFF,0xF8,0x4D,0xFF,0xF8,
    0x4D,0xFF,0xF8,0x4D,0xFF,0xF8,0x4D,0xFF,0xF8,0x4D,0xFF,0xF8,0x4D,0xFF,0xF8,0x4D,
    0xFF,0xF8,0x4D,0xFF,0xF8,0x4D,0xFF,0xF8,0x4D,0xFF,0xF8,0x4D,0xFF,0xF8,0x4D,0xFF,
    0xF8,0x4D,0xFF,0xF8,0x4D,0xFF,0xF8,0x4D,0xFF,0xF8,0x4D,0xFF,0xF8,0x4D,0xFF,0xF8,
    0x4D,0xFF,0xF8,0x4D,0xFF,0xF8,0x4D,0xFF,0xF8,0x4D,0xFF,0xF8,0x4D,0xFF,0xF8,0x4D,
    0xFF,0xF8,0x4D,0xFF,0xF8,0x4D,0xFF,0xF8,0x4D,0xFF,0xF8,0x4D,0xFF,0xF8,0x4D,0xFF,
    0xF8,0x4D,0xFF,0xF8,0x4D,0xFF,0xF8,0x4D,0xFF,0xF8,0x4D,0xFF,0xF8,0x4D,0xFF,0xF8,
    0x4D,0xFF,0xF8,0x4D,0xFF,0xF8,0x4D,0xFF,0xF8,0x4D,0xFF,0xF8,0x4D,0xFF,0xF8,0x4D,
    0xFF,0xF8,0x4D,0xFF,0xF8,0x4D,0xFF,0xF8,0x4D,0xFF,0xF8,0x4D,0xFF,0xF8,0x4D,0xFF,
    0xF8,0x4D,0xFF,0xF8,0x4D,0xFF,0xF8,0x4D,0xFF,0xF8,0x4D,0xFF,0xF8,0x4D,0xFF,0xF8,
    0x4D,0xFF,0xF8,0x4D,0xFF,0xF8,0x4D,0xFF,0xF8,0x4D,0xFF,0xF8,0x4D,0xFF,0xF8,0x4D,
    0xFF,0xF8,0x4D,0xFF,0xF8,0x4D,0xFF,0xF8,0x4D,0xFF,0xF8,0x4D,0xFF,0xF8,0x4D,0xFF,
    0xF8,0x4D,0xFF,0xF8,0x4D,0xFF,0xF8,0x4D,0xFF,0xF8,0x4D,0xFF,0xF8,0x4D,0xFF,0xF8,
    0x4D,0xFF,0xF8,0x4D,0xFF,0xF8,0x4D,0xFF,0xF8,0x4D,0xFF,0xF8,0x4D,0xFF,0xF8,0x4D,
    0xFF,0xF8,0x4D,0xFF,0xF8,0x4D,0xFF,0xF8,0x4D,0xFF,0xF8,0x4D,0xFF,0xF8,0x4D,0xFF,
    0xF8,0x4D,0xFF,0xF8,0x4D,0xFF,0xF8,0x4D,0xFF,0xF8,0x4D,0xFF,0xF8,0x4D,0xFF,0xF8,
    0x4D,0xFF,0xF8,0x4D,0xFF,0xF8,0x4D,0xFF,0xF8,0x4D,0xFF,0xF8,0x4D,0xFF,0xF8,0x4D,
    0xFF,0xF8,0x4D,0xFF,0xF8,0x4D,0xFF,0xF8,0x4D,0xFF,0xF8,0x4D,0xFF,0xF8,0x4D,0xFF,
    0xF8,0x4D,0xFF,0xF8,0x4D,0xFF,0xF8,0x4D,0xFF,0xF8,0x4D,0xFF,0xF8,0x4D,0xFF,0xF8,
    0x4D,0xFF,0xF8,0x4D,0xFF,0xF8,0x4D,0xFF,0xF8,0x4D,0xFF,0xF8,0x4D,0xFF,0xF8,0x4D,
    0xFF,0xF8,0x4D,0xFF,0xF8,0x4D,0xFF,0xF8,0x4D,0xFF,0xF8,0x4D,0xFF,0xF8,0x4D,0xFF,
    0xF8,0x4D,0xFF,0xF8,0x4D,0xFF,0xF8,0x4D,0xFF,0xF8,0x4D,0xFF,0xF8,0x4D,0xFF,0xF8,
    0x4D,0xFF,0xF8,0x4D,0xFF,0xF8,0x4D,0xFF,0xF8,0x4D,0xFF,0xF8,0x4D,0xFF,0xF8,0x4D,
    0xFF,0xF8,0x4D,0xFF,0xF8,0x4D,0xFF,0xF8,0x4D,0xFF,0xF8,0x4D,0xFF,0xF8,0x4D,0xFF,
    0xF8,0x4D,0xFF,0xF8,0x4D,0xFF,0xF8,0x4D,0xFF,0xF8,0x4D,0xFF,0xF8,0x4D,0xFF,0xF8,
    0x4D,0xFF,0xF8,0x4D,0xFF,0xF8,0x4D,0xFF,0xF8,0x4D,0xFF,0xF8,0x4D,0xFF,0xF8,0x4D,
    0xFF,0xF8,0x4D,0xFF,0xF8,0x4D,0xFF,0xF8,0x4D,0xFF,0xF8,0x4D,0xFF,0xF8,0x4D,0xFF,
    0xF8,0x4D,0xFF,0xF8,0x4D,0xFF,0xF8,0x4D,0xFF,0xF8,0x4D,0xFF,0xF8,0x4D,0xFF,0xF8,
    0x4D,0xFF,0x18,0x4E,0xFF,0x15,0x4D,0xFF,0xC9,0x5A,0xFF,0x4C,0xAF,0xFF,0xF0,0xDF,
    0xFF,0x4B,0x9F,0xFF,0x09,0x8F,0xFF,0x05,0x76,0xFF,0xE9,0x8E,0xFF,0x05,0x76,0xFF,
    0xE5,0x6D,0xFF,0xE5,0x6D,0xFF,0xE5,0x6D,0xFF,0xE5,0x6D,0xFF,0xE5,0x6D,0xFF,0xE5,
    0x6D,0xFF,0xE5,0x6D,0xFF,0xE5,0x6D,0xFF,0xE5,0x6D,0xFF,0xE5,0x6D,0xFF,0xE5,0x6D,
    0xFF,0xE5,0x6D,0xFF,0xE5,0x75,0xFF,0xE5,0x75,0xFF,0xE5,0x75,0xFF,0xE5,0x75,0xFF,
    0x05,0x76,0xFF,0x64,0x54,0xFF,0x44,0x65,0xFF,0xA4,0x5C,0xFF,0x03,0x4C,0xFF,0x66,
    0x52,0xFF,0x73,0x4C,0xFF,0x39,0x4E,0xFF,0xF8,0x4D,0xFF,0xF8,0x4D,0xFF,0xF8,0x4D,
    0xFF,0xF8,0x4D,0xFF,0xF8,0x4D,0xFF,0xF8,0x4D,0xFF,0xF8,0x4D,0xFF,0xF8,0x4D,0xFF,
    0xF8,0x4D,0xFF,0xF8,0x4D,0xFF,0xF8,0x4D,0xFF,0xF8,0x4D,0xFF,0xF8,0x4D,0xFF,0xF8,
    0x4D,0xFF,0xF8,0x4D,0xFF,0xF8,0x4D,0xFF,0xF8,0x4D,0xFF,0xF8,0x4D,0xFF,0xF8,0x4D,
    0xFF,0xF8,0x4D,0xFF,0xF8,0x4D,0xFF,0xF8,0x4D,0xFF,0xF8,0x4D,0xFF,0xF8,0x4D,0xFF,
    0xF8,0x4D,0xFF,0xF8,0x4D,0xFF,0xF8,0x4D,0xFF,0xF8,0x4D,0xFF,0xF8,0x4D,0xFF,0xF8,
    0x4D,0xFF,0xF8,0x4D,0xFF,0xF8,0x4D,0xFF,0xF8,0x4D,0xFF,0xF8,0x4D,0xFF,0xF8,0x4D,
    0xFF,0xF8,0x4D,0xFF,0xF8,0x4D,0xFF,0xF8,0x4D,0xFF,0xF8,0x4D,0xFF,0xF8,0x4D,0xFF,
    0xF8,0x4D,0xFF,0xF8,0x4D,0xFF,0xF8,0x4D,0xFF,0xF8,0x4D,0xFF,0xF8,0x4D,0xFF,0xF8,
    0x4D,0xFF,0xF8,0x4D,0xFF,0xF8,0x4D,0xFF,0xF8,0x4D,0xFF,0xF8,0x4D,0xFF,0xF8,0x4D,
    0xFF,0xF8,0x4D,0xFF,0xF8,0x4D,0xFF,0xF8,0x4D,0xFF,0xF8,0x4D,0xFF,0xF8,0x4D,0xFF,
    0xF8,0x4D,0xFF,0xF8,0x4D,0xFF,0xF8,0x4D,0xFF,0xF8,0x4D,0xFF,0xF8,0x4D,0xFF,0xF8,
    0x4D,0xFF,0xF8,0x4D,0xFF,0xF8,0x4D,0xFF,0xF8,0x4D,0xFF,0xF8,0x4D,0xFF,0xF8,0x4D,
    0xFF,0xF8,0x4D,0xFF,0xF8,0x4D,0xFF,0xF8,0x4D,0xFF,0xF8,0x4D,0xFF,0xF8,0x4D,0xFF,
    0xF8,0x4D,0xFF,0xF8,0x4D,0xFF,0xF8,0x4D,0xFF,0xF8,0x4D,0xFF,0xF8,0x4D,0xFF,0xF8,
    0x4D,0xFF,0xF8,0x4D,0xFF,0xF8,0x4D,0xFF,0xF8,0x4D,0xFF,0xF8,0x4D,0xFF,0xF8,0x4D,
    0xFF,0xF8,0x4D,0xFF,0xF8,0x4D,0xFF,0xF8,0x4D,0xFF,0xF8,0x4D,0xFF,0xF8,0x4D,0xFF,
    0xF8,0x4D,0xFF,0xF8,0x4D,0xFF,0xF8,0x4D,0xFF,0xF8,0x4D,0xFF,0xF8,0x4D,0xFF,0xF8,
    0x4D,0xFF,0xF8,0x4D,0xFF,0xF8,0x4D,0xFF,0xF8,0x4D,0xFF,0xF8,0x4D,0xFF,0xF8,0x4D,
    0xFF,0xF8,0x4D,0xFF,0xF8,0x4D,0xFF,0xF8,0x4D,0xFF,0xF8,0x4D,0xFF,0xF8,0x4D,0xFF,
    0xF8,0x4D,0xFF,0xF8,0x4D,0xFF,0xF8,0x4D,0xFF,0xF8,0x4D,0xFF,0xF8,0x4D,0xFF,0xF8,
    0x4D,0xFF,0xF8,0x4D,0xFF,0xF8,0x4D,0xFF,0xF8,0x4D,0xFF,0xF8,0x4D,0xFF,0xF8,0x4D,
    0xFF,0xF8,0x4D,0xFF,0xF8,0x4D,0xFF,0xF8,0x4D,0xFF,0xF8,0x4D,0xFF,0xF8,0x4D,0xFF,
    0xF8,0x4D,0xFF,0xF8,0x4D,0xFF,0xF8,0x4D,0xFF,0xF8,0x4D,0xFF,0xF8,0x4D,0xFF,0xF8,
    0x4D,0xFF,0xF8,0x4D,0xFF,0xF8,0x4D,0xFF,0xF8,0x4D,0xFF,0xF8,0x4D,0xFF,0xF8,0x4D,
    0xFF,0xF8,0x4D,0xFF,0xF8,0x4D,0xFF,0xF8,0x4D,0xFF,0xF8,0x4D,0xFF,0xF8,0x4D,0xFF,
    0xF8,0x4D,0xFF,0xF8,0x4D,0xFF,0xF8,0x4D,0xFF,0xF8,0x4D,0xFF,0xF8,0x4D,0xFF,0xF8,
    0x4D,0xFF,0xF8,0x4D,0xFF,0xF8,0x4D,0xFF,0xF8,0x4D,0xFF,0xF8,0x4D,0xFF,0x18,0x4E,
    0xFF,0x15,0x4D,0xFF,0xC9,0x5A,0xFF,0x0B,0xA7,0xFF,0xB0,0xD7,0xFF,0x0B,0x9F,0xFF,
    0xC9,0x8E,0xFF,0x06,0x7E,0xFF,0xC9,0x8E,0xFF,0x06,0x76,0xFF,0xC5,0x75,0xFF,0xC5,
    0x75,0xFF,0xC5,0x75,0xFF,0xC5,0x75,0xFF,0xC5,0x75,0xFF,0xC5,0x75,0xFF,0xC5,0x75,
    0xFF,0xC5,0x75,0xFF,0xC5,0x75,0xFF,0xC5,0x75,0xFF,0xC5,0x75,0xFF,0xC5,0x75,0xFF,
    0xC5,0x75,0xFF,0xC5,0x75,0xFF,0xC5,0x75,0xFF,0xC5,0x75,0xFF,0xE5,0x75,0xFF,0x64,
    0x5C,0xFF,0x45,0x6D,0xFF,0x84,0x5C,0xFF,0xE3,0x4B,0xFF,0x46,0x52,0xFF,0x73,0x4C,
    0xFF,0x39,0x4E,0xFF,0xF8,0x4D,0xFF,0xF8,0x4D,0xFF,0xF8,0x4D,0xFF,0xF8,0x4D,0xFF,
    0xF8,0x4D,0xFF,0xF8,0x4D,0xFF,0xF8,0x4D,0xFF,0xF8,0x4D,0xFF,0xF8,0x4D,0xFF,0xF8,
    0x4D,0xFF,0xF8,0x4D,0xFF,0xF8,0x4D,0xFF,0xF8,0x4D,0xFF,0xF8,0x4D,0xFF,0xF8,0x4D,
    0xFF,0xF8,0x4D,0xFF,0xF8,0x4D,0xFF,0xF8,0x4D,0xFF,0xF8,0x4D,0xFF,0xF8,0x4D,0xFF,
    0xF8,0x4D,0xFF,0xF8,0x4D,0xFF,0xF8,0x4D,0xFF,0xF8,0x4D,0xFF,0xF8,0x4D,0xFF,0xF8,
    0x4D,0xFF,0xF8,0x4D,0xFF,0xF8,0x4D,0xFF,0xF8,0x4D,0xFF,0xF8,0x4D,0xFF,0xF8,0x4D,
    0xFF,0xF8,0x4D,0xFF,0xF8,0x4D,0xFF,0xF8,0x4D,0xFF,0xF8,0x4D,0xFF,0xF8,0x4D,0xFF,
    0xF8,0x4D,0xFF,0xF8,0x4D,0xFF,0xF8,0x4D,0xFF,0xF8,0x4D,0xFF,0xF8,0x4D,0xFF,0xF8,
    0x4D,0xFF,0xF8,0x4D,0xFF,0xF8,0x4D,0xFF,0xF8,0x4D,0xFF,0xF8,0x4D,0xFF,0xF8,0x4D,
    0xFF,0xF8,0x4D,0xFF,0xF8,0x4D,0xFF,0xF8,0x4D,0xFF,0xF8,0x4D,0xFF,0xF8,0x4D,0xFF,
    0xF8,0x4D,0xFF,0xF8,0x4D,0xFF,0xF8,0x4D,0xFF,0xF8,0x4D,0xFF,0xF8,0x4D,0xFF,0xF8,
    0x4D,0xFF,0xF8,0x4D,0xFF,0xF8,0x4D,0xFF,0xF8,0x4D,0xFF,0xF8,0x4D,0xFF,0xF8,0x4D,
    0xFF,0xF8,0x4D,0xFF,0xF8,0x4D,0xFF,0xF8,0x4D,0xFF,0xF8,0x4D,0xFF,0xF8,0x4D,0xFF,
    0xF8,0x4D,0xFF,0xF8,0x4D,0xFF,0xF8,0x4D,0xFF,0xF8,0x4D,0xFF,0xF8,0x4D,0xFF,0xF8,
    0x4D,0xFF,0xF8,0x4D,0xFF,0xF8,0x4D,0xFF,0xF8,0x4D,0xFF,0xF8,0x4D,0xFF,0xF8,0x4D,
    0xFF,0xF8,0x4D,0xFF,0xF8,0x4D,0xFF,0xF8,0x4D,0xFF,0xF8,0x4D,0xFF,0xF8,0x4D,0xFF,
    0xF8,0x4D,0xFF,0xF8,0x4D,0xFF,0xF8,0x4D,0xFF,0xF8,0x4D,0xFF,0xF8,0x4D,0xFF,0xF8,
    0x4D,0xFF,0xF8,0x4D,0xFF,0xF8,0x4D,0xFF,0xF8,0x4D,0xFF,0xF8,0x4D,0xFF,0xF8,0x4D,
    0xFF,0xF8,0x4D,0xFF,0xF8,0x4D,0xFF,0xF8,0x4D,0xFF,0xF8,0x4D,0xFF,0xF8,0x4D,0xFF,
    0xF8,0x4D,0xFF,0xF8,0x4D,0xFF,0xF8,0x4D,0xFF,0xF8,0x4D,0xFF,0xF8,0x4D,0xFF,0xF8,
    0x4D,0xFF,0xF8,0x4D,0xFF,0xF8,0x4D,0xFF,0xF8,0x4D,0xFF,0xF8,0x4D,0xFF,0xF8,0x4D,
    0xFF,0xF8,0x4D,0xFF,0xF8,0x4D,0xFF,0xF8,0x4D,0xFF,0xF8,0x4D,0xFF,0xF8,0x4D,0xFF,
    0xF8,0x4D,0xFF,0xF8,0x4D,0xFF,0xF8,0x4D,0xFF,0xF8,0x4D,0xFF,0xF8,0x4D,0xFF,0xF8,
    0x4D,0xFF,0xF8,0x4D,0xFF,0xF8,0x4D,0xFF,0xF8,0x4D,0xFF,0xF8,0x4D,0xFF,0xF8,0x4D,
    0xFF,0xF8,0x4D,0xFF,0xF8,0x4D,0xFF,0xF8,0x4D,0xFF,0xF8,0x4D,0xFF,0xF8,0x4D,0xFF,
    0xF8,0x4D,0xFF,0xF8,0x4D,0xFF,0xF8,0x4D,0xFF,0xF8,0x4D,0xFF,0xF8,0x4D,0xFF,0xF8,
    0x4D,0xFF,0xF8,0x4D,0xFF,0xF8,0x4D,0xFF,0xF8,0x4D,0xFF,0xF8,0x4D,0xFF,0xF8,0x4D,
    0xFF,0xF8,0x4D,0xFF,0xF8,0x4D,0xFF,0xF8,0x4D,0xFF,0x18,0x4E,0xFF,0x15,0x4D,0xFF,
    0xC9,0x5A,0xFF,0x6C,0xAF,0xFF,0xF0,0xDF,0xFF,0x6B,0xA7,0xFF,0x29,0x97,0xFF,0x46,
    0x7E,0xFF,0x29,0x97,0xFF,0x46,0x7E,0xFF,0x05,0x76,0xFF,0x05,0x76,0xFF,0x05,0x76,
    0xFF,0x05,0x76,0xFF,0x05,0x76,0xFF,0x05,0x76,0xFF,0x05,0x76,0xFF,0x05,0x76,0xFF,
    0x05,0x76,0xFF,0x05,0x76,0xFF,0x05,0x76,0xFF,0x05,0x76,0xFF,0x05,0x76,0xFF,0x05,
    0x76,0xFF,0x05,0x76,0xFF,0x05,0x76,0xFF,0x25,0x76,0xFF,0xA4,0x5C,0xFF,0x64,0x6D,
    0xFF,0xC4,0x5C,0xFF,0x23,0x4C,0xFF,0x66,0x52,0xFF,0x73,0x4C,0xFF,0x39,0x4E,0xFF,
    0xF8,0x4D,0xFF,0xF8,0x4D,0xFF,0xF8,0x4D,0xFF,0xF8,0x4D,0xFF,0xF8,0x4D,0xFF,0xF8,
    0x4D,0xFF,0xF8,0x4D,0xFF,0xF8,0x4D,0xFF,0xF8,0x4D,0xFF,0xF8,0x4D,0xFF,0xF8,0x4D,
    0xFF,0xF8,0x4D,0xFF,0xF8,0x4D,0xFF,0xF8,0x4D,0xFF,0xF8,0x4D,0xFF,0xF8,0x4D,0xFF,
    0xF8,0x4D,0xFF,0xF8,0x4D,0xFF,0xF8,0x4D,0xFF,0xF8,0x4D,0xFF,0xF8,0x4D,0xFF,0xF8,
    0x4D,0xFF,0xF8,0x4D,0xFF,0xF8,0x4D,0xFF,0xF8,0x4D,0xFF,0xF8,0x4D,0xFF,0xF8,0x4D,
    0xFF,0xF8,0x4D,0xFF,0xF8,0x4D,0xFF,0xF8,0x4D,0xFF,0xF8,0x4D,0xFF,0xF8,0x4D,0xFF,
    0xF8,0x4D,0xFF,0xF8,0x4D,0xFF,0xF8,0x4D,0xFF,0xF8,0x4D,0xFF,0xF8,0x4D,0xFF,0xF8,
    0x4D,0xFF,0xF8,0x4D,0xFF,0xF8,0x4D,0xFF,0xF8,0x4D,0xFF,0xF8,0x4D,0xFF,0xF8,0x4D,
    0xFF,0xF8,0x4D,0xFF,0xF8,0x4D,0xFF,0xF8,0x4D,0xFF,0xF8,0x4D,0xFF,0xF8,0x4D,0xFF,
    0xF8,0x4D,0xFF,0xF8,0x4D,0xFF,0xF8,0x4D,0xFF,0xF8,0x4D,0xFF,0xF8,0x4D,0xFF,0xF8,
    0x4D,0xFF,0xF8,0x4D,0xFF,0xF8,0x4D,0xFF,0xF8,0x4D,0xFF,0xF8,0x4D,0xFF,0xF8,0x4D,
    0xFF,0xF8,0x4D,0xFF,0xF8,0x4D,0xFF,0xF8,0x4D,0xFF,0xF8,0x4D,0xFF,0xF8,0x4D,0xFF,
    0xF8,0x4D,0xFF,0xF8,0x4D,0xFF,0xF8,0x4D,0xFF,0xF8,0x4D,0xFF,0xF8,0x4D,0xFF,0xF8,
    0x4D,0xFF,0xF8,0x4D,0xFF,0xF8,0x4D,0xFF,0xF8,0x4D,0xFF,0xF8,0x4D,0xFF,0xF8,0x4D,
    0xFF,0xF8,0x4D,0xFF,0xF8,0x4D,0xFF,0xF8,0x4D,0xFF,0xF8,0x4D,0xFF,0xF8,0x4D,0xFF,
    0xF8,0x4D,0xFF,0xF8,0x4D,0xFF,0xF8,0x4D,0xFF,0xF8,0x4D,0xFF,0xF8,0x4D,0xFF,0xF8,
    0x4D,0xFF,0xF8,0x4D,0xFF,0xF8,0x4D,0xFF,0xF8,0x4D,0xFF,0xF8,0x4D,0xFF,0xF8,0x4D,
    0xFF,0xF8,0x4D,0xFF,0xF8,0x4D,0xFF,0xF8,0x4D,0xFF,0xF8,0x4D,0xFF,0xF8,0x4D,0xFF,
    0xF8,0x4D,0xFF,0xF8,0x4D,0xFF,0xF8,0x4D,0xFF,0xF8,0x4D,0xFF,0xF8,0x4D,0xFF,0xF8,
    0x4D,0xFF,0xF8,0x4D,0xFF,0xF8,0x4D,0xFF,0xF8,0x4D,0xFF,0xF8,0x4D,0xFF,0xF8,0x4D,
    0xFF,0xF8,0x4D,0xFF,0xF8,0x4D,0xFF,0xF8,0x4D,0xFF,0xF8,0x4D,0xFF,0xF8,0x4D,0xFF,
    0xF8,0x4D,0xFF,0xF8,0x4D,0xFF,0xF8,0x4D,0xFF,0xF8,0x4D,0xFF,0xF8,0x4D,0xFF,0xF8,
    0x4D,0xFF,0xF8,0x4D,0xFF,0xF8,0x4D,0xFF,0xF8,0x4D,0xFF,0xF8,0x4D,0xFF,0xF8,0x4D,
    0xFF,0xF8,0x4D,0xFF,0xF8,0x4D,0xFF,0xF8,0x4D,0xFF,0xF8,0x4D,0xFF,0xF8,0x4D,0xFF,
    0xF8,0x4D,0xFF,0xF8,0x4D,0xFF,0xF8,0x4D,0xFF,0xF8,0x4D,0xFF,0xF8,0x4D,0xFF,0xF8,
    0x4D,0xFF,0xF8,0x4D,0xFF,0xF8,0x4D,0xFF,0xF8,0x4D,0xFF,0xF8,0x4D,0xFF,0xF8,0x4D,
    0xFF,0xF8,0x4D,0xFF,0xF8,0x4D,0xFF,0xF8,0x4D,0xFF,0xF8,0x4D,0xFF,0xF8,0x4D,0xFF,
    0xF8,0x4D,0xFF,0xF8,0x4D,0xFF,0x18,0x4E,0xFF,0x35,0x4D,0xFF,0x28,0x52,0xFF,0x27,
    0x6C,0xFF,0x48,0x74,0xFF,0x07,0x64,0xFF,0x06,0x64,0xFF,0xC5,0x5B,0xFF,0x07,0x64,
    0xFF,0xC5,0x5B,0xFF,0xC5,0x5B,0xFF,0xC5,0x5B,0xFF,0xC5,0x5B,0xFF,0xC5,0x5B,0xFF,
    0xC5,0x5B,0xFF,0xC5,0x5B,0xFF,0xC5,0x5B,0xFF,0xC5,0x5B,0xFF,0xC5,0x5B,0xFF,0xC5,
    0x5B,0xFF,0xC5,0x5B,0xFF,0xC5,0x5B,0xFF,0xC5,0x5B,0xFF,0xC5,0x5B,0xFF,0xC5,0x5B,
    0xFF,0xC5,0x5B,0xFF,0xC5,0x5B,0xFF,0x65,0x53,0xFF,0xA5,0x53,0xFF,0x65,0x53,0xFF,
    0x65,0x53,0xFF,0x06,0x52,0xFF,0x73,0x4C,0xFF,0x39,0x4E,0xFF,0xF8,0x4D,0xFF,0xF8,
    0x4D,0xFF,0xF8,0x4D,0xFF,0xF8,0x4D,0xFF,0xF8,0x4D,0xFF,0xF8,0x4D,0xFF,0xF8,0x4D,
    0xFF,0xF8,0x4D,0xFF,0xF8,0x4D,0xFF,0xF8,0x4D,0xFF,0xF8,0x4D,0xFF,0xF8,0x4D,0xFF,
    0xF8,0x4D,0xFF,0xF8,0x4D,0xFF,0xF8,0x4D,0xFF,0xF8,0x4D,0xFF,0xF8,0x4D,0xFF,0xF8,
    0x4D,0xFF,0xF8,0x4D,0xFF,0xF8,0x4D,0xFF,0xF8,0x4D,0xFF,0xF8,0x4D,0xFF,0xF8,0x4D,
    0xFF,0xF8,0x4D,0xFF,0xF8,0x4D,0xFF,0xF8,0x4D,0xFF,0xF8,0x4D,0xFF,0xF8,0x4D,0xFF,
    0xF8,0x4D,0xFF,0xF8,0x4D,0xFF,0xF8,0x4D,0xFF,0xF8,0x4D,0xFF,0xF8,0x4D,0xFF,0xF8,
    0x4D,0xFF,0xF8,0x4D,0xFF,0xF8,0x4D,0xFF,0xF8,0x4D,0xFF,0xF8,0x4D,0xFF,0xF8,0x4D,
    0xFF,0xF8,0x4D,0xFF,0xF8,0x4D,0xFF,0xF8,0x4D,0xFF,0xF8,0x4D,0xFF,0xF8,0x4D,0xFF,
    0xF8,0x4D,0xFF,0xF8,0x4D,0xFF,0xF8,0x4D,0xFF,0xF8,0x4D,0xFF,0xF8,0x4D,0xFF,0xF8,
    0x4D,0xFF,0xF8,0x4D,0xFF,0xF8,0x4D,0xFF,0xF8,0x4D,0xFF,0xF8,0x4D,0xFF,0xF8,0x4D,
    0xFF,0xF8,0x4D,0xFF,0xF8,0x4D,0xFF,0xF8,0x4D,0xFF,0xF8,0x4D,0xFF,0xF8,0x4D,0xFF,
    0xF8,0x4D,0xFF,0xF8,0x4D,0xFF,0xF8,0x4D,0xFF,0xF8,0x4D,0xFF,0xF8,0x4D,0xFF,0xF8,
    0x4D,0xFF,0xF8,0x4D,0xFF,0xF8,0x4D,0xFF,0xF8,0x4D,0xFF,0xF8,0x4D,0xFF,0xF8,0x4D,
    0xFF,0xF8,0x4D,0xFF,0xF8,0x4D,0xFF,0xF8,0x4D,0xFF,0xF8,0x4D,0xFF,0xF8,0x4D,0xFF,
    0xF8,0x4D,0xFF,0xF8,0x4D,0xFF,0xF8,0x4D,0xFF,0xF8,0x4D,0xFF,0xF8,0x4D,0xFF,0xF8,
    0x4D,0xFF,0xF8,0x4D,0xFF,0xF8,0x4D,0xFF,0xF8,0x4D,0xFF,0xF8,0x4D,0xFF,0xF8,0x4D,
    0xFF,0xF8,0x4D,0xFF,0xF8,0x4D,0xFF,0xF8,0x4D,0xFF,0xF8,0x4D,0xFF,0xF8,0x4D,0xFF,
    0xF8,0x4D,0xFF,0xF8,0x4D,0xFF,0xF8,0x4D,0xFF,0xF8,0x4D,0xFF,0xF8,0x4D,0xFF,0xF8,
    0x4D,0xFF,0xF8,0x4D,0xFF,0xF8,0x4D,0xFF,0xF8,0x4D,0xFF,0xF8,0x4D,0xFF,0xF8,0x4D,
    0xFF,0xF8,0x4D,0xFF,0xF8,0x4D,0xFF,0xF8,0x4D,0xFF,0xF8,0x4D,0xFF,0xF8,0x4D,0xFF,
    0xF8,0x4D,0xFF,0xF8,0x4D,0xFF,0xF8,0x4D,0xFF,0xF8,0x4D,0xFF,0xF8,0x4D,0xFF,0xF8,
    0x4D,0xFF,0xF8,0x4D,0xFF,0xF8,0x4D,0xFF,0xF8,0x4D,0xFF,0xF8,0x4D,0xFF,0xF8,0x4D,
    0xFF,0xF8,0x4D,0xFF,0xF8,0x4D,0xFF,0xF8,0x4D,0xFF,0xF8,0x4D,0xFF,0xF8,0x4D,0xFF,
    0xF8,0x4D,0xFF,0xF8,0x4D,0xFF,0xF8,0x4D,0xFF,0xF8,0x4D,0xFF,0xF8,0x4D,0xFF,0xF8,
    0x4D,0xFF,0xF8,0x4D,0xFF,0xF8,0x4D,0xFF,0xF8,0x4D,0xFF,0xF8,0x4D,0xFF,0xF8,0x4D,
    0xFF,0xF8,0x4D,0xFF,0xF8,0x4D,0xFF,0xF8,0x4D,0xFF,0xF8,0x4D,0xFF,0xF8,0x4D,0xFF,
    0xF8,0x4D,0xFF,0xF8,0x4D,0xFF,0xF8,0x4D,0xFF,0xF8,0x4D,0xFF,0xF8,0x4D,0xFF,0xF8,
    0x4D,0xFF,0xF8,0x4D,0xFF,0xF8,0x4D,0xFF,0x73,0x4C,0xFF,0x48,0x52,0xFF,0xAA,0x8D,
    0xFF,0x4E,0xB6,0xFF,0xCA,0x8D,0xFF,0xC9,0x85,0xFF,0x06,0x6D,0xFF,0xA9,0x85,0xFF,
    0x06,0x6D,0xFF,0xE6,0x6C,0xFF,0xE6,0x6C,0xFF,0xE6,0x6C,0xFF,0xE6,0x6C,0xFF,0xE6,
    0x6C,0xFF,0xE6,0x6C,0xFF,0xE6,0x6C,0xFF,0xE6,0x6C,0xFF,0xE6,0x6C,0xFF,0xE6,0x6C,
    0xFF,0xE6,0x6C,0xFF,0xE6,0x6C,0xFF,0xE6,0x6C,0xFF,0xE6,0x6C,0xFF,0x06,0x6D,0xFF,
    0xC5,0x53,0xFF,0x65,0x64,0xFF,0xE5,0x5B,0xFF,0x64,0x4B,0xFF,0x26,0x52,0xFF,0xD1,
    0x4B,0xFF,0xF8,0x4D,0xFF,0xF8,0x4D,0xFF,0xF8,0x4D,0xFF,0xF8,0x4D,0xFF,0xF8,0x4D,
    0xFF,0xF8,0x4D,0xFF,0xF8,0x4D,0xFF,0xF8,0x4D,0xFF,0xF8,0x4D,0xFF,0xF8,0x4D,0xFF,
    0xF8,0x4D,0xFF,0xF8,0x4D,0xFF,0xF8,0x4D,0xFF,0xF8,0x4D,0xFF,0xF8,0x4D,0xFF,0xF8,
    0x4D,0xFF,0xF8,0x4D,0xFF,0xF8,0x4D,0xFF,0xF8,0x4D,0xFF,0xF8,0x4D,0xFF,0xF8,0x4D,
    0xFF,0xF8,0x4D,0xFF,0xF8,0x4D,0xFF,0xF8,0x4D,0xFF,0xF8,0x4D,0xFF,0xF8,0x4D,0xFF,
    0xF8,0x4D,0xFF,0xF8,0x4D,0xFF,0xF8,0x4D,0xFF,0xF8,0x4D,0xFF,0xF8,0x4D,0xFF,0xF8,
    0x4D,0xFF,0xF8,0x4D,0xFF,0xF8,0x4D,0xFF,0xF8,0x4D,0xFF,0xF8,0x4D,0xFF,0xF8,0x4D,
    0xFF,0xF8,0x4D,0xFF,0xF8,0x4D,0xFF,0xF8,0x4D,0xFF,0xF8,0x4D,0xFF,0xF8,0x4D,0xFF,
    0xF8,0x4D,0xFF,0xF8,0x4D,0xFF,0xF8,0x4D,0xFF,0xF8,0x4D,0xFF,0xF8,0x4D,0xFF,0xF8,
    0x4D,0xFF,0xF8,0x4D,0xFF,0xF8,0x4D,0xFF,0xF8,0x4D,0xFF,0xF8,0x4D,0xFF,0xF8,0x4D,
    0xFF,0xF8,0x4D,0xFF,0xF8,0x4D,0xFF,0xF8,0x4D,0xFF,0xF8,0x4D,0xFF,0xF8,0x4D,0xFF,
    0xF8,0x4D,0xFF,0xF8,0x4D,0xFF,0xF8,0x4D,0xFF,0xF8,0x4D,0xFF,0xF8,0x4D,0xFF,0xF8,
    0x4D,0xFF,0xF8,0x4D,0xFF,0xF8,0x4D,0xFF,0xF8,0x4D,0xFF,0xF8,0x4D,0xFF,0xF8,0x4D,
    0xFF,0xF8,0x4D,0xFF,0xF8,0x4D,0xFF,0xF8,0x4D,0xFF,0xF8,0x4D,0xFF,0xF8,0x4D,0xFF,
    0xF8,0x4D,0xFF,0xF8,0x4D,0xFF,0xF8,0x4D,0xFF,0xF8,0x4D,0xFF,0xF8,0x4D,0xFF,0xF8,
    0x4D,0xFF,0xF8,0x4D,0xFF,0xF8,0x4D,0xFF,0xF8,0x4D,0xFF,0xF8,0x4D,0xFF,0xF8,0x4D,
    0xFF,0xF8,0x4D,0xFF,0xF8,0x4D,0xFF,0xF8,0x4D,0xFF,0xF8,0x4D,0xFF,0xF8,0x4D,0xFF,
    0xF8,0x4D,0xFF,0xF8,0x4D,0xFF,0xF8,0x4D,0xFF,0xF8,0x4D,0xFF,0xF8,0x4D,0xFF,0xF8,
    0x4D,0xFF,0xF8,0x4D,0xFF,0xF8,0x4D,0xFF,0xF8,0x4D,0xFF,0xF8,0x4D,0xFF,0xF8,0x4D,
    0xFF,0xF8,0x4D,0xFF,0xF8,0x4D,0xFF,0xF8,0x4D,0xFF,0xF8,0x4D,0xFF,0xF8,0x4D,0xFF,
    0xF8,0x4D,0xFF,0xF8,0x4D,0xFF,0xF8,0x4D,0xFF,0xF8,0x4D,0xFF,0xF8,0x4D,0xFF,0xF8,
    0x4D,0xFF,0xF8,0x4D,0xFF,0xF8,0x4D,0xFF,0xF8,0x4D,0xFF,0xF8,0x4D,0xFF,0xF8,0x4D,
    0xFF,0xF8,0x4D,0xFF,0xF8,0x4D,0xFF,0xF8,0x4D,0xFF,0xF8,0x4D,0xFF,0xF8,0x4D,0xFF,
    0xF8,0x4D,0xFF,0xF8,0x4D,0xFF,0xF8,0x4D,0xFF,0xF8,0x4D,0xFF,0xF8,0x4D,0xFF,0xF8,
    0x4D,0xFF,0xF8,0x4D,0xFF,0xF8,0x4D,0xFF,0xF8,0x4D,0xFF,0xF8,0x4D,0xFF,0xF8,0x4D,
    0xFF,0xF8,0x4D,0xFF,0xF8,0x4D,0xFF,0xF8,0x4D,0xFF,0xF8,0x4D,0xFF,0xF8,0x4D,0xFF,
    0xF8,0x4D,0xFF,0xF8,0x4D,0xFF,0xF8,0x4D,0xFF,0xF8,0x4D,0xFF,0xF8,0x4D,0xFF,0xF8,
    0x4D,0xFF,0xF8,0x4D,0xFF,0xF8,0x4D,0xFF,0xF8,0x4D,0xFF,0xF8,0x4D,0xFF,0xF8,0x4D,
    0xFF,0x39,0x4E,0xFF,0x36,0x4D,0xFF,0xE9,0x5A,0xFF,0x6B,0xA7,0xFF,0xF0,0xD7,0xFF,
    0x6B,0xA7,0xFF,0x4A,0x97,0xFF,0x66,0x7E,0xFF,0x29,0x97,0xFF,0x46,0x7E,0xFF,0x05,
    0x76,0xFF,0x05,0x76,0xFF,0x05,0x76,0xFF,0x05,0x76,0xFF,0x05,0x76,0xFF,0x05,0x76,
    0xFF,0x05,0x76,0xFF,0x05,0x76,0xFF,0x05,0x76,0xFF,0x05,0x76,0xFF,0x05,0x76,0xFF,
    0x05,0x76,0xFF,0x05,0x76,0xFF,0x05,0x76,0xFF,0x45,0x76,0xFF,0xA4,0x5C,0xFF,0x64,
    0x6D,0xFF,0xC4,0x5C,0xFF,0x03,0x4C,0xFF,0x65,0x52,0xFF,0x93,0x4C,0xFF,0x59,0x4E,
    0xFF,0xD8,0x4D,0xFF,0xF8,0x4D,0xFF,0xF8,0x4D,0xFF,0xF8,0x4D,0xFF,0xF8,0x4D,0xFF,
    0xF8,0x4D,0xFF,0xF8,0x4D,0xFF,0xF8,0x4D,0xFF,0xF8,0x4D,0xFF,0xF8,0x4D,0xFF,0xF8,
    0x4D,0xFF,0xF8,0x4D,0xFF,0xF8,0x4D,0xFF,0xF8,0x4D,0xFF,0xF8,0x4D,0xFF,0xF8,0x4D,
    0xFF,0xF8,0x4D,0xFF,0xF8,0x4D,0xFF,0xF8,0x4D,0xFF,0xF8,0x4D,0xFF,0xF8,0x4D,0xFF,
    0xF8,0x4D,0xFF,0xF8,0x4D,0xFF,0xF8,0x4D,0xFF,0xF8,0x4D,0xFF,0xF8,0x4D,0xFF,0xF8,
    0x4D,0xFF,0xF8,0x4D,0xFF,0xF8,0x4D,0xFF,0xF8,0x4D,0xFF,0xF8,0x4D,0xFF,0xF8,0x4D,
    0xFF,0xF8,0x4D,0xFF,0xF8,0x4D,0xFF,0xF8,0x4D,0xFF,0xF8,0x4D,0xFF,0xF8,0x4D,0xFF,
    0xF8,0x4D,0xFF,0xF8,0x4D,0xFF,0xF8,0x4D,0xFF,0xF8,0x4D,0xFF,0xF8,0x4D,0xFF,0xF8,
    0x4D,0xFF,0xF8,0x4D,0xFF,0xF8,0x4D,0xFF,0xF8,0x4D,0xFF,0xF8,0x4D,0xFF,0xF8,0x4D,
    0xFF,0xF8,0x4D,0xFF,0xF8,0x4D,0xFF,0xF8,0x4D,0xFF,0xF8,0x4D,0xFF,0xF8,0x4D,0xFF,
    0xF8,0x4D,0xFF,0xF8,0x4D,0xFF,0xF8,0x4D,0xFF,0xF8,0x4D,0xFF,0xF8,0x4D,0xFF,0xF8,
    0x4D,0xFF,0xF8,0x4D,0xFF,0xF8,0x4D,0xFF,0xF8,0x4D,0xFF,0xF8,0x4D,0xFF,0xF8,0x4D,
    0xFF,0xF8,0x4D,0xFF,0xF8,0x4D,0xFF,0xF8,0x4D,0xFF,0xF8,0x4D,0xFF,0xF8,0x4D,0xFF,
    0xF8,0x4D,0xFF,0xF8,0x4D,0xFF,0xF8,0x4D,0xFF,0xF8,0x4D,0xFF,0xF8,0x4D,0xFF,0xF8,
    0x4D,0xFF,0xF8,0x4D,0xFF,0xF8,0x4D,0xFF,0xF8,0x4D,0xFF,0xF8,0x4D,0xFF,0xF8,0x4D,
    0xFF,0xF8,0x4D,0xFF,0xF8,0x4D,0xFF,0xF8,0x4D,0xFF,0xF8,0x4D,0xFF,0xF8,0x4D,0xFF,
    0xF8,0x4D,0xFF,0xF8,0x4D,0xFF,0xF8,0x4D,0xFF,0xF8,0x4D,0xFF,0xF8,0x4D,0xFF,0xF8,
    0x4D,0xFF,0xF8,0x4D,0xFF,0xF8,0x4D,0xFF,0xF8,0x4D,0xFF,0xF8,0x4D,0xFF,0xF8,0x4D,
    0xFF,0xF8,0x4D,0xFF,0xF8,0x4D,0xFF,0xF8,0x4D,0xFF,0xF8,0x4D,0xFF,0xF8,0x4D,0xFF,
    0xF8,0x4D,0xFF,0xF8,0x4D,0xFF,0xF8,0x4D,0xFF,0xF8,0x4D,0xFF,0xF8,0x4D,0xFF,0xF8,
    0x4D,0xFF,0xF8,0x4D,0xFF,0xF8,0x4D,0xFF,0xF8,0x4D,0xFF,0xF8,0x4D,0xFF,0xF8,0x4D,
    0xFF,0xF8,0x4D,0xFF,0xF8,0x4D,0xFF,0xF8,0x4D,0xFF,0xF8,0x4D,0xFF,0xF8,0x4D,0xFF,
    0xF8,0x4D,0xFF,0xF8,0x4D,0xFF,0xF8,0x4D,0xFF,0xF8,0x4D,0xFF,0xF8,0x4D,0xFF,0xF8,
    0x4D,0xFF,0xF8,0x4D,0xFF,0xF8,0x4D,0xFF,0xF8,0x4D,0xFF,0xF8,0x4D,0xFF,0xF8,0x4D,
    0xFF,0xF8,0x4D,0xFF,0xF8,0x4D,0xFF,0xF8,0x4D,0xFF,0xF8,0x4D,0xFF,0xF8,0x4D,0xFF,
    0xF8,0x4D,0xFF,0xF8,0x4D,0xFF,0xF8,0x4D,0xFF,0xF8,0x4D,0xFF,0xF8,0x4D,0xFF,0xF8,
    0x4D,0xFF,0xF8,0x4D,0xFF,0xF8,0x4D,0xFF,0xF8,0x4D,0xFF,0xF8,0x4D,0xFF,0xF8,0x4D,
    0xFF,0xF8,0x4D,0xFF,0xF8,0x4D,0xFF,0xF8,0x4D,0xFF,0xF8,0x4D,0xFF,0x19,0x4E,0xFF,
    0x15,0x4D,0xFF,0xC9,0x5A,0xFF,0x0B,0x9F,0xFF,0xAF,0xD7,0xFF,0x0B,0x9F,0xFF,0xEA,
    0x96,0xFF,0x06,0x7E,0xFF,0xC9,0x8E,0xFF,0x06,0x76,0xFF,0xC5,0x75,0xFF,0xC5,0x75,
    0xFF,0xC5,0x75,0xFF,0xC5,0x75,0xFF,0xC5,0x75,0xFF,0xC5,0x75,0xFF,0xC5,0x75,0xFF,
    0xC5,0x75,0xFF,0xC5,0x75,0xFF,0xC5,0x75,0xFF,0xC5,0x75,0xFF,0xC5,0x75,0xFF,0xC5,
    0x75,0xFF,0xC5,0x75,0xFF,0x05,0x76,0xFF,0x84,0x5C,0xFF,0x25,0x65,0xFF,0x84,0x5C,
    0xFF,0xE3,0x4B,0xFF,0x65,0x52,0xFF,0x73,0x4C,0xFF,0x39,0x4E,0xFF,0xD8,0x4D,0xFF,
    0xF8,0x4D,0xFF,0xF8,0x4D,0xFF,0xF8,0x4D,0xFF,0xF8,0x4D,0xFF,0xF8,0x4D,0xFF,0xF8,
    0x4D,0xFF,0xF8,0x4D,0xFF,0xF8,0x4D,0xFF,0xF8,0x4D,0xFF,0xF8,0x4D,0xFF,0xF8,0x4D,
    0xFF,0xF8,0x4D,0xFF,0xF8,0x4D,0xFF,0xF8,0x4D,0xFF,0xF8,0x4D,0xFF,0xF8,0x4D,0xFF,
    0xF8,0x4D,0xFF,0xF8,0x4D,0xFF,0xF8,0x4D,0xFF,0xF8,0x4D,0xFF,0xF8,0x4D,0xFF,0xF8,
    0x4D,0xFF,0xF8,0x4D,0xFF,0xF8,0x4D,0xFF,0xF8,0x4D,0xFF,0xF8,0x4D,0xFF,0xF8,0x4D,
    0xFF,0xF8,0x4D,0xFF,0xF8,0x4D,0xFF,0xF8,0x4D,0xFF,0xF8,0x4D,0xFF,0xF8,0x4D,0xFF,
    0xF8,0x4D,0xFF,0xF8,0x4D,0xFF,0xF8,0x4D,0xFF,0xF8,0x4D,0xFF,0xF8,0x4D,0xFF,0xF8,
    0x4D,0xFF,0xF8,0x4D,0xFF,0xF8,0x4D,0xFF,0xF8,0x4D,0xFF,0xF8,0x4D,0xFF,0xF8,0x4D,
    0xFF,0xF8,0x4D,0xFF,0xF8,0x4D,0xFF,0xF8,0x4D,0xFF,0xF8,0x4D,0xFF,0xF8,0x4D,0xFF,
    0xF8,0x4D,0xFF,0xF8,0x4D,0xFF,0xF8,0x4D,0xFF,0xF8,0x4D,0xFF,0xF8,0x4D,0xFF,0xF8,
    0x4D,0xFF,0xF8,0x4D,0xFF,0xF8,0x4D,0xFF,0xF8,0x4D,0xFF,0xF8,0x4D,0xFF,0xF8,0x4D,
    0xFF,0xF8,0x4D,0xFF,0xF8,0x4D,0xFF,0xF8,0x4D,0xFF,0xF8,0x4D,0xFF,0xF8,0x4D,0xFF,
    0xF8,0x4D,0xFF,0xF8,0x4D,0xFF,0xF8,0x4D,0xFF,0xF8,0x4D,0xFF,0xF8,0x4D,0xFF,0xF8,
    0x4D,0xFF,0xF8,0x4D,0xFF,0xF8,0x4D,0xFF,0xF8,0x4D,0xFF,0xF8,0x4D,0xFF,0xF8,0x4D,
    0xFF,0xF8,0x4D,0xFF,0xF8,0x4D,0xFF,0xF8,0x4D,0xFF,0xF8,0x4D,0xFF,0xF8,0x4D,0xFF,
    0xF8,0x4D,0xFF,0xF8,0x4D,0xFF,0xF8,0x4D,0xFF,0xF8,0x4D,0xFF,0xF8,0x4D,0xFF,0xF8,
    0x4D,0xFF,0xF8,0x4D,0xFF,0xF8,0x4D,0xFF,0xF8,0x4D,0xFF,0xF8,0x4D,0xFF,0xF8,0x4D,
    0xFF,0xF8,0x4D,0xFF,0xF8,0x4D,0xFF,0xF8,0x4D,0xFF,0xF8,0x4D,0xFF,0xF8,0x4D,0xFF,
    0xF8,0x4D,0xFF,0xF8,0x4D,0xFF,0xF8,0x4D,0xFF,0xF8,0x4D,0xFF,0xF8,0x4D,0xFF,0xF8,
    0x4D,0xFF,0xF8,0x4D,0xFF,0xF8,0x4D,0xFF,0xF8,0x4D,0xFF,0xF8,0x4D,0xFF,0xF8,0x4D,
    0xFF,0xF8,0x4D,0xFF,0xF8,0x4D,0xFF,0xF8,0x4D,0xFF,0xF8,0x4D,0xFF,0xF8,0x4D,0xFF,
    0xF8,0x4D,0xFF,0xF8,0x4D,0xFF,0xF8,0x4D,0xFF,0xF8,0x4D,0xFF,0xF8,0x4D,0xFF,0xF8,
    0x4D,0xFF,0xF8,0x4D,0xFF,0xF8,0x4D,0xFF,0xF8,0x4D,0xFF,0xF8,0x4D,0xFF,0xF8,0x4D,
    0xFF,0xF8,0x4D,0xFF,0xF8,0x4D,0xFF,0xF8,0x4D,0xFF,0xF8,0x4D,0xFF,0xF8,0x4D,0xFF,
    0xF8,0x4D,0xFF,0xF8,0x4D,0xFF,0xF8,0x4D,0xFF,0xF8,0x4D,0xFF,0xF8,0x4D,0xFF,0xF8,
    0x4D,0xFF,0xF8,0x4D,0xFF,0xF8,0x4D,0xFF,0xF8,0x4D,0xFF,0xF8,0x4D,0xFF,0xF8,0x4D,
    0xFF,0xF8,0x4D,0xFF,0xF8,0x4D,0xFF,0xF8,0x4D,0xFF,0xF8,0x4D,0xFF,0xF8,0x4D,0xFF,
    0xF8,0x4D,0xFF,0xF8,0x4D,0xFF,0xF8,0x4D,0xFF,0x19,0x4E,0xFF,0x15,0x4D,0xFF,0xC9,
    0x5A,0xFF,0x0B,0x9F,0xFF,0xAF,0xD7,0xFF,0x2B,0x9F,0xFF,0xEA,0x96,0xFF,0x26,0x7E,
    0xFF,0xC9,0x8E,0xFF,0x06,0x76,0xFF,0xC5,0x75,0xFF,0xE5,0x75,0xFF,0xE5,0x75,0xFF,
    0xE5,0x75,0xFF,0xE5,0x75,0xFF,0xE5,0x75,0xFF,0xE5,0x75,0xFF,0xE5,0x75,0xFF,0xE5,
    0x75,0xFF,0xE5,0x75,0xFF,0xE5,0x75,0xFF,0xE5,0x75,0xFF,0xE5,0x75,0xFF,0xC5,0x75,
    0xFF,0x05,0x76,0xFF,0x84,0x5C,0xFF,0x25,0x65,0xFF,0x84,0x5C,0xFF,0xE3,0x4B,0xFF,
    0x65,0x52,0xFF,0x73,0x4C,0xFF,0x39,0x4E,0xFF,0xD8,0x4D,0xFF,0xF8,0x4D,0xFF,0xF8,
    0x4D,0xFF,0xF8,0x4D,0xFF,0xF8,0x4D,0xFF,0xF8,0x4D,0xFF,0xF8,0x4D,0xFF,0xF8,0x4D,
    0xFF,0xF8,0x4D,0xFF,0xF8,0x4D,0xFF,0xF8,0x4D,0xFF,0xF8,0x4D,0xFF,0xF8,0x4D,0xFF,
    0xF8,0x4D,0xFF,0xF8,0x4D,0xFF,0xF8,0x4D,0xFF,0xF8,0x4D,0xFF,0xF8,0x4D,0xFF,0xF8,
    0x4D,0xFF,0xF8,0x4D,0xFF,0xF8,0x4D,0xFF,0xF8,0x4D,0xFF,0xF8,0x4D,0xFF,0xF8,0x4D,
    0xFF,0xF8,0x4D,0xFF,0xF8,0x4D,0xFF,0xF8,0x4D,0xFF,0xF8,0x4D,0xFF,0xF8,0x4D,0xFF,
    0xF8,0x4D,0xFF,0xF8,0x4D,0xFF,0xF8,0x4D,0xFF,0xF8,0x4D,0xFF,0xF8,0x4D,0xFF,0xF8,
    0x4D,0xFF,0xF8,0x4D,0xFF,0xF8,0x4D,0xFF,0xF8,0x4D,0xFF,0xF8,0x4D,0xFF,0xF8,0x4D,
    0xFF,0xF8,0x4D,0xFF,0xF8,0x4D,0xFF,0xF8,0x4D,0xFF,0xF8,0x4D,0xFF,0xF8,0x4D,0xFF,
    0xF8,0x4D,0xFF,0xF8,0x4D,0xFF,0xF8,0x4D,0xFF,0xF8,0x4D,0xFF,0xF8,0x4D,0xFF,0xF8,
    0x4D,0xFF,0xF8,0x4D,0xFF,0xF8,0x4D,0xFF,0xF8,0x4D,0xFF,0xF8,0x4D,0xFF,0xF8,0x4D,
    0xFF,0xF8,0x4D,0xFF,0xF8,0x4D,0xFF,0xF8,0x4D,0xFF,0xF8,0x4D,0xFF,0xF8,0x4D,0xFF,
    0xF8,0x4D,0xFF,0xF8,0x4D,0xFF,0xF8,0x4D,0xFF,0xF8,0x4D,0xFF,0xF8,0x4D,0xFF,0xF8,
    0x4D,0xFF,0xF8,0x4D,0xFF,0xF8,0x4D,0xFF,0xF8,0x4D,0xFF,0xF8,0x4D,0xFF,0xF8,0x4D,
    0xFF,0xF8,0x4D,0xFF,0xF8,0x4D,0xFF,0xF8,0x4D,0xFF,0xF8,0x4D,0xFF,0xF8,0x4D,0xFF,
    0xF8,0x4D,0xFF,0xF8,0x4D,0xFF,0xF8,0x4D,0xFF,0xF8,0x4D,0xFF,0xF8,0x4D,0xFF,0xF8,
    0x4D,0xFF,0xF8,0x4D,0xFF,0xF8,0x4D,0xFF,0xF8,0x4D,0xFF,0xF8,0x4D,0xFF,0xF8,0x4D,
    0xFF,0xF8,0x4D,0xFF,0xF8,0x4D,0xFF,0xF8,0x4D,0xFF,0xF8,0x4D,0xFF,0xF8,0x4D,0xFF,
    0xF8,0x4D,0xFF,0xF8,0x4D,0xFF,0xF8,0x4D,0xFF,0xF8,0x4D,0xFF,0xF8,0x4D,0xFF,0xF8,
    0x4D,0xFF,0xF8,0x4D,0xFF,0xF8,0x4D,0xFF,0xF8,0x4D,0xFF,0xF8,0x4D,0xFF,0xF8,0x4D,
    0xFF,0xF8,0x4D,0xFF,0xF8,0x4D,0xFF,0xF8,0x4D,0xFF,0xF8,0x4D,0xFF,0xF8,0x4D,0xFF,
    0xF8,0x4D,0xFF,0xF8,0x4D,0xFF,0xF8,0x4D,0xFF,0xF8,0x4D,0xFF,0xF8,0x4D,0xFF,0xF8,
    0x4D,0xFF,0xF8,0x4D,0xFF,0xF8,0x4D,0xFF,0xF8,0x4D,0xFF,0xF8,0x4D,0xFF,0xF8,0x4D,
    0xFF,0xF8,0x4D,0xFF,0xF8,0x4D,0xFF,0xF8,0x4D,0xFF,0xF8,0x4D,0xFF,0xF8,0x4D,0xFF,
    0xF8,0x4D,0xFF,0xF8,0x4D,0xFF,0xF8,0x4D,0xFF,0xF8,0x4D,0xFF,0xF8,0x4D,0xFF,0xF8,
    0x4D,0xFF,0xF8,0x4D,0xFF,0xF8,0x4D,0xFF,0xF8,0x4D,0xFF,0xF8,0x4D,0xFF,0xF8,0x4D,
    0xFF,0xF8,0x4D,0xFF,0xF8,0x4D,0xFF,0xF8,0x4D,0xFF,0xF8,0x4D,0xFF,0xF8,0x4D,0xFF,
    0xF8,0x4D,0xFF,0xF8,0x4D,0xFF,0xF8,0x4D,0xFF,0xF8,0x4D,0xFF,0xF8,0x4D,0xFF,0xF8,
    0x4D,0xFF,0xF8,0x4D,0xFF,0x19,0x4E,0xFF,0x15,0x4D,0xFF,0xC9,0x5A,0xFF,0x0B,0x9F,
    0xFF,0xAF,0xD7,0xFF,0x2B,0x9F,0xFF,0xEA,0x96,0xFF,0x26,0x7E,0xFF,0xC9,0x8E,0xFF,
    0x06,0x76,0xFF,0xC5,0x75,0xFF,0xE5,0x75,0xFF,0xE5,0x75,0xFF,0xE5,0x75,0xFF,0xE5,
    0x75,0xFF,0xE5,0x75,0xFF,0xE5,0x75,0xFF,0xE5,0x75,0xFF,0xE5,0x75,0xFF,0xE5,0x75,
    0xFF,0xE5,0x75,0xFF,0xE5,0x75,0xFF,0xE5,0x75,0xFF,0xC5,0x75,0xFF,0x05,0x76,0xFF,
    0x84,0x5C,0xFF,0x25,0x65,0xFF,0x84,0x5C,0xFF,0xE3,0x4B,0xFF,0x65,0x52,0xFF,0x73,
    0x4C,0xFF,0x39,0x4E,0xFF,0xD8,0x4D,0xFF,0xF8,0x4D,0xFF,0xF8,0x4D,0xFF,0xF8,0x4D,
    0xFF,0xF8,0x4D,0xFF,0xF8,0x4D,0xFF,0xF8,0x4D,0xFF,0xF8,0x4D,0xFF,0xF8,0x4D,0xFF,
    0xF8,0x4D,0xFF,0xF8,0x4D,0xFF,0xF8,0x4D,0xFF,0xF8,0x4D,0xFF,0xF8,0x4D,0xFF,0xF8,
    0x4D,0xFF,0xF8,0x4D,0xFF,0xF8,0x4D,0xFF,0xF8,0x4D,0xFF,0xF8,0x4D,0xFF,0xF8,0x4D,
    0xFF,0xF8,0x4D,0xFF,0xF8,0x4D,0xFF,0xF8,0x4D,0xFF,0xF8,0x4D,0xFF,0xF8,0x4D,0xFF,
    0xF8,0x4D,0xFF,0xF8,0x4D,0xFF,0xF8,0x4D,0xFF,0xF8,0x4D,0xFF,0xF8,0x4D,0xFF,0xF8,
    0x4D,0xFF,0xF8,0x4D,0xFF,0xF8,0x4D,0xFF,0xF8,0x4D,0xFF,0xF8,0x4D,0xFF,0xF8,0x4D,
    0xFF,0xF8,0x4D,0xFF,0xF8,0x4D,0xFF,0xF8,0x4D,0xFF,0xF8,0x4D,0xFF,0xF8,0x4D,0xFF,
    0xF8,0x4D,0xFF,0xF8,0x4D,0xFF,0xF8,0x4D,0xFF,0xF8,0x4D,0xFF,0xF8,0x4D,0xFF,0xF8,
    0x4D,0xFF,0xF8,0x4D,0xFF,0xF8,0x4D,0xFF,0xF8,0x4D,0xFF,0xF8,0x4D,0xFF,0xF8,0x4D,
    0xFF,0xF8,0x4D,0xFF,0xF8,0x4D,0xFF,0xF8,0x4D,0xFF,0xF8,0x4D,0xFF,0xF8,0x4D,0xFF,
    0xF8,0x4D,0xFF,0xF8,0x4D,0xFF,0xF8,0x4D,0xFF,0xF8,0x4D,0xFF,0xF8,0x4D,0xFF,0xF8,
    0x4D,0xFF,0xF8,0x4D,0xFF,0xF8,0x4D,0xFF,0xF8,0x4D,0xFF,0xF8,0x4D,0xFF,0xF8,0x4D,
    0xFF,0xF8,0x4D,0xFF,0xF8,0x4D,0xFF,0xF8,0x4D,0xFF,0xF8,0x4D,0xFF,0xF8,0x4D,0xFF,
    0xF8,0x4D,0xFF,0xF8,0x4D,0xFF,0xF8,0x4D,0xFF,0xF8,0x4D,0xFF,0xF8,0x4D,0xFF,0xF8,
    0x4D,0xFF,0xF8,0x4D,0xFF,0xF8,0x4D,0xFF,0xF8,0x4D,0xFF,0xF8,0x4D,0xFF,0xF8,0x4D,
    0xFF,0xF8,0x4D,0xFF,0xF8,0x4D,0xFF,0xF8,0x4D,0xFF,0xF8,0x4D,0xFF,0xF8,0x4D,0xFF,
    0xF8,0x4D,0xFF,0xF8,0x4D,0xFF,0xF8,0x4D,0xFF,0xF8,0x4D,0xFF,0xF8,0x4D,0xFF,0xF8,
    0x4D,0xFF,0xF8,0x4D,0xFF,0xF8,0x4D,0xFF,0xF8,0x4D,0xFF,0xF8,0x4D,0xFF,0xF8,0x4D,
    0xFF,0xF8,0x4D,0xFF,0xF8,0x4D,0xFF,0xF8,0x4D,0xFF,0xF8,0x4D,0xFF,0xF8,0x4D,0xFF,
    0xF8,0x4D,0xFF,0xF8,0x4D,0xFF,0xF8,0x4D,0xFF,0xF8,0x4D,0xFF,0xF8,0x4D,0xFF,0xF8,
    0x4D,0xFF,0xF8,0x4D,0xFF,0xF8,0x4D,0xFF,0xF8,0x4D,0xFF,0xF8,0x4D,0xFF,0xF8,0x4D,
    0xFF,0xF8,0x4D,0xFF,0xF8,0x4D,0xFF,0xF8,0x4D,0xFF,0xF8,0x4D,0xFF,0xF8,0x4D,0xFF,
    0xF8,0x4D,0xFF,0xF8,0x4D,0xFF,0xF8,0x4D,0xFF,0xF8,0x4D,0xFF,0xF8,0x4D,0xFF,0xF8,
    0x4D,0xFF,0xF8,0x4D,0xFF,0xF8,0x4D,0xFF,0xF8,0x4D,0xFF,0xF8,0x4D,0xFF,0xF8,0x4D,
    0xFF,0xF8,0x4D,0xFF,0xF8,0x4D,0xFF,0xF8,0x4D,0xFF,0xF8,0x4D,0xFF,0xF8,0x4D,0xFF,
    0xF8,0x4D,0xFF,0xF8,0x4D,0xFF,0xF8,0x4D,0xFF,0xF8,0x4D,0xFF,0xF8,0x4D,0xFF,0xF8,
    0x4D,0xFF,0xF8,0x4D,0xFF,0xF8,0x4D,0xFF,0xF8,0x4D,0xFF,0xF8,0x4D,0xFF,0xF8,0x4D,
    0xFF,0x19,0x4E,0xFF,0x15,0x4D,0xFF,0xC9,0x5A,0xFF,0x0B,0x9F,0xFF,0xAF,0xD7,0xFF,
    0x2B,0x9F,0xFF,0xEA,0x96,0xFF,0x26,0x7E,0xFF,0xC9,0x8E,0xFF,0x06,0x76,0xFF,0xC5,
    0x75,0xFF,0xE5,0x75,0xFF,0xE5,0x75,0xFF,0xE5,0x75,0xFF,0xE5,0x75,0xFF,0xE5,0x75,
    0xFF,0xE5,0x75,0xFF,0xE5,0x75,0xFF,0xE5,0x75,0xFF,0xE5,0x75,0xFF,0xE5,0x75,0xFF,
    0xE5,0x75,0xFF,0xE5,0x75,0xFF,0xC5,0x75,0xFF,0x05,0x76,0xFF,0x84,0x5C,0xFF,0x25,
    0x65,0xFF,0x84,0x5C,0xFF,0xE3,0x4B,0xFF,0x65,0x52,0xFF,0x73,0x4C,0xFF,0x39,0x4E,
    0xFF,0xD8,0x4D,0xFF,0xF8,0x4D,0xFF,0xF8,0x4D,0xFF,0xF8,0x4D,0xFF,0xF8,0x4D,0xFF,
    0xF8,0x4D,0xFF,0xF8,0x4D,0xFF,0xF8,0x4D,0xFF,0xF8,0x4D,0xFF,0xF8,0x4D,0xFF,0xF8,
    0x4D,0xFF,0xF8,0x4D,0xFF,0xF8,0x4D,0xFF,0xF8,0x4D,0xFF,0xF8,0x4D,0xFF,0xF8,0x4D,
    0xFF,0xF8,0x4D,0xFF,0xF8,0x4D,0xFF,0xF8,0x4D,0xFF,0xF8,0x4D,0xFF,0xF8,0x4D,0xFF,
    0xF8,0x4D,0xFF,0xF8,0x4D,0xFF,0xF8,0x4D,0xFF,0xF8,0x4D,0xFF,0xF8,0x4D,0xFF,0xF8,
    0x4D,0xFF,0xF8,0x4D,0xFF,0xF8,0x4D,0xFF,0xF8,0x4D,0xFF,0xF8,0x4D,0xFF,0xF8,0x4D,
    0xFF,0xF8,0x4D,0xFF,0xF8,0x4D,0xFF,0xF8,0x4D,0xFF,0xF8,0x4D,0xFF,0xF8,0x4D,0xFF,
    0xF8,0x4D,0xFF,0xF8,0x4D,0xFF,0xF8,0x4D,0xFF,0xF8,0x4D,0xFF,0xF8,0x4D,0xFF,0xF8,
    0x4D,0xFF,0xF8,0x4D,0xFF,0xF8,0x4D,0xFF,0xF8,0x4D,0xFF,0xF8,0x4D,0xFF,0xF8,0x4D,
    0xFF,0xF8,0x4D,0xFF,0xF8,0x4D,0xFF,0xF8,0x4D,0xFF,0xF8,0x4D,0xFF,0xF8,0x4D,0xFF,
    0xF8,0x4D,0xFF,0xF8,0x4D,0xFF,0xF8,0x4D,0xFF,0xF8,0x4D,0xFF,0xF8,0x4D,0xFF,0xF8,
    0x4D,0xFF,0xF8,0x4D,0xFF,0xF8,0x4D,0xFF,0xF8,0x4D,0xFF,0xF8,0x4D,0xFF,0xF8,0x4D,
    0xFF,0xF8,0x4D,0xFF,0xF8,0x4D,0xFF,0xF8,0x4D,0xFF,0xF8,0x4D,0xFF,0xF8,0x4D,0xFF,
    0xF8,0x4D,0xFF,0xF8,0x4D,0xFF,0xF8,0x4D,0xFF,0xF8,0x4D,0xFF,0xF8,0x4D,0xFF,0xF8,
    0x4D,0xFF,0xF8,0x4D,0xFF,0xF8,0x4D,0xFF,0xF8,0x4D,0xFF,0xF8,0x4D,0xFF,0xF8,0x4D,
    0xFF,0xF8,0x4D,0xFF,0xF8,0x4D,0xFF,0xF8,0x4D,0xFF,0xF8,0x4D,0xFF,0xF8,0x4D,0xFF,
    0xF8,0x4D,0xFF,0xF8,0x4D,0xFF,0xF8,0x4D,0xFF,0xF8,0x4D,0xFF,0xF8,0x4D,0xFF,0xF8,
    0x4D,0xFF,0xF8,0x4D,0xFF,0xF8,0x4D,0xFF,0xF8,0x4D,0xFF,0xF8,0x4D,0xFF,0xF8,0x4D,
    0xFF,0xF8,0x4D,0xFF,0xF8,0x4D,0xFF,0xF8,0x4D,0xFF,0xF8,0x4D,0xFF,0xF8,0x4D,0xFF,
    0xF8,0x4D,0xFF,0xF8,0x4D,0xFF,0xF8,0x4D,0xFF,0xF8,0x4D,0xFF,0xF8,0x4D,0xFF,0xF8,
    0x4D,0xFF,0xF8,0x4D,0xFF,0xF8,0x4D,0xFF,0xF8,0x4D,0xFF,0xF8,0x4D,0xFF,0xF8,0x4D,
    0xFF,0xF8,0x4D,0xFF,0xF8,0x4D,0xFF,0xF8,0x4D,0xFF,0xF8,0x4D,0xFF,0xF8,0x4D,0xFF,
    0xF8,0x4D,0xFF,0xF8,0x4D,0xFF,0xF8,0x4D,0xFF,0xF8,0x4D,0xFF,0xF8,0x4D,0xFF,0xF8,
    0x4D,0xFF,0xF8,0x4D,0xFF,0xF8,0x4D,0xFF,0xF8,0x4D,0xFF,0xF8,0x4D,0xFF,0xF8,0x4D,
    0xFF,0xF8,0x4D,0xFF,0xF8,0x4D,0xFF,0xF8,0x4D,0xFF,0xF8,0x4D,0xFF,0xF8,0x4D,0xFF,
    0xF8,0x4D,0xFF,0xF8,0x4D,0xFF,0xF8,0x4D,0xFF,0xF8,0x4D,0xFF,0xF8,0x4D,0xFF,0xF8,
    0x4D,0xFF,0xF8,0x4D,0xFF,0xF8,0x4D,0xFF,0xF8,0x4D,0xFF,0xF8,0x4D,0xFF,0xF8,0x4D,
    0xFF,0xF8,0x4D,0xFF,0xF8,0x4D,0xFF,0xF8,0x4D,0xFF,0xF8,0x4D,0xFF,0x19,0x4E,0xFF,
    0x15,0x4D,0xFF,0xC9,0x5A,0xFF,0x0B,0x9F,0xFF,0xAF,0xD7,0xFF,0x2B,0x9F,0xFF,0xEA,
    0x96,0xFF,0x26,0x7E,0xFF,0xC9,0x8E,0xFF,0x06,0x76,0xFF,0xC5,0x75,0xFF,0xE5,0x75,
    0xFF,0xE5,0x75,0xFF,0xE5,0x75,0xFF,0xE5,0x75,0xFF,0xE5,0x75,0xFF,0xE5,0x75,0xFF,
    0xE5,0x75,0xFF,0xE5,0x75,0xFF,0xE5,0x75,0xFF,0xE5,0x75,0xFF,0xE5,0x75,0xFF,0xE5,
    0x75,0xFF,0xC5,0x75,0xFF,0x05,0x76,0xFF,0x84,0x5C,0xFF,0x25,0x65,0xFF,0x84,0x5C,
    0xFF,0xE3,0x4B,0xFF,0x65,0x52,0xFF,0x73,0x4C,0xFF,0x39,0x4E,0xFF,0xD8,0x4D,0xFF,
    0xF8,0x4D,0xFF,0xF8,0x4D,0xFF,0xF8,0x4D,0xFF,0xF8,0x4D,0xFF,0xF8,0x4D,0xFF,0xF8,
    0x4D,0xFF,0xF8,0x4D,0xFF,0xF8,0x4D,0xFF,0xF8,0x4D,0xFF,0xF8,0x4D,0xFF,0xF8,0x4D,
    0xFF,0xF8,0x4D,0xFF,0xF8,0x4D,0xFF,0xF8,0x4D,0xFF,0xF8,0x4D,0xFF,0xF8,0x4D,0xFF,
    0xF8,0x4D,0xFF,0xF8,0x4D,0xFF,0xF8,0x4D,0xFF,0xF8,0x4D,0xFF,0xF8,0x4D,0xFF,0xF8,
    0x4D,0xFF,0xF8,0x4D,0xFF,0xF8,0x4D,0xFF,0xF8,0x4D,0xFF,0xF8,0x4D,0xFF,0xF8,0x4D,
    0xFF,0xF8,0x4D,0xFF,0xF8,0x4D,0xFF,0xF8,0x4D,0xFF,0xF8,0x4D,0xFF,0xF8,0x4D,0xFF,
    0xF8,0x4D,0xFF,0xF8,0x4D,0xFF,0xF8,0x4D,0xFF,0xF8,0x4D,0xFF,0xF8,0x4D,0xFF,0xF8,
    0x4D,0xFF,0xF8,0x4D,0xFF,0xF8,0x4D,0xFF,0xF8,0x4D,0xFF,0xF8,0x4D,0xFF,0xF8,0x4D,
    0xFF,0xF8,0x4D,0xFF,0xF8,0x4D,0xFF,0xF8,0x4D,0xFF,0xF8,0x4D,0xFF,0xF8,0x4D,0xFF,
    0xF8,0x4D,0xFF,0xF8,0x4D,0xFF,0xF8,0x4D,0xFF,0xF8,0x4D,0xFF,0xF8,0x4D,0xFF,0xF8,
    0x4D,0xFF,0xF8,0x4D,0xFF,0xF8,0x4D,0xFF,0xF8,0x4D,0xFF,0xF8,0x4D,0xFF,0xF8,0x4D,
    0xFF,0xF8,0x4D,0xFF,0xF8,0x4D,0xFF,0xF8,0x4D,0xFF,0xF8,0x4D,0xFF,0xF8,0x4D,0xFF,
    0xF8,0x4D,0xFF,0xF8,0x4D,0xFF,0xF8,0x4D,0xFF,0xF8,0x4D,0xFF,0xF8,0x4D,0xFF,0xF8,
    0x4D,0xFF,0xF8,0x4D,0xFF,0xF8,0x4D,0xFF,0xF8,0x4D,0xFF,0xF8,0x4D,0xFF,0xF8,0x4D,
    0xFF,0xF8,0x4D,0xFF,0xF8,0x4D,0xFF,0xF8,0x4D,0xFF,0xF8,0x4D,0xFF,0xF8,0x4D,0xFF,
    0xF8,0x4D,0xFF,0xF8,0x4D,0xFF,0xF8,0x4D,0xFF,0xF8,0x4D,0xFF,0xF8,0x4D,0xFF,0xF8,
    0x4D,0xFF,0xF8,0x4D,0xFF,0xF8,0x4D,0xFF,0xF8,0x4D,0xFF,0xF8,0x4D,0xFF,0xF8,0x4D,
    0xFF,0xF8,0x4D,0xFF,0xF8,0x4D,0xFF,0xF8,0x4D,0xFF,0xF8,0x4D,0xFF,0xF8,0x4D,0xFF,
    0xF8,0x4D,0xFF,0xF8,0x4D,0xFF,0xF8,0x4D,0xFF,0xF8,0x4D,0xFF,0xF8,0x4D,0xFF,0xF8,
    0x4D,0xFF,0xF8,0x4D,0xFF,0xF8,0x4D,0xFF,0xF8,0x4D,0xFF,0xF8,0x4D,0xFF,0xF8,0x4D,
    0xFF,0xF8,0x4D,0xFF,0xF8,0x4D,0xFF,0xF8,0x4D,0xFF,0xF8,0x4D,0xFF,0xF8,0x4D,0xFF,
    0xF8,0x4D,0xFF,0xF8,0x4D,0xFF,0xF8,0x4D,0xFF,0xF8,0x4D,0xFF,0xF8,0x4D,0xFF,0xF8,
    0x4D,0xFF,0xF8,0x4D,0xFF,0xF8,0x4D,0xFF,0xF8,0x4D,0xFF,0xF8,0x4D,0xFF,0xF8,0x4D,
    0xFF,0xF8,0x4D,0xFF,0xF8,0x4D,0xFF,0xF8,0x4D,0xFF,0xF8,0x4D,0xFF,0xF8,0x4D,0xFF,
    0xF8,0x4D,0xFF,0xF8,0x4D,0xFF,0xF8,0x4D,0xFF,0xF8,0x4D,0xFF,0xF8,0x4D,0xFF,0xF8,
    0x4D,0xFF,0xF8,0x4D,0xFF,0xF8,0x4D,0xFF,0xF8,0x4D,0xFF,0xF8,0x4D,0xFF,0xF8,0x4D,
    0xFF,0xF8,0x4D,0xFF,0xF8,0x4D,0xFF,0xF8,0x4D,0xFF,0xF8,0x4D,0xFF,0xF8,0x4D,0xFF,
    0xF8,0x4D,0xFF,0xF8,0x4D,0xFF,0xF8,0x4D,0xFF,0x19,0x4E,0xFF,0x15,0x4D,0xFF,0xC9,
    0x5A,0xFF,0x0B,0x9F,0xFF,0xAF,0xD7,0xFF,0x2B,0x9F,0xFF,0xEA,0x96,0xFF,0x26,0x7E,
    0xFF,0xC9,0x8E,0xFF,0x06,0x76,0xFF,0xC5,0x75,0xFF,0xE5,0x75,0xFF,0xE5,0x75,0xFF,
    0xE5,0x75,0xFF,0xE5,0x75,0xFF,0xE5,0x75,0xFF,0xE5,0x75,0xFF,0xE5,0x75,0xFF,0xE5,
    0x75,0xFF,0xE5,0x75,0xFF,0xE5,0x75,0xFF,0xE5,0x75,0xFF,0xE5,0x75,0xFF,0xC5,0x75,
    0xFF,0x05,0x76,0xFF,0x84,0x5C,0xFF,0x25,0x65,0xFF,0x84,0x5C,0xFF,0xE3,0x4B,0xFF,
    0x65,0x52,0xFF,0x73,0x4C,0xFF,0x39,0x4E,0xFF,0xD8,0x4D,0xFF,0xF8,0x4D,0xFF,0xF8,
    0x4D,0xFF,0xF8,0x4D,0xFF,0xF8,0x4D,0xFF,0xF8,0x4D,0xFF,0xF8,0x4D,0xFF,0xF8,0x4D,
    0xFF,0xF8,0x4D,0xFF,0xF8,0x4D,0xFF,0xF8,0x4D,0xFF,0xF8,0x4D,0xFF,0xF8,0x4D,0xFF,
    0xF8,0x4D,0xFF,0xF8,0x4D,0xFF,0xF8,0x4D,0xFF,0xF8,0x4D,0xFF,0xF8,0x4D,0xFF,0xF8,
    0x4D,0xFF,0xF8,0x4D,0xFF,0xF8,0x4D,0xFF,0xF8,0x4D,0xFF,0xF8,0x4D,0xFF,0xF8,0x4D,
    0xFF,0xF8,0x4D,0xFF,0xF8,0x4D,0xFF,0xF8,0x4D,0xFF,0xF8,0x4D,0xFF,0xF8,0x4D,0xFF,
    0xF8,0x4D,0xFF,0xF8,0x4D,0xFF,0xF8,0x4D,0xFF,0xF8,0x4D,0xFF,0xF8,0x4D,0xFF,0xF8,
    0x4D,0xFF,0xF8,0x4D,0xFF,0xF8,0x4D,0xFF,0xF8,0x4D,0xFF,0xF8,0x4D,0xFF,0xF8,0x4D,
    0xFF,0xF8,0x4D,0xFF,0xF8,0x4D,0xFF,0xF8,0x4D,0xFF,0xF8,0x4D,0xFF,0xF8,0x4D,0xFF,
    0xF8,0x4D,0xFF,0xF8,0x4D,0xFF,0xF8,0x4D,0xFF,0xF8,0x4D,0xFF,0xF8,0x4D,0xFF,0xF8,
    0x4D,0xFF,0xF8,0x4D,0xFF,0xF8,0x4D,0xFF,0xF8,0x4D,0xFF,0xF8,0x4D,0xFF,0xF8,0x4D,
    0xFF,0xF8,0x4D,0xFF,0xF8,0x4D,0xFF,0xF8,0x4D,0xFF,0xF8,0x4D,0xFF,0xF8,0x4D,0xFF,
    0xF8,0x4D,0xFF,0xF8,0x4D,0xFF,0xF8,0x4D,0xFF,0xF8,0x4D,0xFF,0xF8,0x4D,0xFF,0xF8,
    0x4D,0xFF,0xF8,0x4D,0xFF,0xF8,0x4D,0xFF,0xF8,0x4D,0xFF,0xF8,0x4D,0xFF,0xF8,0x4D,
    0xFF,0xF8,0x4D,0xFF,0xF8,0x4D,0xFF,0xF8,0x4D,0xFF,0xF8,0x4D,0xFF,0xF8,0x4D,0xFF,
    0xF8,0x4D,0xFF,0xF8,0x4D,0xFF,0xF8,0x4D,0xFF,0xF8,0x4D,0xFF,0xF8,0x4D,0xFF,0xF8,
    0x4D,0xFF,0xF8,0x4D,0xFF,0xF8,0x4D,0xFF,0xF8,0x4D,0xFF,0xF8,0x4D,0xFF,0xF8,0x4D,
    0xFF,0xF8,0x4D,0xFF,0xF8,0x4D,0xFF,0xF8,0x4D,0xFF,0xF8,0x4D,0xFF,0xF8,0x4D,0xFF,
    0xF8,0x4D,0xFF,0xF8,0x4D,0xFF,0xF8,0x4D,0xFF,0xF8,0x4D,0xFF,0xF8,0x4D,0xFF,0xF8,
    0x4D,0xFF,0xF8,0x4D,0xFF,0xF8,0x4D,0xFF,0xF8,0x4D,0xFF,0xF8,0x4D,0xFF,0xF8,0x4D,
    0xFF,0xF8,0x4D,0xFF,0xF8,0x4D,0xFF,0xF8,0x4D,0xFF,0xF8,0x4D,0xFF,0xF8,0x4D,0xFF,
    0xF8,0x4D,0xFF,0xF8,0x4D,0xFF,0xF8,0x4D,0xFF,0xF8,0x4D,0xFF,0xF8,0x4D,0xFF,0xF8,
    0x4D,0xFF,0xF8,0x4D,0xFF,0xF8,0x4D,0xFF,0xF8,0x4D,0xFF,0xF8,0x4D,0xFF,0xF8,0x4D,
    0xFF,0xF8,0x4D,0xFF,0xF8,0x4D,0xFF,0xF8,0x4D,0xFF,0xF8,0x4D,0xFF,0xF8,0x4D,0xFF,
    0xF8,0x4D,0xFF,0xF8,0x4D,0xFF,0xF8,0x4D,0xFF,0xF8,0x4D,0xFF,0xF8,0x4D,0xFF,0xF8,
    0x4D,0xFF,0xF8,0x4D,0xFF,0xF8,0x4D,0xFF,0xF8,0x4D,0xFF,0xF8,0x4D,0xFF,0xF8,0x4D,
    0xFF,0xF8,0x4D,0xFF,0xF8,0x4D,0xFF,0xF8,0x4D,0xFF,0xF8,0x4D,0xFF,0xF8,0x4D,0xFF,
    0xF8,0x4D,0xFF,0xF8,0x4D,0xFF,0xF8,0x4D,0xFF,0xF8,0x4D,0xFF,0xF8,0x4D,0xFF,0xF8,
    0x4D,0xFF,0xF8,0x4D,0xFF,0x19,0x4E,0xFF,0x15,0x4D,0xFF,0xC9,0x5A,0xFF,0x0B,0x9F,
    0xFF,0xAF,0xD7,0xFF,0x2B,0x9F,0xFF,0xEA,0x96,0xFF,0x26,0x7E,0xFF,0xC9,0x8E,0xFF,
    0x06,0x76,0xFF,0xC5,0x75,0xFF,0xE5,0x75,0xFF,0xE5,0x75,0xFF,0xE5,0x75,0xFF,0xE5,
    0x75,0xFF,0xE5,0x75,0xFF,0xE5,0x75,0xFF,0xE5,0x75,0xFF,0xE5,0x75,0xFF,0xE5,0x75,
    0xFF,0xE5,0x75,0xFF,0xE5,0x75,0xFF,0xE5,0x75,0xFF,0xC5,0x75,0xFF,0x05,0x76,0xFF,
    0x84,0x5C,0xFF,0x25,0x65,0xFF,0x84,0x5C,0xFF,0xE3,0x4B,0xFF,0x65,0x52,0xFF,0x73,
    0x4C,0xFF,0x39,0x4E,0xFF,0xD8,0x4D,0xFF,0xF8,0x4D,0xFF,0xF8,0x4D,0xFF,0xF8,0x4D,
    0xFF,0xF8,0x4D,0xFF,0xF8,0x4D,0xFF,0xF8,0x4D,0xFF,0xF8,0x4D,0xFF,0xF8,0x4D,0xFF,
    0xF8,0x4D,0xFF,0xF8,0x4D,0xFF,0xF8,0x4D,0xFF,0xF8,0x4D,0xFF,0xF8,0x4D,0xFF,0xF8,
    0x4D,0xFF,0xF8,0x4D,0xFF,0xF8,0x4D,0xFF,0xF8,0x4D,0xFF,0xF8,0x4D,0xFF,0xF8,0x4D,
    0xFF,0xF8,0x4D,0xFF,0xF8,0x4D,0xFF,0xF8,0x4D,0xFF,0xF8,0x4D,0xFF,0xF8,0x4D,0xFF,
    0xF8,0x4D,0xFF,0xF8,0x4D,0xFF,0xF8,0x4D,0xFF,0xF8,0x4D,0xFF,0xF8,0x4D,0xFF,0xF8,
    0x4D,0xFF,0xF8,0x4D,0xFF,0xF8,0x4D,0xFF,0xF8,0x4D,0xFF,0xF8,0x4D,0xFF,0xF8,0x4D,
    0xFF,0xF8,0x4D,0xFF,0xF8,0x4D,0xFF,0xF8,0x4D,0xFF,0xF8,0x4D,0xFF,0xF8,0x4D,0xFF,
    0xF8,0x4D,0xFF,0xF8,0x4D,0xFF,0xF8,0x4D,0xFF,0xF8,0x4D,0xFF,0xF8,0x4D,0xFF,0xF8,
    0x4D,0xFF,0xF8,0x4D,0xFF,0xF8,0x4D,0xFF,0xF8,0x4D,0xFF,0xF8,0x4D,0xFF,0xF8,0x4D,
    0xFF,0xF8,0x4D,0xFF,0xF8,0x4D,0xFF,0xF8,0x4D,0xFF,0xF8,0x4D,0xFF,0xF8,0x4D,0xFF,
    0xF8,0x4D,0xFF,0xF8,0x4D,0xFF,0xF8,0x4D,0xFF,0xF8,0x4D,0xFF,0xF8,0x4D,0xFF,0xF8,
    0x4D,0xFF,0xF8,0x4D,0xFF,0xF8,0x4D,0xFF,0xF8,0x4D,0xFF,0xF8,0x4D,0xFF,0xF8,0x4D,
    0xFF,0xF8,0x4D,0xFF,0xF8,0x4D,0xFF,0xF8,0x4D,0xFF,0xF8,0x4D,0xFF,0xF8,0x4D,0xFF,
    0xF8,0x4D,0xFF,0xF8,0x4D,0xFF,0xF8,0x4D,0xFF,0xF8,0x4D,0xFF,0xF8,0x4D,0xFF,0xF8,
    0x4D,0xFF,0xF8,0x4D,0xFF,0xF8,0x4D,0xFF,0xF8,0x4D,0xFF,0xF8,0x4D,0xFF,0xF8,0x4D,
    0xFF,0xF8,0x4D,0xFF,0xF8,0x4D,0xFF,0xF8,0x4D,0xFF,0xF8,0x4D,0xFF,0xF8,0x4D,0xFF,
    0xF8,0x4D,0xFF,0xF8,0x4D,0xFF,0xF8,0x4D,0xFF,0xF8,0x4D,0xFF,0xF8,0x4D,0xFF,0xF8,
    0x4D,0xFF,0xF8,0x4D,0xFF,0xF8,0x4D,0xFF,0xF8,0x4D,0xFF,0xF8,0x4D,0xFF,0xF8,0x4D,
    0xFF,0xF8,0x4D,0xFF,0xF8,0x4D,0xFF,0xF8,0x4D,0xFF,0xF8,0x4D,0xFF,0xF8,0x4D,0xFF,
    0xF8,0x4D,0xFF,0xF8,0x4D,0xFF,0xF8,0x4D,0xFF,0xF8,0x4D,0xFF,0xF8,0x4D,0xFF,0xF8,
    0x4D,0xFF,0xF8,0x4D,0xFF,0xF8,0x4D,0xFF,0xF8,0x4D,0xFF,0xF8,0x4D,0xFF,0xF8,0x4D,
    0xFF,0xF8,0x4D,0xFF,0xF8,0x4D,0xFF,0xF8,0x4D,0xFF,0xF8,0x4D,0xFF,0xF8,0x4D,0xFF,
    0xF8,0x4D,0xFF,0xF8,0x4D,0xFF,0xF8,0x4D,0xFF,0xF8,0x4D,0xFF,0xF8,0x4D,0xFF,0xF8,
    0x4D,0xFF,0xF8,0x4D,0xFF,0xF8,0x4D,0xFF,0xF8,0x4D,0xFF,0xF8,0x4D,0xFF,0xF8,0x4D,
    0xFF,0xF8,0x4D,0xFF,0xF8,0x4D,0xFF,0xF8,0x4D,0xFF,0xF8,0x4D,0xFF,0xF8,0x4D,0xFF,
    0xF8,0x4D,0xFF,0xF8,0x4D,0xFF,0xF8,0x4D,0xFF,0xF8,0x4D,0xFF,0xF8,0x4D,0xFF,0xF8,
    0x4D,0xFF,0xF8,0x4D,0xFF,0xF8,0x4D,0xFF,0xF8,0x4D,0xFF,0xF8,0x4D,0xFF,0xF8,0x4D,
    0xFF,0x19,0x4E,0xFF,0x15,0x4D,0xFF,0xC9,0x5A,0xFF,0x0B,0x9F,0xFF,0xAF,0xD7,0xFF,
    0x2B,0x9F,0xFF,0xEA,0x96,0xFF,0x26,0x7E,0xFF,0xC9,0x8E,0xFF,0x06,0x76,0xFF,0xC5,
    0x75,0xFF,0xE5,0x75,0xFF,0xE5,0x75,0xFF,0xE5,0x75,0xFF,0xE5,0x75,0xFF,0xE5,0x75,
    0xFF,0xE5,0x75,0xFF,0xE5,0x75,0xFF,0xE5,0x75,0xFF,0xE5,0x75,0xFF,0xE5,0x75,0xFF,
    0xE5,0x75,0xFF,0xE5,0x75,0xFF,0xC5,0x75,0xFF,0x05,0x76,0xFF,0x84,0x5C,0xFF,0x25,
    0x65,0xFF,0x84,0x5C,0xFF,0xE3,0x4B,0xFF,0x65,0x52,0xFF,0x73,0x4C,0xFF,0x39,0x4E,
    0xFF,0xD8,0x4D,0xFF,0xF8,0x4D,0xFF,0xF8,0x4D,0xFF,0xF8,0x4D,0xFF,0xF8,0x4D,0xFF,
    0xF8,0x4D,0xFF,0xF8,0x4D,0xFF,0xF8,0x4D,0xFF,0xF8,0x4D,0xFF,0xF8,0x4D,0xFF,0xF8,
    0x4D,0xFF,0xF8,0x4D,0xFF,0xF8,0x4D,0xFF,0xF8,0x4D,0xFF,0xF8,0x4D,0xFF,0xF8,0x4D,
    0xFF,0xF8,0x4D,0xFF,0xF8,0x4D,0xFF,0xF8,0x4D,0xFF,0xF8,0x4D,0xFF,0xF8,0x4D,0xFF,
    0xF8,0x4D,0xFF,0xF8,0x4D,0xFF,0xF8,0x4D,0xFF,0xF8,0x4D,0xFF,0xF8,0x4D,0xFF,0xF8,
    0x4D,0xFF,0xF8,0x4D,0xFF,0xF8,0x4D,0xFF,0xF8,0x4D,0xFF,0xF8,0x4D,0xFF,0xF8,0x4D,
    0xFF,0xF8,0x4D,0xFF,0xF8,0x4D,0xFF,0xF8,0x4D,0xFF,0xF8,0x4D,0xFF,0xF8,0x4D,0xFF,
    0xF8,0x4D,0xFF,0xF8,0x4D,0xFF,0xF8,0x4D,0xFF,0xF8,0x4D,0xFF,0xF8,0x4D,0xFF,0xF8,
    0x4D,0xFF,0xF8,0x4D,0xFF,0xF8,0x4D,0xFF,0xF8,0x4D,0xFF,0xF8,0x4D,0xFF,0xF8,0x4D,
    0xFF,0xF8,0x4D,0xFF,0xF8,0x4D,0xFF,0xF8,0x4D,0xFF,0xF8,0x4D,0xFF,0xF8,0x4D,0xFF,
    0xF8,0x4D,0xFF,0xF8,0x4D,0xFF,0xF8,0x4D,0xFF,0xF8,0x4D,0xFF,0xF8,0x4D,0xFF,0xF8,
    0x4D,0xFF,0xF8,0x4D,0xFF,0xF8,0x4D,0xFF,0xF8,0x4D,0xFF,0xF8,0x4D,0xFF,0xF8,0x4D,
    0xFF,0xF8,0x4D,0xFF,0xF8,0x4D,0xFF,0xF8,0x4D,0xFF,0xF8,0x4D,0xFF,0xF8,0x4D,0xFF,
    0xF8,0x4D,0xFF,0xF8,0x4D,0xFF,0xF8,0x4D,0xFF,0xF8,0x4D,0xFF,0xF8,0x4D,0xFF,0xF8,
    0x4D,0xFF,0xF8,0x4D,0xFF,0xF8,0x4D,0xFF,0xF8,0x4D,0xFF,0xF8,0x4D,0xFF,0xF8,0x4D,
    0xFF,0xF8,0x4D,0xFF,0xF8,0x4D,0xFF,0xF8,0x4D,0xFF,0xF8,0x4D,0xFF,0xF8,0x4D,0xFF,
    0xF8,0x4D,0xFF,0xF8,0x4D,0xFF,0xF8,0x4D,0xFF,0xF8,0x4D,0xFF,0xF8,0x4D,0xFF,0xF8,
    0x4D,0xFF,0xF8,0x4D,0xFF,0xF8,0x4D,0xFF,0xF8,0x4D,0xFF,0xF8,0x4D,0xFF,0xF8,0x4D,
    0xFF,0xF8,0x4D,0xFF,0xF8,0x4D,0xFF,0xF8,0x4D,0xFF,0xF8,0x4D,0xFF,0xF8,0x4D,0xFF,
    0xF8,0x4D,0xFF,0xF8,0x4D,0xFF,0xF8,0x4D,0xFF,0xF8,0x4D,0xFF,0xF8,0x4D,0xFF,0xF8,
    0x4D,0xFF,0xF8,0x4D,0xFF,0xF8,0x4D,0xFF,0xF8,0x4D,0xFF,0xF8,0x4D,0xFF,0xF8,0x4D,
    0xFF,0xF8,0x4D,0xFF,0xF8,0x4D,0xFF,0xF8,0x4D,0xFF,0xF8,0x4D,0xFF,0xF8,0x4D,0xFF,
    0xF8,0x4D,0xFF,0xF8,0x4D,0xFF,0xF8,0x4D,0xFF,0xF8,0x4D,0xFF,0xF8,0x4D,0xFF,0xF8,
    0x4D,0xFF,0xF8,0x4D,0xFF,0xF8,0x4D,0xFF,0xF8,0x4D,0xFF,0xF8,0x4D,0xFF,0xF8,0x4D,
    0xFF,0xF8,0x4D,0xFF,0xF8,0x4D,0xFF,0xF8,0x4D,0xFF,0xF8,0x4D,0xFF,0xF8,0x4D,0xFF,
    0xF8,0x4D,0xFF,0xF8,0x4D,0xFF,0xF8,0x4D,0xFF,0xF8,0x4D,0xFF,0xF8,0x4D,0xFF,0xF8,
    0x4D,0xFF,0xF8,0x4D,0xFF,0xF8,0x4D,0xFF,0xF8,0x4D,0xFF,0xF8,0x4D,0xFF,0xF8,0x4D,
    0xFF,0xF8,0x4D,0xFF,0xF8,0x4D,0xFF,0xF8,0x4D,0xFF,0xF8,0x4D,0xFF,0x19,0x4E,0xFF,
    0x15,0x4D,0xFF,0xC9,0x5A,0xFF,0x0B,0x9F,0xFF,0xAF,0xD7,0xFF,0x2B,0x9F,0xFF,0xEA,
    0x96,0xFF,0x26,0x7E,0xFF,0xC9,0x8E,0xFF,0x06,0x76,0xFF,0xC5,0x75,0xFF,0xE5,0x75,
    0xFF,0xE5,0x75,0xFF,0xE5,0x75,0xFF,0xE5,0x75,0xFF,0xE5,0x75,0xFF,0xE5,0x75,0xFF,
    0xE5,0x75,0xFF,0xE5,0x75,0xFF,0xE5,0x75,0xFF,0xE5,0x75,0xFF,0xE5,0x75,0xFF,0xE5,
    0x75,0xFF,0xC5,0x75,0xFF,0x05,0x76,0xFF,0x84,0x5C,0xFF,0x25,0x65,0xFF,0x84,0x5C,
    0xFF,0xE3,0x4B,0xFF,0x65,0x52,0xFF,0x73,0x4C,0xFF,0x39,0x4E,0xFF,0xD8,0x4D,0xFF,
    0xF8,0x4D,0xFF,0xF8,0x4D,0xFF,0xF8,0x4D,0xFF,0xF8,0x4D,0xFF,0xF8,0x4D,0xFF,0xF8,
    0x4D,0xFF,0xF8,0x4D,0xFF,0xF8,0x4D,0xFF,0xF8,0x4D,0xFF,0xF8,0x4D,0xFF,0xF8,0x4D,
    0xFF,0xF8,0x4D,0xFF,0xF8,0x4D,0xFF,0xF8,0x4D,0xFF,0xF8,0x4D,0xFF,0xF8,0x4D,0xFF,
    0xF8,0x4D,0xFF,0xF8,0x4D,0xFF,0xF8,0x4D,0xFF,0xF8,0x4D,0xFF,0xF8,0x4D,0xFF,0xF8,
    0x4D,0xFF,0xF8,0x4D,0xFF,0xF8,0x4D,0xFF,0xF8,0x4D,0xFF,0xF8,0x4D,0xFF,0xF8,0x4D,
    0xFF,0xF8,0x4D,0xFF,0xF8,0x4D,0xFF,0xF8,0x4D,0xFF,0xF8,0x4D,0xFF,0xF8,0x4D,0xFF,
    0xF8,0x4D,0xFF,0xF8,0x4D,0xFF,0xF8,0x4D,0xFF,0xF8,0x4D,0xFF,0xF8,0x4D,0xFF,0xF8,
    0x4D,0xFF,0xF8,0x4D,0xFF,0xF8,0x4D,0xFF,0xF8,0x4D,0xFF,0xF8,0x4D,0xFF,0xF8,0x4D,
    0xFF,0xF8,0x4D,0xFF,0xF8,0x4D,0xFF,0xF8,0x4D,0xFF,0xF8,0x4D,0xFF,0xF8,0x4D,0xFF,
    0xF8,0x4D,0xFF,0xF8,0x4D,0xFF,0xF8,0x4D,0xFF,0xF8,0x4D,0xFF,0xF8,0x4D,0xFF,0xF8,
    0x4D,0xFF,0xF8,0x4D,0xFF,0xF8,0x4D,0xFF,0xF8,0x4D,0xFF,0xF8,0x4D,0xFF,0xF8,0x4D,
    0xFF,0xF8,0x4D,0xFF,0xF8,0x4D,0xFF,0xF8,0x4D,0xFF,0xF8,0x4D,0xFF,0xF8,0x4D,0xFF,
    0xF8,0x4D,0xFF,0xF8,0x4D,0xFF,0xF8,0x4D,0xFF,0xF8,0x4D,0xFF,0xF8,0x4D,0xFF,0xF8,
    0x4D,0xFF,0xF8,0x4D,0xFF,0xF8,0x4D,0xFF,0xF8,0x4D,0xFF,0xF8,0x4D,0xFF,0xF8,0x4D,
    0xFF,0xF8,0x4D,0xFF,0xF8,0x4D,0xFF,0xF8,0x4D,0xFF,0xF8,0x4D,0xFF,0xF8,0x4D,0xFF,
    0xF8,0x4D,0xFF,0xF8,0x4D,0xFF,0xF8,0x4D,0xFF,0xF8,0x4D,0xFF,0xF8,0x4D,0xFF,0xF8,
    0x4D,0xFF,0xF8,0x4D,0xFF,0xF8,0x4D,0xFF,0xF8,0x4D,0xFF,0xF8,0x4D,0xFF,0xF8,0x4D,
    0xFF,0xF8,0x4D,0xFF,0xF8,0x4D,0xFF,0xF8,0x4D,0xFF,0xF8,0x4D,0xFF,0xF8,0x4D,0xFF,
    0xF8,0x4D,0xFF,0xF8,0x4D,0xFF,0xF8,0x4D,0xFF,0xF8,0x4D,0xFF,0xF8,0x4D,0xFF,0xF8,
    0x4D,0xFF,0xF8,0x4D,0xFF,0xF8,0x4D,0xFF,0xF8,0x4D,0xFF,0xF8,0x4D,0xFF,0xF8,0x4D,
    0xFF,0xF8,0x4D,0xFF,0xF8,0x4D,0xFF,0xF8,0x4D,0xFF,0xF8,0x4D,0xFF,0xF8,0x4D,0xFF,
    0xF8,0x4D,0xFF,0xF8,0x4D,0xFF,0xF8,0x4D,0xFF,0xF8,0x4D,0xFF,0xF8,0x4D,0xFF,0xF8,
    0x4D,0xFF,0xF8,0x4D,0xFF,0xF8,0x4D,0xFF,0xF8,0x4D,0xFF,0xF8,0x4D,0xFF,0xF8,0x4D,
    0xFF,0xF8,0x4D,0xFF,0xF8,0x4D,0xFF,0xF8,0x4D,0xFF,0xF8,0x4D,0xFF,0xF8,0x4D,0xFF,
    0xF8,0x4D,0xFF,0xF8,0x4D,0xFF,0xF8,0x4D,0xFF,0xF8,0x4D,0xFF,0xF8,0x4D,0xFF,0xF8,
    0x4D,0xFF,0xF8,0x4D,0xFF,0xF8,0x4D,0xFF,0xF8,0x4D,0xFF,0xF8,0x4D,0xFF,0xF8,0x4D,
    0xFF,0xF8,0x4D,0xFF,0xF8,0x4D,0xFF,0xF8,0x4D,0xFF,0xF8,0x4D,0xFF,0xF8,0x4D,0xFF,
    0xF8,0x4D,0xFF,0xF8,0x4D,0xFF,0xF8,0x4D,0xFF,0x19,0x4E,0xFF,0x15,0x4D,0xFF,0xC9,
    0x5A,0xFF,0x0B,0x9F,0xFF,0xAF,0xD7,0xFF,0x2B,0x9F,0xFF,0xEA,0x96,0xFF,0x26,0x7E,
    0xFF,0xC9,0x8E,0xFF,0x06,0x76,0xFF,0xC5,0x75,0xFF,0xE5,0x75,0xFF,0xE5,0x75,0xFF,
    0xE5,0x75,0xFF,0xE5,0x75,0xFF,0xE5,0x75,0xFF,0xE5,0x75,0xFF,0xE5,0x75,0xFF,0xE5,
    0x75,0xFF,0xE5,0x75,0xFF,0xE5,0x75,0xFF,0xE5,0x75,0xFF,0xE5,0x75,0xFF,0xC5,0x75,
    0xFF,0x05,0x76,0xFF,0x84,0x5C,0xFF,0x25,0x65,0xFF,0x84,0x5C,0xFF,0xE3,0x4B,0xFF,
    0x65,0x52,0xFF,0x73,0x4C,0xFF,0x39,0x4E,0xFF,0xD8,0x4D,0xFF,0xF8,0x4D,0xFF,0xF8,
    0x4D,0xFF,0xF8,0x4D,0xFF,0xF8,0x4D,0xFF,0xF8,0x4D,0xFF,0xF8,0x4D,0xFF,0xF8,0x4D,
    0xFF,0xF8,0x4D,0xFF,0xF8,0x4D,0xFF,0xF8,0x4D,0xFF,0xF8,0x4D,0xFF,0xF8,0x4D,0xFF,
    0xF8,0x4D,0xFF,0xF8,0x4D,0xFF,0xF8,0x4D,0xFF,0xF8,0x4D,0xFF,0xF8,0x4D,0xFF,0xF8,
    0x4D,0xFF,0xF8,0x4D,0xFF,0xF8,0x4D,0xFF,0xF8,0x4D,0xFF,0xF8,0x4D,0xFF,0xF8,0x4D,
    0xFF,0xF8,0x4D,0xFF,0xF8,0x4D,0xFF,0xF8,0x4D,0xFF,0xF8,0x4D,0xFF,0xF8,0x4D,0xFF,
    0xF8,0x4D,0xFF,0xF8,0x4D,0xFF,0xF8,0x4D,0xFF,0xF8,0x4D,0xFF,0xF8,0x4D,0xFF,0xF8,
    0x4D,0xFF,0xF8,0x4D,0xFF,0xF8,0x4D,0xFF,0xF8,0x4D,0xFF,0xF8,0x4D,0xFF,0xF8,0x4D,
    0xFF,0xF8,0x4D,0xFF,0xF8,0x4D,0xFF,0xF8,0x4D,0xFF,0xF8,0x4D,0xFF,0xF8,0x4D,0xFF,
    0xF8,0x4D,0xFF,0xF8,0x4D,0xFF,0xF8,0x4D,0xFF,0xF8,0x4D,0xFF,0xF8,0x4D,0xFF,0xF8,
    0x4D,0xFF,0xF8,0x4D,0xFF,0xF8,0x4D,0xFF,0xF8,0x4D,0xFF,0xF8,0x4D,0xFF,0xF8,0x4D,
    0xFF,0xF8,0x4D,0xFF,0xF8,0x4D,0xFF,0xF8,0x4D,0xFF,0xF8,0x4D,0xFF,0xF8,0x4D,0xFF,
    0xF8,0x4D,0xFF,0xF8,0x4D,0xFF,0xF8,0x4D,0xFF,0xF8,0x4D,0xFF,0xF8,0x4D,0xFF,0xF8,
    0x4D,0xFF,0xF8,0x4D,0xFF,0xF8,0x4D,0xFF,0xF8,0x4D,0xFF,0xF8,0x4D,0xFF,0xF8,0x4D,
    0xFF,0xF8,0x4D,0xFF,0xF8,0x4D,0xFF,0xF8,0x4D,0xFF,0xF8,0x4D,0xFF,0xF8,0x4D,0xFF,
    0xF8,0x4D,0xFF,0xF8,0x4D,0xFF,0xF8,0x4D,0xFF,0xF8,0x4D,0xFF,0xF8,0x4D,0xFF,0xF8,
    0x4D,0xFF,0xF8,0x4D,0xFF,0xF8,0x4D,0xFF,0xF8,0x4D,0xFF,0xF8,0x4D,0xFF,0xF8,0x4D,
    0xFF,0xF8,0x4D,0xFF,0xF8,0x4D,0xFF,0xF8,0x4D,0xFF,0xF8,0x4D,0xFF,0xF8,0x4D,0xFF,
    0xF8,0x4D,0xFF,0xF8,0x4D,0xFF,0xF8,0x4D,0xFF,0xF8,0x4D,0xFF,0xF8,0x4D,0xFF,0xF8,
    0x4D,0xFF,0xF8,0x4D,0xFF,0xF8,0x4D,0xFF,0xF8,0x4D,0xFF,0xF8,0x4D,0xFF,0xF8,0x4D,
    0xFF,0xF8,0x4D,0xFF,0xF8,0x4D,0xFF,0xF8,0x4D,0xFF,0xF8,0x4D,0xFF,0xF8,0x4D,0xFF,
    0xF8,0x4D,0xFF,0xF8,0x4D,0xFF,0xF8,0x4D,0xFF,0xF8,0x4D,0xFF,0xF8,0x4D,0xFF,0xF8,
    0x4D,0xFF,0xF8,0x4D,0xFF,0xF8,0x4D,0xFF,0xF8,0x4D,0xFF,0xF8,0x4D,0xFF,0xF8,0x4D,
    0xFF,0xF8,0x4D,0xFF,0xF8,0x4D,0xFF,0xF8,0x4D,0xFF,0xF8,0x4D,0xFF,0xF8,0x4D,0xFF,
    0xF8,0x4D,0xFF,0xF8,0x4D,0xFF,0xF8,0x4D,0xFF,0xF8,0x4D,0xFF,0xF8,0x4D,0xFF,0xF8,
    0x4D,0xFF,0xF8,0x4D,0xFF,0xF8,0x4D,0xFF,0xF8,0x4D,0xFF,0xF8,0x4D,0xFF,0xF8,0x4D,
    0xFF,0xF8,0x4D,0xFF,0xF8,0x4D,0xFF,0xF8,0x4D,0xFF,0xF8,0x4D,0xFF,0xF8,0x4D,0xFF,
    0xF8,0x4D,0xFF,0xF8,0x4D,0xFF,0xF8,0x4D,0xFF,0xF8,0x4D,0xFF,0xF8,0x4D,0xFF,0xF8,
    0x4D,0xFF,0xF8,0x4D,0xFF,0x19,0x4E,0xFF,0x15,0x4D,0xFF,0xC9,0x5A,0xFF,0x0B,0x9F,
    0xFF,0xAF,0xD7,0xFF,0x2B,0x9F,0xFF,0xEA,0x96,0xFF,0x26,0x7E,0xFF,0xC9,0x8E,0xFF,
    0x06,0x76,0xFF,0xC5,0x75,0xFF,0xE5,0x75,0xFF,0xE5,0x75,0xFF,0xE5,0x75,0xFF,0xE5,
    0x75,0xFF,0xE5,0x75,0xFF,0xE5,0x75,0xFF,0xE5,0x75,0xFF,0xE5,0x75,0xFF,0xE5,0x75,
    0xFF,0xE5,0x75,0xFF,0xE5,0x75,0xFF,0xE5,0x75,0xFF,0xC5,0x75,0xFF,0x05,0x76,0xFF,
    0x84,0x5C,0xFF,0x25,0x65,0xFF,0x84,0x5C,0xFF,0xE3,0x4B,0xFF,0x65,0x52,0xFF,0x73,
    0x4C,0xFF,0x39,0x4E,0xFF,0xD8,0x4D,0xFF,0xF8,0x4D,0xFF,0xF8,0x4D,0xFF,0xF8,0x4D,
    0xFF,0xF8,0x4D,0xFF,0xF8,0x4D,0xFF,0xF8,0x4D,0xFF,0xF8,0x4D,0xFF,0xF8,0x4D,0xFF,
    0xF8,0x4D,0xFF,0xF8,0x4D,0xFF,0xF8,0x4D,0xFF,0xF8,0x4D,0xFF,0xF8,0x4D,0xFF,0xF8,
    0x4D,0xFF,0xF8,0x4D,0xFF,0xF8,0x4D,0xFF,0xF8,0x4D,0xFF,0xF8,0x4D,0xFF,0xF8,0x4D,
    0xFF,0xF8,0x4D,0xFF,0xF8,0x4D,0xFF,0xF8,0x4D,0xFF,0xF8,0x4D,0xFF,0xF8,0x4D,0xFF,
    0xF8,0x4D,0xFF,0xF8,0x4D,0xFF,0xF8,0x4D,0xFF,0xF8,0x4D,0xFF,0xF8,0x4D,0xFF,0xF8,
    0x4D,0xFF,0xF8,0x4D,0xFF,0xF8,0x4D,0xFF,0xF8,0x4D,0xFF,0xF8,0x4D,0xFF,0xF8,0x4D,
    0xFF,0xF8,0x4D,0xFF,0xF8,0x4D,0xFF,0xF8,0x4D,0xFF,0xF8,0x4D,0xFF,0xF8,0x4D,0xFF,
    0xF8,0x4D,0xFF,0xF8,0x4D,0xFF,0xF8,0x4D,0xFF,0xF8,0x4D,0xFF,0xF8,0x4D,0xFF,0xF8,
    0x4D,0xFF,0xF8,0x4D,0xFF,0xF8,0x4D,0xFF,0xF8,0x4D,0xFF,0xF8,0x4D,0xFF,0xF8,0x4D,
    0xFF,0xF8,0x4D,0xFF,0xF8,0x4D,0xFF,0xF8,0x4D,0xFF,0xF8,0x4D,0xFF,0xF8,0x4D,0xFF,
    0xF8,0x4D,0xFF,0xF8,0x4D,0xFF,0xF8,0x4D,0xFF,0xF8,0x4D,0xFF,0xF8,0x4D,0xFF,0xF8,
    0x4D,0xFF,0xF8,0x4D,0xFF,0xF8,0x4D,0xFF,0xF8,0x4D,0xFF,0xF8,0x4D,0xFF,0xF8,0x4D,
    0xFF,0xF8,0x4D,0xFF,0xF8,0x4D,0xFF,0xF8,0x4D,0xFF,0xF8,0x4D,0xFF,0xF8,0x4D,0xFF,
    0xF8,0x4D,0xFF,0xF8,0x4D,0xFF,0xF8,0x4D,0xFF,0xF8,0x4D,0xFF,0xF8,0x4D,0xFF,0xF8,
    0x4D,0xFF,0xF8,0x4D,0xFF,0xF8,0x4D,0xFF,0xF8,0x4D,0xFF,0xF8,0x4D,0xFF,0xF8,0x4D,
    0xFF,0xF8,0x4D,0xFF,0xF8,0x4D,0xFF,0xF8,0x4D,0xFF,0xF8,0x4D,0xFF,0xF8,0x4D,0xFF,
    0xF8,0x4D,0xFF,0xF8,0x4D,0xFF,0xF8,0x4D,0xFF,0xF8,0x4D,0xFF,0xF8,0x4D,0xFF,0xF8,
    0x4D,0xFF,0xF8,0x4D,0xFF,0xF8,0x4D,0xFF,0xF8,0x4D,0xFF,0xF8,0x4D,0xFF,0xF8,0x4D,
    0xFF,0xF8,0x4D,0xFF,0xF8,0x4D,0xFF,0xF8,0x4D,0xFF,0xF8,0x4D,0xFF,0xF8,0x4D,0xFF,
    0xF8,0x4D,0xFF,0xF8,0x4D,0xFF,0xF8,0x4D,0xFF,0xF8,0x4D,0xFF,0xF8,0x4D,0xFF,0xF8,
    0x4D,0xFF,0xF8,0x4D,0xFF,0xF8,0x4D,0xFF,0xF8,0x4D,0xFF,0xF8,0x4D,0xFF,0xF8,0x4D,
    0xFF,0xF8,0x4D,0xFF,0xF8,0x4D,0xFF,0xF8,0x4D,0xFF,0xF8,0x4D,0xFF,0xF8,0x4D,0xFF,
    0xF8,0x4D,0xFF,0xF8,0x4D,0xFF,0xF8,0x4D,0xFF,0xF8,0x4D,0xFF,0xF8,0x4D,0xFF,0xF8,
    0x4D,0xFF,0xF8,0x4D,0xFF,0xF8,0x4D,0xFF,0xF8,0x4D,0xFF,0xF8,0x4D,0xFF,0xF8,0x4D,
    0xFF,0xF8,0x4D,0xFF,0xF8,0x4D,0xFF,0xF8,0x4D,0xFF,0xF8,0x4D,0xFF,0xF8,0x4D,0xFF,
    0xF8,0x4D,0xFF,0xF8,0x4D,0xFF,0xF8,0x4D,0xFF,0xF8,0x4D,0xFF,0xF8,0x4D,0xFF,0xF8,
    0x4D,0xFF,0xF8,0x4D,0xFF,0xF8,0x4D,0xFF,0xF8,0x4D,0xFF,0xF8,0x4D,0xFF,0xF8,0x4D,
    0xFF,0x19,0x4E,0xFF,0x15,0x4D,0xFF,0xC9,0x5A,0xFF,0x0B,0x9F,0xFF,0xAF,0xD7,0xFF,
    0x2B,0x9F,0xFF,0xEA,0x96,0xFF,0x26,0x7E,0xFF,0xC9,0x8E,0xFF,0x06,0x76,0xFF,0xC5,
    0x75,0xFF,0xE5,0x75,0xFF,0xE5,0x75,0xFF,0xE5,0x75,0xFF,0xE5,0x75,0xFF,0xE5,0x75,
    0xFF,0xE5,0x75,0xFF,0xE5,0x75,0xFF,0xE5,0x75,0xFF,0xE5,0x75,0xFF,0xE5,0x75,0xFF,
    0xE5,0x75,0xFF,0xE5,0x75,0xFF,0xC5,0x75,0xFF,0x05,0x76,0xFF,0x84,0x5C,0xFF,0x25,
    0x65,0xFF,0x84,0x5C,0xFF,0xE3,0x4B,0xFF,0x65,0x52,0xFF,0x73,0x4C,0xFF,0x39,0x4E,
    0xFF,0xD8,0x4D,0xFF,0xF8,0x4D,0xFF,0xF8,0x4D,0xFF,0xF8,0x4D,0xFF,0xF8,0x4D,0xFF,
    0xF8,0x4D,0xFF,0xF8,0x4D,0xFF,0xF8,0x4D,0xFF,0xF8,0x4D,0xFF,0xF8,0x4D,0xFF,0xF8,
    0x4D,0xFF,0xF8,0x4D,0xFF,0xF8,0x4D,0xFF,0xF8,0x4D,0xFF,0xF8,0x4D,0xFF,0xF8,0x4D,
    0xFF,0xF8,0x4D,0xFF,0xF8,0x4D,0xFF,0xF8,0x4D,0xFF,0xF8,0x4D,0xFF,0xF8,0x4D,0xFF,
    0xF8,0x4D,0xFF,0xF8,0x4D,0xFF,0xF8,0x4D,0xFF,0xF8,0x4D,0xFF,0xF8,0x4D,0xFF,0xF8,
    0x4D,0xFF,0xF8,0x4D,0xFF,0xF8,0x4D,0xFF,0xF8,0x4D,0xFF,0xF8,0x4D,0xFF,0xF8,0x4D,
    0xFF,0xF8,0x4D,0xFF,0xF8,0x4D,0xFF,0xF8,0x4D,0xFF,0xF8,0x4D,0xFF,0xF8,0x4D,0xFF,
    0xF8,0x4D,0xFF,0xF8,0x4D,0xFF,0xF8,0x4D,0xFF,0xF8,0x4D,0xFF,0xF8,0x4D,0xFF,0xF8,
    0x4D,0xFF,0xF8,0x4D,0xFF,0xF8,0x4D,0xFF,0xF8,0x4D,0xFF,0xF8,0x4D,0xFF,0xF8,0x4D,
    0xFF,0xF8,0x4D,0xFF,0xF8,0x4D,0xFF,0xF8,0x4D,0xFF,0xF8,0x4D,0xFF,0xF8,0x4D,0xFF,
    0xF8,0x4D,0xFF,0xF8,0x4D,0xFF,0xF8,0x4D,0xFF,0xF8,0x4D,0xFF,0xF8,0x4D,0xFF,0xF8,
    0x4D,0xFF,0xF8,0x4D,0xFF,0xF8,0x4D,0xFF,0xF8,0x4D,0xFF,0xF8,0x4D,0xFF,0xF8,0x4D,
    0xFF,0xF8,0x4D,0xFF,0xF8,0x4D,0xFF,0xF8,0x4D,0xFF,0xF8,0x4D,0xFF,0xF8,0x4D,0xFF,
    0xF8,0x4D,0xFF,0xF8,0x4D,0xFF,0xF8,0x4D,0xFF,0xF8,0x4D,0xFF,0xF8,0x4D,0xFF,0xF8,
    0x4D,0xFF,0xF8,0x4D,0xFF,0xF8,0x4D,0xFF,0xF8,0x4D,0xFF,0xF8,0x4D,0xFF,0xF8,0x4D,
    0xFF,0xF8,0x4D,0xFF,0xF8,0x4D,0xFF,0xF8,0x4D,0xFF,0xF8,0x4D,0xFF,0xF8,0x4D,0xFF,
    0xF8,0x4D,0xFF,0xF8,0x4D,0xFF,0xF8,0x4D,0xFF,0xF8,0x4D,0xFF,0xF8,0x4D,0xFF,0xF8,
    0x4D,0xFF,0xF8,0x4D,0xFF,0xF8,0x4D,0xFF,0xF8,0x4D,0xFF,0xF8,0x4D,0xFF,0xF8,0x4D,
    0xFF,0xF8,0x4D,0xFF,0xF8,0x4D,0xFF,0xF8,0x4D,0xFF,0xF8,0x4D,0xFF,0xF8,0x4D,0xFF,
    0xF8,0x4D,0xFF,0xF8,0x4D,0xFF,0xF8,0x4D,0xFF,0xF8,0x4D,0xFF,0xF8,0x4D,0xFF,0xF8,
    0x4D,0xFF,0xF8,0x4D,0xFF,0xF8,0x4D,0xFF,0xF8,0x4D,0xFF,0xF8,0x4D,0xFF,0xF8,0x4D,
    0xFF,0xF8,0x4D,0xFF,0xF8,0x4D,0xFF,0xF8,0x4D,0xFF,0xF8,0x4D,0xFF,0xF8,0x4D,0xFF,
    0xF8,0x4D,0xFF,0xF8,0x4D,0xFF,0xF8,0x4D,0xFF,0xF8,0x4D,0xFF,0xF8,0x4D,0xFF,0xF8,
    0x4D,0xFF,0xF8,0x4D,0xFF,0xF8,0x4D,0xFF,0xF8,0x4D,0xFF,0xF8,0x4D,0xFF,0xF8,0x4D,
    0xFF,0xF8,0x4D,0xFF,0xF8,0x4D,0xFF,0xF8,0x4D,0xFF,0xF8,0x4D,0xFF,0xF8,0x4D,0xFF,
    0xF8,0x4D,0xFF,0xF8,0x4D,0xFF,0xF8,0x4D,0xFF,0xF8,0x4D,0xFF,0xF8,0x4D,0xFF,0xF8,
    0x4D,0xFF,0xF8,0x4D,0xFF,0xF8,0x4D,0xFF,0xF8,0x4D,0xFF,0xF8,0x4D,0xFF,0xF8,0x4D,
    0xFF,0xF8,0x4D,0xFF,0xF8,0x4D,0xFF,0xF8,0x4D,0xFF,0xF8,0x4D,0xFF,0x19,0x4E,0xFF,
    0x15,0x4D,0xFF,0xC9,0x5A,0xFF,0x0B,0x9F,0xFF,0xAF,0xD7,0xFF,0x2B,0x9F,0xFF,0xEA,
    0x96,0xFF,0x26,0x7E,0xFF,0xC9,0x8E,0xFF,0x06,0x76,0xFF,0xC5,0x75,0xFF,0xE5,0x75,
    0xFF,0xE5,0x75,0xFF,0xE5,0x75,0xFF,0xE5,0x75,0xFF,0xE5,0x75,0xFF,0xE5,0x75,0xFF,
    0xE5,0x75,0xFF,0xE5,0x75,0xFF,0xE5,0x75,0xFF,0xE5,0x75,0xFF,0xE5,0x75,0xFF,0xE5,
    0x75,0xFF,0xC5,0x75,0xFF,0x05,0x76,0xFF,0x84,0x5C,0xFF,0x25,0x65,0xFF,0x84,0x5C,
    0xFF,0xE3,0x4B,0xFF,0x65,0x52,0xFF,0x73,0x4C,0xFF,0x39,0x4E,0xFF,0xD8,0x4D,0xFF,
    0xF8,0x4D,0xFF,0xF8,0x4D,0xFF,0xF8,0x4D,0xFF,0xF8,0x4D,0xFF,0xF8,0x4D,0xFF,0xF8,
    0x4D,0xFF,0xF8,0x4D,0xFF,0xF8,0x4D,0xFF,0xF8,0x4D,0xFF,0xF8,0x4D,0xFF,0xF8,0x4D,
    0xFF,0xF8,0x4D,0xFF,0xF8,0x4D,0xFF,0xF8,0x4D,0xFF,0xF8,0x4D,0xFF,0xF8,0x4D,0xFF,
    0xF8,0x4D,0xFF,0xF8,0x4D,0xFF,0xF8,0x4D,0xFF,0xF8,0x4D,0xFF,0xF8,0x4D,0xFF,0xF8,
    0x4D,0xFF,0xF8,0x4D,0xFF,0xF8,0x4D,0xFF,0xF8,0x4D,0xFF,0xF8,0x4D,0xFF,0xF8,0x4D,
    0xFF,0xF8,0x4D,0xFF,0xF8,0x4D,0xFF,0xF8,0x4D,0xFF,0xF8,0x4D,0xFF,0xF8,0x4D,0xFF,
    0xF8,0x4D,0xFF,0xF8,0x4D,0xFF,0xF8,0x4D,0xFF,0xF8,0x4D,0xFF,0xF8,0x4D,0xFF,0xF8,
    0x4D,0xFF,0xF8,0x4D,0xFF,0xF8,0x4D,0xFF,0xF8,0x4D,0xFF,0xF8,0x4D,0xFF,0xF8,0x4D,
    0xFF,0xF8,0x4D,0xFF,0xF8,0x4D,0xFF,0xF8,0x4D,0xFF,0xF8,0x4D,0xFF,0xF8,0x4D,0xFF,
    0xF8,0x4D,0xFF,0xF8,0x4D,0xFF,0xF8,0x4D,0xFF,0xF8,0x4D,0xFF,0xF8,0x4D,0xFF,0xF8,
    0x4D,0xFF,0xF8,0x4D,0xFF,0xF8,0x4D,0xFF,0xF8,0x4D,0xFF,0xF8,0x4D,0xFF,0xF8,0x4D,
    0xFF,0xF8,0x4D,0xFF,0xF8,0x4D,0xFF,0xF8,0x4D,0xFF,0xF8,0x4D,0xFF,0xF8,0x4D,0xFF,
    0xF8,0x4D,0xFF,0xF8,0x4D,0xFF,0xF8,0x4D,0xFF,0xF8,0x4D,0xFF,0xF8,0x4D,0xFF,0xF8,
    0x4D,0xFF,0xF8,0x4D,0xFF,0xF8,0x4D,0xFF,0xF8,0x4D,0xFF,0xF8,0x4D,0xFF,0xF8,0x4D,
    0xFF,0xF8,0x4D,0xFF,0xF8,0x4D,0xFF,0xF8,0x4D,0xFF,0xF8,0x4D,0xFF,0xF8,0x4D,0xFF,
    0xF8,0x4D,0xFF,0xF8,0x4D,0xFF,0xF8,0x4D,0xFF,0xF8,0x4D,0xFF,0xF8,0x4D,0xFF,0xF8,
    0x4D,0xFF,0xF8,0x4D,0xFF,0xF8,0x4D,0xFF,0xF8,0x4D,0xFF,0xF8,0x4D,0xFF,0xF8,0x4D,
    0xFF,0xF8,0x4D,0xFF,0xF8,0x4D,0xFF,0xF8,0x4D,0xFF,0xF8,0x4D,0xFF,0xF8,0x4D,0xFF,
    0xF8,0x4D,0xFF,0xF8,0x4D,0xFF,0xF8,0x4D,0xFF,0xF8,0x4D,0xFF,0xF8,0x4D,0xFF,0xF8,
    0x4D,0xFF,0xF8,0x4D,0xFF,0xF8,0x4D,0xFF,0xF8,0x4D,0xFF,0xF8,0x4D,0xFF,0xF8,0x4D,
    0xFF,0xF8,0x4D,0xFF,0xF8,0x4D,0xFF,0xF8,0x4D,0xFF,0xF8,0x4D,0xFF,0xF8,0x4D,0xFF,
    0xF8,0x4D,0xFF,0xF8,0x4D,0xFF,0xF8,0x4D,0xFF,0xF8,0x4D,0xFF,0xF8,0x4D,0xFF,0xF8,
    0x4D,0xFF,0xF8,0x4D,0xFF,0xF8,0x4D,0xFF,0xF8,0x4D,0xFF,0xF8,0x4D,0xFF,0xF8,0x4D,
    0xFF,0xF8,0x4D,0xFF,0xF8,0x4D,0xFF,0xF8,0x4D,0xFF,0xF8,0x4D,0xFF,0xF8,0x4D,0xFF,
    0xF8,0x4D,0xFF,0xF8,0x4D,0xFF,0xF8,0x4D,0xFF,0xF8,0x4D,0xFF,0xF8,0x4D,0xFF,0xF8,
    0x4D,0xFF,0xF8,0x4D,0xFF,0xF8,0x4D,0xFF,0xF8,0x4D,0xFF,0xF8,0x4D,0xFF,0xF8,0x4D,
    0xFF,0xF8,0x4D,0xFF,0xF8,0x4D,0xFF,0xF8,0x4D,0xFF,0xF8,0x4D,0xFF,0xF8,0x55,0xFF,
    0xF8,0x55,0xFF,0xF8,0x55,0xFF,0xF8,0x55,0xFF,0x39,0x56,0xFF,0x15,0x4D,0xFF,0xC9,
    0x5A,0xFF,0x0B,0x9F,0xFF,0xAF,0xD7,0xFF,0x2B,0x9F,0xFF,0xEA,0x96,0xFF,0x26,0x7E,
    0xFF,0xC9,0x8E,0xFF,0x06,0x76,0xFF,0xC5,0x75,0xFF,0xE5,0x75,0xFF,0xE5,0x75,0xFF,
    0xE5,0x75,0xFF,0xE5,0x75,0xFF,0xE5,0x75,0xFF,0xE5,0x75,0xFF,0xE5,0x75,0xFF,0xE5,
    0x75,0xFF,0xE5,0x75,0xFF,0xE5,0x75,0xFF,0xE5,0x75,0xFF,0xE5,0x75,0xFF,0xC5,0x75,
    0xFF,0x05,0x76,0xFF,0x84,0x5C,0xFF,0x25,0x65,0xFF,0x84,0x5C,0xFF,0xE3,0x4B,0xFF,
    0x65,0x52,0xFF,0x73,0x4C,0xFF,0x39,0x4E,0xFF,0xD8,0x4D,0xFF,0xF8,0x4D,0xFF,0xF8,
    0x4D,0xFF,0xF8,0x4D,0xFF,0xF8,0x4D,0xFF,0xF8,0x4D,0xFF,0xF8,0x4D,0xFF,0xF8,0x4D,
    0xFF,0xF8,0x4D,0xFF,0xF8,0x4D,0xFF,0xF8,0x4D,0xFF,0xF8,0x4D,0xFF,0xF8,0x4D,0xFF,
    0xF8,0x4D,0xFF,0xF8,0x4D,0xFF,0xF8,0x4D,0xFF,0xF8,0x4D,0xFF,0xF8,0x4D,0xFF,0xF8,
    0x4D,0xFF,0xF8,0x4D,0xFF,0xF8,0x4D,0xFF,0xF8,0x4D,0xFF,0xF8,0x4D,0xFF,0xF8,0x4D,
    0xFF,0xF8,0x4D,0xFF,0xF8,0x4D,0xFF,0xF8,0x4D,0xFF,0xF8,0x4D,0xFF,0xF8,0x4D,0xFF,
    0xF8,0x4D,0xFF,0xF8,0x4D,0xFF,0xF8,0x4D,0xFF,0xF8,0x4D,0xFF,0xF8,0x4D,0xFF,0xF8,
    0x4D,0xFF,0xF8,0x4D,0xFF,0xF8,0x4D,0xFF,0xF8,0x4D,0xFF,0xF8,0x4D,0xFF,0xF8,0x4D,
    0xFF,0xF8,0x4D,0xFF,0xF8,0x4D,0xFF,0xF8,0x4D,0xFF,0xF8,0x4D,0xFF,0xF8,0x4D,0xFF,
    0xF8,0x4D,0xFF,0xF8,0x4D,0xFF,0xF8,0x4D,0xFF,0xF8,0x4D,0xFF,0xF8,0x4D,0xFF,0xF8,
    0x4D,0xFF,0xF8,0x4D,0xFF,0xF8,0x4D,0xFF,0xF8,0x4D,0xFF,0xF8,0x4D,0xFF,0xF8,0x4D,
    0xFF,0xF8,0x4D,0xFF,0xF8,0x4D,0xFF,0xF8,0x4D,0xFF,0xF8,0x4D,0xFF,0xF8,0x4D,0xFF,
    0xF8,0x4D,0xFF,0xF8,0x4D,0xFF,0xF8,0x4D,0xFF,0xF8,0x4D,0xFF,0xF8,0x4D,0xFF,0xF8,
    0x4D,0xFF,0xF8,0x4D,0xFF,0xF8,0x4D,0xFF,0xF8,0x4D,0xFF,0xF8,0x4D,0xFF,0xF8,0x4D,
    0xFF,0xF8,0x4D,0xFF,0xF8,0x4D,0xFF,0xF8,0x4D,0xFF,0xF8,0x4D,0xFF,0xF8,0x4D,0xFF,
    0xF8,0x4D,0xFF,0xF8,0x4D,0xFF,0xF8,0x4D,0xFF,0xF8,0x4D,0xFF,0xF8,0x4D,0xFF,0xF8,
    0x4D,0xFF,0xF8,0x4D,0xFF,0xF8,0x4D,0xFF,0xF8,0x4D,0xFF,0xF8,0x4D,0xFF,0xF8,0x4D,
    0xFF,0xF8,0x4D,0xFF,0xF8,0x4D,0xFF,0xF8,0x4D,0xFF,0xF8,0x4D,0xFF,0xF8,0x4D,0xFF,
    0xF8,0x4D,0xFF,0xF8,0x4D,0xFF,0xF8,0x4D,0xFF,0xF8,0x4D,0xFF,0xF8,0x4D,0xFF,0xF8,
    0x4D,0xFF,0xF8,0x4D,0xFF,0xF8,0x4D,0xFF,0xF8,0x4D,0xFF,0xF8,0x4D,0xFF,0xF8,0x4D,
    0xFF,0xF8,0x4D,0xFF,0xF8,0x4D,0xFF,0xF8,0x4D,0xFF,0xF8,0x4D,0xFF,0xF8,0x4D,0xFF,
    0xF8,0x4D,0xFF,0xF8,0x4D,0xFF,0xF8,0x4D,0xFF,0xF8,0x4D,0xFF,0xF8,0x4D,0xFF,0xF8,
    0x4D,0xFF,0xF8,0x4D,0xFF,0xF8,0x4D,0xFF,0xF8,0x4D,0xFF,0xF8,0x4D,0xFF,0xF8,0x4D,
    0xFF,0xF8,0x4D,0xFF,0xF8,0x4D,0xFF,0xF8,0x4D,0xFF,0xF8,0x4D,0xFF,0xF8,0x4D,0xFF,
    0xF8,0x4D,0xFF,0xF8,0x4D,0xFF,0xF8,0x4D,0xFF,0xF8,0x4D,0xFF,0xF8,0x4D,0xFF,0xF8,
    0x4D,0xFF,0xF8,0x4D,0xFF,0xF8,0x4D,0xFF,0xF8,0x4D,0xFF,0xF8,0x4D,0xFF,0xF8,0x4D,
    0xFF,0xF8,0x4D,0xFF,0xF8,0x55,0xFF,0xF8,0x55,0xFF,0xF8,0x4D,0xFF,0xF8,0x4D,0xFF,
    0xF8,0x4D,0xFF,0xD8,0x4D,0xFF,0xD8,0x4D,0xFF,0xD8,0x45,0xFF,0xD8,0x45,0xFF,0xD8,
    0x45,0xFF,0xD8,0x45,0xFF,0x18,0x4E,0xFF,0x15,0x4D,0xFF,0xC9,0x5A,0xFF,0x0B,0x9F,
    0xFF,0xAF,0xD7,0xFF,0x2B,0x9F,0xFF,0xEA,0x96,0xFF,0x26,0x7E,0xFF,0xC9,0x8E,0xFF,
    0x06,0x76,0xFF,0xC5,0x75,0xFF,0xE5,0x75,0xFF,0xE5,0x75,0xFF,0xE5,0x75,0xFF,0xE5,
    0x75,0xFF,0xE5,0x75,0xFF,0xE5,0x75,0xFF,0xE5,0x75,0xFF,0xE5,0x75,0xFF,0xE5,0x75,
    0xFF,0xE5,0x75,0xFF,0xE5,0x75,0xFF,0xE5,0x75,0xFF,0xC5,0x75,0xFF,0x05,0x76,0xFF,
    0x84,0x5C,0xFF,0x25,0x65,0xFF,0x84,0x5C,0xFF,0xE3,0x4B,0xFF,0x65,0x52,0xFF,0x73,
    0x4C,0xFF,0x39,0x4E,0xFF,0xD8,0x4D,0xFF,0xF8,0x4D,0xFF,0xF8,0x4D,0xFF,0xF8,0x4D,
    0xFF,0xF8,0x4D,0xFF,0xF8,0x4D,0xFF,0xF8,0x4D,0xFF,0xF8,0x4D,0xFF,0xF8,0x4D,0xFF,
    0xF8,0x4D,0xFF,0xF8,0x4D,0xFF,0xF8,0x4D,0xFF,0xF8,0x4D,0xFF,0xF8,0x4D,0xFF,0xF8,
    0x4D,0xFF,0xF8,0x4D,0xFF,0xF8,0x4D,0xFF,0xF8,0x4D,0xFF,0xF8,0x4D,0xFF,0xF8,0x4D,
    0xFF,0xF8,0x4D,0xFF,0xF8,0x4D,0xFF,0xF8,0x4D,0xFF,0xF8,0x4D,0xFF,0xF8,0x4D,0xFF,
    0xF8,0x4D,0xFF,0xF8,0x4D,0xFF,0xF8,0x4D,0xFF,0xF8,0x4D,0xFF,0xF8,0x4D,0xFF,0xF8,
    0x4D,0xFF,0xF8,0x4D,0xFF,0xF8,0x4D,0xFF,0xF8,0x4D,0xFF,0xF8,0x4D,0xFF,0xF8,0x4D,
    0xFF,0xF8,0x4D,0xFF,0xF8,0x4D,0xFF,0xF8,0x4D,0xFF,0xF8,0x4D,0xFF,0xF8,0x4D,0xFF,
    0xF8,0x4D,0xFF,0xF8,0x4D,0xFF,0xF8,0x4D,0xFF,0xF8,0x4D,0xFF,0xF8,0x4D,0xFF,0xF8,
    0x4D,0xFF,0xF8,0x4D,0xFF,0xF8,0x4D,0xFF,0xF8,0x4D,0xFF,0xF8,0x4D,0xFF,0xF8,0x4D,
    0xFF,0xF8,0x4D,0xFF,0xF8,0x4D,0xFF,0xF8,0x4D,0xFF,0xF8,0x4D,0xFF,0xF8,0x4D,0xFF,
    0xF8,0x4D,0xFF,0xF8,0x4D,0xFF,0xF8,0x4D,0xFF,0xF8,0x4D,0xFF,0xF8,0x4D,0xFF,0xF8,
    0x4D,0xFF,0xF8,0x4D,0xFF,0xF8,0x4D,0xFF,0xF8,0x4D,0xFF,0xF8,0x4D,0xFF,0xF8,0x4D,
    0xFF,0xF8,0x4D,0xFF,0xF8,0x4D,0xFF,0xF8,0x4D,0xFF,0xF8,0x4D,0xFF,0xF8,0x4D,0xFF,
    0xF8,0x4D,0xFF,0xF8,0x4D,0xFF,0xF8,0x4D,0xFF,0xF8,0x4D,0xFF,0xF8,0x4D,0xFF,0xF8,
    0x4D,0xFF,0xF8,0x4D,0xFF,0xF8,0x4D,0xFF,0xF8,0x4D,0xFF,0xF8,0x4D,0xFF,0xF8,0x4D,
    0xFF,0xF8,0x4D,0xFF,0xF8,0x4D,0xFF,0xF8,0x4D,0xFF,0xF8,0x4D,0xFF,0xF8,0x4D,0xFF,
    0xF8,0x4D,0xFF,0xF8,0x4D,0xFF,0xF8,0x4D,0xFF,0xF8,0x4D,0xFF,0xF8,0x4D,0xFF,0xF8,
    0x4D,0xFF,0xF8,0x4D,0xFF,0xF8,0x4D,0xFF,0xF8,0x4D,0xFF,0xF8,0x4D,0xFF,0xF8,0x4D,
    0xFF,0xF8,0x55,0xFF,0xF8,0x55,0xFF,0xF8,0x55,0xFF,0xF8,0x55,0xFF,0xF8,0x55,0xFF,
    0xF8,0x55,0xFF,0xF8,0x4D,0xFF,0xF8,0x4D,0xFF,0xF8,0x4D,0xFF,0xF8,0x4D,0xFF,0xF8,
    0x4D,0xFF,0xF8,0x4D,0xFF,0xF8,0x4D,0xFF,0xF8,0x4D,0xFF,0xF8,0x4D,0xFF,0xF8,0x4D,
    0xFF,0xF8,0x4D,0xFF,0xF8,0x4D,0xFF,0xF8,0x4D,0xFF,0xF8,0x4D,0xFF,0xF8,0x4D,0xFF,
    0xF8,0x4D,0xFF,0xF8,0x4D,0xFF,0xF8,0x4D,0xFF,0xF8,0x4D,0xFF,0xF8,0x4D,0xFF,0xF8,
    0x4D,0xFF,0xF8,0x4D,0xFF,0xF8,0x4D,0xFF,0xF8,0x4D,0xFF,0xF8,0x4D,0xFF,0xF8,0x4D,
    0xFF,0xF8,0x4D,0xFF,0xF8,0x4D,0xFF,0xF8,0x55,0xFF,0xF8,0x4D,0xFF,0xD8,0x4D,0xFF,
    0xD8,0x45,0xFF,0xD8,0x45,0xFF,0xD8,0x4D,0xFF,0xF8,0x55,0xFF,0x18,0x5E,0xFF,0x38,
    0x66,0xFF,0x58,0x6E,0xFF,0x58,0x76,0xFF,0x78,0x76,0xFF,0x78,0x76,0xFF,0x58,0x6E,
    0xFF,0x79,0x6E,0xFF,0x55,0x5D,0xFF,0xC9,0x5A,0xFF,0x0B,0x9F,0xFF,0xAF,0xD7,0xFF,
    0x2B,0x9F,0xFF,0xEA,0x96,0xFF,0x26,0x7E,0xFF,0xC9,0x8E,0xFF,0x06,0x76,0xFF,0xC5,
    0x75,0xFF,0xE5,0x75,0xFF,0xE5,0x75,0xFF,0xE5,0x75,0xFF,0xE5,0x75,0xFF,0xE5,0x75,
    0xFF,0xE5,0x75,0xFF,0xE5,0x75,0xFF,0xE5,0x75,0xFF,0xE5,0x75,0xFF,0xE5,0x75,0xFF,
    0xE5,0x75,0xFF,0xE5,0x75,0xFF,0xC5,0x75,0xFF,0x05,0x76,0xFF,0x84,0x5C,0xFF,0x25,
    0x65,0xFF,0x84,0x5C,0xFF,0xE3,0x4B,0xFF,0x65,0x52,0xFF,0x73,0x4C,0xFF,0x39,0x4E,
    0xFF,0xD8,0x4D,0xFF,0xF8,0x4D,0xFF,0xF8,0x4D,0xFF,0xF8,0x4D,0xFF,0xF8,0x4D,0xFF,
    0xF8,0x4D,0xFF,0xF8,0x4D,0xFF,0xF8,0x4D,0xFF,0xF8,0x4D,0xFF,0xF8,0x4D,0xFF,0xF8,
    0x4D,0xFF,0xF8,0x4D,0xFF,0xF8,0x4D,0xFF,0xF8,0x4D,0xFF,0xF8,0x4D,0xFF,0xF8,0x4D,
    0xFF,0xF8,0x4D,0xFF,0xF8,0x4D,0xFF,0xF8,0x4D,0xFF,0xF8,0x4D,0xFF,0xF8,0x4D,0xFF,
    0xF8,0x4D,0xFF,0xF8,0x4D,0xFF,0xF8,0x4D,0xFF,0xF8,0x4D,0xFF,0xF8,0x4D,0xFF,0xF8,
    0x4D,0xFF,0xF8,0x4D,0xFF,0xF8,0x4D,0xFF,0xF8,0x4D,0xFF,0xF8,0x4D,0xFF,0xF8,0x4D,
    0xFF,0xF8,0x4D,0xFF,0xF8,0x4D,0xFF,0xF8,0x4D,0xFF,0xF8,0x4D,0xFF,0xF8,0x4D,0xFF,
    0xF8,0x4D,0xFF,0xF8,0x4D,0xFF,0xF8,0x4D,0xFF,0xF8,0x4D,0xFF,0xF8,0x4D,0xFF,0xF8,
    0x4D,0xFF,0xF8,0x4D,0xFF,0xF8,0x4D,0xFF,0xF8,0x4D,0xFF,0xF8,0x4D,0xFF,0xF8,0x4D,
    0xFF,0xF8,0x4D,0xFF,0xF8,0x4D,0xFF,0xF8,0x4D,0xFF,0xF8,0x4D,0xFF,0xF8,0x4D,0xFF,
    0xF8,0x4D,0xFF,0xF8,0x4D,0xFF,0xF8,0x4D,0xFF,0xF8,0x4D,0xFF,0xF8,0x4D,0xFF,0xF8,
    0x4D,0xFF,0xF8,0x4D,0xFF,0xF8,0x4D,0xFF,0xF8,0x4D,0xFF,0xF8,0x4D,0xFF,0xF8,0x4D,
    0xFF,0xF8,0x4D,0xFF,0xF8,0x4D,0xFF,0xF8,0x4D,0xFF,0xF8,0x4D,0xFF,0xF8,0x4D,0xFF,
    0xF8,0x4D,0xFF,0xF8,0x4D,0xFF,0xF8,0x4D,0xFF,0xF8,0x4D,0xFF,0xF8,0x4D,0xFF,0xF8,
    0x4D,0xFF,0xF8,0x4D,0xFF,0xF8,0x4D,0xFF,0xF8,0x4D,0xFF,0xF8,0x4D,0xFF,0xF8,0x4D,
    0xFF,0xF8,0x4D,0xFF,0xF8,0x4D,0xFF,0xF8,0x4D,0xFF,0xF8,0x4D,0xFF,0xF8,0x4D,0xFF,
    0xF8,0x4D,0xFF,0xF8,0x4D,0xFF,0xF8,0x4D,0xFF,0xF8,0x4D,0xFF,0xF8,0x4D,0xFF,0xF8,
    0x4D,0xFF,0xF8,0x4D,0xFF,0xF8,0x4D,0xFF,0xF8,0x4D,0xFF,0xF8,0x55,0xFF,0xF8,0x55,
    0xFF,0xF8,0x55,0xFF,0xF8,0x4D,0xFF,0xF8,0x4D,0xFF,0xD8,0x4D,0xFF,0xD8,0x45,0xFF,
    0xD8,0x45,0xFF,0xD8,0x45,0xFF,0xD8,0x45,0xFF,0xD8,0x45,0xFF,0xD8,0x45,0xFF,0xD8,
    0x4D,0xFF,0xD8,0x4D,0xFF,0xF8,0x4D,0xFF,0xF8,0x55,0xFF,0xF8,0x55,0xFF,0xF8,0x55,
    0xFF,0xF8,0x55,0xFF,0xF8,0x55,0xFF,0xF8,0x4D,0xFF,0xF8,0x4D,0xFF,0xF8,0x4D,0xFF,
    0xF8,0x4D,0xFF,0xF8,0x4D,0xFF,0xF8,0x4D,0xFF,0xF8,0x4D,0xFF,0xF8,0x4D,0xFF,0xF8,
    0x4D,0xFF,0xF8,0x4D,0xFF,0xF8,0x4D,0xFF,0xF8,0x4D,0xFF,0xF8,0x4D,0xFF,0xF8,0x4D,
    0xFF,0xF8,0x4D,0xFF,0xF8,0x4D,0xFF,0xF8,0x55,0xFF,0xF8,0x4D,0xFF,0xF8,0x4D,0xFF,
    0xD8,0x4D,0xFF,0xD8,0x45,0xFF,0xF8,0x4D,0xFF,0x38,0x66,0xFF,0x78,0x76,0xFF,0x79,
    0x76,0xFF,0xB9,0x8E,0xFF,0x59,0xBF,0xFF,0x7A,0xC7,0xFF,0x9A,0xCF,0xFF,0xBA,0xD7,
    0xFF,0xBA,0xDF,0xFF,0xBA,0xDF,0xFF,0xBA,0xDF,0xFF,0x9A,0xD7,0xFF,0xDA,0xD7,0xFF,
    0x56,0xB6,0xFF,0xC9,0x5A,0xFF,0x0B,0x9F,0xFF,0xAF,0xD7,0xFF,0x2B,0x9F,0xFF,0xEA,
    0x96,0xFF,0x26,0x7E,0xFF,0xC9,0x8E,0xFF,0x06,0x76,0xFF,0xC5,0x75,0xFF,0xE5,0x75,
    0xFF,0xE5,0x75,0xFF,0xE5,0x75,0xFF,0xE5,0x75,0xFF,0xE5,0x75,0xFF,0xE5,0x75,0xFF,
    0xE5,0x75,0xFF,0xE5,0x75,0xFF,0xE5,0x75,0xFF,0xE5,0x75,0xFF,0xE5,0x75,0xFF,0xE5,
    0x75,0xFF,0xC5,0x75,0xFF,0x05,0x76,0xFF,0x84,0x5C,0xFF,0x25,0x65,0xFF,0x84,0x5C,
    0xFF,0xE3,0x4B,0xFF,0x65,0x52,0xFF,0x73,0x4C,0xFF,0x39,0x4E,0xFF,0xD8,0x4D,0xFF,
    0xF8,0x4D,0xFF,0xF8,0x4D,0xFF,0xF8,0x4D,0xFF,0xF8,0x4D,0xFF,0xF8,0x4D,0xFF,0xF8,
    0x4D,0xFF,0xF8,0x4D,0xFF,0xF8,0x4D,0xFF,0xF8,0x4D,0xFF,0xF8,0x4D,0xFF,0xF8,0x4D,
    0xFF,0xF8,0x4D,0xFF,0xF8,0x4D,0xFF,0xF8,0x4D,0xFF,0xF8,0x4D,0xFF,0xF8,0x4D,0xFF,
    0xF8,0x4D,0xFF,0xF8,0x4D,0xFF,0xF8,0x4D,0xFF,0xF8,0x4D,0xFF,0xF8,0x4D,0xFF,0xF8,
    0x4D,0xFF,0xF8,0x4D,0xFF,0xF8,0x4D,0xFF,0xF8,0x4D,0xFF,0xF8,0x4D,0xFF,0xF8,0x4D,
    0xFF,0xF8,0x4D,0xFF,0xF8,0x4D,0xFF,0xF8,0x4D,0xFF,0xF8,0x4D,0xFF,0xF8,0x4D,0xFF,
    0xF8,0x4D,0xFF,0xF8,0x55,0xFF,0xF8,0x55,0xFF,0xF8,0x55,0xFF,0xF8,0x55,0xFF,0xF8,
    0x55,0xFF,0xF8,0x55,0xFF,0xF8,0x55,0xFF,0xF8,0x55,0xFF,0xF8,0x4D,0xFF,0xF8,0x4D,
    0xFF,0xF8,0x4D,0xFF,0xF8,0x4D,0xFF,0xF8,0x4D,0xFF,0xF8,0x4D,0xFF,0xF8,0x4D,0xFF,
    0xF8,0x4D,0xFF,0xF8,0x4D,0xFF,0xF8,0x4D,0xFF,0xF8,0x4D,0xFF,0xF8,0x4D,0xFF,0xF8,
    0x4D,0xFF,0xF8,0x4D,0xFF,0xF8,0x4D,0xFF,0xF8,0x4D,0xFF,0xF8,0x4D,0xFF,0xF8,0x4D,
    0xFF,0xF8,0x4D,0xFF,0xF8,0x4D,0xFF,0xF8,0x4D,0xFF,0xF8,0x4D,0xFF,0xF8,0x4D,0xFF,
    0xF8,0x4D,0xFF,0xF8,0x4D,0xFF,0xF8,0x4D,0xFF,0xF8,0x4D,0xFF,0xF8,0x4D,0xFF,0xF8,
    0x4D,0xFF,0xF8,0x4D,0xFF,0xF8,0x4D,0xFF,0xF8,0x4D,0xFF,0xF8,0x4D,0xFF,0xF8,0x4D,
    0xFF,0xF8,0x4D,0xFF,0xF8,0x4D,0xFF,0xF8,0x4D,0xFF,0xF8,0x4D,0xFF,0xF8,0x4D,0xFF,
    0xF8,0x4D,0xFF,0xF8,0x4D,0xFF,0xF8,0x4D,0xFF,0xF8,0x4D,0xFF,0xF8,0x4D,0xFF,0xF8,
    0x4D,0xFF,0xF8,0x4D,0xFF,0xF8,0x4D,0xFF,0xF8,0x4D,0xFF,0xF8,0x55,0xFF,0xF8,0x55,
    0xFF,0xF8,0x4D,0xFF,0xD8,0x4D,0xFF,0xD8,0x45,0xFF,0xD8,0x45,0xFF,0xD8,0x45,0xFF,
    0x18,0x56,0xFF,0x38,0x66,0xFF,0x58,0x6E,0xFF,0x78,0x76,0xFF,0x99,0x7E,0xFF,0x99,
    0x86,0xFF,0x99,0x86,0xFF,0x99,0x7E,0xFF,0x78,0x76,0xFF,0x58,0x6E,0xFF,0x38,0x66,
    0xFF,0x18,0x56,0xFF,0xD8,0x45,0xFF,0xD8,0x45,0xFF,0xD8,0x45,0xFF,0xD8,0x45,0xFF,
    0xD8,0x45,0xFF,0xD8,0x4D,0xFF,0xF8,0x4D,0xFF,0xF8,0x55,0xFF,0xF8,0x55,0xFF,0xF8,
    0x4D,0xFF,0xF8,0x4D,0xFF,0xF8,0x4D,0xFF,0xF8,0x4D,0xFF,0xF8,0x4D,0xFF,0xF8,0x4D,
    0xFF,0xF8,0x4D,0xFF,0xF8,0x4D,0xFF,0xF8,0x4D,0xFF,0xF8,0x4D,0xFF,0xF8,0x55,0xFF,
    0xF8,0x4D,0xFF,0xD8,0x45,0xFF,0xD8,0x45,0xFF,0x18,0x56,0xFF,0x78,0x76,0xFF,0x99,
    0x86,0xFF,0xF9,0x9E,0xFF,0x9A,0xD7,0xFF,0xBA,0xDF,0xFF,0xDA,0xE7,0xFF,0xDA,0xE7,
    0xFF,0xDA,0xE7,0xFF,0xDA,0xE7,0xFF,0xDA,0xE7,0xFF,0xDA,0xDF,0xFF,0xDA,0xDF,0xFF,
    0xDA,0xDF,0xFF,0xDA,0xDF,0xFF,0xBA,0xDF,0xFF,0xFB,0xE7,0xFF,0x97,0xC6,0xFF,0xC9,
    0x5A,0xFF,0x0B,0x9F,0xFF,0xAF,0xD7,0xFF,0x2B,0x9F,0xFF,0xEA,0x96,0xFF,0x26,0x7E,
    0xFF,0xC9,0x8E,0xFF,0x06,0x76,0xFF,0xC5,0x75,0xFF,0xE5,0x75,0xFF,0xE5,0x75,0xFF,
    0xE5,0x75,0xFF,0xE5,0x75,0xFF,0xE5,0x75,0xFF,0xE5,0x75,0xFF,0xE5,0x75,0xFF,0xE5,
    0x75,0xFF,0xE5,0x75,0xFF,0xE5,0x75,0xFF,0xE5,0x75,0xFF,0xE5,0x75,0xFF,0xC5,0x75,
    0xFF,0x05,0x76,0xFF,0x84,0x5C,0xFF,0x25,0x65,0xFF,0x84,0x5C,0xFF,0xE3,0x4B,0xFF,
    0x65,0x52,0xFF,0x73,0x4C,0xFF,0x59,0x56,0xFF,0xF8,0x55,0xFF,0xF8,0x4D,0xFF,0xF8,
    0x4D,0xFF,0xF8,0x4D,0xFF,0xF8,0x4D,0xFF,0xF8,0x4D,0xFF,0xF8,0x4D,0xFF,0xF8,0x4D,
    0xFF,0xF8,0x4D,0xFF,0xF8,0x4D,0xFF,0xF8,0x4D,0xFF,0xF8,0x4D,0xFF,0xF8,0x4D,0xFF,
    0xF8,0x4D,0xFF,0xF8,0x4D,0xFF,0xF8,0x4D,0xFF,0xF8,0x4D,0xFF,0xF8,0x4D,0xFF,0xF8,
    0x4D,0xFF,0xF8,0x4D,0xFF,0xF8,0x4D,0xFF,0xF8,0x4D,0xFF,0xF8,0x4D,0xFF,0xF8,0x4D,
    0xFF,0xF8,0x4D,0xFF,0xF8,0x4D,0xFF,0xF8,0x4D,0xFF,0xF8,0x4D,0xFF,0xF8,0x4D,0xFF,
    0xF8,0x55,0xFF,0xF8,0x55,0xFF,0xF8,0x4D,0xFF,0xF8,0x4D,0xFF,0xD8,0x4D,0xFF,0xD8,
    0x45,0xFF,0xD8,0x45,0xFF,0xD8,0x45,0xFF,0xD8,0x45,0xFF,0xD8,0x45,0xFF,0xD8,0x45,
    0xFF,0xD8,0x45,0xFF,0xD8,0x45,0xFF,0xD8,0x4D,0xFF,0xF8,0x4D,0xFF,0xF8,0x55,0xFF,
    0xF8,0x55,0xFF,0xF8,0x55,0xFF,0xF8,0x4D,0xFF,0xF8,0x4D,0xFF,0xF8,0x4D,0xFF,0xF8,
    0x4D,0xFF,0xF8,0x4D,0xFF,0xF8,0x4D,0xFF,0xF8,0x4D,0xFF,0xF8,0x4D,0xFF,0xF8,0x4D,
    0xFF,0xF8,0x4D,0xFF,0xF8,0x4D,0xFF,0xF8,0x4D,0xFF,0xF8,0x4D,0xFF,0xF8,0x4D,0xFF,
    0xF8,0x4D,0xFF,0xF8,0x4D,0xFF,0xF8,0x4D,0xFF,0xF8,0x4D,0xFF,0xF8,0x4D,0xFF,0xF8,
    0x4D,0xFF,0xF8,0x4D,0xFF,0xF8,0x4D,0xFF,0xF8,0x4D,0xFF,0xF8,0x4D,0xFF,0xF8,0x4D,
    0xFF,0xF8,0x55,0xFF,0xF8,0x55,0xFF,0xF8,0x55,0xFF,0xF8,0x55,0xFF,0xF8,0x55,0xFF,
    0xF8,0x55,0xFF,0xF8,0x55,0xFF,0xF8,0x55,0xFF,0xF8,0x55,0xFF,0xF8,0x4D,0xFF,0xF8,
    0x4D,0xFF,0xF8,0x4D,0xFF,0xF8,0x4D,0xFF,0xF8,0x4D,0xFF,0xF8,0x4D,0xFF,0xF8,0x55,
    0xFF,0xF8,0x4D,0xFF,0xF8,0x4D,0xFF,0xD8,0x45,0xFF,0xD8,0x45,0xFF,0xD8,0x4D,0xFF,
    0x58,0x6E,0xFF,0x99,0x86,0xFF,0xB9,0x86,0xFF,0xD9,0x96,0xFF,0x7A,0xC7,0xFF,0x9A,
    0xCF,0xFF,0xBA,0xD7,0xFF,0xBA,0xDF,0xFF,0xDA,0xDF,0xFF,0xDA,0xE7,0xFF,0xDA,0xE7,
    0xFF,0xDA,0xDF,0xFF,0xBA,0xDF,0xFF,0xBA,0xD7,0xFF,0x9A,0xCF,0xFF,0x7A,0xC7,0xFF,
    0xD9,0x96,0xFF,0xB9,0x8E,0xFF,0xB9,0x8E,0xFF,0x99,0x86,0xFF,0x79,0x7E,0xFF,0x38,
    0x66,0xFF,0xF8,0x4D,0xFF,0xD8,0x45,0xFF,0xD8,0x45,0xFF,0xD8,0x4D,0xFF,0xF8,0x4D,
    0xFF,0xF8,0x55,0xFF,0xF8,0x55,0xFF,0xF8,0x55,0xFF,0xF8,0x4D,0xFF,0xF8,0x4D,0xFF,
    0xF8,0x4D,0xFF,0xF8,0x55,0xFF,0xF8,0x4D,0xFF,0xD8,0x45,0xFF,0xF8,0x4D,0xFF,0x58,
    0x76,0xFF,0xF9,0x9E,0xFF,0x59,0xC7,0xFF,0xBA,0xD7,0xFF,0xDA,0xE7,0xFF,0xDA,0xE7,
    0xFF,0xDA,0xDF,0xFF,0xBA,0xDF,0xFF,0xBA,0xDF,0xFF,0xDA,0xDF,0xFF,0xDA,0xE7,0xFF,
    0xDA,0xE7,0xFF,0xDA,0xE7,0xFF,0xDA,0xE7,0xFF,0xDA,0xE7,0xFF,0xDA,0xE7,0xFF,0xDA,
    0xE7,0xFF,0xBA,0xE7,0xFF,0xFB,0xE7,0xFF,0x97,0xC6,0xFF,0xC9,0x5A,0xFF,0x0B,0x9F,
    0xFF,0xAF,0xD7,0xFF,0x2B,0x9F,0xFF,0xEA,0x96,0xFF,0x26,0x7E,0xFF,0xC9,0x8E,0xFF,
    0x06,0x76,0xFF,0xC5,0x75,0xFF,0xE5,0x75,0xFF,0xE5,0x75,0xFF,0xE5,0x75,0xFF,0xE5,
    0x75,0xFF,0xE5,0x75,0xFF,0xE5,0x75,0xFF,0xE5,0x75,0xFF,0xE5,0x75,0xFF,0xE5,0x75,
    0xFF,0xE5,0x75,0xFF,0xE5,0x75,0xFF,0xE5,0x75,0xFF,0xC5,0x75,0xFF,0x05,0x76,0xFF,
    0x84,0x5C,0xFF,0x25,0x65,0xFF,0x84,0x5C,0xFF,0xE3,0x4B,0xFF,0x65,0x52,0xFF,0x53,
    0x4C,0xFF,0x19,0x46,0xFF,0xD8,0x45,0xFF,0xF8,0x4D,0xFF,0xF8,0x4D,0xFF,0xF8,0x4D,
    0xFF,0xF8,0x4D,0xFF,0xF8,0x4D,0xFF,0xF8,0x4D,0xFF,0xF8,0x4D,0xFF,0xF8,0x4D,0xFF,
    0xF8,0x4D,0xFF,0xF8,0x4D,0xFF,0xF8,0x4D,0xFF,0xF8,0x4D,0xFF,0xF8,0x4D,0xFF,0xF8,
    0x4D,0xFF,0xF8,0x4D,0xFF,0xF8,0x4D,0xFF,0xF8,0x4D,0xFF,0xF8,0x4D,0xFF,0xF8,0x4D,
    0xFF,0xF8,0x4D,0xFF,0xF8,0x4D,0xFF,0xF8,0x4D,0xFF,0xF8,0x4D,0xFF,0xF8,0x4D,0xFF,
    0xF8,0x55,0xFF,0xF8,0x55,0xFF,0xF8,0x4D,0xFF,0xD8,0x4D,0xFF,0xD8,0x45,0xFF,0xD8,
    0x45,0xFF,0xD8,0x4D,0xFF,0x38,0x5E,0xFF,0x58,0x6E,0xFF,0x78,0x76,0xFF,0x99,0x86,
    0xFF,0xB9,0x8E,0xFF,0xB9,0x8E,0xFF,0xB9,0x8E,0xFF,0xB9,0x8E,0xFF,0x99,0x86,0xFF,
    0x78,0x76,0xFF,0x58,0x6E,0xFF,0x18,0x5E,0xFF,0xD8,0x45,0xFF,0xD8,0x45,0xFF,0xD8,
    0x45,0xFF,0xD8,0x4D,0xFF,0xF8,0x4D,0xFF,0xF8,0x55,0xFF,0xF8,0x55,0xFF,0xF8,0x4D,
    0xFF,0xF8,0x4D,0xFF,0xF8,0x4D,0xFF,0xF8,0x4D,0xFF,0xF8,0x4D,0xFF,0xF8,0x4D,0xFF,
    0xF8,0x4D,0xFF,0xF8,0x4D,0xFF,0xF8,0x4D,0xFF,0xF8,0x4D,0xFF,0xF8,0x4D,0xFF,0xF8,
    0x4D,0xFF,0xF8,0x4D,0xFF,0xF8,0x4D,0xFF,0xF8,0x4D,0xFF,0xF8,0x4D,0xFF,0xF8,0x55,
    0xFF,0xF8,0x55,0xFF,0xF8,0x55,0xFF,0xF8,0x4D,0xFF,0xD8,0x4D,0xFF,0xD8,0x45,0xFF,
    0xD8,0x45,0xFF,0xD8,0x45,0xFF,0xD8,0x45,0xFF,0xD8,0x45,0xFF,0xD8,0x45,0xFF,0xD8,
    0x45,0xFF,0xD8,0x45,0xFF,0xD8,0x45,0xFF,0xD8,0x4D,0xFF,0xF8,0x4D,0xFF,0xF8,0x55,
    0xFF,0xF8,0x55,0xFF,0xF8,0x55,0xFF,0xF8,0x4D,0xFF,0xD8,0x45,0xFF,0xD8,0x4D,0xFF,
    0x38,0x66,0xFF,0x99,0x7E,0xFF,0xB9,0x8E,0xFF,0xD9,0x96,0xFF,0x9A,0xD7,0xFF,0xBA,
    0xDF,0xFF,0xDA,0xE7,0xFF,0xDA,0xE7,0xFF,0xDA,0xE7,0xFF,0xDA,0xDF,0xFF,0xDA,0xE7,
    0xFF,0xDA,0xDF,0xFF,0xDA,0xDF,0xFF,0xBA,0xDF,0xFF,0xBA,0xDF,0xFF,0xDA,0xDF,0xFF,
    0xDA,0xDF,0xFF,0xDA,0xDF,0xFF,0xDA,0xE7,0xFF,0xDA,0xE7,0xFF,0xDA,0xE7,0xFF,0xDA,
    0xE7,0xFF,0xDA,0xE7,0xFF,0xDA,0xDF,0xFF,0xBA,0xDF,0xFF,0x9A,0xD7,0xFF,0xF9,0x9E,
    0xFF,0xB9,0x8E,0xFF,0xB9,0x8E,0xFF,0x78,0x76,0xFF,0xF8,0x4D,0xFF,0xD8,0x45,0xFF,
    0xD8,0x45,0xFF,0xD8,0x45,0xFF,0xF8,0x4D,0xFF,0xF8,0x55,0xFF,0xF8,0x4D,0xFF,0xD8,
    0x45,0xFF,0x18,0x56,0xFF,0x79,0x76,0xFF,0x39,0xAF,0xFF,0xBA,0xDF,0xFF,0xDA,0xDF,
    0xFF,0xDA,0xE7,0xFF,0xDA,0xDF,0xFF,0xBA,0xDF,0xFF,0xBA,0xDF,0xFF,0xDA,0xE7,0xFF,
    0xDA,0xE7,0xFF,0xDA,0xE7,0xFF,0xDA,0xE7,0xFF,0xDA,0xE7,0xFF,0xDA,0xE7,0xFF,0xDA,
    0xE7,0xFF,0xDA,0xE7,0xFF,0xDA,0xE7,0xFF,0xDA,0xE7,0xFF,0xDA,0xE7,0xFF,0xBA,0xE7,
    0xFF,0xFB,0xEF,0xFF,0x97,0xC6,0xFF,0xC9,0x5A,0xFF,0x0B,0x9F,0xFF,0xAF,0xD7,0xFF,
    0x2B,0x9F,0xFF,0xEA,0x96,0xFF,0x26,0x7E,0xFF,0xC9,0x8E,0xFF,0x06,0x76,0xFF,0xC5,
    0x75,0xFF,0xE5,0x75,0xFF,0xE5,0x75,0xFF,0xE5,0x75,0xFF,0xE5,0x75,0xFF,0xE5,0x75,
    0xFF,0xE5,0x75,0xFF,0xE5,0x75,0xFF,0xE5,0x75,0xFF,0xE5,0x75,0xFF,0xE5,0x75,0xFF,
    0xE5,0x75,0xFF,0xE5,0x75,0xFF,0xC5,0x75,0xFF,0x05,0x76,0xFF,0x84,0x5C,0xFF,0x25,
    0x65,0xFF,0x84,0x5C,0xFF,0x03,0x54,0xFF,0x45,0x4A,0xFF,0xF4,0x7C,0xFF,0x1A,0x8F,
    0xFF,0x98,0x86,0xFF,0xF8,0x4D,0xFF,0xF8,0x4D,0xFF,0xF8,0x4D,0xFF,0xF8,0x4D,0xFF,
    0xF8,0x4D,0xFF,0xF8,0x4D,0xFF,0xF8,0x4D,0xFF,0xF8,0x4D,0xFF,0xF8,0x4D,0xFF,0xF8,
    0x4D,0xFF,0xF8,0x4D,0xFF,0xF8,0x4D,0xFF,0xF8,0x4D,0xFF,0xF8,0x4D,0xFF,0xF8,0x4D,
    0xFF,0xF8,0x4D,0xFF,0xF8,0x4D,0xFF,0xF8,0x4D,0xFF,0xF8,0x4D,0xFF,0xF8,0x4D,0xFF,
    0xF8,0x4D,0xFF,0xF8,0x55,0xFF,0xF8,0x4D,0xFF,0xD8,0x4D,0xFF,0xD8,0x45,0xFF,0xD8,
    0x45,0xFF,0xF8,0x4D,0xFF,0x78,0x7E,0xFF,0xD9,0x96,0xFF,0xD9,0x96,0xFF,0xF9,0xA6,
    0xFF,0x9A,0xCF,0xFF,0x9A,0xD7,0xFF,0xBA,0xDF,0xFF,0xBA,0xDF,0xFF,0xDA,0xE7,0xFF,
    0xDA,0xE7,0xFF,0xDA,0xE7,0xFF,0xDA,0xE7,0xFF,0xBA,0xDF,0xFF,0xBA,0xDF,0xFF,0x9A,
    0xD7,0xFF,0x9A,0xCF,0xFF,0xF9,0xA6,0xFF,0xD9,0x96,0xFF,0xD9,0x96,0xFF,0x78,0x76,
    0xFF,0xD8,0x4D,0xFF,0xD8,0x45,0xFF,0xD8,0x45,0xFF,0xD8,0x4D,0xFF,0xF8,0x4D,0xFF,
    0xF8,0x55,0xFF,0xF8,0x4D,0xFF,0xF8,0x4D,0xFF,0xF8,0x4D,0xFF,0xF8,0x4D,0xFF,0xF8,
    0x4D,0xFF,0xF8,0x4D,0xFF,0xF8,0x4D,0xFF,0xF8,0x4D,0xFF,0xF8,0x4D,0xFF,0xF8,0x55,
    0xFF,0xF8,0x4D,0xFF,0xF8,0x55,0xFF,0xF8,0x4D,0xFF,0xD8,0x45,0xFF,0xD8,0x45,0xFF,
    0xD8,0x45,0xFF,0xF8,0x55,0xFF,0x58,0x6E,0xFF,0x79,0x7E,0xFF,0xB9,0x86,0xFF,0xB9,
    0x8E,0xFF,0xD9,0x96,0xFF,0xD9,0x9E,0xFF,0xD9,0x96,0xFF,0xD9,0x96,0xFF,0xB9,0x8E,
    0xFF,0x99,0x7E,0xFF,0x58,0x76,0xFF,0x18,0x5E,0xFF,0xD8,0x45,0xFF,0xD8,0x45,0xFF,
    0xD8,0x45,0xFF,0xF8,0x4D,0xFF,0x78,0x76,0xFF,0xF9,0xA6,0xFF,0x9A,0xCF,0xFF,0xBA,
    0xDF,0xFF,0xDA,0xE7,0xFF,0xDA,0xE7,0xFF,0xDA,0xDF,0xFF,0xBA,0xDF,0xFF,0xDA,0xDF,
    0xFF,0xDA,0xDF,0xFF,0xDA,0xE7,0xFF,0xDA,0xE7,0xFF,0xDA,0xE7,0xFF,0xDA,0xE7,0xFF,
    0xDA,0xE7,0xFF,0xDA,0xE7,0xFF,0xDA,0xE7,0xFF,0xDA,0xE7,0xFF,0xDA,0xE7,0xFF,0xDA,
    0xE7,0xFF,0xDA,0xE7,0xFF,0xDA,0xE7,0xFF,0xDA,0xDF,0xFF,0xDA,0xDF,0xFF,0xDA,0xDF,
    0xFF,0xDA,0xDF,0xFF,0xBA,0xDF,0xFF,0xDA,0xDF,0xFF,0xDA,0xE7,0xFF,0xDA,0xE7,0xFF,
    0xDA,0xDF,0xFF,0xBA,0xDF,0xFF,0x19,0xAF,0xFF,0xD9,0x96,0xFF,0xD9,0x96,0xFF,0x99,
    0x7E,0xFF,0x18,0x56,0xFF,0xD8,0x45,0xFF,0x38,0x66,0xFF,0xB9,0x8E,0xFF,0x59,0xBF,
    0xFF,0xBA,0xDF,0xFF,0xDA,0xE7,0xFF,0xBA,0xDF,0xFF,0xDA,0xDF,0xFF,0xDA,0xE7,0xFF,
    0xDA,0xE7,0xFF,0xDA,0xE7,0xFF,0xDA,0xE7,0xFF,0xDA,0xE7,0xFF,0xDA,0xE7,0xFF,0xDA,
    0xE7,0xFF,0xDA,0xE7,0xFF,0xDA,0xE7,0xFF,0xDA,0xE7,0xFF,0xDA,0xE7,0xFF,0xDA,0xE7,
    0xFF,0xDA,0xE7,0xFF,0xDA,0xE7,0xFF,0xDA,0xE7,0xFF,0xBA,0xE7,0xFF,0xFB,0xEF,0xFF,
    0x97,0xC6,0xFF,0xC9,0x5A,0xFF,0x0B,0x9F,0xFF,0xAF,0xD7,0xFF,0x2B,0x9F,0xFF,0xEA,
    0x96,0xFF,0x26,0x7E,0xFF,0xC9,0x8E,0xFF,0x06,0x76,0xFF,0xC5,0x75,0xFF,0xE5,0x75,
    0xFF,0xE5,0x75,0xFF,0xE5,0x75,0xFF,0xE5,0x75,0xFF,0xE5,0x75,0xFF,0xE5,0x75,0xFF,
    0xE5,0x75,0xFF,0xE5,0x75,0xFF,0xE5,0x75,0xFF,0xE5,0x75,0xFF,0xE5,0x75,0xFF,0xE5,
    0x75,0xFF,0xC5,0x75,0xFF,0x05,0x76,0xFF,0x84,0x5C,0xFF,0x25,0x65,0xFF,0x84,0x5C,
    0xFF,0x03,0x54,0xFF,0x45,0x42,0xFF,0xB4,0xB5,0xFF,0xFB,0xEF,0xFF,0xBA,0xDF,0xFF,
    0xF8,0x4D,0xFF,0xF8,0x4D,0xFF,0xF8,0x4D,0xFF,0xF8,0x4D,0xFF,0xF8,0x4D,0xFF,0xF8,
    0x4D,0xFF,0xF8,0x4D,0xFF,0xF8,0x4D,0xFF,0xF8,0x4D,0xFF,0xF8,0x4D,0xFF,0xF8,0x4D,
    0xFF,0xF8,0x4D,0xFF,0xF8,0x4D,0xFF,0xF8,0x4D,0xFF,0xF8,0x4D,0xFF,0xF8,0x4D,0xFF,
    0xF8,0x4D,0xFF,0xF8,0x4D,0xFF,0xF8,0x4D,0xFF,0xF8,0x55,0xFF,0xF8,0x4D,0xFF,0xD8,
    0x45,0xFF,0xF8,0x4D,0xFF,0x38,0x6E,0xFF,0xB9,0x86,0xFF,0xF9,0x9E,0xFF,0x19,0xAF,
    0xFF,0xBA,0xDF,0xFF,0xDA,0xE7,0xFF,0xDA,0xE7,0xFF,0xDA,0xE7,0xFF,0xDA,0xE7,0xFF,
    0xDA,0xDF,0xFF,0xDA,0xDF,0xFF,0xDA,0xDF,0xFF,0xDA,0xDF,0xFF,0xBA,0xDF,0xFF,0xBA,
    0xDF,0xFF,0xDA,0xDF,0xFF,0xDA,0xDF,0xFF,0xDA,0xDF,0xFF,0xDA,0xDF,0xFF,0xDA,0xE7,
    0xFF,0xDA,0xE7,0xFF,0xDA,0xE7,0xFF,0xDA,0xE7,0xFF,0xBA,0xD7,0xFF,0x19,0xA7,0xFF,
    0xF9,0x9E,0xFF,0x99,0x86,0xFF,0x38,0x66,0xFF,0xF8,0x4D,0xFF,0xD8,0x45,0xFF,0xF8,
    0x4D,0xFF,0xF8,0x55,0xFF,0xF8,0x4D,0xFF,0xF8,0x4D,0xFF,0xF8,0x4D,0xFF,0xF8,0x4D,
    0xFF,0xF8,0x4D,0xFF,0xF8,0x55,0xFF,0xD8,0x4D,0xFF,0xD8,0x45,0xFF,0xD8,0x4D,0xFF,
    0xD8,0x45,0xFF,0x18,0x5E,0xFF,0xB9,0x8E,0xFF,0xF9,0x9E,0xFF,0xF9,0x9E,0xFF,0x59,
    0xB7,0xFF,0xBA,0xDF,0xFF,0xBA,0xDF,0xFF,0xDA,0xDF,0xFF,0xDA,0xE7,0xFF,0xDA,0xE7,
    0xFF,0xDA,0xE7,0xFF,0xDA,0xE7,0xFF,0xDA,0xE7,0xFF,0xDA,0xDF,0xFF,0xBA,0xDF,0xFF,
    0xBA,0xDF,0xFF,0x7A,0xC7,0xFF,0xF9,0x9E,0xFF,0xF9,0xA6,0xFF,0xF9,0xA6,0xFF,0x39,
    0xB7,0xFF,0xBA,0xDF,0xFF,0xDA,0xE7,0xFF,0xDA,0xDF,0xFF,0xBA,0xDF,0xFF,0xBA,0xDF,
    0xFF,0xDA,0xDF,0xFF,0xDA,0xE7,0xFF,0xDA,0xE7,0xFF,0xDA,0xE7,0xFF,0xDA,0xE7,0xFF,
    0xDA,0xE7,0xFF,0xDA,0xE7,0xFF,0xDA,0xE7,0xFF,0xDA,0xE7,0xFF,0xDA,0xE7,0xFF,0xDA,
    0xE7,0xFF,0xDA,0xE7,0xFF,0xDA,0xE7,0xFF,0xDA,0xE7,0xFF,0xDA,0xE7,0xFF,0xDA,0xE7,
    0xFF,0xDA,0xE7,0xFF,0xDA,0xE7,0xFF,0xDA,0xE7,0xFF,0xDA,0xE7,0xFF,0xDA,0xE7,0xFF,
    0xDA,0xE7,0xFF,0xDA,0xE7,0xFF,0xDA,0xDF,0xFF,0xBA,0xDF,0xFF,0xBA,0xDF,0xFF,0xBA,
    0xDF,0xFF,0xDA,0xE7,0xFF,0xDA,0xE7,0xFF,0xDA,0xE7,0xFF,0xDA,0xDF,0xFF,0x59,0xBF,
    0xFF,0xF9,0xA6,0xFF,0x7A,0xC7,0xFF,0xDA,0xE7,0xFF,0xDA,0xE7,0xFF,0xBA,0xDF,0xFF,
    0xBA,0xDF,0xFF,0xDA,0xE7,0xFF,0xDA,0xE7,0xFF,0xDA,0xE7,0xFF,0xDA,0xE7,0xFF,0xDA,
    0xE7,0xFF,0xDA,0xE7,0xFF,0xDA,0xE7,0xFF,0xDA,0xE7,0xFF,0xDA,0xE7,0xFF,0xDA,0xE7,
    0xFF,0xDA,0xE7,0xFF,0xDA,0xE7,0xFF,0xDA,0xE7,0xFF,0xDA,0xE7,0xFF,0xDA,0xE7,0xFF,
    0xDA,0xE7,0xFF,0xDA,0xE7,0xFF,0xBA,0xE7,0xFF,0xFB,0xEF,0xFF,0x97,0xC6,0xFF,0xC9,
    0x5A,0xFF,0x0B,0x9F,0xFF,0xAF,0xD7,0xFF,0x2B,0x9F,0xFF,0xEA,0x96,0xFF,0x26,0x7E,
    0xFF,0xC9,0x8E,0xFF,0x06,0x76,0xFF,0xC5,0x75,0xFF,0xE5,0x75,0xFF,0xE5,0x75,0xFF,
    0xE5,0x75,0xFF,0xE5,0x75,0xFF,0xE5,0x75,0xFF,0xE5,0x75,0xFF,0xE5,0x75,0xFF,0xE5,
    0x75,0xFF,0xE5,0x75,0xFF,0xE5,0x75,0xFF,0xE5,0x75,0xFF,0xE5,0x75,0xFF,0xC5,0x75,
    0xFF,0x05,0x76,0xFF,0x84,0x5C,0xFF,0x25,0x65,0xFF,0x84,0x5C,0xFF,0x03,0x54,0xFF,
    0x45,0x42,0xFF,0x94,0xB5,0xFF,0xDB,0xEF,0xFF,0xBA,0xDF,0xFF,0xF8,0x4D,0xFF,0xF8,
    0x4D,0xFF,0xF8,0x4D,0xFF,0xF8,0x4D,0xFF,0xF8,0x4D,0xFF,0xF8,0x55,0xFF,0xF8,0x4D,
    0xFF,0xF8,0x4D,0xFF,0xF8,0x4D,0xFF,0xF8,0x4D,0xFF,0xF8,0x4D,0xFF,0xF8,0x4D,0xFF,
    0xF8,0x4D,0xFF,0xF8,0x4D,0xFF,0xF8,0x4D,0xFF,0xF8,0x4D,0xFF,0xF8,0x4D,0xFF,0xF8,
    0x4D,0xFF,0xF8,0x4D,0xFF,0xD8,0x45,0xFF,0x18,0x5E,0xFF,0xB9,0x8E,0xFF,0x39,0xB7,
    0xFF,0x9A,0xD7,0xFF,0xBA,0xDF,0xFF,0xDA,0xE7,0xFF,0xDA,0xE7,0xFF,0xBA,0xDF,0xFF,
    0xBA,0xDF,0xFF,0xDA,0xDF,0xFF,0xDA,0xDF,0xFF,0xDA,0xE7,0xFF,0xDA,0xE7,0xFF,0xDA,
    0xE7,0xFF,0xDA,0xE7,0xFF,0xDA,0xE7,0xFF,0xDA,0xE7,0xFF,0xDA,0xE7,0xFF,0xDA,0xE7,
    0xFF,0xDA,0xE7,0xFF,0xDA,0xE7,0xFF,0xDA,0xE7,0xFF,0xDA,0xE7,0xFF,0xDA,0xDF,0xFF,
    0xDA,0xDF,0xFF,0xBA,0xDF,0xFF,0xDA,0xDF,0xFF,0xDA,0xE7,0xFF,0xDA,0xE7,0xFF,0xBA,
    0xDF,0xFF,0xBA,0xD7,0xFF,0x39,0xB7,0xFF,0x99,0x86,0xFF,0xF8,0x55,0xFF,0xD8,0x45,
    0xFF,0xF8,0x4D,0xFF,0xF8,0x4D,0xFF,0xF8,0x4D,0xFF,0xF8,0x4D,0xFF,0xD8,0x4D,0xFF,
    0xD8,0x45,0xFF,0x38,0x66,0xFF,0xB9,0x86,0xFF,0xF9,0xA6,0xFF,0x19,0xAF,0xFF,0x7A,
    0xC7,0xFF,0xDA,0xE7,0xFF,0xDA,0xE7,0xFF,0xDA,0xE7,0xFF,0xDA,0xE7,0xFF,0xBA,0xDF,
    0xFF,0xDA,0xDF,0xFF,0xDA,0xDF,0xFF,0xDA,0xDF,0xFF,0xDA,0xDF,0xFF,0xDA,0xDF,0xFF,
    0xDA,0xDF,0xFF,0xDA,0xDF,0xFF,0xDA,0xDF,0xFF,0xDA,0xDF,0xFF,0xBA,0xDF,0xFF,0xDA,
    0xE7,0xFF,0xDA,0xE7,0xFF,0xDA,0xE7,0xFF,0xDA,0xEF,0xFF,0xDA,0xE7,0xFF,0xDA,0xDF,
    0xFF,0xBA,0xDF,0xFF,0xDA,0xE7,0xFF,0xDA,0xE7,0xFF,0xDA,0xE7,0xFF,0xDA,0xE7,0xFF,
    0xDA,0xE7,0xFF,0xDA,0xE7,0xFF,0xDA,0xE7,0xFF,0xDA,0xE7,0xFF,0xDA,0xE7,0xFF,0xDA,
    0xE7,0xFF,0xDA,0xE7,0xFF,0xDA,0xE7,0xFF,0xDA,0xE7,0xFF,0xDA,0xE7,0xFF,0xDA,0xE7,
    0xFF,0xDA,0xE7,0xFF,0xDA,0xE7,0xFF,0xDA,0xE7,0xFF,0xDA,0xE7,0xFF,0xDA,0xE7,0xFF,
    0xDA,0xE7,0xFF,0xDA,0xE7,0xFF,0xDA,0xE7,0xFF,0xDA,0xE7,0xFF,0xDA,0xE7,0xFF,0xDA,
    0xE7,0xFF,0xDA,0xE7,0xFF,0xDA,0xE7,0xFF,0xDA,0xE7,0xFF,0xDA,0xE7,0xFF,0xDA,0xE7,
    0xFF,0xDA,0xDF,0xFF,0xDA,0xDF,0xFF,0xDA,0xDF,0xFF,0xDA,0xE7,0xFF,0xDA,0xEF,0xFF,
    0xDA,0xE7,0xFF,0xDA,0xDF,0xFF,0xDA,0xDF,0xFF,0xDA,0xE7,0xFF,0xDA,0xE7,0xFF,0xDA,
    0xE7,0xFF,0xDA,0xE7,0xFF,0xDA,0xE7,0xFF,0xDA,0xE7,0xFF,0xDA,0xE7,0xFF,0xDA,0xE7,
    0xFF,0xDA,0xE7,0xFF,0xDA,0xE7,0xFF,0xDA,0xE7,0xFF,0xDA,0xE7,0xFF,0xDA,0xE7,0xFF,
    0xDA,0xE7,0xFF,0xDA,0xE7,0xFF,0xDA,0xE7,0xFF,0xDA,0xE7,0xFF,0xDA,0xE7,0xFF,0xDA,
    0xE7,0xFF,0xBA,0xE7,0xFF,0xFB,0xEF,0xFF,0x97,0xC6,0xFF,0xC9,0x5A,0xFF,0x0B,0x9F,
    0xFF,0xAF,0xD7,0xFF,0x2B,0x9F,0xFF,0xEA,0x96,0xFF,0x26,0x7E,0xFF,0xC9,0x8E,0xFF,
    0x06,0x76,0xFF,0xC5,0x75,0xFF,0xE5,0x75,0xFF,0xE5,0x75,0xFF,0xE5,0x75,0xFF,0xE5,
    0x75,0xFF,0xE5,0x75,0xFF,0xE5,0x75,0xFF,0xE5,0x75,0xFF,0xE5,0x75,0xFF,0xE5,0x75,
    0xFF,0xE5,0x75,0xFF,0xE5,0x75,0xFF,0xE5,0x75,0xFF,0xC5,0x75,0xFF,0x05,0x76,0xFF,
    0x84,0x5C,0xFF,0x25,0x65,0xFF,0x84,0x5C,0xFF,0x03,0x54,0xFF,0x45,0x42,0xFF,0xB4,
    0xB5,0xFF,0xFB,0xEF,0xFF,0xBA,0xE7,0xFF,0xF8,0x4D,0xFF,0xF8,0x4D,0xFF,0xD8,0x4D,
    0xFF,0xD8,0x4D,0xFF,0xD8,0x4D,0xFF,0xD8,0x45,0xFF,0xD8,0x4D,0xFF,0xF8,0x4D,0xFF,
    0xF8,0x4D,0xFF,0xF8,0x4D,0xFF,0xF8,0x4D,0xFF,0xF8,0x4D,0xFF,0xF8,0x4D,0xFF,0xF8,
    0x4D,0xFF,0xF8,0x4D,0xFF,0xF8,0x4D,0xFF,0xF8,0x4D,0xFF,0xD8,0x4D,0xFF,0x18,0x5E,
    0xFF,0xB9,0x8E,0xFF,0x59,0xC7,0xFF,0xDA,0xE7,0xFF,0xDA,0xDF,0xFF,0xBA,0xDF,0xFF,
    0xDA,0xDF,0xFF,0xDA,0xDF,0xFF,0xDA,0xDF,0xFF,0xDA,0xE7,0xFF,0xDA,0xE7,0xFF,0xDA,
    0xE7,0xFF,0xDA,0xE7,0xFF,0xDA,0xE7,0xFF,0xDA,0xE7,0xFF,0xDA,0xE7,0xFF,0xDA,0xE7,
    0xFF,0xDA,0xE7,0xFF,0xDA,0xE7,0xFF,0xDA,0xE7,0xFF,0xDA,0xE7,0xFF,0xDA,0xE7,0xFF,
    0xDA,0xE7,0xFF,0xDA,0xE7,0xFF,0xDA,0xE7,0xFF,0xDA,0xE7,0xFF,0xDA,0xE7,0xFF,0xDA,
    0xE7,0xFF,0xDA,0xE7,0xFF,0xDA,0xDF,0xFF,0xDA,0xDF,0xFF,0xBA,0xDF,0xFF,0xBA,0xDF,
    0xFF,0xDA,0xE7,0xFF,0xBA,0xDF,0xFF,0x59,0xBF,0xFF,0xB9,0x8E,0xFF,0x18,0x5E,0xFF,
    0xD8,0x4D,0xFF,0xF8,0x4D,0xFF,0xF8,0x4D,0xFF,0x38,0x6E,0xFF,0xF9,0x9E,0xFF,0x9A,
    0xD7,0xFF,0xBA,0xDF,0xFF,0xDA,0xE7,0xFF,0xDA,0xE7,0xFF,0xDA,0xE7,0xFF,0xBA,0xDF,
    0xFF,0xBA,0xDF,0xFF,0xDA,0xDF,0xFF,0xDA,0xE7,0xFF,0xDA,0xE7,0xFF,0xDA,0xE7,0xFF,
    0xDA,0xE7,0xFF,0xDA,0xE7,0xFF,0xDA,0xE7,0xFF,0xDA,0xE7,0xFF,0xDA,0xE7,0xFF,0xDA,
    0xE7,0xFF,0xDA,0xE7,0xFF,0xDA,0xE7,0xFF,0xDA,0xE7,0xFF,0xDA,0xE7,0xFF,0xDA,0xE7,
    0xFF,0xDA,0xE7,0xFF,0xDA,0xE7,0xFF,0xDA,0xE7,0xFF,0xDA,0xE7,0xFF,0xDA,0xE7,0xFF,
    0xDA,0xE7,0xFF,0xDA,0xE7,0xFF,0xDA,0xE7,0xFF,0xDA,0xE7,0xFF,0xDA,0xE7,0xFF,0xDA,
    0xE7,0xFF,0xDA,0xE7,0xFF,0xDA,0xE7,0xFF,0xDA,0xE7,0xFF,0xDA,0xE7,0xFF,0xDA,0xE7,
    0xFF,0xDA,0xE7,0xFF,0xDA,0xE7,0xFF,0xDA,0xE7,0xFF,0xDA,0xE7,0xFF,0xDA,0xE7,0xFF,
    0xDA,0xE7,0xFF,0xDA,0xE7,0xFF,0xDA,0xE7,0xFF,0xDA,0xE7,0xFF,0xDA,0xE7,0xFF,0xDA,
    0xE7,0xFF,0xDA,0xE7,0xFF,0xDA,0xE7,0xFF,0xDA,0xE7,0xFF,0xDA,0xE7,0xFF,0xDA,0xE7,
    0xFF,0xDA,0xE7,0xFF,0xDA,0xE7,0xFF,0xDA,0xE7,0xFF,0xDA,0xE7,0xFF,0xDA,0xE7,0xFF,
    0xDA,0xE7,0xFF,0xDA,0xE7,0xFF,0xDA,0xE7,0xFF,0xDA,0xE7,0xFF,0xDA,0xE7,0xFF,0xDA,
    0xE7,0xFF,0xDA,0xE7,0xFF,0xDA,0xE7,0xFF,0xDA,0xE7,0xFF,0xDA,0xE7,0xFF,0xDA,0xE7,
    0xFF,0xDA,0xE7,0xFF,0xDA,0xE7,0xFF,0xDA,0xE7,0xFF,0xDA,0xE7,0xFF,0xDA,0xE7,0xFF,
    0xDA,0xE7,0xFF,0xDA,0xE7,0xFF,0xDA,0xE7,0xFF,0xDA,0xE7,0xFF,0xDA,0xE7,0xFF,0xDA,
    0xE7,0xFF,0xDA,0xE7,0xFF,0xDA,0xE7,0xFF,0xDA,0xE7,0xFF,0xDA,0xE7,0xFF,0xBA,0xE7,
    0xFF,0xFB,0xEF,0xFF,0x97,0xC6,0xFF,0xC9,0x5A,0xFF,0x0B,0x9F,0xFF,0xAF,0xD7,0xFF,
    0x2B,0x9F,0xFF,0xEA,0x96,0xFF,0x26,0x7E,0xFF,0xC9,0x8E,0xFF,0x06,0x76,0xFF,0xC5,
    0x75,0xFF,0xE5,0x75,0xFF,0xE5,0x75,0xFF,0xE5,0x75,0xFF,0xE5,0x75,0xFF,0xE5,0x75,
    0xFF,0xE5,0x75,0xFF,0xE5,0x75,0xFF,0xE5,0x75,0xFF,0xE5,0x75,0xFF,0xE5,0x75,0xFF,
    0xE5,0x75,0xFF,0xE5,0x75,0xFF,0xC5,0x75,0xFF,0x05,0x76,0xFF,0x84,0x5C,0xFF,0x25,
    0x65,0xFF,0x84,0x5C,0xFF,0x03,0x54,0xFF,0x45,0x42,0xFF,0xB4,0xB5,0xFF,0xFB,0xEF,
    0xFF,0xBA,0xE7,0xFF,0x59,0xBF,0xFF,0x39,0xB7,0xFF,0x39,0xAF,0xFF,0x19,0xA7,0xFF,
    0xD9,0x96,0xFF,0xB9,0x86,0xFF,0x38,0x66,0xFF,0xF8,0x4D,0xFF,0xF8,0x4D,0xFF,0xD8,
    0x4D,0xFF,0xD8,0x4D,0xFF,0xF8,0x4D,0xFF,0xF8,0x4D,0xFF,0xF8,0x4D,0xFF,0xF8,0x4D,
    0xFF,0xF8,0x4D,0xFF,0xF8,0x4D,0xFF,0x99,0x86,0xFF,0x7A,0xC7,0xFF,0xDA,0xE7,0xFF,
    0xBA,0xDF,0xFF,0xBA,0xDF,0xFF,0xDA,0xDF,0xFF,0xDA,0xE7,0xFF,0xDA,0xE7,0xFF,0xDA,
    0xE7,0xFF,0xDA,0xE7,0xFF,0xDA,0xE7,0xFF,0xDA,0xE7,0xFF,0xDA,0xE7,0xFF,0xDA,0xE7,
    0xFF,0xDA,0xE7,0xFF,0xDA,0xE7,0xFF,0xDA,0xE7,0xFF,0xDA,0xE7,0xFF,0xDA,0xE7,0xFF,
    0xDA,0xE7,0xFF,0xDA,0xE7,0xFF,0xDA,0xE7,0xFF,0xDA,0xE7,0xFF,0xDA,0xE7,0xFF,0xDA,
    0xE7,0xFF,0xDA,0xE7,0xFF,0xDA,0xE7,0xFF,0xDA,0xE7,0xFF,0xDA,0xE7,0xFF,0xDA,0xE7,
    0xFF,0xDA,0xE7,0xFF,0xDA,0xE7,0xFF,0xDA,0xE7,0xFF,0xDA,0xE7,0xFF,0xBA,0xDF,0xFF,
    0xBA,0xDF,0xFF,0xDA,0xE7,0xFF,0xDA,0xE7,0xFF,0x7A,0xCF,0xFF,0x59,0xBF,0xFF,0x59,
    0xBF,0xFF,0x59,0xBF,0xFF,0x9A,0xD7,0xFF,0xDA,0xE7,0xFF,0xDA,0xDF,0xFF,0xBA,0xDF,
    0xFF,0xDA,0xDF,0xFF,0xDA,0xDF,0xFF,0xDA,0xE7,0xFF,0xDA,0xE7,0xFF,0xDA,0xE7,0xFF,
    0xDA,0xE7,0xFF,0xDA,0xE7,0xFF,0xDA,0xE7,0xFF,0xDA,0xE7,0xFF,0xDA,0xE7,0xFF,0xDA,
    0xE7,0xFF,0xDA,0xE7,0xFF,0xDA,0xE7,0xFF,0xDA,0xE7,0xFF,0xDA,0xE7,0xFF,0xDA,0xE7,
    0xFF,0xDA,0xE7,0xFF,0xDA,0xE7,0xFF,0xDA,0xE7,0xFF,0xDA,0xE7,0xFF,0xDA,0xE7,0xFF,
    0xDA,0xE7,0xFF,0xDA,0xE7,0xFF,0xDA,0xE7,0xFF,0xDA,0xE7,0xFF,0xDA,0xE7,0xFF,0xDA,
    0xE7,0xFF,0xDA,0xE7,0xFF,0xDA,0xE7,0xFF,0xDA,0xE7,0xFF,0xDA,0xE7,0xFF,0xDA,0xE7,
    0xFF,0xDA,0xE7,0xFF,0xDA,0xE7,0xFF,0xDA,0xE7,0xFF,0xDA,0xE7,0xFF,0xDA,0xE7,0xFF,
    0xDA,0xE7,0xFF,0xDA,0xE7,0xFF,0xDA,0xE7,0xFF,0xDA,0xE7,0xFF,0xDA,0xE7,0xFF,0xDA,
    0xE7,0xFF,0xDA,0xE7,0xFF,0xDA,0xE7,0xFF,0xDA,0xE7,0xFF,0xDA,0xE7,0xFF,0xDA,0xE7,
    0xFF,0xDA,0xE7,0xFF,0xDA,0xE7,0xFF,0xDA,0xE7,0xFF,0xDA,0xE7,0xFF,0xDA,0xE7,0xFF,
    0xDA,0xE7,0xFF,0xDA,0xE7,0xFF,0xDA,0xE7,0xFF,0xDA,0xE7,0xFF,0xDA,0xE7,0xFF,0xDA,
    0xE7,0xFF,0xDA,0xE7,0xFF,0xDA,0xE7,0xFF,0xDA,0xE7,0xFF,0xDA,0xE7,0xFF,0xDA,0xE7,
    0xFF,0xDA,0xE7,0xFF,0xDA,0xE7,0xFF,0xDA,0xE7,0xFF,0xDA,0xE7,0xFF,0xDA,0xE7,0xFF,
    0xDA,0xE7,0xFF,0xDA,0xE7,0xFF,0xDA,0xE7,0xFF,0xDA,0xE7,0xFF,0xDA,0xE7,0xFF,0xDA,
    0xE7,0xFF,0xDA,0xE7,0xFF,0xDA,0xE7,0xFF,0xDA,0xE7,0xFF,0xDA,0xE7,0xFF,0xDA,0xE7,
    0xFF,0xDA,0xE7,0xFF,0xDA,0xE7,0xFF,0xDA,0xE7,0xFF,0xBA,0xE7,0xFF,0xFB,0xEF,0xFF,
    0x97,0xC6,0xFF,0xC9,0x5A,0xFF,0x0B,0x9F,0xFF,0xAF,0xD7,0xFF,0x2B,0x9F,0xFF,0xEA,
    0x96,0xFF,0x26,0x7E,0xFF,0xC9,0x8E,0xFF,0x06,0x76,0xFF,0xC5,0x75,0xFF,0xE5,0x75,
    0xFF,0xE5,0x75,0xFF,0xE5,0x75,0xFF,0xE5,0x75,0xFF,0xE5,0x75,0xFF,0xE5,0x75,0xFF,
    0xE5,0x75,0xFF,0xE5,0x75,0xFF,0xE5,0x75,0xFF,0xE5,0x75,0xFF,0xE5,0x75,0xFF,0xE5,
    0x75,0xFF,0xC5,0x75,0xFF,0x05,0x76,0xFF,0x84,0x5C,0xFF,0x25,0x65,0xFF,0x84,0x5C,
    0xFF,0x03,0x54,0xFF,0x45,0x42,0xFF,0xB4,0xB5,0xFF,0xFB,0xEF,0xFF,0xBA,0xE7,0xFF,
    0xDA,0xE7,0xFF,0xDA,0xE7,0xFF,0xDA,0xE7,0xFF,0xDA,0xE7,0xFF,0xDA,0xDF,0xFF,0xDA,
    0xE7,0xFF,0x9A,0xCF,0xFF,0x59,0xBF,0xFF,0x59,0xBF,0xFF,0x19,0xAF,0xFF,0x78,0x76,
    0xFF,0xF8,0x55,0xFF,0x18,0x56,0xFF,0x18,0x56,0xFF,0x18,0x56,0xFF,0xF8,0x55,0xFF,
    0x99,0x86,0xFF,0xBA,0xDF,0xFF,0xBA,0xDF,0xFF,0xBA,0xDF,0xFF,0xBA,0xDF,0xFF,0xDA,
    0xE7,0xFF,0xDA,0xE7,0xFF,0xDA,0xE7,0xFF,0xDA,0xE7,0xFF,0xDA,0xE7,0xFF,0xDA,0xE7,
    0xFF,0xDA,0xE7,0xFF,0xDA,0xE7,0xFF,0xDA,0xE7,0xFF,0xDA,0xE7,0xFF,0xDA,0xE7,0xFF,
    0xDA,0xE7,0xFF,0xDA,0xE7,0xFF,0xDA,0xE7,0xFF,0xDA,0xE7,0xFF,0xDA,0xE7,0xFF,0xDA,
    0xE7,0xFF,0xDA,0xE7,0xFF,0xDA,0xE7,0xFF,0xDA,0xE7,0xFF,0xDA,0xE7,0xFF,0xDA,0xE7,
    0xFF,0xDA,0xE7,0xFF,0xDA,0xE7,0xFF,0xDA,0xE7,0xFF,0xDA,0xE7,0xFF,0xDA,0xE7,0xFF,
    0xDA,0xE7,0xFF,0xDA,0xE7,0xFF,0xDA,0xE7,0xFF,0xDA,0xE7,0xFF,0xDA,0xE7,0xFF,0xDA,
    0xDF,0xFF,0xBA,0xDF,0xFF,0xDA,0xE7,0xFF,0xDA,0xE7,0xFF,0xDA,0xE7,0xFF,0xDA,0xE7,
    0xFF,0xDA,0xE7,0xFF,0xBA,0xDF,0xFF,0xDA,0xE7,0xFF,0xDA,0xE7,0xFF,0xDA,0xE7,0xFF,
    0xDA,0xE7,0xFF,0xDA,0xE7,0xFF,0xDA,0xE7,0xFF,0xDA,0xE7,0xFF,0xDA,0xE7,0xFF,0xDA,
    0xE7,0xFF,0xDA,0xE7,0xFF,0xDA,0xE7,0xFF,0xDA,0xE7,0xFF,0xDA,0xE7,0xFF,0xDA,0xE7,
    0xFF,0xDA,0xE7,0xFF,0xDA,0xE7,0xFF,0xDA,0xE7,0xFF,0xDA,0xE7,0xFF,0xDA,0xE7,0xFF,
    0xDA,0xE7,0xFF,0xDA,0xE7,0xFF,0xDA,0xE7,0xFF,0xDA,0xE7,0xFF,0xDA,0xE7,0xFF,0xDA,
    0xE7,0xFF,0xDA,0xE7,0xFF,0xDA,0xE7,0xFF,0xDA,0xE7,0xFF,0xDA,0xE7,0xFF,0xDA,0xE7,
    0xFF,0xDA,0xE7,0xFF,0xDA,0xE7,0xFF,0xDA,0xE7,0xFF,0xDA,0xE7,0xFF,0xDA,0xE7,0xFF,
    0xDA,0xE7,0xFF,0xDA,0xE7,0xFF,0xDA,0xE7,0xFF,0xDA,0xE7,0xFF,0xDA,0xE7,0xFF,0xDA,
    0xE7,0xFF,0xDA,0xE7,0xFF,0xDA,0xE7,0xFF,0xDA,0xE7,0xFF,0xDA,0xE7,0xFF,0xDA,0xE7,
    0xFF,0xDA,0xE7,0xFF,0xDA,0xE7,0xFF,0xDA,0xE7,0xFF,0xDA,0xE7,0xFF,0xDA,0xE7,0xFF,
    0xDA,0xE7,0xFF,0xDA,0xE7,0xFF,0xDA,0xE7,0xFF,0xDA,0xE7,0xFF,0xDA,0xE7,0xFF,0xDA,
    0xE7,0xFF,0xDA,0xE7,0xFF,0xDA,0xE7,0xFF,0xDA,0xE7,0xFF,0xDA,0xE7,0xFF,0xDA,0xE7,
    0xFF,0xDA,0xE7,0xFF,0xDA,0xE7,0xFF,0xDA,0xE7,0xFF,0xDA,0xE7,0xFF,0xDA,0xE7,0xFF,
    0xDA,0xE7,0xFF,0xDA,0xE7,0xFF,0xDA,0xE7,0xFF,0xDA,0xE7,0xFF,0xDA,0xE7,0xFF,0xDA,
    0xE7,0xFF,0xDA,0xE7,0xFF,0xDA,0xE7,0xFF,0xDA,0xE7,0xFF,0xDA,0xE7,0xFF,0xDA,0xE7,
    0xFF,0xDA,0xE7,0xFF,0xDA,0xE7,0xFF,0xDA,0xE7,0xFF,0xDA,0xE7,0xFF,0xDA,0xE7,0xFF,
    0xDA,0xE7,0xFF,0xDA,0xE7,0xFF,0xBA,0xE7,0xFF,0xFB,0xEF,0xFF,0x97,0xC6,0xFF,0xC9,
    0x5A,0xFF,0x0B,0x9F,0xFF,0xAF,0xD7,0xFF,0x2B,0x9F,0xFF,0xEA,0x96,0xFF,0x26,0x7E,
    0xFF,0xC9,0x8E,0xFF,0x06,0x76,0xFF,0xC5,0x75,0xFF,0xE5,0x75,0xFF,0xE5,0x75,0xFF,
    0xE5,0x75,0xFF,0xE5,0x75,0xFF,0xE5,0x75,0xFF,0xE5,0x75,0xFF,0xE5,0x75,0xFF,0xE5,
    0x75,0xFF,0xE5,0x75,0xFF,0xE5,0x75,0xFF,0xE5,0x75,0xFF,0xE5,0x75,0xFF,0xC5,0x75,
    0xFF,0x05,0x76,0xFF,0x84,0x5C,0xFF,0x25,0x65,0xFF,0x84,0x5C,0xFF,0x03,0x54,0xFF,
    0x45,0x42,0xFF,0xB4,0xB5,0xFF,0xFB,0xEF,0xFF,0xBA,0xE7,0xFF,0xDA,0xE7,0xFF,0xDA,
    0xE7,0xFF,0xDA,0xE7,0xFF,0xDA,0xE7,0xFF,0xDA,0xE7,0xFF,0xBA,0xDF,0xFF,0xDA,0xE7,
    0xFF,0xDA,0xE7,0xFF,0xDA,0xE7,0xFF,0xDA,0xE7,0xFF,0xBA,0xD7,0xFF,0x9A,0xCF,0xFF,
    0x9A,0xCF,0xFF,0x7A,0xCF,0xFF,0x9A,0xCF,0xFF,0x9A,0xCF,0xFF,0xBA,0xD7,0xFF,0xBA,
    0xDF,0xFF,0xBA,0xDF,0xFF,0xDA,0xE7,0xFF,0xDA,0xE7,0xFF,0xDA,0xE7,0xFF,0xDA,0xE7,
    0xFF,0xDA,0xE7,0xFF,0xDA,0xE7,0xFF,0xDA,0xE7,0xFF,0xDA,0xE7,0xFF,0xDA,0xE7,0xFF,
    0xDA,0xE7,0xFF,0xDA,0xE7,0xFF,0xDA,0xE7,0xFF,0xDA,0xE7,0xFF,0xDA,0xE7,0xFF,0xDA,
    0xE7,0xFF,0xDA,0xE7,0xFF,0xDA,0xE7,0xFF,0xDA,0xE7,0xFF,0xDA,0xE7,0xFF,0xDA,0xE7,
    0xFF,0xDA,0xE7,0xFF,0xDA,0xE7,0xFF,0xDA,0xE7,0xFF,0xDA,0xE7,0xFF,0xDA,0xE7,0xFF,
    0xDA,0xE7,0xFF,0xDA,0xE7,0xFF,0xDA,0xE7,0xFF,0xDA,0xE7,0xFF,0xDA,0xE7,0xFF,0xDA,
    0xE7,0xFF,0xDA,0xE7,0xFF,0xDA,0xE7,0xFF,0xDA,0xE7,0xFF,0xDA,0xE7,0xFF,0xDA,0xE7,
    0xFF,0xDA,0xE7,0xFF,0xDA,0xE7,0xFF,0xDA,0xE7,0xFF,0xDA,0xE7,0xFF,0xDA,0xE7,0xFF,
    0xDA,0xE7,0xFF,0xDA,0xE7,0xFF,0xDA,0xE7,0xFF,0xDA,0xE7,0xFF,0xDA,0xE7,0xFF,0xDA,
    0xE7,0xFF,0xDA,0xE7,0xFF,0xDA,0xE7,0xFF,0xDA,0xE7,0xFF,0xDA,0xE7,0xFF,0xDA,0xE7,
    0xFF,0xDA,0xE7,0xFF,0xDA,0xE7,0xFF,0xDA,0xE7,0xFF,0xDA,0xE7,0xFF,0xDA,0xE7,0xFF,
    0xDA,0xE7,0xFF,0xDA,0xE7,0xFF,0xDA,0xE7,0xFF,0xDA,0xE7,0xFF,0xDA,0xE7,0xFF,0xDA,
    0xE7,0xFF,0xDA,0xE7,0xFF,0xDA,0xE7,0xFF,0xDA,0xE7,0xFF,0xDA,0xE7,0xFF,0xDA,0xE7,
    0xFF,0xDA,0xE7,0xFF,0xDA,0xE7,0xFF,0xDA,0xE7,0xFF,0xDA,0xE7,0xFF,0xDA,0xE7,0xFF,
    0xDA,0xE7,0xFF,0xDA,0xE7,0xFF,0xDA,0xE7,0xFF,0xDA,0xE7,0xFF,0xDA,0xE7,0xFF,0xDA,
    0xE7,0xFF,0xDA,0xE7,0xFF,0xDA,0xE7,0xFF,0xDA,0xE7,0xFF,0xDA,0xE7,0xFF,0xDA,0xE7,
    0xFF,0xDA,0xE7,0xFF,0xDA,0xE7,0xFF,0xDA,0xE7,0xFF,0xDA,0xE7,0xFF,0xDA,0xE7,0xFF,
    0xDA,0xE7,0xFF,0xDA,0xE7,0xFF,0xDA,0xE7,0xFF,0xDA,0xE7,0xFF,0xDA,0xE7,0xFF,0xDA,
    0xE7,0xFF,0xDA,0xE7,0xFF,0xDA,0xE7,0xFF,0xDA,0xE7,0xFF,0xDA,0xE7,0xFF,0xDA,0xE7,
    0xFF,0xDA,0xE7,0xFF,0xDA,0xE7,0xFF,0xDA,0xE7,0xFF,0xDA,0xE7,0xFF,0xDA,0xE7,0xFF,
    0xDA,0xE7,0xFF,0xDA,0xE7,0xFF,0xDA,0xE7,0xFF,0xDA,0xE7,0xFF,0xDA,0xE7,0xFF,0xDA,
    0xE7,0xFF,0xDA,0xE7,0xFF,0xDA,0xE7,0xFF,0xDA,0xE7,0xFF,0xDA,0xE7,0xFF,0xDA,0xE7,
    0xFF,0xDA,0xE7,0xFF,0xDA,0xE7,0xFF,0xDA,0xE7,0xFF,0xDA,0xE7,0xFF,0xDA,0xE7,0xFF,
    0xDA,0xE7,0xFF,0xDA,0xE7,0xFF,0xDA,0xE7,0xFF,0xDA,0xE7,0xFF,0xDA,0xE7,0xFF,0xDA,
    0xE7,0xFF,0xBA,0xE7,0xFF,0xFB,0xEF,0xFF,0x97,0xC6,0xFF,0xC9,0x5A,0xFF,0x0B,0x9F,
    0xFF,0xAF,0xD7,0xFF,0x2B,0x9F,0xFF,0xEA,0x96,0xFF,0x26,0x7E,0xFF,0xC9,0x8E,0xFF,
    0x06,0x76,0xFF,0xC5,0x75,0xFF,0xE5,0x75,0xFF,0xE5,0x75,0xFF,0xE5,0x75,0xFF,0xE5,
    0x75,0xFF,0xE5,0x75,0xFF,0xE5,0x75,0xFF,0xE5,0x75,0xFF,0xE5,0x75,0xFF,0xE5,0x75,
    0xFF,0xE5,0x75,0xFF,0xE5,0x75,0xFF,0xE5,0x75,0xFF,0xC5,0x75,0xFF,0x05,0x76,0xFF,
    0x84,0x5C,0xFF,0x25,0x65,0xFF,0x84,0x5C,0xFF,0x03,0x54,0xFF,0x45,0x42,0xFF,0xB4,
    0xB5,0xFF,0xFB,0xEF,0xFF,0xBA,0xE7,0xFF,0xDA,0xE7,0xFF,0xDA,0xE7,0xFF,0xDA,0xE7,
    0xFF,0xDA,0xE7,0xFF,0xDA,0xE7,0xFF,0xDA,0xE7,0xFF,0xDA,0xE7,0xFF,0xDA,0xDF,0xFF,
    0xDA,0xDF,0xFF,0xBA,0xDF,0xFF,0xDA,0xE7,0xFF,0xDA,0xE7,0xFF,0xDA,0xE7,0xFF,0xDA,
    0xE7,0xFF,0xDA,0xE7,0xFF,0xDA,0xE7,0xFF,0xDA,0xE7,0xFF,0xDA,0xE7,0xFF,0xDA,0xE7,
    0xFF,0xDA,0xE7,0xFF,0xDA,0xE7,0xFF,0xDA,0xE7,0xFF,0xDA,0xE7,0xFF,0xDA,0xE7,0xFF,
    0xDA,0xE7,0xFF,0xDA,0xE7,0xFF,0xDA,0xE7,0xFF,0xDA,0xE7,0xFF,0xDA,0xE7,0xFF,0xDA,
    0xE7,0xFF,0xDA,0xE7,0xFF,0xDA,0xE7,0xFF,0xDA,0xE7,0xFF,0xDA,0xE7,0xFF,0xDA,0xE7,
    0xFF,0xDA,0xE7,0xFF,0xDA,0xE7,0xFF,0xDA,0xE7,0xFF,0xDA,0xE7,0xFF,0xDA,0xE7,0xFF,
    0xDA,0xE7,0xFF,0xDA,0xE7,0xFF,0xDA,0xE7,0xFF,0xDA,0xE7,0xFF,0xDA,0xE7,0xFF,0xDA,
    0xE7,0xFF,0xDA,0xE7,0xFF,0xDA,0xE7,0xFF,0xDA,0xE7,0xFF,0xDA,0xE7,0xFF,0xDA,0xE7,
    0xFF,0xDA,0xE7,0xFF,0xDA,0xE7,0xFF,0xDA,0xE7,0xFF,0xDA,0xE7,0xFF,0xDA,0xE7,0xFF,
    0xDA,0xE7,0xFF,0xDA,0xE7,0xFF,0xDA,0xE7,0xFF,0xDA,0xE7,0xFF,0xDA,0xE7,0xFF,0xDA,
    0xE7,0xFF,0xDA,0xE7,0xFF,0xDA,0xE7,0xFF,0xDA,0xE7,0xFF,0xDA,0xE7,0xFF,0xDA,0xE7,
    0xFF,0xDA,0xE7,0xFF,0xDA,0xE7,0xFF,0xDA,0xE7,0xFF,0xDA,0xE7,0xFF,0xDA,0xE7,0xFF,
    0xDA,0xE7,0xFF,0xDA,0xE7,0xFF,0xDA,0xE7,0xFF,0xDA,0xE7,0xFF,0xDA,0xE7,0xFF,0xDA,
    0xE7,0xFF,0xDA,0xE7,0xFF,0xDA,0xE7,0xFF,0xDA,0xE7,0xFF,0xDA,0xE7,0xFF,0xDA,0xE7,
    0xFF,0xDA,0xE7,0xFF,0xDA,0xE7,0xFF,0xDA,0xE7,0xFF,0xDA,0xE7,0xFF,0xDA,0xE7,0xFF,
    0xDA,0xE7,0xFF,0xDA,0xE7,0xFF,0xDA,0xE7,0xFF,0xDA,0xE7,0xFF,0xDA,0xE7,0xFF,0xDA,
    0xE7,0xFF,0xDA,0xE7,0xFF,0xDA,0xE7,0xFF,0xDA,0xE7,0xFF,0xDA,0xE7,0xFF,0xDA,0xE7,
    0xFF,0xDA,0xE7,0xFF,0xDA,0xE7,0xFF,0xDA,0xE7,0xFF,0xDA,0xE7,0xFF,0xDA,0xE7,0xFF,
    0xDA,0xE7,0xFF,0xDA,0xE7,0xFF,0xDA,0xE7,0xFF,0xDA,0xE7,0xFF,0xDA,0xE7,0xFF,0xDA,
    0xE7,0xFF,0xDA,0xE7,0xFF,0xDA,0xE7,0xFF,0xDA,0xE7,0xFF,0xDA,0xE7,0xFF,0xDA,0xE7,
    0xFF,0xDA,0xE7,0xFF,0xDA,0xE7,0xFF,0xDA,0xE7,0xFF,0xDA,0xE7,0xFF,0xDA,0xE7,0xFF,
    0xDA,0xE7,0xFF,0xDA,0xE7,0xFF,0xDA,0xE7,0xFF,0xDA,0xE7,0xFF,0xDA,0xE7,0xFF,0xDA,
    0xE7,0xFF,0xDA,0xE7,0xFF,0xDA,0xE7,0xFF,0xDA,0xE7,0xFF,0xDA,0xE7,0xFF,0xDA,0xE7,
    0xFF,0xDA,0xE7,0xFF,0xDA,0xE7,0xFF,0xDA,0xE7,0xFF,0xDA,0xE7,0xFF,0xDA,0xE7,0xFF,
    0xDA,0xE7,0xFF,0xDA,0xE7,0xFF,0xDA,0xE7,0xFF,0xDA,0xE7,0xFF,0xDA,0xE7,0xFF,0xDA,
    0xE7,0xFF,0xDA,0xE7,0xFF,0xDA,0xE7,0xFF,0xDA,0xE7,0xFF,0xDA,0xE7,0xFF,0xBA,0xE7,
    0xFF,0xFB,0xE7,0xFF,0x97,0xC6,0xFF,0xC9,0x5A,0xFF,0x0B,0x9F,0xFF,0xAF,0xD7,0xFF,
    0x2B,0x9F,0xFF,0xEA,0x96,0xFF,0x26,0x7E,0xFF,0xC9,0x8E,0xFF,0x06,0x76,0xFF,0xC5,
    0x75,0xFF,0xE5,0x75,0xFF,0xE5,0x75,0xFF,0xE5,0x75,0xFF,0xE5,0x75,0xFF,0xE5,0x75,
    0xFF,0xE5,0x75,0xFF,0xE5,0x75,0xFF,0xE5,0x75,0xFF,0xE5,0x75,0xFF,0xE5,0x75,0xFF,
    0xE5,0x75,0xFF,0xE5,0x75,0xFF,0xC5,0x75,0xFF,0x05,0x76,0xFF,0x84,0x5C,0xFF,0x25,
    0x65,0xFF,0x84,0x5C,0xFF,0x03,0x54,0xFF,0x45,0x42,0xFF,0xB4,0xB5,0xFF,0xFB,0xEF,
    0xFF,0xBA,0xE7,0xFF,0xDA,0xE7,0xFF,0xDA,0xE7,0xFF,0xDA,0xE7,0xFF,0xDA,0xE7,0xFF,
    0xDA,0xE7,0xFF,0xDA,0xE7,0xFF,0xDA,0xE7,0xFF,0xDA,0xE7,0xFF,0xDA,0xE7,0xFF,0xDA,
    0xE7,0xFF,0xDA,0xE7,0xFF,0xDA,0xE7,0xFF,0xDA,0xE7,0xFF,0xDA,0xE7,0xFF,0xDA,0xE7,
    0xFF,0xDA,0xE7,0xFF,0xDA,0xE7,0xFF,0xDA,0xE7,0xFF,0xDA,0xE7,0xFF,0xDA,0xE7,0xFF,
    0xDA,0xE7,0xFF,0xDA,0xE7,0xFF,0xDA,0xE7,0xFF,0xDA,0xE7,0xFF,0xDA,0xE7,0xFF,0xDA,
    0xE7,0xFF,0xDA,0xE7,0xFF,0xDA,0xE7,0xFF,0xDA,0xE7,0xFF,0xDA,0xE7,0xFF,0xDA,0xE7,
    0xFF,0xDA,0xE7,0xFF,0xDA,0xE7,0xFF,0xDA,0xE7,0xFF,0xDA,0xE7,0xFF,0xDA,0xE7,0xFF,
    0xDA,0xE7,0xFF,0xDA,0xE7,0xFF,0xDA,0xE7,0xFF,0xDA,0xE7,0xFF,0xDA,0xE7,0xFF,0xDA,
    0xE7,0xFF,0xDA,0xE7,0xFF,0xDA,0xE7,0xFF,0xDA,0xE7,0xFF,0xDA,0xE7,0xFF,0xDA,0xE7,
    0xFF,0xDA,0xE7,0xFF,0xDA,0xE7,0xFF,0xDA,0xE7,0xFF,0xDA,0xE7,0xFF,0xDA,0xE7,0xFF,
    0xDA,0xE7,0xFF,0xDA,0xE7,0xFF,0xDA,0xE7,0xFF,0xDA,0xE7,0xFF,0xDA,0xE7,0xFF,0xDA,
    0xE7,0xFF,0xDA,0xE7,0xFF,0xDA,0xE7,0xFF,0xDA,0xE7,0xFF,0xDA,0xE7,0xFF,0xDA,0xE7,
    0xFF,0xDA,0xE7,0xFF,0xDA,0xE7,0xFF,0xDA,0xE7,0xFF,0xDA,0xE7,0xFF,0xDA,0xE7,0xFF,
    0xDA,0xE7,0xFF,0xDA,0xE7,0xFF,0xDA,0xE7,0xFF,0xDA,0xE7,0xFF,0xDA,0xE7,0xFF,0xDA,
    0xE7,0xFF,0xDA,0xE7,0xFF,0xDA,0xE7,0xFF,0xDA,0xE7,0xFF,0xDA,0xE7,0xFF,0xDA,0xE7,
    0xFF,0xDA,0xE7,0xFF,0xDA,0xE7,0xFF,0xDA,0xE7,0xFF,0xDA,0xE7,0xFF,0xDA,0xE7,0xFF,
    0xDA,0xE7,0xFF,0xDA,0xE7,0xFF,0xDA,0xE7,0xFF,0xDA,0xE7,0xFF,0xDA,0xE7,0xFF,0xDA,
    0xE7,0xFF,0xDA,0xE7,0xFF,0xDA,0xE7,0xFF,0xDA,0xE7,0xFF,0xDA,0xE7,0xFF,0xDA,0xE7,
    0xFF,0xDA,0xE7,0xFF,0xDA,0xE7,0xFF,0xDA,0xE7,0xFF,0xDA,0xE7,0xFF,0xDA,0xE7,0xFF,
    0xDA,0xE7,0xFF,0xDA,0xE7,0xFF,0xDA,0xE7,0xFF,0xDA,0xE7,0xFF,0xDA,0xE7,0xFF,0xDA,
    0xE7,0xFF,0xDA,0xE7,0xFF,0xDA,0xE7,0xFF,0xDA,0xE7,0xFF,0xDA,0xE7,0xFF,0xDA,0xE7,
    0xFF,0xDA,0xE7,0xFF,0xDA,0xE7,0xFF,0xDA,0xE7,0xFF,0xDA,0xE7,0xFF,0xDA,0xE7,0xFF,
    0xDA,0xE7,0xFF,0xDA,0xE7,0xFF,0xDA,0xE7,0xFF,0xDA,0xE7,0xFF,0xDA,0xE7,0xFF,0xDA,
    0xE7,0xFF,0xDA,0xE7,0xFF,0xDA,0xE7,0xFF,0xDA,0xE7,0xFF,0xDA,0xE7,0xFF,0xDA,0xE7,
    0xFF,0xDA,0xE7,0xFF,0xDA,0xE7,0xFF,0xDA,0xE7,0xFF,0xDA,0xE7,0xFF,0xDA,0xE7,0xFF,
    0xDA,0xE7,0xFF,0xDA,0xE7,0xFF,0xDA,0xE7,0xFF,0xDA,0xE7,0xFF,0xDA,0xE7,0xFF,0xDA,
    0xE7,0xFF,0xDA,0xE7,0xFF,0xDA,0xE7,0xFF,0xDA,0xE7,0xFF,0xDA,0xE7,0xFF,0xDA,0xE7,
    0xFF,0xDA,0xE7,0xFF,0xDA,0xE7,0xFF,0xDA,0xE7,0xFF,0xBA,0xE7,0xFF,0xFB,0xEF,0xFF,
    0x97,0xC6,0xFF,0xC9,0x5A,0xFF,0x0B,0x9F,0xFF,0xAF,0xD7,0xFF,0x2B,0x9F,0xFF,0xEA,
    0x96,0xFF,0x26,0x7E,0xFF,0xC9,0x8E,0xFF,0x06,0x76,0xFF,0xC5,0x75,0xFF,0xE5,0x75,
    0xFF,0xE5,0x75,0xFF,0xE5,0x75,0xFF,0xE5,0x75,0xFF,0xE5,0x75,0xFF,0xE5,0x75,0xFF,
    0xE5,0x75,0xFF,0xE5,0x75,0xFF,0xE5,0x75,0xFF,0xE5,0x75,0xFF,0xE5,0x75,0xFF,0xE5,
    0x75,0xFF,0xC5,0x75,0xFF,0x05,0x76,0xFF,0x84,0x5C,0xFF,0x25,0x65,0xFF,0x84,0x5C,
    0xFF,0x03,0x54,0xFF,0x45,0x42,0xFF,0xB4,0xB5,0xFF,0xFB,0xEF,0xFF,0xBA,0xE7,0xFF,
    0x99,0xD7,0xFF,0x99,0xD7,0xFF,0x99,0xD7,0xFF,0x99,0xD7,0xFF,0x99,0xD7,0xFF,0x9A,
    0xCF,0xFF,0x7A,0xCF,0xFF,0x7A,0xCF,0xFF,0x7A,0xCF,0xFF,0x7A,0xCF,0xFF,0x7A,0xCF,
    0xFF,0x7A,0xCF,0xFF,0x9A,0xCF,0xFF,0x9A,0xD7,0xFF,0xBA,0xDF,0xFF,0xDA,0xE7,0xFF,
    0xDA,0xE7,0xFF,0xDA,0xE7,0xFF,0xDA,0xE7,0xFF,0xDA,0xE7,0xFF,0xDA,0xE7,0xFF,0xDA,
    0xE7,0xFF,0xDA,0xE7,0xFF,0xDA,0xE7,0xFF,0xDA,0xE7,0xFF,0xDA,0xE7,0xFF,0xDA,0xE7,
    0xFF,0xDA,0xE7,0xFF,0xDA,0xE7,0xFF,0xDA,0xE7,0xFF,0xDA,0xE7,0xFF,0xDA,0xE7,0xFF,
    0xDA,0xE7,0xFF,0xDA,0xE7,0xFF,0xDA,0xE7,0xFF,0xDA,0xE7,0xFF,0xDA,0xE7,0xFF,0xDA,
    0xE7,0xFF,0xDA,0xE7,0xFF,0xDA,0xE7,0xFF,0xDA,0xE7,0xFF,0xDA,0xE7,0xFF,0xDA,0xE7,
    0xFF,0xDA,0xE7,0xFF,0xDA,0xE7,0xFF,0xDA,0xE7,0xFF,0xDA,0xE7,0xFF,0xDA,0xE7,0xFF,
    0xDA,0xE7,0xFF,0xDA,0xE7,0xFF,0xDA,0xE7,0xFF,0xDA,0xE7,0xFF,0xDA,0xE7,0xFF,0xDA,
    0xE7,0xFF,0xDA,0xE7,0xFF,0xDA,0xE7,0xFF,0xDA,0xE7,0xFF,0xDA,0xE7,0xFF,0xDA,0xE7,
    0xFF,0xDA,0xE7,0xFF,0xDA,0xE7,0xFF,0xDA,0xE7,0xFF,0xDA,0xE7,0xFF,0xDA,0xE7,0xFF,
    0xDA,0xE7,0xFF,0xDA,0xE7,0xFF,0xDA,0xDF,0xFF,0xBA,0xDF,0xFF,0x99,0xD7,0xFF,0x99,
    0xD7,0xFF,0x99,0xD7,0xFF,0x99,0xD7,0xFF,0x99,0xD7,0xFF,0x99,0xD7,0xFF,0x9A,0xCF,
    0xFF,0x9A,0xCF,0xFF,0x7A,0xCF,0xFF,0x7A,0xCF,0xFF,0x7A,0xCF,0xFF,0x7A,0xCF,0xFF,
    0x7A,0xCF,0xFF,0x9A,0xCF,0xFF,0x9A,0xD7,0xFF,0x9A,0xD7,0xFF,0xDA,0xDF,0xFF,0xDA,
    0xE7,0xFF,0xDA,0xE7,0xFF,0xDA,0xE7,0xFF,0xDA,0xE7,0xFF,0xDA,0xE7,0xFF,0xDA,0xE7,
    0xFF,0xDA,0xE7,0xFF,0xDA,0xE7,0xFF,0xDA,0xE7,0xFF,0xDA,0xE7,0xFF,0xDA,0xE7,0xFF,
    0xDA,0xE7,0xFF,0xDA,0xE7,0xFF,0xDA,0xE7,0xFF,0xDA,0xE7,0xFF,0xDA,0xE7,0xFF,0xDA,
    0xE7,0xFF,0xDA,0xE7,0xFF,0xDA,0xE7,0xFF,0xDA,0xE7,0xFF,0xDA,0xE7,0xFF,0xDA,0xE7,
    0xFF,0xDA,0xE7,0xFF,0xDA,0xE7,0xFF,0xDA,0xE7,0xFF,0xDA,0xE7,0xFF,0xDA,0xE7,0xFF,
    0xDA,0xE7,0xFF,0xDA,0xE7,0xFF,0xDA,0xE7,0xFF,0xDA,0xE7,0xFF,0xDA,0xE7,0xFF,0xDA,
    0xE7,0xFF,0xDA,0xE7,0xFF,0xDA,0xE7,0xFF,0xDA,0xE7,0xFF,0xDA,0xE7,0xFF,0xDA,0xE7,
    0xFF,0xDA,0xE7,0xFF,0xDA,0xE7,0xFF,0xDA,0xE7,0xFF,0xDA,0xE7,0xFF,0xDA,0xE7,0xFF,
    0xDA,0xE7,0xFF,0xDA,0xE7,0xFF,0xDA,0xE7,0xFF,0xDA,0xE7,0xFF,0xDA,0xE7,0xFF,0xDA,
    0xE7,0xFF,0xDA,0xE7,0xFF,0xDA,0xE7,0xFF,0xDA,0xE7,0xFF,0xDA,0xDF,0xFF,0xBA,0xDF,
    0xFF,0x99,0xD7,0xFF,0x99,0xD7,0xFF,0x99,0xD7,0xFF,0x99,0xD7,0xFF,0x99,0xD7,0xFF,
    0x99,0xD7,0xFF,0x9A,0xCF,0xFF,0x7A,0xCF,0xFF,0xBA,0xD7,0xFF,0x57,0xB6,0xFF,0xC9,
    0x5A,0xFF,0x0B,0x9F,0xFF,0xAF,0xD7,0xFF,0x2B,0x9F,0xFF,0xEA,0x96,0xFF,0x26,0x7E,
    0xFF,0xC9,0x8E,0xFF,0x06,0x76,0xFF,0xC5,0x75,0xFF,0xE5,0x75,0xFF,0xE5,0x75,0xFF,
    0xE5,0x75,0xFF,0xE5,0x75,0xFF,0xE5,0x75,0xFF,0xE5,0x75,0xFF,0xE5,0x75,0xFF,0xE5,
    0x75,0xFF,0xE5,0x75,0xFF,0xE5,0x75,0xFF,0xE5,0x75,0xFF,0xE5,0x75,0xFF,0xC5,0x75,
    0xFF,0x05,0x76,0xFF,0x84,0x5C,0xFF,0x25,0x65,0xFF,0x84,0x5C,0xFF,0x03,0x54,0xFF,
    0x45,0x42,0xFF,0xB4,0xB5,0xFF,0xFB,0xEF,0xFF,0xBA,0xE7,0xFF,0x38,0xBF,0xFF,0x38,
    0xBF,0xFF,0x38,0xBF,0xFF,0x57,0xBF,0xFF,0x19,0xAF,0xFF,0xBA,0x96,0xFF,0xD9,0xA6,
    0xFF,0xF9,0xAE,0xFF,0xF9,0xAE,0xFF,0xF9,0xAE,0xFF,0xF9,0xAE,0xFF,0xF9,0xAE,0xFF,
    0xFA,0xA6,0xFF,0xDA,0x9E,0xFF,0x5A,0xBF,0xFF,0xDA,0xE7,0xFF,0xBA,0xDF,0xFF,0xDA,
    0xE7,0xFF,0xDA,0xE7,0xFF,0xDA,0xE7,0xFF,0xDA,0xE7,0xFF,0xDA,0xE7,0xFF,0xDA,0xE7,
    0xFF,0xDA,0xE7,0xFF,0xDA,0xE7,0xFF,0xDA,0xE7,0xFF,0xDA,0xE7,0xFF,0xDA,0xE7,0xFF,
    0xDA,0xE7,0xFF,0xDA,0xE7,0xFF,0xDA,0xE7,0xFF,0xDA,0xE7,0xFF,0xDA,0xE7,0xFF,0xDA,
    0xE7,0xFF,0xDA,0xE7,0xFF,0xDA,0xE7,0xFF,0xDA,0xE7,0xFF,0xDA,0xE7,0xFF,0xDA,0xE7,
    0xFF,0xDA,0xE7,0xFF,0xDA,0xE7,0xFF,0xDA,0xE7,0xFF,0xDA,0xE7,0xFF,0xDA,0xE7,0xFF,
    0xDA,0xE7,0xFF,0xDA,0xE7,0xFF,0xDA,0xE7,0xFF,0xDA,0xE7,0xFF,0xDA,0xE7,0xFF,0xDA,
    0xE7,0xFF,0xDA,0xE7,0xFF,0xDA,0xE7,0xFF,0xDA,0xE7,0xFF,0xDA,0xE7,0xFF,0xDA,0xE7,
    0xFF,0xDA,0xE7,0xFF,0xDA,0xE7,0xFF,0xDA,0xE7,0xFF,0xDA,0xE7,0xFF,0xDA,0xE7,0xFF,
    0xDA,0xE7,0xFF,0xDA,0xE7,0xFF,0xDA,0xE7,0xFF,0xDA,0xE7,0xFF,0xDA,0xE7,0xFF,0xDA,
    0xDF,0xFF,0xDA,0xE7,0xFF,0x79,0xCF,0xFF,0x37,0xB7,0xFF,0x38,0xBF,0xFF,0x38,0xBF,
    0xFF,0x38,0xBF,0xFF,0x57,0xBF,0xFF,0x18,0xAF,0xFF,0xBA,0x9E,0xFF,0xD9,0xA6,0xFF,
    0xF9,0xAE,0xFF,0xF9,0xAE,0xFF,0xF9,0xAE,0xFF,0xF9,0xAE,0xFF,0xF9,0xAE,0xFF,0xF9,
    0xA6,0xFF,0xDA,0x9E,0xFF,0xFA,0xAE,0xFF,0xBA,0xDF,0xFF,0xBA,0xDF,0xFF,0xDA,0xE7,
    0xFF,0xDA,0xE7,0xFF,0xDA,0xE7,0xFF,0xDA,0xE7,0xFF,0xDA,0xE7,0xFF,0xDA,0xE7,0xFF,
    0xDA,0xE7,0xFF,0xDA,0xE7,0xFF,0xDA,0xE7,0xFF,0xDA,0xE7,0xFF,0xDA,0xE7,0xFF,0xDA,
    0xE7,0xFF,0xDA,0xE7,0xFF,0xDA,0xE7,0xFF,0xDA,0xE7,0xFF,0xDA,0xE7,0xFF,0xDA,0xE7,
    0xFF,0xDA,0xE7,0xFF,0xDA,0xE7,0xFF,0xDA,0xE7,0xFF,0xDA,0xE7,0xFF,0xDA,0xE7,0xFF,
    0xDA,0xE7,0xFF,0xDA,0xE7,0xFF,0xDA,0xE7,0xFF,0xDA,0xE7,0xFF,0xDA,0xE7,0xFF,0xDA,
    0xE7,0xFF,0xDA,0xE7,0xFF,0xDA,0xE7,0xFF,0xDA,0xE7,0xFF,0xDA,0xE7,0xFF,0xDA,0xE7,
    0xFF,0xDA,0xE7,0xFF,0xDA,0xE7,0xFF,0xDA,0xE7,0xFF,0xDA,0xE7,0xFF,0xDA,0xE7,0xFF,
    0xDA,0xE7,0xFF,0xDA,0xE7,0xFF,0xDA,0xE7,0xFF,0xDA,0xE7,0xFF,0xDA,0xE7,0xFF,0xDA,
    0xE7,0xFF,0xDA,0xE7,0xFF,0xDA,0xE7,0xFF,0xDA,0xE7,0xFF,0xDA,0xE7,0xFF,0xDA,0xE7,
    0xFF,0xDA,0xE7,0xFF,0xBA,0xE7,0xFF,0xDA,0xE7,0xFF,0x99,0xD7,0xFF,0x37,0xB7,0xFF,
    0x38,0xBF,0xFF,0x38,0xBF,0xFF,0x38,0xBF,0xFF,0x57,0xBF,0xFF,0x18,0xB7,0xFF,0xDA,
    0x9E,0xFF,0xD9,0x9E,0xFF,0x3A,0xAF,0xFF,0xD6,0x95,0xFF,0xC9,0x5A,0xFF,0x0B,0x9F,
    0xFF,0xAF,0xD7,0xFF,0x2B,0x9F,0xFF,0xEA,0x96,0xFF,0x26,0x7E,0xFF,0xC9,0x8E,0xFF,
    0x06,0x76,0xFF,0xC5,0x75,0xFF,0xE5,0x75,0xFF,0xE5,0x75,0xFF,0xE5,0x75,0xFF,0xE5,
    0x75,0xFF,0xE5,0x75,0xFF,0xE5,0x75,0xFF,0xE5,0x75,0xFF,0xE5,0x75,0xFF,0xE5,0x75,
    0xFF,0xE5,0x75,0xFF,0xE5,0x75,0xFF,0xE5,0x75,0xFF,0xC5,0x75,0xFF,0x05,0x76,0xFF,
    0x84,0x5C,0xFF,0x25,0x65,0xFF,0x84,0x5C,0xFF,0x03,0x54,0xFF,0x45,0x42,0xFF,0xB4,
    0xB5,0xFF,0xFB,0xEF,0xFF,0xBA,0xE7,0xFF,0x19,0xB7,0xFF,0x39,0xBF,0xFF,0x19,0xB7,
    0xFF,0x38,0xBF,0xFF,0xF9,0xAE,0xFF,0xBA,0x8E,0xFF,0x19,0xB7,0xFF,0x78,0xD7,0xFF,
    0x58,0xC7,0xFF,0x58,0xC7,0xFF,0x58,0xCF,0xFF,0x78,0xD7,0xFF,0x39,0xBF,0xFF,0xBA,
    0x96,0xFF,0x5A,0xBF,0xFF,0xBA,0xDF,0xFF,0xBA,0xDF,0xFF,0xBA,0xDF,0xFF,0xBA,0xDF,
    0xFF,0xDA,0xE7,0xFF,0xDA,0xE7,0xFF,0xDA,0xE7,0xFF,0xDA,0xE7,0xFF,0xDA,0xE7,0xFF,
    0xDA,0xE7,0xFF,0xDA,0xE7,0xFF,0xDA,0xE7,0xFF,0xDA,0xE7,0xFF,0xDA,0xE7,0xFF,0xDA,
    0xE7,0xFF,0xDA,0xE7,0xFF,0xDA,0xE7,0xFF,0xDA,0xE7,0xFF,0xDA,0xE7,0xFF,0xDA,0xE7,
    0xFF,0xDA,0xE7,0xFF,0xDA,0xE7,0xFF,0xDA,0xE7,0xFF,0xDA,0xE7,0xFF,0xDA,0xE7,0xFF,
    0xDA,0xE7,0xFF,0xDA,0xE7,0xFF,0xDA,0xE7,0xFF,0xBA,0xDF,0xFF,0xBA,0xDF,0xFF,0xB9,
    0xDF,0xFF,0xB9,0xDF,0xFF,0xB9,0xDF,0xFF,0xB9,0xDF,0xFF,0xBA,0xDF,0xFF,0xBA,0xDF,
    0xFF,0xBA,0xDF,0xFF,0xBA,0xDF,0xFF,0xBA,0xE7,0xFF,0xDA,0xE7,0xFF,0xDA,0xE7,0xFF,
    0xDA,0xE7,0xFF,0xDA,0xE7,0xFF,0xDA,0xE7,0xFF,0xDA,0xE7,0xFF,0xDA,0xE7,0xFF,0xDA,
    0xDF,0xFF,0xDA,0xDF,0xFF,0xBA,0xDF,0xFF,0xBA,0xDF,0xFF,0x9A,0xD7,0xFF,0x7A,0xCF,
    0xFF,0x39,0xB7,0xFF,0xF8,0xA6,0xFF,0x18,0xB7,0xFF,0x39,0xBF,0xFF,0x19,0xB7,0xFF,
    0x38,0xBF,0xFF,0xF9,0xAE,0xFF,0xBA,0x96,0xFF,0x19,0xAF,0xFF,0x78,0xD7,0xFF,0x58,
    0xCF,0xFF,0x58,0xC7,0xFF,0x58,0xC7,0xFF,0x78,0xD7,0xFF,0x38,0xC7,0xFF,0xDA,0x9E,
    0xFF,0x1A,0xAF,0xFF,0xBA,0xDF,0xFF,0xBA,0xDF,0xFF,0xBA,0xDF,0xFF,0xBA,0xDF,0xFF,
    0xDA,0xE7,0xFF,0xDA,0xE7,0xFF,0xDA,0xE7,0xFF,0xDA,0xE7,0xFF,0xDA,0xE7,0xFF,0xDA,
    0xE7,0xFF,0xDA,0xE7,0xFF,0xDA,0xE7,0xFF,0xDA,0xE7,0xFF,0xDA,0xE7,0xFF,0xDA,0xE7,
    0xFF,0xDA,0xE7,0xFF,0xDA,0xE7,0xFF,0xDA,0xE7,0xFF,0xDA,0xE7,0xFF,0xDA,0xE7,0xFF,
    0xDA,0xE7,0xFF,0xDA,0xE7,0xFF,0xDA,0xE7,0xFF,0xDA,0xE7,0xFF,0xDA,0xE7,0xFF,0xDA,
    0xE7,0xFF,0xDA,0xE7,0xFF,0xDA,0xE7,0xFF,0xDA,0xE7,0xFF,0xDA,0xE7,0xFF,0xBA,0xE7,
    0xFF,0xBA,0xDF,0xFF,0xB9,0xDF,0xFF,0xB9,0xDF,0xFF,0xB9,0xDF,0xFF,0xB9,0xDF,0xFF,
    0xBA,0xDF,0xFF,0xBA,0xDF,0xFF,0xBA,0xDF,0xFF,0xBA,0xDF,0xFF,0xBA,0xDF,0xFF,0xDA,
    0xE7,0xFF,0xDA,0xE7,0xFF,0xDA,0xE7,0xFF,0xDA,0xE7,0xFF,0xDA,0xE7,0xFF,0xDA,0xE7,
    0xFF,0xDA,0xE7,0xFF,0xDA,0xE7,0xFF,0xDA,0xDF,0xFF,0xBA,0xDF,0xFF,0xBA,0xDF,0xFF,
    0x9A,0xD7,0xFF,0x7A,0xCF,0xFF,0x59,0xBF,0xFF,0xF8,0xA6,0xFF,0x18,0xAF,0xFF,0x39,
    0xBF,0xFF,0x19,0xB7,0xFF,0x38,0xBF,0xFF,0x19,0xAF,0xFF,0xBA,0x96,0xFF,0xD9,0xA6,
    0xFF,0xB8,0xD7,0xFF,0x35,0xB6,0xFF,0xC9,0x5A,0xFF,0x0B,0x9F,0xFF,0xAF,0xD7,0xFF,
    0x2B,0x9F,0xFF,0xEA,0x96,0xFF,0x26,0x7E,0xFF,0xC9,0x8E,0xFF,0x06,0x76,0xFF,0xC5,
    0x75,0xFF,0xE5,0x75,0xFF,0xE5,0x75,0xFF,0xE5,0x75,0xFF,0xE5,0x75,0xFF,0xE5,0x75,
    0xFF,0xE5,0x75,0xFF,0xE5,0x75,0xFF,0xE5,0x75,0xFF,0xE5,0x75,0xFF,0xE5,0x75,0xFF,
    0xE5,0x75,0xFF,0xE5,0x75,0xFF,0xC5,0x75,0xFF,0x05,0x76,0xFF,0x84,0x5C,0xFF,0x25,
    0x65,0xFF,0x84,0x5C,0xFF,0x03,0x54,0xFF,0x45,0x42,0xFF,0xB4,0xB5,0xFF,0xFB,0xEF,
    0xFF,0xBA,0xE7,0xFF,0xF9,0xAE,0xFF,0xF9,0xAE,0xFF,0xF9,0xAE,0xFF,0xF9,0xAE,0xFF,
    0x19,0xAF,0xFF,0x19,0xAF,0xFF,0x38,0xBF,0xFF,0x78,0xCF,0xFF,0x58,0xC7,0xFF,0x37,
    0xBF,0xFF,0x58,0xC7,0xFF,0x78,0xCF,0xFF,0x39,0xBF,0xFF,0xBA,0x96,0xFF,0x5A,0xBF,
    0xFF,0xDA,0xE7,0xFF,0xBA,0xDF,0xFF,0xDA,0xE7,0xFF,0xDA,0xE7,0xFF,0xDA,0xE7,0xFF,
    0xDA,0xE7,0xFF,0xDA,0xE7,0xFF,0xDA,0xE7,0xFF,0xDA,0xE7,0xFF,0xDA,0xE7,0xFF,0xDA,
    0xE7,0xFF,0xDA,0xE7,0xFF,0xDA,0xE7,0xFF,0xDA,0xE7,0xFF,0xDA,0xE7,0xFF,0xDA,0xE7,
    0xFF,0xDA,0xE7,0xFF,0xDA,0xE7,0xFF,0xDA,0xE7,0xFF,0xDA,0xE7,0xFF,0xDA,0xE7,0xFF,
    0xDA,0xE7,0xFF,0xDA,0xE7,0xFF,0xDA,0xE7,0xFF,0xB9,0xDF,0xFF,0xB9,0xDF,0xFF,0x99,
    0xDF,0xFF,0x99,0xDF,0xFF,0x79,0xDF,0xFF,0x79,0xDF,0xFF,0x79,0xDF,0xFF,0x79,0xDF,
    0xFF,0x79,0xDF,0xFF,0x79,0xDF,0xFF,0x79,0xDF,0xFF,0x79,0xDF,0xFF,0x79,0xDF,0xFF,
    0x79,0xDF,0xFF,0xBA,0xE7,0xFF,0xDA,0xE7,0xFF,0xDA,0xE7,0xFF,0xDA,0xE7,0xFF,0xDA,
    0xE7,0xFF,0xDA,0xE7,0xFF,0xDA,0xE7,0xFF,0xDA,0xE7,0xFF,0xDA,0xE7,0xFF,0xDA,0xE7,
    0xFF,0xBA,0xDF,0xFF,0xDA,0xDF,0xFF,0x3A,0xBF,0xFF,0xBA,0x96,0xFF,0xF9,0xA6,0xFF,
    0x19,0xAF,0xFF,0xF9,0xAE,0xFF,0xF9,0xAE,0xFF,0xF9,0xAE,0xFF,0xF9,0xAE,0xFF,0xF9,
    0xAE,0xFF,0x19,0xAF,0xFF,0x38,0xBF,0xFF,0x78,0xCF,0xFF,0x58,0xC7,0xFF,0x37,0xBF,
    0xFF,0x58,0xC7,0xFF,0x78,0xCF,0xFF,0x38,0xBF,0xFF,0xBA,0x9E,0xFF,0xFA,0xAE,0xFF,
    0xBA,0xDF,0xFF,0xBA,0xDF,0xFF,0xDA,0xE7,0xFF,0xDA,0xE7,0xFF,0xDA,0xE7,0xFF,0xDA,
    0xE7,0xFF,0xDA,0xE7,0xFF,0xDA,0xE7,0xFF,0xDA,0xE7,0xFF,0xDA,0xE7,0xFF,0xDA,0xE7,
    0xFF,0xDA,0xE7,0xFF,0xDA,0xE7,0xFF,0xDA,0xE7,0xFF,0xDA,0xE7,0xFF,0xDA,0xE7,0xFF,
    0xDA,0xE7,0xFF,0xDA,0xE7,0xFF,0xDA,0xE7,0xFF,0xDA,0xE7,0xFF,0xDA,0xE7,0xFF,0xDA,
    0xE7,0xFF,0xDA,0xE7,0xFF,0xDA,0xE7,0xFF,0xDA,0xE7,0xFF,0xDA,0xE7,0xFF,0xBA,0xDF,
    0xFF,0xB9,0xDF,0xFF,0x99,0xDF,0xFF,0x99,0xDF,0xFF,0x99,0xDF,0xFF,0x79,0xDF,0xFF,
    0x79,0xDF,0xFF,0x79,0xDF,0xFF,0x79,0xDF,0xFF,0x79,0xDF,0xFF,0x79,0xDF,0xFF,0x79,
    0xDF,0xFF,0x79,0xDF,0xFF,0x79,0xDF,0xFF,0xB9,0xDF,0xFF,0xDA,0xE7,0xFF,0xDA,0xE7,
    0xFF,0xDA,0xE7,0xFF,0xDA,0xE7,0xFF,0xDA,0xE7,0xFF,0xDA,0xE7,0xFF,0xDA,0xE7,0xFF,
    0xDA,0xE7,0xFF,0xDA,0xE7,0xFF,0xBA,0xDF,0xFF,0xDA,0xDF,0xFF,0x5A,0xBF,0xFF,0xBA,
    0x96,0xFF,0xDA,0xA6,0xFF,0x19,0xAF,0xFF,0xF9,0xAE,0xFF,0xF9,0xAE,0xFF,0xF9,0xAE,
    0xFF,0xF9,0xAE,0xFF,0xF9,0xAE,0xFF,0x19,0xAF,0xFF,0x18,0xB7,0xFF,0x98,0xD7,0xFF,
    0x35,0xB6,0xFF,0xC9,0x5A,0xFF,0x0B,0x9F,0xFF,0xAF,0xD7,0xFF,0x2B,0x9F,0xFF,0xEA,
    0x96,0xFF,0x26,0x7E,0xFF,0xC9,0x8E,0xFF,0x06,0x76,0xFF,0xC5,0x75,0xFF,0xE5,0x75,
    0xFF,0xE5,0x75,0xFF,0xE5,0x75,0xFF,0xE5,0x75,0xFF,0xE5,0x75,0xFF,0xE5,0x75,0xFF,
    0xE5,0x75,0xFF,0xE5,0x75,0xFF,0xE5,0x75,0xFF,0xE5,0x75,0xFF,0xE5,0x75,0xFF,0xE5,
    0x75,0xFF,0xC5,0x75,0xFF,0x05,0x76,0xFF,0x84,0x5C,0xFF,0x25,0x65,0xFF,0x84,0x5C,
    0xFF,0x03,0x54,0xFF,0x45,0x42,0xFF,0xB4,0xB5,0xFF,0xFB,0xEF,0xFF,0x99,0xDF,0xFF,
    0x58,0xC7,0xFF,0x57,0xC7,0xFF,0x58,0xCF,0xFF,0x77,0xD7,0xFF,0x57,0xCF,0xFF,0x57,
    0xC7,0xFF,0x57,0xCF,0xFF,0x78,0xD7,0xFF,0x58,0xCF,0xFF,0x57,0xC7,0xFF,0x58,0xC7,
    0xFF,0x78,0xCF,0xFF,0x39,0xB7,0xFF,0xBA,0x96,0xFF,0x1A,0xAF,0xFF,0x5A,0xBF,0xFF,
    0x3A,0xBF,0xFF,0x3A,0xBF,0xFF,0x5A,0xBF,0xFF,0x5A,0xC7,0xFF,0x7A,0xCF,0xFF,0xDA,
    0xDF,0xFF,0xBA,0xDF,0xFF,0xDA,0xDF,0xFF,0xDA,0xE7,0xFF,0xDA,0xE7,0xFF,0xDA,0xE7,
    0xFF,0xDA,0xE7,0xFF,0xDA,0xE7,0xFF,0xDA,0xE7,0xFF,0xDA,0xE7,0xFF,0xDA,0xE7,0xFF,
    0xDA,0xE7,0xFF,0xDA,0xE7,0xFF,0xDA,0xE7,0xFF,0xDA,0xE7,0xFF,0xDA,0xE7,0xFF,0xB9,
    0xDF,0xFF,0xB9,0xDF,0xFF,0x79,0xDF,0xFF,0x79,0xDF,0xFF,0x79,0xDF,0xFF,0x79,0xDF,
    0xFF,0x79,0xDF,0xFF,0x79,0xDF,0xFF,0x79,0xDF,0xFF,0x79,0xDF,0xFF,0x79,0xD7,0xFF,
    0x79,0xD7,0xFF,0x39,0xC7,0xFF,0x19,0xBF,0xFF,0x19,0xBF,0xFF,0x19,0xBF,0xFF,0x3A,
    0xBF,0xFF,0x3A,0xBF,0xFF,0x5A,0xBF,0xFF,0x5A,0xBF,0xFF,0x5A,0xBF,0xFF,0x5A,0xBF,
    0xFF,0x5A,0xBF,0xFF,0x5A,0xBF,0xFF,0x5A,0xBF,0xFF,0x5A,0xBF,0xFF,0x9A,0xCF,0xFF,
    0xBA,0xDF,0xFF,0x3A,0xBF,0xFF,0xBA,0x96,0xFF,0x39,0xBF,0xFF,0x78,0xD7,0xFF,0x58,
    0xCF,0xFF,0x57,0xC7,0xFF,0x57,0xCF,0xFF,0x77,0xD7,0xFF,0x77,0xCF,0xFF,0x57,0xC7,
    0xFF,0x57,0xCF,0xFF,0x78,0xD7,0xFF,0x58,0xCF,0xFF,0x57,0xC7,0xFF,0x58,0xC7,0xFF,
    0x78,0xCF,0xFF,0x38,0xBF,0xFF,0xBA,0x96,0xFF,0xDA,0xA6,0xFF,0x3A,0xBF,0xFF,0x3A,
    0xBF,0xFF,0x3A,0xBF,0xFF,0x5A,0xBF,0xFF,0x5A,0xC7,0xFF,0x7A,0xCF,0xFF,0xBA,0xDF,
    0xFF,0xBA,0xDF,0xFF,0xDA,0xDF,0xFF,0xDA,0xDF,0xFF,0xDA,0xE7,0xFF,0xDA,0xE7,0xFF,
    0xDA,0xE7,0xFF,0xDA,0xE7,0xFF,0xDA,0xE7,0xFF,0xDA,0xE7,0xFF,0xDA,0xE7,0xFF,0xDA,
    0xE7,0xFF,0xDA,0xE7,0xFF,0xDA,0xE7,0xFF,0xDA,0xE7,0xFF,0xDA,0xE7,0xFF,0xDA,0xE7,
    0xFF,0xDA,0xE7,0xFF,0xB9,0xDF,0xFF,0xB9,0xDF,0xFF,0x79,0xDF,0xFF,0x79,0xDF,0xFF,
    0x79,0xDF,0xFF,0x79,0xDF,0xFF,0x79,0xDF,0xFF,0x79,0xDF,0xFF,0x79,0xDF,0xFF,0x79,
    0xDF,0xFF,0x79,0xD7,0xFF,0x79,0xDF,0xFF,0x59,0xCF,0xFF,0x19,0xBF,0xFF,0x19,0xBF,
    0xFF,0x19,0xBF,0xFF,0x3A,0xBF,0xFF,0x5A,0xBF,0xFF,0x5A,0xBF,0xFF,0x5A,0xBF,0xFF,
    0x5A,0xBF,0xFF,0x5A,0xBF,0xFF,0x5A,0xBF,0xFF,0x5A,0xBF,0xFF,0x5A,0xBF,0xFF,0x5A,
    0xBF,0xFF,0x7A,0xC7,0xFF,0xBA,0xDF,0xFF,0x5A,0xBF,0xFF,0xBA,0x96,0xFF,0x19,0xAF,
    0xFF,0x78,0xD7,0xFF,0x58,0xCF,0xFF,0x57,0xC7,0xFF,0x58,0xC7,0xFF,0x77,0xD7,0xFF,
    0x77,0xCF,0xFF,0x57,0xC7,0xFF,0x57,0xC7,0xFF,0xB8,0xD7,0xFF,0x55,0xB6,0xFF,0xC9,
    0x5A,0xFF,0x0B,0x9F,0xFF,0xAF,0xD7,0xFF,0x2B,0x9F,0xFF,0xEA,0x96,0xFF,0x26,0x7E,
    0xFF,0xC9,0x8E,0xFF,0x06,0x76,0xFF,0xC5,0x75,0xFF,0xE5,0x75,0xFF,0xE5,0x75,0xFF,
    0xE5,0x75,0xFF,0xE5,0x75,0xFF,0xE5,0x75,0xFF,0xE5,0x75,0xFF,0xE5,0x75,0xFF,0xE5,
    0x75,0xFF,0xE5,0x75,0xFF,0xE5,0x75,0xFF,0xE5,0x75,0xFF,0xE5,0x75,0xFF,0xC5,0x75,
    0xFF,0x05,0x76,0xFF,0x84,0x5C,0xFF,0x25,0x65,0xFF,0x84,0x5C,0xFF,0x03,0x54,0xFF,
    0x45,0x42,0xFF,0x94,0xAD,0xFF,0xFA,0xEF,0xFF,0x79,0xDF,0xFF,0x38,0xBF,0xFF,0x17,
    0xAF,0xFF,0x57,0xC7,0xFF,0x78,0xD7,0xFF,0x37,0xBF,0xFF,0x17,0xAF,0xFF,0x57,0xC7,
    0xFF,0x78,0xD7,0xFF,0x57,0xC7,0xFF,0x17,0xAF,0xFF,0x38,0xBF,0xFF,0x78,0xCF,0xFF,
    0x19,0xB7,0xFF,0xBA,0x96,0xFF,0xD9,0x9E,0xFF,0xD9,0x9E,0xFF,0xF9,0xA6,0xFF,0x19,
    0xB7,0xFF,0xF9,0xAE,0xFF,0xBA,0x96,0xFF,0x1A,0xB7,0xFF,0xDA,0xE7,0xFF,0xBA,0xDF,
    0xFF,0xDA,0xE7,0xFF,0xDA,0xE7,0xFF,0xDA,0xE7,0xFF,0xDA,0xE7,0xFF,0xDA,0xE7,0xFF,
    0xDA,0xE7,0xFF,0xDA,0xE7,0xFF,0xDA,0xE7,0xFF,0xDA,0xE7,0xFF,0xDA,0xE7,0xFF,0xDA,
    0xE7,0xFF,0xDA,0xE7,0xFF,0xB9,0xDF,0xFF,0x99,0xDF,0xFF,0x79,0xDF,0xFF,0x79,0xDF,
    0xFF,0x79,0xDF,0xFF,0x79,0xDF,0xFF,0x79,0xDF,0xFF,0x79,0xDF,0xFF,0x79,0xDF,0xFF,
    0x79,0xDF,0xFF,0x79,0xD7,0xFF,0x79,0xD7,0xFF,0x59,0xD7,0xFF,0x59,0xD7,0xFF,0xFA,
    0xA6,0xFF,0xBA,0x96,0xFF,0xF9,0xAE,0xFF,0x19,0xAF,0xFF,0x19,0xAF,0xFF,0x19,0xB7,
    0xFF,0x19,0xAF,0xFF,0xF9,0xAE,0xFF,0xF9,0xAE,0xFF,0xF9,0xAE,0xFF,0xF9,0xA6,0xFF,
    0xF9,0xA6,0xFF,0xDA,0x9E,0xFF,0xBA,0x96,0xFF,0x5A,0xBF,0xFF,0xBA,0xDF,0xFF,0x3A,
    0xB7,0xFF,0xBA,0x96,0xFF,0x19,0xB7,0xFF,0x78,0xD7,0xFF,0x38,0xBF,0xFF,0x17,0xAF,
    0xFF,0x37,0xBF,0xFF,0x78,0xD7,0xFF,0x57,0xC7,0xFF,0x17,0xAF,0xFF,0x37,0xBF,0xFF,
    0x78,0xD7,0xFF,0x57,0xC7,0xFF,0x17,0xAF,0xFF,0x37,0xBF,0xFF,0x58,0xCF,0xFF,0x38,
    0xBF,0xFF,0xBA,0x96,0xFF,0xD9,0x96,0xFF,0xD9,0x9E,0xFF,0xF9,0xA6,0xFF,0x19,0xB7,
    0xFF,0xF9,0xAE,0xFF,0xBA,0x96,0xFF,0xFA,0xAE,0xFF,0xBA,0xDF,0xFF,0xBA,0xDF,0xFF,
    0xDA,0xE7,0xFF,0xDA,0xE7,0xFF,0xDA,0xE7,0xFF,0xDA,0xE7,0xFF,0xDA,0xE7,0xFF,0xDA,
    0xE7,0xFF,0xDA,0xE7,0xFF,0xDA,0xE7,0xFF,0xDA,0xE7,0xFF,0xDA,0xE7,0xFF,0xDA,0xE7,
    0xFF,0xDA,0xE7,0xFF,0xDA,0xE7,0xFF,0xDA,0xE7,0xFF,0xB9,0xDF,0xFF,0xB9,0xDF,0xFF,
    0x79,0xDF,0xFF,0x79,0xDF,0xFF,0x79,0xDF,0xFF,0x79,0xDF,0xFF,0x79,0xDF,0xFF,0x79,
    0xDF,0xFF,0x79,0xDF,0xFF,0x79,0xDF,0xFF,0x79,0xD7,0xFF,0x79,0xD7,0xFF,0x59,0xD7,
    0xFF,0x59,0xD7,0xFF,0x19,0xB7,0xFF,0xBA,0x96,0xFF,0xF9,0xA6,0xFF,0x19,0xB7,0xFF,
    0x19,0xAF,0xFF,0x19,0xB7,0xFF,0x19,0xAF,0xFF,0xF9,0xAE,0xFF,0xF9,0xAE,0xFF,0xF9,
    0xAE,0xFF,0xF9,0xA6,0xFF,0xF9,0xA6,0xFF,0xD9,0x9E,0xFF,0xBA,0x96,0xFF,0x1A,0xAF,
    0xFF,0xDA,0xDF,0xFF,0x3A,0xBF,0xFF,0xBA,0x96,0xFF,0xF9,0xAE,0xFF,0x78,0xD7,0xFF,
    0x58,0xC7,0xFF,0x17,0xAF,0xFF,0x37,0xBF,0xFF,0x78,0xD7,0xFF,0x57,0xC7,0xFF,0x17,
    0xAF,0xFF,0x37,0xB7,0xFF,0xB8,0xD7,0xFF,0x55,0xB6,0xFF,0xC9,0x5A,0xFF,0x0B,0x9F,
    0xFF,0xAF,0xD7,0xFF,0x2B,0x9F,0xFF,0xEA,0x96,0xFF,0x26,0x7E,0xFF,0xC9,0x8E,0xFF,
    0x06,0x76,0xFF,0xC5,0x75,0xFF,0xE5,0x75,0xFF,0xE5,0x75,0xFF,0xE5,0x75,0xFF,0xE5,
    0x75,0xFF,0xE5,0x75,0xFF,0xE5,0x75,0xFF,0xE5,0x75,0xFF,0xE5,0x75,0xFF,0xE5,0x75,
    0xFF,0xE5,0x75,0xFF,0xE5,0x75,0xFF,0xE5,0x75,0xFF,0xC5,0x75,0xFF,0x05,0x76,0xFF,
    0x84,0x5C,0xFF,0x25,0x65,0xFF,0x84,0x5C,0xFF,0x03,0x54,0xFF,0x45,0x42,0xFF,0x74,
    0xAD,0xFF,0xDA,0xE7,0xFF,0x58,0xDF,0xFF,0x58,0xCF,0xFF,0x57,0xC7,0xFF,0x78,0xCF,
    0xFF,0x78,0xD7,0xFF,0x77,0xCF,0xFF,0x57,0xC7,0xFF,0x77,0xCF,0xFF,0x78,0xD7,0xFF,
    0x78,0xCF,0xFF,0x57,0xC7,0xFF,0x58,0xC7,0xFF,0x58,0xCF,0xFF,0x18,0xB7,0xFF,0xBA,
    0x96,0xFF,0xD9,0x9E,0xFF,0xD9,0x9E,0xFF,0xF9,0xA6,0xFF,0xF9,0xAE,0xFF,0xF9,0xA6,
    0xFF,0xBA,0x96,0xFF,0xFA,0xA6,0xFF,0x3A,0xB7,0xFF,0x1A,0xB7,0xFF,0x3A,0xB7,0xFF,
    0x3A,0xB7,0xFF,0x3A,0xB7,0xFF,0x3A,0xB7,0xFF,0x3A,0xBF,0xFF,0x5A,0xC7,0xFF,0xBA,
    0xE7,0xFF,0xBA,0xDF,0xFF,0xDA,0xE7,0xFF,0xDA,0xE7,0xFF,0xBA,0xE7,0xFF,0xBA,0xE7,
    0xFF,0x79,0xDF,0xFF,0x79,0xDF,0xFF,0x79,0xDF,0xFF,0x79,0xDF,0xFF,0x79,0xDF,0xFF,
    0x79,0xDF,0xFF,0x79,0xDF,0xFF,0x79,0xDF,0xFF,0x79,0xDF,0xFF,0x79,0xDF,0xFF,0x79,
    0xDF,0xFF,0x79,0xDF,0xFF,0x59,0xD7,0xFF,0x79,0xD7,0xFF,0xF9,0xAE,0xFF,0xBA,0x96,
    0xFF,0x38,0xC7,0xFF,0x78,0xD7,0xFF,0x58,0xC7,0xFF,0x37,0xBF,0xFF,0x78,0xCF,0xFF,
    0x78,0xD7,0xFF,0x78,0xCF,0xFF,0x78,0xD7,0xFF,0x38,0xBF,0xFF,0x17,0xB7,0xFF,0xF9,
    0xA6,0xFF,0xBA,0x96,0xFF,0x5A,0xBF,0xFF,0xBA,0xDF,0xFF,0x3A,0xB7,0xFF,0xBA,0x96,
    0xFF,0x39,0xB7,0xFF,0x78,0xD7,0xFF,0x58,0xCF,0xFF,0x57,0xC7,0xFF,0x58,0xCF,0xFF,
    0x78,0xD7,0xFF,0x77,0xCF,0xFF,0x57,0xC7,0xFF,0x57,0xCF,0xFF,0x78,0xD7,0xFF,0x78,
    0xCF,0xFF,0x57,0xC7,0xFF,0x58,0xC7,0xFF,0x58,0xCF,0xFF,0x38,0xBF,0xFF,0xBA,0x96,
    0xFF,0xD9,0x96,0xFF,0xD9,0x9E,0xFF,0xF9,0xA6,0xFF,0xF9,0xAE,0xFF,0xF9,0xAE,0xFF,
    0xBA,0x96,0xFF,0xDA,0x9E,0xFF,0x1A,0xB7,0xFF,0x1A,0xB7,0xFF,0x3A,0xB7,0xFF,0x3A,
    0xB7,0xFF,0x3A,0xB7,0xFF,0x3A,0xB7,0xFF,0x3A,0xBF,0xFF,0x5A,0xBF,0xFF,0xBA,0xDF,
    0xFF,0xDA,0xDF,0xFF,0xDA,0xE7,0xFF,0xDA,0xE7,0xFF,0xDA,0xE7,0xFF,0xDA,0xE7,0xFF,
    0xDA,0xE7,0xFF,0xBA,0xE7,0xFF,0x99,0xDF,0xFF,0x79,0xDF,0xFF,0x79,0xDF,0xFF,0x79,
    0xDF,0xFF,0x79,0xDF,0xFF,0x79,0xDF,0xFF,0x79,0xDF,0xFF,0x79,0xDF,0xFF,0x79,0xDF,
    0xFF,0x79,0xDF,0xFF,0x79,0xDF,0xFF,0x79,0xDF,0xFF,0x59,0xD7,0xFF,0x79,0xDF,0xFF,
    0x19,0xB7,0xFF,0xBA,0x96,0xFF,0x38,0xBF,0xFF,0x78,0xD7,0xFF,0x58,0xC7,0xFF,0x37,
    0xBF,0xFF,0x58,0xCF,0xFF,0x78,0xD7,0xFF,0x78,0xD7,0xFF,0x78,0xD7,0xFF,0x58,0xC7,
    0xFF,0x17,0xB7,0xFF,0xF8,0xA6,0xFF,0xBA,0x96,0xFF,0x1A,0xAF,0xFF,0xBA,0xDF,0xFF,
    0x3A,0xBF,0xFF,0xBA,0x96,0xFF,0x19,0xAF,0xFF,0x78,0xD7,0xFF,0x58,0xCF,0xFF,0x57,
    0xC7,0xFF,0x58,0xCF,0xFF,0x78,0xD7,0xFF,0x77,0xCF,0xFF,0x57,0xC7,0xFF,0x57,0xC7,
    0xFF,0xB8,0xD7,0xFF,0x55,0xB6,0xFF,0xC9,0x5A,0xFF,0x0B,0x9F,0xFF,0xAF,0xD7,0xFF,
    0x2B,0x9F,0xFF,0xEA,0x96,0xFF,0x26,0x7E,0xFF,0xC9,0x8E,0xFF,0x06,0x76,0xFF,0xC5,
    0x75,0xFF,0xE5,0x75,0xFF,0xE5,0x75,0xFF,0xE5,0x75,0xFF,0xE5,0x75,0xFF,0xE5,0x75,
    0xFF,0xE5,0x75,0xFF,0xE5,0x75,0xFF,0xE5,0x75,0xFF,0xE5,0x75,0xFF,0xE5,0x75,0xFF,
    0xE5,0x75,0xFF,0xE5,0x75,0xFF,0xC5,0x75,0xFF,0x05,0x76,0xFF,0x84,0x5C,0xFF,0x25,
    0x65,0xFF,0x84,0x5C,0xFF,0x03,0x54,0xFF,0x45,0x42,0xFF,0x73,0xAD,0xFF,0xDA,0xE7,
    0xFF,0x58,0xD7,0xFF,0x58,0xC7,0xFF,0x37,0xBF,0xFF,0x58,0xCF,0xFF,0x78,0xD7,0xFF,
    0x57,0xCF,0xFF,0x57,0xBF,0xFF,0x57,0xCF,0xFF,0x78,0xD7,0xFF,0x57,0xCF,0xFF,0x37,
    0xBF,0xFF,0x58,0xC7,0xFF,0x58,0xCF,0xFF,0x18,0xB7,0xFF,0xBA,0x96,0xFF,0xD9,0x9E,
    0xFF,0xF8,0xA6,0xFF,0xF9,0xA6,0xFF,0x19,0xB7,0xFF,0x19,0xB7,0xFF,0x18,0xB7,0xFF,
    0x18,0xB7,0xFF,0x19,0xB7,0xFF,0x19,0xB7,0xFF,0x19,0xB7,0xFF,0x19,0xB7,0xFF,0x19,
    0xB7,0xFF,0x19,0xB7,0xFF,0xBA,0x96,0xFF,0xFA,0xAE,0xFF,0x99,0xDF,0xFF,0x99,0xDF,
    0xFF,0x99,0xDF,0xFF,0x99,0xDF,0xFF,0xBA,0xE7,0xFF,0xBA,0xDF,0xFF,0x79,0xDF,0xFF,
    0x79,0xDF,0xFF,0x79,0xDF,0xFF,0x79,0xDF,0xFF,0x79,0xDF,0xFF,0x79,0xDF,0xFF,0x59,
    0xD7,0xFF,0x59,0xD7,0xFF,0x19,0xB7,0xFF,0x19,0xB7,0xFF,0xF9,0xB6,0xFF,0xF9,0xAE,
    0xFF,0xF9,0xAE,0xFF,0xF9,0xAE,0xFF,0xDA,0x9E,0xFF,0xBA,0x96,0xFF,0xF9,0xA6,0xFF,
    0xF9,0xAE,0xFF,0xD9,0xA6,0xFF,0xD9,0x9E,0xFF,0xF9,0xA6,0xFF,0xF9,0xAE,0xFF,0xF9,
    0xA6,0xFF,0xF9,0xA6,0xFF,0xF9,0xA6,0xFF,0xD9,0x9E,0xFF,0xD9,0x9E,0xFF,0xBA,0x96,
    0xFF,0x5A,0xBF,0xFF,0xBA,0xDF,0xFF,0x3A,0xB7,0xFF,0xBA,0x96,0xFF,0x39,0xB7,0xFF,
    0x78,0xD7,0xFF,0x58,0xC7,0xFF,0x37,0xBF,0xFF,0x57,0xC7,0xFF,0x78,0xD7,0xFF,0x57,
    0xCF,0xFF,0x57,0xBF,0xFF,0x57,0xC7,0xFF,0x78,0xD7,0xFF,0x58,0xCF,0xFF,0x37,0xBF,
    0xFF,0x58,0xC7,0xFF,0x58,0xCF,0xFF,0x38,0xBF,0xFF,0xBA,0x96,0xFF,0xD9,0x9E,0xFF,
    0xF8,0xA6,0xFF,0xF9,0xA6,0xFF,0x19,0xB7,0xFF,0x19,0xB7,0xFF,0x18,0xB7,0xFF,0x18,
    0xB7,0xFF,0x19,0xB7,0xFF,0x19,0xB7,0xFF,0x19,0xB7,0xFF,0x19,0xB7,0xFF,0x19,0xB7,
    0xFF,0x19,0xB7,0xFF,0xDA,0x9E,0xFF,0xDA,0x9E,0xFF,0x79,0xD7,0xFF,0x99,0xDF,0xFF,
    0x99,0xDF,0xFF,0x99,0xDF,0xFF,0x99,0xDF,0xFF,0x99,0xDF,0xFF,0xBA,0xE7,0xFF,0xBA,
    0xE7,0xFF,0x99,0xDF,0xFF,0x79,0xDF,0xFF,0x79,0xDF,0xFF,0x79,0xDF,0xFF,0x79,0xDF,
    0xFF,0x79,0xDF,0xFF,0x59,0xD7,0xFF,0x59,0xD7,0xFF,0x19,0xBF,0xFF,0x19,0xB7,0xFF,
    0xF9,0xB6,0xFF,0xF9,0xAE,0xFF,0xF9,0xAE,0xFF,0xF9,0xAE,0xFF,0xDA,0xA6,0xFF,0xBA,
    0x96,0xFF,0xD9,0xA6,0xFF,0xF9,0xAE,0xFF,0xF9,0xA6,0xFF,0xD9,0x9E,0xFF,0xF9,0xA6,
    0xFF,0xF9,0xAE,0xFF,0xF9,0xAE,0xFF,0xF9,0xA6,0xFF,0xF9,0xA6,0xFF,0xD9,0x9E,0xFF,
    0xD9,0x9E,0xFF,0xBA,0x8E,0xFF,0x1A,0xAF,0xFF,0xBA,0xDF,0xFF,0x3A,0xBF,0xFF,0xBA,
    0x96,0xFF,0x19,0xAF,0xFF,0x78,0xD7,0xFF,0x58,0xCF,0xFF,0x37,0xBF,0xFF,0x57,0xC7,
    0xFF,0x78,0xD7,0xFF,0x57,0xCF,0xFF,0x57,0xC7,0xFF,0x57,0xC7,0xFF,0xB8,0xD7,0xFF,
    0x55,0xB6,0xFF,0xC9,0x5A,0xFF,0x0B,0x9F,0xFF,0xAF,0xD7,0xFF,0x2B,0x9F,0xFF,0xEA,
    0x96,0xFF,0x26,0x7E,0xFF,0xC9,0x8E,0xFF,0x06,0x76,0xFF,0xC5,0x75,0xFF,0xE5,0x75,
    0xFF,0xE5,0x75,0xFF,0xE5,0x75,0xFF,0xE5,0x75,0xFF,0xE5,0x75,0xFF,0xE5,0x75,0xFF,
    0xE5,0x75,0xFF,0xE5,0x75,0xFF,0xE5,0x75,0xFF,0xE5,0x75,0xFF,0xE5,0x75,0xFF,0xE5,
    0x75,0xFF,0xC5,0x75,0xFF,0x05,0x76,0xFF,0x84,0x5C,0xFF,0x25,0x65,0xFF,0x84,0x5C,
    0xFF,0x03,0x54,0xFF,0x45,0x42,0xFF,0x73,0xAD,0xFF,0xDA,0xE7,0xFF,0x58,0xD7,0xFF,
    0x37,0xBF,0xFF,0x17,0xAF,0xFF,0x57,0xC7,0xFF,0x78,0xD7,0xFF,0x37,0xC7,0xFF,0x17,
    0xB7,0xFF,0x57,0xC7,0xFF,0x78,0xD7,0xFF,0x57,0xC7,0xFF,0x17,0xAF,0xFF,0x38,0xBF,
    0xFF,0x78,0xCF,0xFF,0x18,0xB7,0xFF,0xBA,0x96,0xFF,0xF8,0xA6,0xFF,0x17,0xB7,0xFF,
    0x37,0xBF,0xFF,0x78,0xCF,0xFF,0x78,0xCF,0xFF,0x78,0xD7,0xFF,0x77,0xD7,0xFF,0x78,
    0xD7,0xFF,0x78,0xD7,0xFF,0x78,0xD7,0xFF,0x78,0xD7,0xFF,0x78,0xD7,0xFF,0x58,0xC7,
    0xFF,0xDA,0x9E,0xFF,0xF9,0xAE,0xFF,0x79,0xD7,0xFF,0x79,0xD7,0xFF,0x79,0xD7,0xFF,
    0x79,0xDF,0xFF,0xBA,0xE7,0xFF,0xBA,0xE7,0xFF,0x79,0xDF,0xFF,0x79,0xDF,0xFF,0x79,
    0xDF,0xFF,0x79,0xDF,0xFF,0x79,0xD7,0xFF,0x79,0xD7,0xFF,0x59,0xD7,0xFF,0x59,0xD7,
    0xFF,0xDA,0x9E,0xFF,0xBA,0x96,0xFF,0x19,0xB7,0xFF,0x39,0xBF,0xFF,0x18,0xB7,0xFF,
    0x18,0xB7,0xFF,0x38,0xBF,0xFF,0x38,0xBF,0xFF,0x38,0xBF,0xFF,0x38,0xBF,0xFF,0x38,
    0xBF,0xFF,0x38,0xBF,0xFF,0x18,0xB7,0xFF,0x18,0xB7,0xFF,0xF8,0xA6,0xFF,0xF8,0xA6,
    0xFF,0xF8,0xA6,0xFF,0xF8,0xA6,0xFF,0xD9,0x9E,0xFF,0xBA,0x8E,0xFF,0x5A,0xBF,0xFF,
    0xBA,0xDF,0xFF,0x3A,0xB7,0xFF,0xBA,0x96,0xFF,0x19,0xB7,0xFF,0x78,0xD7,0xFF,0x38,
    0xC7,0xFF,0x17,0xAF,0xFF,0x57,0xC7,0xFF,0x78,0xD7,0xFF,0x57,0xC7,0xFF,0x17,0xB7,
    0xFF,0x37,0xC7,0xFF,0x78,0xD7,0xFF,0x57,0xC7,0xFF,0x17,0xAF,0xFF,0x37,0xBF,0xFF,
    0x58,0xCF,0xFF,0x38,0xBF,0xFF,0xB9,0x96,0xFF,0xD9,0x9E,0xFF,0x17,0xAF,0xFF,0x37,
    0xB7,0xFF,0x78,0xCF,0xFF,0x78,0xCF,0xFF,0x78,0xD7,0xFF,0x77,0xD7,0xFF,0x78,0xD7,
    0xFF,0x78,0xD7,0xFF,0x78,0xD7,0xFF,0x78,0xD7,0xFF,0x78,0xD7,0xFF,0x58,0xCF,0xFF,
    0xDA,0x9E,0xFF,0xDA,0xA6,0xFF,0x59,0xD7,0xFF,0x79,0xD7,0xFF,0x79,0xD7,0xFF,0x79,
    0xD7,0xFF,0x79,0xDF,0xFF,0x79,0xDF,0xFF,0xBA,0xE7,0xFF,0xBA,0xE7,0xFF,0x99,0xDF,
    0xFF,0x79,0xDF,0xFF,0x79,0xDF,0xFF,0x79,0xDF,0xFF,0x79,0xDF,0xFF,0x79,0xD7,0xFF,
    0x59,0xD7,0xFF,0x59,0xD7,0xFF,0xF9,0xAE,0xFF,0xBA,0x96,0xFF,0x19,0xAF,0xFF,0x38,
    0xBF,0xFF,0x19,0xB7,0xFF,0x18,0xB7,0xFF,0x38,0xBF,0xFF,0x38,0xBF,0xFF,0x38,0xBF,
    0xFF,0x38,0xB7,0xFF,0x38,0xBF,0xFF,0x38,0xBF,0xFF,0x38,0xBF,0xFF,0x38,0xB7,0xFF,
    0x18,0xAF,0xFF,0xF8,0xA6,0xFF,0xF8,0xA6,0xFF,0xF8,0xA6,0xFF,0xD9,0x9E,0xFF,0xBA,
    0x8E,0xFF,0x1A,0xAF,0xFF,0xBA,0xDF,0xFF,0x3A,0xBF,0xFF,0xBA,0x96,0xFF,0xF9,0xAE,
    0xFF,0x78,0xD7,0xFF,0x58,0xC7,0xFF,0x17,0xAF,0xFF,0x37,0xBF,0xFF,0x78,0xD7,0xFF,
    0x57,0xC7,0xFF,0x17,0xB7,0xFF,0x37,0xBF,0xFF,0xB8,0xD7,0xFF,0x55,0xB6,0xFF,0xC9,
    0x5A,0xFF,0x0B,0x9F,0xFF,0xAF,0xD7,0xFF,0x2B,0x9F,0xFF,0xEA,0x96,0xFF,0x26,0x7E,
    0xFF,0xC9,0x8E,0xFF,0x06,0x76,0xFF,0xC5,0x75,0xFF,0xE5,0x75,0xFF,0xE5,0x75,0xFF,
    0xE5,0x75,0xFF,0xE5,0x75,0xFF,0xE5,0x75,0xFF,0xE5,0x75,0xFF,0xE5,0x75,0xFF,0xE5,
    0x75,0xFF,0xE5,0x75,0xFF,0xE5,0x75,0xFF,0xE5,0x75,0xFF,0xE5,0x75,0xFF,0xC5,0x75,
    0xFF,0x05,0x76,0xFF,0x84,0x5C,0xFF,0x25,0x65,0xFF,0x84,0x5C,0xFF,0x03,0x54,0xFF,
    0x45,0x42,0xFF,0x73,0xAD,0xFF,0xDA,0xE7,0xFF,0x58,0xD7,0xFF,0x58,0xCF,0xFF,0x58,
    0xC7,0xFF,0x78,0xCF,0xFF,0x78,0xD7,0xFF,0x77,0xCF,0xFF,0x57,0xCF,0xFF,0x77,0xCF,
    0xFF,0x78,0xD7,0xFF,0x78,0xCF,0xFF,0x58,0xC7,0xFF,0x58,0xCF,0xFF,0x78,0xCF,0xFF,
    0x18,0xB7,0xFF,0xBA,0x96,0xFF,0xF8,0xA6,0xFF,0x17,0xAF,0xFF,0x37,0xBF,0xFF,0x78,
    0xCF,0xFF,0x58,0xC7,0xFF,0x37,0xBF,0xFF,0x57,0xC7,0xFF,0x78,0xD7,0xFF,0x58,0xCF,
    0xFF,0x37,0xBF,0xFF,0x38,0xBF,0xFF,0x78,0xCF,0xFF,0x58,0xC7,0xFF,0xDA,0x9E,0xFF,
    0xF9,0xAE,0xFF,0x79,0xD7,0xFF,0x79,0xD7,0xFF,0x79,0xD7,0xFF,0x79,0xDF,0xFF,0xBA,
    0xE7,0xFF,0xBA,0xE7,0xFF,0x79,0xDF,0xFF,0x79,0xDF,0xFF,0x79,0xDF,0xFF,0x79,0xDF,
    0xFF,0x79,0xD7,0xFF,0x79,0xD7,0xFF,0x59,0xD7,0xFF,0x59,0xD7,0xFF,0xD9,0xA6,0xFF,
    0xDA,0x9E,0xFF,0x18,0xB7,0xFF,0x37,0xBF,0xFF,0x58,0xCF,0xFF,0x78,0xD7,0xFF,0x37,
    0xC7,0xFF,0x37,0xBF,0xFF,0x57,0xCF,0xFF,0x77,0xD7,0xFF,0x57,0xC7,0xFF,0x37,0xBF,
    0xFF,0x57,0xCF,0xFF,0x77,0xD7,0xFF,0x37,0xB7,0xFF,0x17,0xAF,0xFF,0x17,0xAF,0xFF,
    0x17,0xAF,0xFF,0xD9,0x9E,0xFF,0xBA,0x8E,0xFF,0x19,0xB7,0xFF,0x79,0xD7,0xFF,0x19,
    0xB7,0xFF,0xBA,0x96,0xFF,0x19,0xB7,0xFF,0x78,0xD7,0xFF,0x58,0xCF,0xFF,0x58,0xC7,
    0xFF,0x58,0xCF,0xFF,0x78,0xD7,0xFF,0x77,0xCF,0xFF,0x57,0xCF,0xFF,0x77,0xCF,0xFF,
    0x78,0xD7,0xFF,0x78,0xCF,0xFF,0x58,0xC7,0xFF,0x58,0xCF,0xFF,0x78,0xCF,0xFF,0x38,
    0xBF,0xFF,0xB9,0x96,0xFF,0xD9,0x9E,0xFF,0x17,0xAF,0xFF,0x37,0xB7,0xFF,0x78,0xCF,
    0xFF,0x58,0xCF,0xFF,0x37,0xBF,0xFF,0x37,0xBF,0xFF,0x78,0xD7,0xFF,0x78,0xCF,0xFF,
    0x37,0xBF,0xFF,0x38,0xBF,0xFF,0x78,0xCF,0xFF,0x58,0xC7,0xFF,0xD9,0x9E,0xFF,0xDA,
    0xA6,0xFF,0x59,0xD7,0xFF,0x79,0xD7,0xFF,0x79,0xD7,0xFF,0x79,0xD7,0xFF,0x79,0xDF,
    0xFF,0x79,0xDF,0xFF,0xBA,0xE7,0xFF,0xBA,0xE7,0xFF,0x99,0xDF,0xFF,0x79,0xDF,0xFF,
    0x79,0xDF,0xFF,0x79,0xDF,0xFF,0x79,0xDF,0xFF,0x79,0xD7,0xFF,0x59,0xD7,0xFF,0x59,
    0xD7,0xFF,0xF9,0xAE,0xFF,0xBA,0x9E,0xFF,0x18,0xB7,0xFF,0x37,0xBF,0xFF,0x58,0xC7,
    0xFF,0x78,0xD7,0xFF,0x57,0xC7,0xFF,0x37,0xBF,0xFF,0x57,0xCF,0xFF,0x77,0xD7,0xFF,
    0x57,0xC7,0xFF,0x37,0xBF,0xFF,0x57,0xC7,0xFF,0x77,0xD7,0xFF,0x37,0xBF,0xFF,0x17,
    0xAF,0xFF,0x17,0xAF,0xFF,0x17,0xAF,0xFF,0xF8,0xA6,0xFF,0xBA,0x8E,0xFF,0xF9,0xAE,
    0xFF,0x79,0xD7,0xFF,0x19,0xB7,0xFF,0xBA,0x96,0xFF,0xF9,0xAE,0xFF,0x78,0xD7,0xFF,
    0x58,0xCF,0xFF,0x58,0xC7,0xFF,0x58,0xCF,0xFF,0x78,0xD7,0xFF,0x78,0xCF,0xFF,0x57,
    0xCF,0xFF,0x57,0xCF,0xFF,0xB8,0xD7,0xFF,0x55,0xBE,0xFF,0xC9,0x5A,0xFF,0x0B,0x9F,
    0xFF,0xAF,0xD7,0xFF,0x2B,0x9F,0xFF,0xEA,0x96,0xFF,0x26,0x7E,0xFF,0xC9,0x8E,0xFF,
    0x06,0x76,0xFF,0xC5,0x75,0xFF,0xE5,0x75,0xFF,0xE5,0x75,0xFF,0xE5,0x75,0xFF,0xE5,
    0x75,0xFF,0xE5,0x75,0xFF,0xE5,0x75,0xFF,0xE5,0x75,0xFF,0xE5,0x75,0xFF,0xE5,0x75,
    0xFF,0xE5,0x75,0xFF,0xE5,0x75,0xFF,0xE5,0x75,0xFF,0xC5,0x75,0xFF,0x05,0x76,0xFF,
    0x84,0x5C,0xFF,0x25,0x65,0xFF,0x84,0x5C,0xFF,0x03,0x54,0xFF,0x45,0x42,0xFF,0x73,
    0xAD,0xFF,0xDA,0xE7,0xFF,0x58,0xD7,0xFF,0x78,0xCF,0xFF,0x78,0xD7,0xFF,0x78,0xD7,
    0xFF,0x78,0xD7,0xFF,0x78,0xD7,0xFF,0x78,0xD7,0xFF,0x78,0xD7,0xFF,0x78,0xD7,0xFF,
    0x78,0xD7,0xFF,0x78,0xD7,0xFF,0x58,0xCF,0xFF,0x78,0xCF,0xFF,0x18,0xB7,0xFF,0xBA,
    0x96,0xFF,0xF8,0xA6,0xFF,0x17,0xB7,0xFF,0x37,0xBF,0xFF,0x78,0xCF,0xFF,0x57,0xC7,
    0xFF,0x17,0xB7,0xFF,0x37,0xBF,0xFF,0x78,0xD7,0xFF,0x57,0xC7,0xFF,0x17,0xB7,0xFF,
    0x37,0xBF,0xFF,0x78,0xD7,0xFF,0x38,0xC7,0xFF,0xDA,0x9E,0xFF,0xF9,0xAE,0xFF,0x79,
    0xD7,0xFF,0x79,0xD7,0xFF,0x79,0xD7,0xFF,0x79,0xDF,0xFF,0xBA,0xE7,0xFF,0xBA,0xE7,
    0xFF,0x79,0xDF,0xFF,0x79,0xDF,0xFF,0x79,0xDF,0xFF,0x79,0xDF,0xFF,0x79,0xD7,0xFF,
    0x79,0xD7,0xFF,0x59,0xD7,0xFF,0x59,0xD7,0xFF,0xD9,0xA6,0xFF,0xDA,0x9E,0xFF,0x18,
    0xAF,0xFF,0x17,0xB7,0xFF,0x58,0xCF,0xFF,0x78,0xCF,0xFF,0x37,0xBF,0xFF,0x17,0xB7,
    0xFF,0x57,0xC7,0xFF,0x78,0xCF,0xFF,0x37,0xBF,0xFF,0x17,0xAF,0xFF,0x58,0xC7,0xFF,
    0x58,0xCF,0xFF,0x17,0xB7,0xFF,0x17,0xAF,0xFF,0x17,0xAF,0xFF,0x17,0xAF,0xFF,0xD9,
    0x9E,0xFF,0xBA,0x8E,0xFF,0xF9,0xA6,0xFF,0x18,0xB7,0xFF,0xF9,0xA6,0xFF,0xBA,0x96,
    0xFF,0x19,0xB7,0xFF,0x78,0xCF,0xFF,0x78,0xCF,0xFF,0x78,0xD7,0xFF,0x78,0xD7,0xFF,
    0x78,0xD7,0xFF,0x78,0xD7,0xFF,0x78,0xD7,0xFF,0x78,0xD7,0xFF,0x78,0xD7,0xFF,0x78,
    0xD7,0xFF,0x78,0xD7,0xFF,0x58,0xCF,0xFF,0x78,0xCF,0xFF,0x38,0xBF,0xFF,0xB9,0x96,
    0xFF,0xD9,0x9E,0xFF,0x17,0xAF,0xFF,0x37,0xB7,0xFF,0x78,0xCF,0xFF,0x57,0xC7,0xFF,
    0x37,0xB7,0xFF,0x37,0xBF,0xFF,0x78,0xD7,0xFF,0x78,0xCF,0xFF,0x37,0xB7,0xFF,0x37,
    0xB7,0xFF,0x78,0xCF,0xFF,0x58,0xC7,0xFF,0xD9,0x9E,0xFF,0xDA,0x9E,0xFF,0x59,0xD7,
    0xFF,0x79,0xD7,0xFF,0x79,0xD7,0xFF,0x79,0xD7,0xFF,0x79,0xDF,0xFF,0x79,0xDF,0xFF,
    0xBA,0xE7,0xFF,0xBA,0xE7,0xFF,0x99,0xDF,0xFF,0x79,0xDF,0xFF,0x79,0xDF,0xFF,0x79,
    0xDF,0xFF,0x79,0xDF,0xFF,0x79,0xD7,0xFF,0x59,0xD7,0xFF,0x59,0xD7,0xFF,0xF9,0xAE,
    0xFF,0xDA,0x9E,0xFF,0xF8,0xAE,0xFF,0x17,0xAF,0xFF,0x57,0xC7,0xFF,0x78,0xCF,0xFF,
    0x37,0xBF,0xFF,0x17,0xB7,0xFF,0x57,0xC7,0xFF,0x78,0xD7,0xFF,0x37,0xBF,0xFF,0x17,
    0xAF,0xFF,0x37,0xC7,0xFF,0x58,0xCF,0xFF,0x38,0xBF,0xFF,0x17,0xAF,0xFF,0x17,0xAF,
    0xFF,0x17,0xAF,0xFF,0xD8,0x9E,0xFF,0x9A,0x8E,0xFF,0xD9,0x9E,0xFF,0x38,0xB7,0xFF,
    0xF9,0xA6,0xFF,0xBA,0x96,0xFF,0xF9,0xAE,0xFF,0x78,0xCF,0xFF,0x78,0xCF,0xFF,0x78,
    0xD7,0xFF,0x78,0xD7,0xFF,0x78,0xD7,0xFF,0x78,0xD7,0xFF,0x78,0xD7,0xFF,0x57,0xD7,
    0xFF,0xB8,0xD7,0xFF,0x55,0xBE,0xFF,0xC9,0x5A,0xFF,0x0B,0x9F,0xFF,0xAF,0xD7,0xFF,
    0x2B,0x9F,0xFF,0xEA,0x96,0xFF,0x26,0x7E,0xFF,0xC9,0x8E,0xFF,0x06,0x76,0xFF,0xC5,
    0x75,0xFF,0xE5,0x75,0xFF,0xE5,0x75,0xFF,0xE5,0x75,0xFF,0xE5,0x75,0xFF,0xE5,0x75,
    0xFF,0xE5,0x75,0xFF,0xE5,0x75,0xFF,0xE5,0x75,0xFF,0xE5,0x75,0xFF,0xE5,0x75,0xFF,
    0xE5,0x75,0xFF,0xE5,0x75,0xFF,0xC5,0x75,0xFF,0x05,0x76,0xFF,0x84,0x5C,0xFF,0x25,
    0x65,0xFF,0x84,0x5C,0xFF,0x03,0x54,0xFF,0x45,0x42,0xFF,0x73,0xAD,0xFF,0xDA,0xE7,
    0xFF,0x58,0xD7,0xFF,0x37,0xBF,0xFF,0x37,0xB7,0xFF,0x57,0xC7,0xFF,0x78,0xD7,0xFF,
    0x57,0xC7,0xFF,0x37,0xB7,0xFF,0x57,0xC7,0xFF,0x78,0xD7,0xFF,0x57,0xC7,0xFF,0x37,
    0xB7,0xFF,0x58,0xC7,0xFF,0x78,0xCF,0xFF,0x18,0xB7,0xFF,0xBA,0x96,0xFF,0xF8,0xA6,
    0xFF,0x17,0xB7,0xFF,0x37,0xBF,0xFF,0x78,0xCF,0xFF,0x77,0xCF,0xFF,0x57,0xCF,0xFF,
    0x57,0xCF,0xFF,0x78,0xCF,0xFF,0x78,0xCF,0xFF,0x58,0xCF,0xFF,0x58,0xCF,0xFF,0x78,
    0xCF,0xFF,0x38,0xC7,0xFF,0xDA,0x9E,0xFF,0xF9,0xAE,0xFF,0x79,0xD7,0xFF,0x79,0xD7,
    0xFF,0x79,0xD7,0xFF,0x79,0xDF,0xFF,0xBA,0xE7,0xFF,0xBA,0xE7,0xFF,0x79,0xDF,0xFF,
    0x79,0xDF,0xFF,0x79,0xDF,0xFF,0x79,0xDF,0xFF,0x79,0xD7,0xFF,0x79,0xD7,0xFF,0x59,
    0xD7,0xFF,0x59,0xD7,0xFF,0xD9,0xA6,0xFF,0xDA,0x9E,0xFF,0x38,0xBF,0xFF,0x57,0xC7,
    0xFF,0x78,0xCF,0xFF,0x78,0xCF,0xFF,0x77,0xCF,0xFF,0x57,0xCF,0xFF,0x77,0xCF,0xFF,
    0x78,0xCF,0xFF,0x58,0xC7,0xFF,0x57,0xCF,0xFF,0xF9,0xAE,0xFF,0xD9,0x9E,0xFF,0xD9,
    0x9E,0xFF,0xD9,0x9E,0xFF,0xD9,0x9E,0xFF,0xD9,0x9E,0xFF,0xB9,0x96,0xFF,0xBA,0x96,
    0xFF,0xB9,0x96,0xFF,0xD9,0x96,0xFF,0xD9,0x96,0xFF,0xBA,0x96,0xFF,0x19,0xB7,0xFF,
    0x78,0xCF,0xFF,0x38,0xC7,0xFF,0x37,0xB7,0xFF,0x57,0xC7,0xFF,0x78,0xD7,0xFF,0x57,
    0xCF,0xFF,0x37,0xBF,0xFF,0x57,0xC7,0xFF,0x78,0xD7,0xFF,0x57,0xCF,0xFF,0x37,0xB7,
    0xFF,0x37,0xBF,0xFF,0x78,0xCF,0xFF,0x38,0xBF,0xFF,0xB9,0x96,0xFF,0xD9,0x9E,0xFF,
    0x17,0xAF,0xFF,0x37,0xB7,0xFF,0x78,0xCF,0xFF,0x78,0xCF,0xFF,0x57,0xCF,0xFF,0x57,
    0xCF,0xFF,0x78,0xCF,0xFF,0x78,0xCF,0xFF,0x58,0xCF,0xFF,0x58,0xCF,0xFF,0x58,0xCF,
    0xFF,0x58,0xC7,0xFF,0xD9,0x9E,0xFF,0xDA,0x9E,0xFF,0x59,0xD7,0xFF,0x59,0xD7,0xFF,
    0x79,0xD7,0xFF,0x79,0xD7,0xFF,0x79,0xDF,0xFF,0x79,0xDF,0xFF,0xBA,0xE7,0xFF,0xBA,
    0xE7,0xFF,0x99,0xDF,0xFF,0x79,0xDF,0xFF,0x79,0xDF,0xFF,0x79,0xDF,0xFF,0x79,0xDF,
    0xFF,0x79,0xD7,0xFF,0x59,0xD7,0xFF,0x59,0xD7,0xFF,0xF9,0xAE,0xFF,0xBA,0x96,0xFF,
    0x18,0xB7,0xFF,0x57,0xCF,0xFF,0x58,0xCF,0xFF,0x78,0xCF,0xFF,0x57,0xCF,0xFF,0x57,
    0xCF,0xFF,0x57,0xCF,0xFF,0x78,0xCF,0xFF,0x58,0xCF,0xFF,0x57,0xC7,0xFF,0x18,0xB7,
    0xFF,0xD9,0xA6,0xFF,0xD9,0x9E,0xFF,0xD9,0x9E,0xFF,0xD9,0x9E,0xFF,0xD9,0x9E,0xFF,
    0xD9,0x9E,0xFF,0xBA,0x96,0xFF,0xB9,0x96,0xFF,0xD9,0x96,0xFF,0xD9,0x96,0xFF,0xBA,
    0x96,0xFF,0xF9,0xA6,0xFF,0x58,0xCF,0xFF,0x58,0xC7,0xFF,0x37,0xB7,0xFF,0x57,0xBF,
    0xFF,0x78,0xD7,0xFF,0x57,0xCF,0xFF,0x37,0xBF,0xFF,0x37,0xC7,0xFF,0xB8,0xD7,0xFF,
    0x55,0xBE,0xFF,0xC9,0x5A,0xFF,0x0B,0x9F,0xFF,0xAF,0xD7,0xFF,0x2B,0x9F,0xFF,0xEA,
    0x96,0xFF,0x26,0x7E,0xFF,0xC9,0x8E,0xFF,0x06,0x76,0xFF,0xC5,0x75,0xFF,0xE5,0x75,
    0xFF,0xE5,0x75,0xFF,0xE5,0x75,0xFF,0xE5,0x75,0xFF,0xE5,0x75,0xFF,0xE5,0x75,0xFF,
    0xE5,0x75,0xFF,0xE5,0x75,0xFF,0xE5,0x75,0xFF,0xE5,0x75,0xFF,0xE5,0x75,0xFF,0xE5,
    0x75,0xFF,0xC5,0x75,0xFF,0x05,0x76,0xFF,0x84,0x5C,0xFF,0x25,0x65,0xFF,0x84,0x5C,
    0xFF,0x03,0x54,0xFF,0x45,0x42,0xFF,0x73,0xAD,0xFF,0xDA,0xE7,0xFF,0x58,0xD7,0xFF,
    0x37,0xBF,0xFF,0x17,0xB7,0xFF,0x57,0xC7,0xFF,0x78,0xD7,0xFF,0x57,0xC7,0xFF,0x17,
    0xB7,0xFF,0x57,0xC7,0xFF,0x78,0xD7,0xFF,0x57,0xC7,0xFF,0x17,0xB7,0xFF,0x38,0xBF,
    0xFF,0x78,0xCF,0xFF,0x18,0xB7,0xFF,0xB9,0x96,0xFF,0xF8,0xA6,0xFF,0x17,0xAF,0xFF,
    0x37,0xBF,0xFF,0x77,0xCF,0xFF,0x57,0xC7,0xFF,0x37,0xB7,0xFF,0x37,0xC7,0xFF,0x78,
    0xD7,0xFF,0x57,0xCF,0xFF,0x37,0xB7,0xFF,0x37,0xBF,0xFF,0x78,0xD7,0xFF,0x38,0xC7,
    0xFF,0xDA,0x9E,0xFF,0xF9,0xAE,0xFF,0x59,0xD7,0xFF,0x59,0xD7,0xFF,0x79,0xD7,0xFF,
    0x79,0xDF,0xFF,0xBA,0xE7,0xFF,0xBA,0xDF,0xFF,0x79,0xDF,0xFF,0x79,0xDF,0xFF,0x79,
    0xDF,0xFF,0x79,0xDF,0xFF,0x79,0xD7,0xFF,0x79,0xD7,0xFF,0x59,0xD7,0xFF,0x59,0xD7,
    0xFF,0xD9,0xA6,0xFF,0xD9,0x9E,0xFF,0x18,0xB7,0xFF,0x37,0xB7,0xFF,0x57,0xCF,0xFF,
    0x77,0xCF,0xFF,0x37,0xBF,0xFF,0x37,0xB7,0xFF,0x57,0xC7,0xFF,0x78,0xCF,0xFF,0x37,
    0xBF,0xFF,0x37,0xB7,0xFF,0xD9,0xA6,0xFF,0xBA,0x96,0xFF,0x18,0xBF,0xFF,0x58,0xC7,
    0xFF,0x38,0xBF,0xFF,0x38,0xBF,0xFF,0x38,0xC7,0xFF,0x38,0xC7,0xFF,0x18,0xB7,0xFF,
    0xF8,0xAE,0xFF,0xF9,0xA6,0xFF,0xBA,0x96,0xFF,0x18,0xB7,0xFF,0x58,0xCF,0xFF,0x38,
    0xC7,0xFF,0x17,0xB7,0xFF,0x57,0xC7,0xFF,0x78,0xD7,0xFF,0x57,0xC7,0xFF,0x37,0xB7,
    0xFF,0x57,0xC7,0xFF,0x78,0xD7,0xFF,0x57,0xC7,0xFF,0x17,0xB7,0xFF,0x37,0xBF,0xFF,
    0x58,0xCF,0xFF,0x38,0xBF,0xFF,0xB9,0x96,0xFF,0xD9,0x9E,0xFF,0x17,0xAF,0xFF,0x37,
    0xB7,0xFF,0x78,0xCF,0xFF,0x57,0xC7,0xFF,0x37,0xB7,0xFF,0x37,0xBF,0xFF,0x78,0xD7,
    0xFF,0x78,0xCF,0xFF,0x37,0xB7,0xFF,0x37,0xBF,0xFF,0x78,0xCF,0xFF,0x58,0xC7,0xFF,
    0xD9,0x9E,0xFF,0xDA,0x9E,0xFF,0x59,0xD7,0xFF,0x59,0xD7,0xFF,0x79,0xD7,0xFF,0x79,
    0xD7,0xFF,0x79,0xDF,0xFF,0x79,0xDF,0xFF,0xB9,0xDF,0xFF,0xBA,0xDF,0xFF,0x79,0xDF,
    0xFF,0x79,0xDF,0xFF,0x79,0xDF,0xFF,0x79,0xDF,0xFF,0x79,0xDF,0xFF,0x79,0xD7,0xFF,
    0x59,0xD7,0xFF,0x59,0xD7,0xFF,0xF9,0xAE,0xFF,0xDA,0x9E,0xFF,0x18,0xAF,0xFF,0x37,
    0xB7,0xFF,0x57,0xC7,0xFF,0x78,0xD7,0xFF,0x57,0xC7,0xFF,0x37,0xB7,0xFF,0x57,0xC7,
    0xFF,0x78,0xD7,0xFF,0x37,0xBF,0xFF,0x37,0xB7,0xFF,0xF9,0xA6,0xFF,0xBA,0x96,0xFF,
    0xF9,0xAE,0xFF,0x58,0xC7,0xFF,0x38,0xBF,0xFF,0x38,0xBF,0xFF,0x38,0xC7,0xFF,0x58,
    0xC7,0xFF,0x38,0xB7,0xFF,0xF8,0xAE,0xFF,0xF8,0xA6,0xFF,0xBA,0x96,0xFF,0xF9,0xA6,
    0xFF,0x58,0xCF,0xFF,0x38,0xC7,0xFF,0x17,0xB7,0xFF,0x37,0xBF,0xFF,0x78,0xD7,0xFF,
    0x57,0xC7,0xFF,0x37,0xB7,0xFF,0x37,0xBF,0xFF,0xB8,0xD7,0xFF,0x55,0xB6,0xFF,0xC9,
    0x5A,0xFF,0x0B,0x9F,0xFF,0xAF,0xD7,0xFF,0x2B,0x9F,0xFF,0xEA,0x96,0xFF,0x26,0x7E,
    0xFF,0xC9,0x8E,0xFF,0x06,0x76,0xFF,0xC5,0x75,0xFF,0xE5,0x75,0xFF,0xE5,0x75,0xFF,
    0xE5,0x75,0xFF,0xE5,0x75,0xFF,0xE5,0x75,0xFF,0xE5,0x75,0xFF,0xE5,0x75,0xFF,0xE5,
    0x75,0xFF,0xE5,0x75,0xFF,0xE5,0x75,0xFF,0xE5,0x75,0xFF,0xE5,0x75,0xFF,0xC5,0x75,
    0xFF,0x05,0x76,0xFF,0x84,0x5C,0xFF,0x25,0x65,0xFF,0x84,0x5C,0xFF,0x03,0x54,0xFF,
    0x45,0x42,0xFF,0x73,0xAD,0xFF,0xDA,0xE7,0xFF,0x58,0xD7,0xFF,0x57,0xCF,0xFF,0x57,
    0xC7,0xFF,0x57,0xCF,0xFF,0x77,0xCF,0xFF,0x77,0xCF,0xFF,0x57,0xCF,0xFF,0x77,0xCF,
    0xFF,0x78,0xD7,0xFF,0x77,0xCF,0xFF,0x57,0xCF,0xFF,0x57,0xC7,0xFF,0x57,0xCF,0xFF,
    0x18,0xB7,0xFF,0xBA,0x96,0xFF,0xF8,0xA6,0xFF,0x17,0xAF,0xFF,0x37,0xBF,0xFF,0x77,
    0xCF,0xFF,0x57,0xC7,0xFF,0x37,0xB7,0xFF,0x37,0xBF,0xFF,0x77,0xD7,0xFF,0x57,0xC7,
    0xFF,0x17,0xB7,0xFF,0x37,0xBF,0xFF,0x78,0xD7,0xFF,0x38,0xC7,0xFF,0xDA,0x9E,0xFF,
    0xF9,0xAE,0xFF,0x59,0xD7,0xFF,0x59,0xD7,0xFF,0x79,0xD7,0xFF,0x79,0xD7,0xFF,0x79,
    0xDF,0xFF,0x79,0xDF,0xFF,0x79,0xDF,0xFF,0x79,0xDF,0xFF,0x79,0xDF,0xFF,0x79,0xDF,
    0xFF,0x79,0xD7,0xFF,0x79,0xD7,0xFF,0x58,0xD7,0xFF,0x59,0xD7,0xFF,0xD9,0xA6,0xFF,
    0xDA,0x9E,0xFF,0x18,0xAF,0xFF,0x37,0xB7,0xFF,0x57,0xCF,0xFF,0x57,0xCF,0xFF,0x37,
    0xBF,0xFF,0x37,0xB7,0xFF,0x57,0xC7,0xFF,0x77,0xCF,0xFF,0x37,0xB7,0xFF,0x17,0xB7,
    0xFF,0xD9,0xA6,0xFF,0xB9,0x96,0xFF,0x38,0xBF,0xFF,0x58,0xCF,0xFF,0x37,0xBF,0xFF,
    0x17,0xB7,0xFF,0x57,0xC7,0xFF,0x77,0xCF,0xFF,0x37,0xB7,0xFF,0x17,0xAF,0xFF,0xF8,
    0xA6,0xFF,0xBA,0x96,0xFF,0x18,0xB7,0xFF,0x57,0xCF,0xFF,0x57,0xCF,0xFF,0x57,0xCF,
    0xFF,0x58,0xCF,0xFF,0x78,0xCF,0xFF,0x77,0xCF,0xFF,0x77,0xCF,0xFF,0x77,0xCF,0xFF,
    0x78,0xCF,0xFF,0x78,0xCF,0xFF,0x58,0xCF,0xFF,0x58,0xCF,0xFF,0x58,0xCF,0xFF,0x38,
    0xBF,0xFF,0xB9,0x96,0xFF,0xD9,0x9E,0xFF,0x17,0xAF,0xFF,0x37,0xB7,0xFF,0x78,0xCF,
    0xFF,0x57,0xC7,0xFF,0x37,0xB7,0xFF,0x37,0xBF,0xFF,0x78,0xD7,0xFF,0x78,0xCF,0xFF,
    0x37,0xB7,0xFF,0x37,0xBF,0xFF,0x78,0xCF,0xFF,0x58,0xC7,0xFF,0xD9,0x9E,0xFF,0xDA,
    0x9E,0xFF,0x59,0xD7,0xFF,0x59,0xD7,0xFF,0x78,0xD7,0xFF,0x79,0xD7,0xFF,0x79,0xDF,
    0xFF,0x79,0xDF,0xFF,0x79,0xDF,0xFF,0x79,0xDF,0xFF,0x79,0xDF,0xFF,0x79,0xDF,0xFF,
    0x79,0xDF,0xFF,0x79,0xDF,0xFF,0x79,0xD7,0xFF,0x78,0xD7,0xFF,0x59,0xD7,0xFF,0x59,
    0xD7,0xFF,0xF9,0xAE,0xFF,0xDA,0x9E,0xFF,0x18,0xAF,0xFF,0x37,0xB7,0xFF,0x57,0xC7,
    0xFF,0x78,0xD7,0xFF,0x37,0xC7,0xFF,0x37,0xB7,0xFF,0x57,0xC7,0xFF,0x78,0xD7,0xFF,
    0x37,0xBF,0xFF,0x37,0xB7,0xFF,0xF9,0xA6,0xFF,0xBA,0x96,0xFF,0x18,0xB7,0xFF,0x77,
    0xCF,0xFF,0x37,0xBF,0xFF,0x17,0xAF,0xFF,0x37,0xBF,0xFF,0x78,0xD7,0xFF,0x37,0xBF,
    0xFF,0x17,0xAF,0xFF,0xF8,0xA6,0xFF,0xBA,0x96,0xFF,0xF9,0xAE,0xFF,0x77,0xCF,0xFF,
    0x57,0xCF,0xFF,0x57,0xC7,0xFF,0x57,0xCF,0xFF,0x77,0xCF,0xFF,0x77,0xCF,0xFF,0x77,
    0xCF,0xFF,0x57,0xCF,0xFF,0xB8,0xD7,0xFF,0x55,0xB6,0xFF,0xC9,0x5A,0xFF,0x0B,0x9F,
    0xFF,0xAF,0xD7,0xFF,0x2B,0x9F,0xFF,0xEA,0x96,0xFF,0x26,0x7E,0xFF,0xC9,0x8E,0xFF,
    0x06,0x76,0xFF,0xC5,0x75,0xFF,0xE5,0x75,0xFF,0xE5,0x75,0xFF,0xE5,0x75,0xFF,0xE5,
    0x75,0xFF,0xE5,0x75,0xFF,0xE5,0x75,0xFF,0xE5,0x75,0xFF,0xE5,0x75,0xFF,0xE5,0x75,
    0xFF,0xE5,0x75,0xFF,0xE5,0x75,0xFF,0xE5,0x75,0xFF,0xC5,0x75,0xFF,0x05,0x76,0xFF,
    0x84,0x5C,0xFF,0x25,0x65,0xFF,0x84,0x5C,0xFF,0x03,0x54,0xFF,0x45,0x42,0xFF,0x73,
    0xAD,0xFF,0xDA,0xE7,0xFF,0x58,0xD7,0xFF,0x17,0xAF,0xFF,0x17,0xAF,0xFF,0x37,0xBF,
    0xFF,0x77,0xD7,0xFF,0x37,0xBF,0xFF,0xF7,0xAE,0xFF,0x37,0xBF,0xFF,0x77,0xCF,0xFF,
    0x37,0xBF,0xFF,0x18,0xAF,0xFF,0x37,0xBF,0xFF,0x77,0xCF,0xFF,0x17,0xAF,0xFF,0x97,
    0x86,0xFF,0xD6,0x96,0xFF,0xF5,0x9E,0xFF,0xF5,0xA6,0xFF,0x15,0xB7,0xFF,0x15,0xB7,
    0xFF,0x15,0xB7,0xFF,0x36,0xBF,0xFF,0x77,0xCF,0xFF,0x57,0xCF,0xFF,0x57,0xC7,0xFF,
    0x57,0xC7,0xFF,0x58,0xCF,0xFF,0x38,0xBF,0xFF,0xD9,0x96,0xFF,0xF9,0xAE,0xFF,0x59,
    0xD7,0xFF,0x59,0xD7,0xFF,0x79,0xD7,0xFF,0x79,0xD7,0xFF,0x79,0xDF,0xFF,0x79,0xDF,
    0xFF,0x79,0xDF,0xFF,0x79,0xDF,0xFF,0x58,0xD7,0xFF,0x78,0xDF,0xFF,0x58,0xD7,0xFF,
    0x59,0xD7,0xFF,0x58,0xD7,0xFF,0x58,0xD7,0xFF,0xB7,0x96,0xFF,0x97,0x8E,0xFF,0x16,
    0xAF,0xFF,0x15,0xB7,0xFF,0x15,0xB7,0xFF,0x15,0xB7,0xFF,0x36,0xB7,0xFF,0x35,0xB7,
    0xFF,0x57,0xC7,0xFF,0x57,0xCF,0xFF,0x57,0xC7,0xFF,0x57,0xC7,0xFF,0xF9,0xA6,0xFF,
    0xB9,0x96,0xFF,0x38,0xBF,0xFF,0x57,0xCF,0xFF,0x16,0xAF,0xFF,0xD5,0x9E,0xFF,0x15,
    0xAF,0xFF,0x15,0xB7,0xFF,0xF5,0xA6,0xFF,0xF5,0x9E,0xFF,0xB6,0x96,0xFF,0x97,0x86,
    0xFF,0x17,0xAF,0xFF,0x77,0xCF,0xFF,0x37,0xBF,0xFF,0x37,0xB7,0xFF,0x57,0xBF,0xFF,
    0x77,0xCF,0xFF,0x57,0xC7,0xFF,0x17,0xB7,0xFF,0x57,0xC7,0xFF,0x78,0xD7,0xFF,0x57,
    0xC7,0xFF,0x17,0xB7,0xFF,0x37,0xBF,0xFF,0x58,0xCF,0xFF,0x38,0xBF,0xFF,0xB9,0x96,
    0xFF,0xD9,0x9E,0xFF,0x17,0xAF,0xFF,0x37,0xB7,0xFF,0x78,0xCF,0xFF,0x78,0xCF,0xFF,
    0x57,0xCF,0xFF,0x57,0xCF,0xFF,0x78,0xCF,0xFF,0x78,0xCF,0xFF,0x57,0xCF,0xFF,0x57,
    0xCF,0xFF,0x58,0xCF,0xFF,0x58,0xC7,0xFF,0xD9,0x9E,0xFF,0xD9,0x9E,0xFF,0x59,0xD7,
    0xFF,0x59,0xD7,0xFF,0x58,0xD7,0xFF,0x58,0xD7,0xFF,0x37,0xC7,0xFF,0x36,0xC7,0xFF,
    0x16,0xBF,0xFF,0x16,0xBF,0xFF,0x36,0xBF,0xFF,0x36,0xBF,0xFF,0x36,0xC7,0xFF,0x36,
    0xC7,0xFF,0x58,0xD7,0xFF,0x58,0xD7,0xFF,0x59,0xD7,0xFF,0x59,0xD7,0xFF,0xF9,0xAE,
    0xFF,0xB9,0x96,0xFF,0x18,0xB7,0xFF,0x57,0xC7,0xFF,0x58,0xCF,0xFF,0x78,0xCF,0xFF,
    0x57,0xCF,0xFF,0x57,0xCF,0xFF,0x57,0xCF,0xFF,0x77,0xCF,0xFF,0x57,0xC7,0xFF,0x57,
    0xC7,0xFF,0xF8,0xAE,0xFF,0xB9,0x8E,0xFF,0x18,0xB7,0xFF,0x77,0xD7,0xFF,0x37,0xC7,
    0xFF,0x37,0xB7,0xFF,0x36,0xB7,0xFF,0x35,0xB7,0xFF,0x15,0xAF,0xFF,0xF5,0x9E,0xFF,
    0xD6,0x96,0xFF,0x97,0x86,0xFF,0xD6,0x96,0xFF,0x15,0xB7,0xFF,0x16,0xB7,0xFF,0x17,
    0xAF,0xFF,0x37,0xBF,0xFF,0x77,0xD7,0xFF,0x57,0xC7,0xFF,0x17,0xB7,0xFF,0x37,0xBF,
    0xFF,0x98,0xD7,0xFF,0x35,0xB6,0xFF,0xC9,0x5A,0xFF,0x0B,0x9F,0xFF,0xAF,0xD7,0xFF,
    0x2B,0x9F,0xFF,0xEA,0x96,0xFF,0x26,0x7E,0xFF,0xC9,0x8E,0xFF,0x06,0x76,0xFF,0xC5,
    0x75,0xFF,0xE5,0x75,0xFF,0xE5,0x75,0xFF,0xE5,0x75,0xFF,0xE5,0x75,0xFF,0xE5,0x75,
    0xFF,0xE5,0x75,0xFF,0xE5,0x75,0xFF,0xE5,0x75,0xFF,0xE5,0x75,0xFF,0xE5,0x75,0xFF,
    0xE5,0x75,0xFF,0xE5,0x75,0xFF,0xC5,0x75,0xFF,0x05,0x76,0xFF,0x84,0x5C,0xFF,0x25,
    0x65,0xFF,0x84,0x5C,0xFF,0x03,0x54,0xFF,0x45,0x42,0xFF,0x73,0xAD,0xFF,0xD9,0xE7,
    0xFF,0x58,0xD7,0xFF,0x93,0x76,0xFF,0x96,0x7E,0xFF,0xF6,0x9E,0xFF,0x15,0xB7,0xFF,
    0x17,0xAF,0xFF,0xD9,0x9E,0xFF,0x38,0xB7,0xFF,0x77,0xD7,0xFF,0xF7,0xAE,0xFF,0x97,
    0x86,0xFF,0xD6,0x9E,0xFF,0x15,0xB7,0xFF,0xD2,0x8E,0xFF,0x4F,0x5E,0xFF,0x6F,0x66,
    0xFF,0x6F,0x5E,0xFF,0x6F,0x66,0xFF,0x6F,0x66,0xFF,0x6F,0x66,0xFF,0x6E,0x66,0xFF,
    0xB1,0x86,0xFF,0x15,0xB7,0xFF,0x15,0xAF,0xFF,0xD5,0x9E,0xFF,0x16,0xAF,0xFF,0x78,
    0xCF,0xFF,0x38,0xBF,0xFF,0xDA,0x96,0xFF,0xF9,0xAE,0xFF,0x58,0xD7,0xFF,0x58,0xD7,
    0xFF,0x58,0xD7,0xFF,0x58,0xD7,0xFF,0x79,0xDF,0xFF,0x79,0xDF,0xFF,0x79,0xDF,0xFF,
    0x78,0xDF,0xFF,0x78,0xD7,0xFF,0x58,0xD7,0xFF,0x36,0xBF,0xFF,0x16,0xBF,0xFF,0x16,
    0xB7,0xFF,0xF5,0xB6,0xFF,0x70,0x6E,0xFF,0x6F,0x66,0xFF,0x6F,0x66,0xFF,0x6F,0x66,
    0xFF,0x6F,0x66,0xFF,0x6F,0x66,0xFF,0x6F,0x6E,0xFF,0x6F,0x66,0xFF,0xF3,0x96,0xFF,
    0x15,0xAF,0xFF,0xF5,0x9E,0xFF,0xD5,0x96,0xFF,0xB6,0x8E,0xFF,0x96,0x7E,0xFF,0xF5,
    0x9E,0xFF,0x15,0xAF,0xFF,0x91,0x7E,0xFF,0x4E,0x5E,0xFF,0x6F,0x66,0xFF,0x6F,0x66,
    0xFF,0x6F,0x66,0xFF,0x6F,0x5E,0xFF,0x6F,0x66,0xFF,0x4F,0x5E,0xFF,0xD2,0x8E,0xFF,
    0x15,0xB7,0xFF,0xF5,0xA6,0xFF,0xD4,0x9E,0xFF,0x16,0xB7,0xFF,0x77,0xD7,0xFF,0x57,
    0xC7,0xFF,0x37,0xBF,0xFF,0x57,0xC7,0xFF,0x77,0xCF,0xFF,0x57,0xC7,0xFF,0x37,0xB7,
    0xFF,0x37,0xBF,0xFF,0x78,0xD7,0xFF,0x38,0xBF,0xFF,0xBA,0x96,0xFF,0xD9,0x9E,0xFF,
    0x17,0xAF,0xFF,0x37,0xB7,0xFF,0x77,0xCF,0xFF,0x57,0xC7,0xFF,0x17,0xB7,0xFF,0x37,
    0xBF,0xFF,0x77,0xD7,0xFF,0x77,0xCF,0xFF,0x17,0xB7,0xFF,0x37,0xB7,0xFF,0x78,0xD7,
    0xFF,0x58,0xC7,0xFF,0xD9,0x9E,0xFF,0xB9,0x96,0xFF,0x16,0xB7,0xFF,0x16,0xB7,0xFF,
    0x16,0xB7,0xFF,0x15,0xB7,0xFF,0x90,0x76,0xFF,0x6F,0x6E,0xFF,0x6F,0x6E,0xFF,0x6F,
    0x6E,0xFF,0x6F,0x6E,0xFF,0x6F,0x6E,0xFF,0x6F,0x6E,0xFF,0x6F,0x6E,0xFF,0xF4,0xA6,
    0xFF,0x16,0xB7,0xFF,0x16,0xB7,0xFF,0x16,0xB7,0xFF,0xD8,0x9E,0xFF,0xB9,0x96,0xFF,
    0xF8,0xA6,0xFF,0x17,0xB7,0xFF,0x57,0xC7,0xFF,0x57,0xCF,0xFF,0x37,0xBF,0xFF,0x17,
    0xAF,0xFF,0x57,0xC7,0xFF,0x78,0xD7,0xFF,0x37,0xBF,0xFF,0x17,0xAF,0xFF,0xF8,0x9E,
    0xFF,0xB9,0x8E,0xFF,0xF7,0xA6,0xFF,0x15,0xB7,0xFF,0x15,0xAF,0xFF,0x15,0xAF,0xFF,
    0xD2,0x8E,0xFF,0x6E,0x66,0xFF,0x6F,0x66,0xFF,0x6F,0x5E,0xFF,0x6F,0x5E,0xFF,0x6F,
    0x5E,0xFF,0x6F,0x66,0xFF,0x6F,0x66,0xFF,0x91,0x76,0xFF,0xD5,0x96,0xFF,0xF4,0x9E,
    0xFF,0x15,0xB7,0xFF,0x16,0xB7,0xFF,0x37,0xB7,0xFF,0x37,0xBF,0xFF,0xB8,0xD7,0xFF,
    0x34,0xB6,0xFF,0xC9,0x5A,0xFF,0x0B,0x9F,0xFF,0xAF,0xD7,0xFF,0x2B,0x9F,0xFF,0xEA,
    0x96,0xFF,0x26,0x7E,0xFF,0xC9,0x8E,0xFF,0x06,0x76,0xFF,0xC5,0x75,0xFF,0xE5,0x75,
    0xFF,0xE5,0x75,0xFF,0xE5,0x75,0xFF,0xE5,0x75,0xFF,0xE5,0x75,0xFF,0xE5,0x75,0xFF,
    0xE5,0x75,0xFF,0xE5,0x75,0xFF,0xE5,0x75,0xFF,0xE5,0x75,0xFF,0xE5,0x75,0xFF,0xE5,
    0x75,0xFF,0xC5,0x75,0xFF,0x05,0x76,0xFF,0x84,0x5C,0xFF,0x25,0x65,0xFF,0x84,0x5C,
    0xFF,0x03,0x54,0xFF,0x45,0x42,0xFF,0x53,0xAD,0xFF,0xD9,0xE7,0xFF,0x16,0xC7,0xFF,
    0xAE,0x5E,0xFF,0x6E,0x5E,0xFF,0x6E,0x66,0xFF,0x6E,0x5E,0xFF,0xB1,0x86,0xFF,0x14,
    0xA7,0xFF,0xF3,0x9E,0xFF,0xF4,0xA6,0xFF,0xB1,0x86,0xFF,0x6E,0x66,0xFF,0x6E,0x66,
    0xFF,0x6E,0x5E,0xFF,0xAE,0x5E,0xFF,0xEE,0x5E,0xFF,0xEE,0x5E,0xFF,0xED,0x5E,0xFF,
    0xEE,0x5E,0xFF,0xED,0x5E,0xFF,0xEE,0x5E,0xFF,0xEE,0x66,0xFF,0xCE,0x66,0xFF,0x6E,
    0x5E,0xFF,0x8E,0x66,0xFF,0x6E,0x5E,0xFF,0x90,0x76,0xFF,0xF4,0xA6,0xFF,0xD4,0x9E,
    0xFF,0x76,0x7E,0xFF,0xB7,0x96,0xFF,0x39,0xBF,0xFF,0x38,0xC7,0xFF,0x58,0xD7,0xFF,
    0x58,0xCF,0xFF,0x16,0xB7,0xFF,0xF5,0xB6,0xFF,0xF5,0xB6,0xFF,0xF5,0xAE,0xFF,0xF5,
    0xAE,0xFF,0xD4,0xA6,0xFF,0x4F,0x6E,0xFF,0x2F,0x66,0xFF,0x6E,0x66,0xFF,0x8E,0x5E,
    0xFF,0xEE,0x66,0xFF,0xEE,0x66,0xFF,0xEE,0x5E,0xFF,0xED,0x5E,0xFF,0xED,0x5E,0xFF,
    0xED,0x5E,0xFF,0xEE,0x66,0xFF,0xEE,0x66,0xFF,0x8E,0x5E,0xFF,0x6E,0x5E,0xFF,0x6E,
    0x5E,0xFF,0x6E,0x5E,0xFF,0x4E,0x56,0xFF,0x2E,0x56,0xFF,0x2E,0x56,0xFF,0x2E,0x56,
    0xFF,0xAE,0x5E,0xFF,0xEE,0x66,0xFF,0xEE,0x5E,0xFF,0xEE,0x5E,0xFF,0xEE,0x5E,0xFF,
    0xEE,0x5E,0xFF,0xEE,0x5E,0xFF,0xEE,0x66,0xFF,0xAE,0x5E,0xFF,0x6E,0x5E,0xFF,0x6E,
    0x66,0xFF,0x6E,0x66,0xFF,0xB1,0x86,0xFF,0x14,0xAF,0xFF,0x14,0xA7,0xFF,0x14,0xAF,
    0xFF,0x36,0xB7,0xFF,0x77,0xCF,0xFF,0x57,0xC7,0xFF,0x38,0xB7,0xFF,0x17,0xB7,0xFF,
    0xF5,0xAE,0xFF,0xD5,0x9E,0xFF,0x76,0x86,0xFF,0xB6,0x8E,0xFF,0x17,0xAF,0xFF,0x37,
    0xB7,0xFF,0x77,0xCF,0xFF,0x57,0xCF,0xFF,0x37,0xBF,0xFF,0x57,0xC7,0xFF,0x57,0xCF,
    0xFF,0x57,0xC7,0xFF,0x37,0xBF,0xFF,0x36,0xB7,0xFF,0x14,0xAF,0xFF,0xF5,0xA6,0xFF,
    0x95,0x86,0xFF,0x95,0x7E,0xFF,0x6F,0x66,0xFF,0x6F,0x66,0xFF,0x6E,0x5E,0xFF,0x6E,
    0x5E,0xFF,0xCE,0x66,0xFF,0xEE,0x66,0xFF,0xEE,0x66,0xFF,0xEE,0x66,0xFF,0xEE,0x66,
    0xFF,0xEE,0x66,0xFF,0xEE,0x66,0xFF,0xEE,0x66,0xFF,0x8E,0x5E,0xFF,0x6E,0x5E,0xFF,
    0x6F,0x66,0xFF,0x6F,0x5E,0xFF,0x94,0x76,0xFF,0x96,0x7E,0xFF,0xB5,0x8E,0xFF,0xD4,
    0x96,0xFF,0x36,0xB7,0xFF,0x77,0xCF,0xFF,0x57,0xBF,0xFF,0x37,0xBF,0xFF,0x15,0xB7,
    0xFF,0xF4,0xAE,0xFF,0xF4,0x9E,0xFF,0xD4,0x8E,0xFF,0x95,0x86,0xFF,0x76,0x7E,0xFF,
    0x52,0x6E,0xFF,0x2E,0x56,0xFF,0x4E,0x5E,0xFF,0x6E,0x5E,0xFF,0xAE,0x5E,0xFF,0xEE,
    0x66,0xFF,0xEE,0x66,0xFF,0xEE,0x5E,0xFF,0xED,0x5E,0xFF,0xED,0x5E,0xFF,0xEE,0x5E,
    0xFF,0xEE,0x66,0xFF,0xAE,0x5E,0xFF,0x6E,0x5E,0xFF,0x6E,0x5E,0xFF,0x6E,0x66,0xFF,
    0xB0,0x7E,0xFF,0xF4,0xA6,0xFF,0xF3,0xA6,0xFF,0x34,0xA7,0xFF,0xD1,0x95,0xFF,0xC8,
    0x5A,0xFF,0x0B,0x9F,0xFF,0xAF,0xD7,0xFF,0x2B,0x9F,0xFF,0xEA,0x96,0xFF,0x26,0x7E,
    0xFF,0xC9,0x8E,0xFF,0x06,0x76,0xFF,0xC5,0x75,0xFF,0xE5,0x75,0xFF,0xE5,0x75,0xFF,
    0xE5,0x75,0xFF,0xE5,0x75,0xFF,0xE5,0x75,0xFF,0xE5,0x75,0xFF,0xE5,0x75,0xFF,0xE5,
    0x75,0xFF,0xE5,0x75,0xFF,0xE5,0x75,0xFF,0xE5,0x75,0xFF,0xE5,0x75,0xFF,0xC5,0x75,
    0xFF,0x05,0x76,0xFF,0x84,0x5C,0xFF,0x25,0x65,0xFF,0x84,0x5C,0xFF,0x03,0x54,0xFF,
    0x45,0x4A,0xFF,0x11,0x8D,0xFF,0x56,0xB7,0xFF,0x50,0x7E,0xFF,0xED,0x5E,0xFF,0xED,
    0x5E,0xFF,0xEE,0x5E,0xFF,0xEE,0x66,0xFF,0xAE,0x5E,0xFF,0x6D,0x56,0xFF,0x6D,0x56,
    0xFF,0x6D,0x56,0xFF,0x8D,0x5E,0xFF,0xAD,0x5E,0xFF,0xCD,0x5E,0xFF,0xED,0x5E,0xFF,
    0xED,0x5E,0xFF,0xED,0x5E,0xFF,0xED,0x5E,0xFF,0xED,0x5E,0xFF,0xCD,0x56,0xFF,0xAD,
    0x56,0xFF,0xAD,0x56,0xFF,0x8D,0x56,0xFF,0xAD,0x56,0xFF,0xAD,0x5E,0xFF,0xAD,0x5E,
    0xFF,0xAE,0x5E,0xFF,0x8E,0x5E,0xFF,0x6E,0x56,0xFF,0x6E,0x56,0xFF,0x6E,0x5E,0xFF,
    0x70,0x66,0xFF,0x75,0x76,0xFF,0x95,0x7E,0xFF,0xF4,0xA6,0xFF,0xD3,0x9E,0xFF,0x8F,
    0x6E,0xFF,0x6E,0x66,0xFF,0x6E,0x66,0xFF,0x6E,0x5E,0xFF,0x6E,0x5E,0xFF,0x6D,0x5E,
    0xFF,0x6D,0x5E,0xFF,0x6D,0x5E,0xFF,0x8D,0x5E,0xFF,0xAD,0x5E,0xFF,0xAD,0x56,0xFF,
    0xAD,0x56,0xFF,0xED,0x5E,0xFF,0xED,0x5E,0xFF,0xED,0x5E,0xFF,0xED,0x5E,0xFF,0xED,
    0x5E,0xFF,0xED,0x5E,0xFF,0xED,0x5E,0xFF,0xED,0x5E,0xFF,0xED,0x5E,0xFF,0xED,0x5E,
    0xFF,0x8D,0x56,0xFF,0x6D,0x56,0xFF,0x6D,0x56,0xFF,0x6D,0x56,0xFF,0x8D,0x56,0xFF,
    0xAD,0x56,0xFF,0xCD,0x56,0xFF,0xED,0x56,0xFF,0xED,0x56,0xFF,0xED,0x56,0xFF,0xED,
    0x5E,0xFF,0xED,0x5E,0xFF,0xED,0x5E,0xFF,0xED,0x5E,0xFF,0xCD,0x5E,0xFF,0xAE,0x5E,
    0xFF,0x6D,0x5E,0xFF,0x2D,0x56,0xFF,0x2E,0x5E,0xFF,0x2E,0x56,0xFF,0x70,0x76,0xFF,
    0xF4,0xA6,0xFF,0xB4,0x8E,0xFF,0x75,0x76,0xFF,0x73,0x6E,0xFF,0x6E,0x5E,0xFF,0x6F,
    0x66,0xFF,0x6E,0x66,0xFF,0x8F,0x6E,0xFF,0xB3,0x8E,0xFF,0xD3,0x8E,0xFF,0xF4,0xA6,
    0xFF,0xF4,0xA6,0xFF,0xF4,0xA6,0xFF,0x15,0xAF,0xFF,0x57,0xCF,0xFF,0x56,0xC7,0xFF,
    0xF4,0xA6,0xFF,0xF3,0x96,0xFF,0x6E,0x5E,0xFF,0x6E,0x66,0xFF,0x6E,0x5E,0xFF,0x6E,
    0x5E,0xFF,0xEE,0x5E,0xFF,0xEE,0x5E,0xFF,0xED,0x5E,0xFF,0xED,0x5E,0xFF,0xED,0x5E,
    0xFF,0xED,0x5E,0xFF,0xED,0x5E,0xFF,0xED,0x5E,0xFF,0xED,0x5E,0xFF,0xED,0x5E,0xFF,
    0xED,0x5E,0xFF,0xED,0x5E,0xFF,0xED,0x5E,0xFF,0xED,0x5E,0xFF,0xEE,0x5E,0xFF,0xEE,
    0x5E,0xFF,0x8E,0x5E,0xFF,0x6E,0x56,0xFF,0x8E,0x5E,0xFF,0x6E,0x5E,0xFF,0xD2,0x8E,
    0xFF,0xF4,0x9E,0xFF,0xF3,0x9E,0xFF,0xF4,0xA6,0xFF,0xB0,0x7E,0xFF,0x6E,0x5E,0xFF,
    0x6E,0x5E,0xFF,0x6E,0x5E,0xFF,0x6E,0x56,0xFF,0x6D,0x56,0xFF,0x6D,0x56,0xFF,0x6D,
    0x56,0xFF,0x8D,0x56,0xFF,0xAD,0x56,0xFF,0xAD,0x56,0xFF,0x8D,0x56,0xFF,0xAD,0x56,
    0xFF,0xED,0x5E,0xFF,0xED,0x5E,0xFF,0xED,0x5E,0xFF,0xED,0x5E,0xFF,0xED,0x5E,0xFF,
    0xED,0x5E,0xFF,0xED,0x5E,0xFF,0xED,0x5E,0xFF,0xEE,0x66,0xFF,0xCE,0x5E,0xFF,0x6D,
    0x56,0xFF,0x6D,0x56,0xFF,0xAE,0x5E,0xFF,0x6D,0x55,0xFF,0xC8,0x5A,0xFF,0x0B,0x9F,
    0xFF,0xAF,0xD7,0xFF,0x2B,0x9F,0xFF,0xEA,0x96,0xFF,0x26,0x7E,0xFF,0xC9,0x8E,0xFF,
    0x06,0x76,0xFF,0xC5,0x75,0xFF,0xE5,0x75,0xFF,0xE5,0x75,0xFF,0xE5,0x75,0xFF,0xE5,
    0x75,0xFF,0xE5,0x75,0xFF,0xE5,0x75,0xFF,0xE5,0x75,0xFF,0xE5,0x75,0xFF,0xE5,0x75,
    0xFF,0xE5,0x75,0xFF,0xE5,0x75,0xFF,0xE5,0x75,0xFF,0xC5,0x75,0xFF,0x05,0x76,0xFF,
    0x84,0x5C,0xFF,0x25,0x65,0xFF,0x84,0x5C,0xFF,0xE3,0x4B,0xFF,0x66,0x4A,0xFF,0xCC,
    0x54,0xFF,0xCE,0x5E,0xFF,0x4D,0x5E,0xFF,0xED,0x5E,0xFF,0xED,0x5E,0xFF,0xED,0x5E,
    0xFF,0xED,0x5E,0xFF,0xED,0x5E,0xFF,0xED,0x5E,0xFF,0xED,0x5E,0xFF,0xED,0x5E,0xFF,
    0x8D,0x56,0xFF,0x0D,0x4E,0xFF,0x8D,0x56,0xFF,0xED,0x56,0xFF,0xCD,0x56,0xFF,0x8D,
    0x56,0xFF,0x8D,0x56,0xFF,0x8D,0x56,0xFF,0x8D,0x56,0xFF,0x6D,0x56,0xFF,0x6D,0x56,
    0xFF,0x6D,0x56,0xFF,0x6D,0x56,0xFF,0x6D,0x56,0xFF,0x6D,0x56,0xFF,0x6D,0x56,0xFF,
    0x8D,0x56,0xFF,0x8D,0x56,0xFF,0x8D,0x56,0xFF,0x8E,0x56,0xFF,0x8D,0x56,0xFF,0x8D,
    0x56,0xFF,0x6D,0x56,0xFF,0x6D,0x56,0xFF,0x8D,0x56,0xFF,0xEE,0x66,0xFF,0xEE,0x66,
    0xFF,0xED,0x5E,0xFF,0xED,0x5E,0xFF,0xED,0x5E,0xFF,0xED,0x5E,0xFF,0xED,0x5E,0xFF,
    0xED,0x5E,0xFF,0x8D,0x56,0xFF,0x6D,0x56,0xFF,0x6D,0x56,0xFF,0x6D,0x56,0xFF,0x8D,
    0x56,0xFF,0x8D,0x56,0xFF,0x8D,0x56,0xFF,0x8D,0x56,0xFF,0xED,0x56,0xFF,0xED,0x5E,
    0xFF,0xED,0x5E,0xFF,0xED,0x5E,0xFF,0xED,0x5E,0xFF,0xED,0x5E,0xFF,0xED,0x5E,0xFF,
    0xED,0x56,0xFF,0xED,0x56,0xFF,0xED,0x56,0xFF,0x6D,0x56,0xFF,0x2D,0x4E,0xFF,0xAD,
    0x56,0xFF,0xED,0x56,0xFF,0xED,0x56,0xFF,0xED,0x56,0xFF,0xCD,0x56,0xFF,0x8D,0x56,
    0xFF,0x8D,0x56,0xFF,0x8D,0x56,0xFF,0x8D,0x56,0xFF,0x6D,0x56,0xFF,0x6D,0x56,0xFF,
    0x8D,0x56,0xFF,0x8D,0x56,0xFF,0x8D,0x56,0xFF,0x8D,0x56,0xFF,0x6D,0x56,0xFF,0x6D,
    0x56,0xFF,0x8D,0x56,0xFF,0xAD,0x5E,0xFF,0xEE,0x66,0xFF,0xEE,0x66,0xFF,0xEE,0x66,
    0xFF,0xCE,0x5E,0xFF,0x8D,0x56,0xFF,0x8D,0x5E,0xFF,0x8E,0x5E,0xFF,0x8E,0x5E,0xFF,
    0x6E,0x5E,0xFF,0x8F,0x6E,0xFF,0xD2,0x96,0xFF,0xB1,0x8E,0xFF,0x2D,0x56,0xFF,0x4E,
    0x56,0xFF,0x0E,0x67,0xFF,0xEE,0x66,0xFF,0xED,0x5E,0xFF,0xED,0x5E,0xFF,0xED,0x5E,
    0xFF,0xED,0x5E,0xFF,0xED,0x5E,0xFF,0xED,0x5E,0xFF,0xED,0x5E,0xFF,0xED,0x5E,0xFF,
    0xED,0x5E,0xFF,0xED,0x5E,0xFF,0xED,0x5E,0xFF,0xED,0x5E,0xFF,0xED,0x5E,0xFF,0xED,
    0x5E,0xFF,0xED,0x56,0xFF,0xED,0x56,0xFF,0xED,0x56,0xFF,0xED,0x56,0xFF,0xAD,0x56,
    0xFF,0x8D,0x56,0xFF,0x8D,0x5E,0xFF,0x8D,0x5E,0xFF,0x8D,0x56,0xFF,0x6D,0x56,0xFF,
    0x8D,0x56,0xFF,0x6D,0x56,0xFF,0xCD,0x5E,0xFF,0x0E,0x67,0xFF,0xEE,0x5E,0xFF,0xED,
    0x5E,0xFF,0xED,0x5E,0xFF,0xED,0x5E,0xFF,0xED,0x5E,0xFF,0xED,0x5E,0xFF,0xCD,0x56,
    0xFF,0x6D,0x56,0xFF,0x6D,0x56,0xFF,0x6D,0x56,0xFF,0x8D,0x56,0xFF,0x8D,0x56,0xFF,
    0x8D,0x56,0xFF,0x8D,0x56,0xFF,0xCD,0x56,0xFF,0xED,0x5E,0xFF,0xED,0x5E,0xFF,0xED,
    0x5E,0xFF,0xED,0x5E,0xFF,0xED,0x5E,0xFF,0xED,0x5E,0xFF,0xED,0x5E,0xFF,0xCD,0x5E,
    0xFF,0x2D,0x5F,0xFF,0xEC,0x55,0xFF,0xC8,0x5A,0xFF,0x0B,0x9F,0xFF,0xAF,0xD7,0xFF,
    0x2B,0x9F,0xFF,0xEA,0x96,0xFF,0x26,0x7E,0xFF,0xC9,0x8E,0xFF,0x06,0x76,0xFF,0xC5,
    0x75,0xFF,0xE5,0x75,0xFF,0xE5,0x75,0xFF,0xE5,0x75,0xFF,0xE5,0x75,0xFF,0xE5,0x75,
    0xFF,0xE5,0x75,0xFF,0xE5,0x75,0xFF,0xE5,0x75,0xFF,0xE5,0x75,0xFF,0xE5,0x75,0xFF,
    0xE5,0x75,0xFF,0xE5,0x75,0xFF,0xC5,0x75,0xFF,0x05,0x76,0xFF,0x84,0x5C,0xFF,0x25,
    0x65,0xFF,0x84,0x5C,0xFF,0x03,0x4C,0xFF,0x46,0x4A,0xFF,0x0C,0x5D,0xFF,0x4D,0x5F,
    0xFF,0xCD,0x5E,0xFF,0xCD,0x56,0xFF,0xED,0x56,0xFF,0xED,0x5E,0xFF,0xED,0x5E,0xFF,
    0xED,0x5E,0xFF,0xED,0x5E,0xFF,0xAD,0x56,0xFF,0x8D,0x56,0xFF,0x6D,0x56,0xFF,0x0D,
    0x4E,0xFF,0x4D,0x56,0xFF,0x8D,0x56,0xFF,0x4D,0x56,0xFF,0x0D,0x4E,0xFF,0x4D,0x56,
    0xFF,0x8D,0x56,0xFF,0xAD,0x56,0xFF,0xED,0x56,0xFF,0xED,0x56,0xFF,0xED,0x56,0xFF,
    0xED,0x56,0xFF,0xED,0x56,0xFF,0xCD,0x56,0xFF,0xAD,0x56,0xFF,0x8D,0x56,0xFF,0x6D,
    0x56,0xFF,0x6D,0x56,0xFF,0x6D,0x56,0xFF,0x8D,0x56,0xFF,0xED,0x5E,0xFF,0xED,0x5E,
    0xFF,0xED,0x5E,0xFF,0xED,0x5E,0xFF,0xED,0x5E,0xFF,0xED,0x5E,0xFF,0xED,0x5E,0xFF,
    0xED,0x5E,0xFF,0xED,0x5E,0xFF,0xED,0x5E,0xFF,0xED,0x5E,0xFF,0xED,0x5E,0xFF,0xED,
    0x5E,0xFF,0xED,0x5E,0xFF,0xED,0x5E,0xFF,0xED,0x5E,0xFF,0x8D,0x56,0xFF,0x6D,0x56,
    0xFF,0x8D,0x56,0xFF,0x8D,0x56,0xFF,0x8D,0x56,0xFF,0xAD,0x56,0xFF,0xCD,0x56,0xFF,
    0xED,0x5E,0xFF,0xED,0x5E,0xFF,0xED,0x5E,0xFF,0xED,0x5E,0xFF,0xED,0x5E,0xFF,0xED,
    0x56,0xFF,0xED,0x56,0xFF,0x6D,0x56,0xFF,0x2D,0x4E,0xFF,0x6D,0x56,0xFF,0x8D,0x56,
    0xFF,0x8D,0x56,0xFF,0x8D,0x56,0xFF,0x4D,0x56,0xFF,0x0C,0x4E,0xFF,0x4D,0x56,0xFF,
    0x8D,0x56,0xFF,0xAD,0x56,0xFF,0xED,0x5E,0xFF,0xED,0x5E,0xFF,0xED,0x56,0xFF,0xED,
    0x56,0xFF,0xED,0x5E,0xFF,0xED,0x5E,0xFF,0xED,0x5E,0xFF,0xED,0x5E,0xFF,0xED,0x5E,
    0xFF,0xED,0x5E,0xFF,0xED,0x5E,0xFF,0xED,0x5E,0xFF,0xED,0x5E,0xFF,0xED,0x5E,0xFF,
    0xED,0x5E,0xFF,0xED,0x5E,0xFF,0xED,0x5E,0xFF,0xED,0x5E,0xFF,0xEE,0x66,0xFF,0xCD,
    0x5E,0xFF,0x6D,0x56,0xFF,0x6D,0x56,0xFF,0x8D,0x56,0xFF,0x8D,0x56,0xFF,0x8D,0x56,
    0xFF,0x8D,0x56,0xFF,0x8D,0x56,0xFF,0x8D,0x56,0xFF,0xED,0x5E,0xFF,0xED,0x5E,0xFF,
    0xED,0x5E,0xFF,0xED,0x5E,0xFF,0xAD,0x56,0xFF,0x8D,0x56,0xFF,0x8D,0x56,0xFF,0x8D,
    0x56,0xFF,0x8D,0x56,0xFF,0x8D,0x56,0xFF,0x8D,0x56,0xFF,0x8D,0x56,0xFF,0xCD,0x56,
    0xFF,0xED,0x56,0xFF,0xAD,0x56,0xFF,0x8D,0x56,0xFF,0x8D,0x56,0xFF,0x6D,0x56,0xFF,
    0x6D,0x56,0xFF,0x6D,0x56,0xFF,0xCD,0x5E,0xFF,0xED,0x5E,0xFF,0xED,0x5E,0xFF,0xED,
    0x5E,0xFF,0xED,0x5E,0xFF,0xED,0x5E,0xFF,0xED,0x5E,0xFF,0xED,0x5E,0xFF,0xED,0x5E,
    0xFF,0xED,0x5E,0xFF,0xED,0x5E,0xFF,0xED,0x5E,0xFF,0xED,0x5E,0xFF,0xED,0x5E,0xFF,
    0xED,0x5E,0xFF,0xED,0x5E,0xFF,0xCD,0x56,0xFF,0x6D,0x56,0xFF,0x8D,0x56,0xFF,0x8D,
    0x56,0xFF,0x8D,0x56,0xFF,0x8D,0x56,0xFF,0xAD,0x56,0xFF,0xED,0x56,0xFF,0xED,0x5E,
    0xFF,0xED,0x5E,0xFF,0xED,0x5E,0xFF,0xED,0x56,0xFF,0xCD,0x56,0xFF,0xAD,0x56,0xFF,
    0x8C,0x55,0xFF,0xC8,0x5A,0xFF,0x0B,0x9F,0xFF,0xAF,0xD7,0xFF,0x2B,0x9F,0xFF,0xEA,
    0x96,0xFF,0x26,0x7E,0xFF,0xC9,0x8E,0xFF,0x06,0x76,0xFF,0xC5,0x75,0xFF,0xE5,0x75,
    0xFF,0xE5,0x75,0xFF,0xE5,0x75,0xFF,0xE5,0x75,0xFF,0xE5,0x75,0xFF,0xE5,0x75,0xFF,
    0xE5,0x75,0xFF,0xE5,0x75,0xFF,0xE5,0x75,0xFF,0xE5,0x75,0xFF,0xE5,0x75,0xFF,0xE5,
    0x75,0xFF,0xC5,0x75,0xFF,0x05,0x76,0xFF,0x84,0x5C,0xFF,0x25,0x65,0xFF,0x84,0x5C,
    0xFF,0x03,0x4C,0xFF,0x46,0x52,0xFF,0x0C,0x55,0xFF,0x4D,0x5F,0xFF,0xCD,0x5E,0xFF,
    0xAD,0x56,0xFF,0xED,0x5E,0xFF,0xAD,0x56,0xFF,0x8D,0x56,0xFF,0x8D,0x56,0xFF,0x8D,
    0x56,0xFF,0x8D,0x56,0xFF,0x6D,0x56,0xFF,0x8D,0x56,0xFF,0x8D,0x56,0xFF,0x8D,0x56,
    0xFF,0x6D,0x56,0xFF,0x6D,0x56,0xFF,0x8D,0x56,0xFF,0x8D,0x56,0xFF,0x8D,0x56,0xFF,
    0x8D,0x56,0xFF,0x6D,0x56,0xFF,0xAD,0x56,0xFF,0xED,0x56,0xFF,0xED,0x56,0xFF,0xED,
    0x56,0xFF,0xAD,0x56,0xFF,0x0D,0x4E,0xFF,0x6D,0x56,0xFF,0xED,0x5E,0xFF,0xED,0x5E,
    0xFF,0xED,0x5E,0xFF,0xED,0x5E,0xFF,0xED,0x5E,0xFF,0xED,0x5E,0xFF,0xED,0x5E,0xFF,
    0xED,0x5E,0xFF,0xED,0x5E,0xFF,0xED,0x5E,0xFF,0xED,0x5E,0xFF,0xED,0x5E,0xFF,0xED,
    0x5E,0xFF,0xED,0x5E,0xFF,0xED,0x5E,0xFF,0xED,0x5E,0xFF,0xED,0x5E,0xFF,0xED,0x5E,
    0xFF,0xED,0x5E,0xFF,0xED,0x5E,0xFF,0xED,0x5E,0xFF,0xED,0x5E,0xFF,0xED,0x5E,0xFF,
    0xED,0x5E,0xFF,0x4D,0x56,0xFF,0x2C,0x4E,0xFF,0xAD,0x56,0xFF,0xED,0x56,0xFF,0xED,
    0x5E,0xFF,0xED,0x5E,0xFF,0xAD,0x56,0xFF,0x8D,0x56,0xFF,0x8D,0x56,0xFF,0x8D,0x56,
    0xFF,0x8D,0x56,0xFF,0x8D,0x56,0xFF,0x8D,0x56,0xFF,0x8D,0x56,0xFF,0x8D,0x56,0xFF,
    0x8D,0x56,0xFF,0x8D,0x56,0xFF,0x8D,0x56,0xFF,0x8D,0x56,0xFF,0x8D,0x56,0xFF,0x8D,
    0x56,0xFF,0x6D,0x56,0xFF,0xAD,0x56,0xFF,0xED,0x5E,0xFF,0xED,0x5E,0xFF,0xED,0x5E,
    0xFF,0xED,0x5E,0xFF,0xED,0x5E,0xFF,0xED,0x5E,0xFF,0xED,0x5E,0xFF,0xED,0x5E,0xFF,
    0xED,0x5E,0xFF,0xED,0x5E,0xFF,0xED,0x5E,0xFF,0xED,0x5E,0xFF,0xED,0x5E,0xFF,0xED,
    0x5E,0xFF,0xED,0x5E,0xFF,0xED,0x5E,0xFF,0xED,0x5E,0xFF,0xED,0x5E,0xFF,0xED,0x5E,
    0xFF,0xED,0x5E,0xFF,0xED,0x5E,0xFF,0xCD,0x56,0xFF,0x8D,0x56,0xFF,0x8D,0x56,0xFF,
    0x8D,0x56,0xFF,0x8D,0x56,0xFF,0x8D,0x56,0xFF,0x8D,0x56,0xFF,0x8D,0x56,0xFF,0x8D,
    0x56,0xFF,0x8D,0x56,0xFF,0x8D,0x56,0xFF,0x8D,0x56,0xFF,0x8D,0x56,0xFF,0x8D,0x56,
    0xFF,0x8D,0x56,0xFF,0x8D,0x56,0xFF,0x8D,0x56,0xFF,0x8D,0x56,0xFF,0x8D,0x56,0xFF,
    0x2C,0x4E,0xFF,0x0C,0x4E,0xFF,0xCD,0x56,0xFF,0x0D,0x57,0xFF,0xED,0x5E,0xFF,0xED,
    0x5E,0xFF,0xED,0x5E,0xFF,0xED,0x5E,0xFF,0xED,0x5E,0xFF,0xED,0x5E,0xFF,0xED,0x5E,
    0xFF,0xED,0x5E,0xFF,0xED,0x5E,0xFF,0xED,0x5E,0xFF,0xED,0x5E,0xFF,0xED,0x5E,0xFF,
    0xED,0x5E,0xFF,0xED,0x5E,0xFF,0xED,0x5E,0xFF,0xED,0x5E,0xFF,0xED,0x5E,0xFF,0xED,
    0x5E,0xFF,0xED,0x5E,0xFF,0xED,0x5E,0xFF,0xED,0x56,0xFF,0xED,0x56,0xFF,0xAD,0x56,
    0xFF,0x2D,0x4E,0xFF,0x6D,0x56,0xFF,0xED,0x5E,0xFF,0xCD,0x56,0xFF,0x8D,0x56,0xFF,
    0x8D,0x56,0xFF,0x8D,0x56,0xFF,0x8D,0x56,0xFF,0xAD,0x56,0xFF,0x8C,0x55,0xFF,0xC8,
    0x5A,0xFF,0x0B,0x9F,0xFF,0xAF,0xD7,0xFF,0x2B,0x9F,0xFF,0xEA,0x96,0xFF,0x26,0x7E,
    0xFF,0xC9,0x8E,0xFF,0x06,0x76,0xFF,0xC5,0x75,0xFF,0xE5,0x75,0xFF,0xE5,0x75,0xFF,
    0xE5,0x75,0xFF,0xE5,0x75,0xFF,0xE5,0x75,0xFF,0xE5,0x75,0xFF,0xE5,0x75,0xFF,0xE5,
    0x75,0xFF,0xE5,0x75,0xFF,0xE5,0x75,0xFF,0xE5,0x75,0xFF,0xE5,0x75,0xFF,0xC5,0x75,
    0xFF,0x05,0x76,0xFF,0x84,0x5C,0xFF,0x25,0x65,0xFF,0x84,0x5C,0xFF,0x03,0x4C,0xFF,
    0x46,0x4A,0xFF,0x2C,0x55,0xFF,0x4D,0x5F,0xFF,0xED,0x5E,0xFF,0x4D,0x56,0xFF,0x6D,
    0x56,0xFF,0x8D,0x56,0xFF,0x8D,0x56,0xFF,0x8D,0x56,0xFF,0x8D,0x56,0xFF,0xCD,0x56,
    0xFF,0x0D,0x5F,0xFF,0xED,0x5E,0xFF,0xED,0x5E,0xFF,0xED,0x5E,0xFF,0xED,0x5E,0xFF,
    0xED,0x5E,0xFF,0xED,0x5E,0xFF,0xCD,0x56,0xFF,0x8D,0x56,0xFF,0x8D,0x56,0xFF,0x8D,
    0x56,0xFF,0x8D,0x56,0xFF,0x6D,0x56,0xFF,0x6D,0x56,0xFF,0x6D,0x56,0xFF,0x8D,0x56,
    0xFF,0xAD,0x56,0xFF,0xAD,0x56,0xFF,0xED,0x5E,0xFF,0xED,0x5E,0xFF,0xED,0x5E,0xFF,
    0xED,0x5E,0xFF,0xED,0x5E,0xFF,0xED,0x5E,0xFF,0xED,0x5E,0xFF,0xED,0x5E,0xFF,0xED,
    0x5E,0xFF,0xED,0x5E,0xFF,0xED,0x5E,0xFF,0xED,0x5E,0xFF,0xED,0x5E,0xFF,0xED,0x5E,
    0xFF,0xED,0x5E,0xFF,0xED,0x5E,0xFF,0xED,0x5E,0xFF,0xED,0x5E,0xFF,0xED,0x5E,0xFF,
    0xED,0x5E,0xFF,0xED,0x5E,0xFF,0xED,0x5E,0xFF,0xED,0x5E,0xFF,0xED,0x5E,0xFF,0xAD,
    0x56,0xFF,0xAD,0x56,0xFF,0x8D,0x56,0xFF,0x6D,0x56,0xFF,0x6D,0x56,0xFF,0x6D,0x56,
    0xFF,0x8D,0x56,0xFF,0x8D,0x56,0xFF,0x8D,0x56,0xFF,0x8D,0x56,0xFF,0xCD,0x56,0xFF,
    0xED,0x5E,0xFF,0xED,0x5E,0xFF,0xED,0x5E,0xFF,0xED,0x5E,0xFF,0xED,0x5E,0xFF,0xED,
    0x5E,0xFF,0xED,0x5E,0xFF,0xCD,0x56,0xFF,0x8D,0x56,0xFF,0x8D,0x56,0xFF,0x8D,0x56,
    0xFF,0x8D,0x56,0xFF,0x8D,0x56,0xFF,0x8D,0x56,0xFF,0x6D,0x56,0xFF,0xAD,0x56,0xFF,
    0x0D,0x5F,0xFF,0xED,0x5E,0xFF,0xED,0x5E,0xFF,0xED,0x5E,0xFF,0xED,0x5E,0xFF,0xED,
    0x5E,0xFF,0xED,0x5E,0xFF,0xED,0x5E,0xFF,0xED,0x5E,0xFF,0xED,0x5E,0xFF,0xED,0x5E,
    0xFF,0xED,0x5E,0xFF,0xED,0x5E,0xFF,0xED,0x5E,0xFF,0xED,0x5E,0xFF,0xED,0x5E,0xFF,
    0xED,0x5E,0xFF,0xCD,0x56,0xFF,0x8D,0x56,0xFF,0x8D,0x56,0xFF,0x8D,0x56,0xFF,0x8D,
    0x56,0xFF,0x8D,0x56,0xFF,0x8D,0x56,0xFF,0x8D,0x56,0xFF,0x8D,0x56,0xFF,0xED,0x5E,
    0xFF,0xED,0x5E,0xFF,0xED,0x5E,0xFF,0xED,0x5E,0xFF,0xED,0x5E,0xFF,0xED,0x5E,0xFF,
    0xED,0x5E,0xFF,0xED,0x5E,0xFF,0xAD,0x56,0xFF,0x8D,0x56,0xFF,0x8D,0x56,0xFF,0xAD,
    0x56,0xFF,0x8D,0x56,0xFF,0x6D,0x56,0xFF,0x6D,0x56,0xFF,0x6D,0x56,0xFF,0xCD,0x56,
    0xFF,0x0D,0x5F,0xFF,0xED,0x5E,0xFF,0xED,0x5E,0xFF,0xED,0x5E,0xFF,0xED,0x5E,0xFF,
    0xED,0x5E,0xFF,0xED,0x5E,0xFF,0xED,0x5E,0xFF,0xED,0x5E,0xFF,0xED,0x5E,0xFF,0xED,
    0x5E,0xFF,0xED,0x5E,0xFF,0xED,0x5E,0xFF,0xED,0x5E,0xFF,0xED,0x5E,0xFF,0xED,0x5E,
    0xFF,0xED,0x5E,0xFF,0xED,0x56,0xFF,0xED,0x56,0xFF,0xAD,0x56,0xFF,0x2D,0x4E,0xFF,
    0x4D,0x56,0xFF,0x6D,0x56,0xFF,0x6D,0x56,0xFF,0x8D,0x56,0xFF,0x8D,0x56,0xFF,0x8D,
    0x56,0xFF,0xAD,0x56,0xFF,0x2D,0x5F,0xFF,0xEC,0x55,0xFF,0xC8,0x5A,0xFF,0x0B,0x9F,
    0xFF,0xAF,0xD7,0xFF,0x2B,0x9F,0xFF,0xEA,0x96,0xFF,0x26,0x7E,0xFF,0xC9,0x8E,0xFF,
    0x06,0x76,0xFF,0xC5,0x75,0xFF,0xE5,0x75,0xFF,0xE5,0x75,0xFF,0xE5,0x75,0xFF,0xE5,
    0x75,0xFF,0xE5,0x75,0xFF,0xE5,0x75,0xFF,0xE5,0x75,0xFF,0xE5,0x75,0xFF,0xE5,0x75,
    0xFF,0xE5,0x75,0xFF,0xE5,0x75,0xFF,0xE5,0x75,0xFF,0xC5,0x75,0xFF,0x05,0x76,0xFF,
    0x84,0x5C,0xFF,0x25,0x65,0xFF,0x84,0x5C,0xFF,0x03,0x4C,0xFF,0x46,0x4A,0xFF,0x2C,
    0x55,0xFF,0x4D,0x5F,0xFF,0xED,0x5E,0xFF,0x8D,0x56,0xFF,0x8D,0x56,0xFF,0xCD,0x56,
    0xFF,0x0D,0x5F,0xFF,0xED,0x5E,0xFF,0x0D,0x5F,0xFF,0xED,0x5E,0xFF,0xED,0x5E,0xFF,
    0xED,0x5E,0xFF,0xED,0x5E,0xFF,0xED,0x5E,0xFF,0xED,0x5E,0xFF,0xED,0x5E,0xFF,0xED,
    0x5E,0xFF,0xED,0x5E,0xFF,0x0D,0x5F,0xFF,0xED,0x5E,0xFF,0xED,0x5E,0xFF,0xCD,0x56,
    0xFF,0x8D,0x56,0xFF,0x6D,0x56,0xFF,0x2D,0x4E,0xFF,0x6D,0x56,0xFF,0xED,0x5E,0xFF,
    0xED,0x5E,0xFF,0xED,0x5E,0xFF,0xED,0x5E,0xFF,0xED,0x5E,0xFF,0xED,0x5E,0xFF,0xED,
    0x5E,0xFF,0xED,0x5E,0xFF,0xED,0x5E,0xFF,0xED,0x5E,0xFF,0xED,0x5E,0xFF,0xED,0x5E,
    0xFF,0xED,0x5E,0xFF,0xED,0x5E,0xFF,0xED,0x5E,0xFF,0xED,0x5E,0xFF,0xED,0x5E,0xFF,
    0xED,0x5E,0xFF,0xED,0x5E,0xFF,0xED,0x5E,0xFF,0xED,0x5E,0xFF,0xED,0x5E,0xFF,0xED,
    0x5E,0xFF,0xED,0x5E,0xFF,0xED,0x5E,0xFF,0xED,0x5E,0xFF,0xED,0x5E,0xFF,0xED,0x5E,
    0xFF,0x6D,0x56,0xFF,0x2D,0x4E,0xFF,0x8D,0x56,0xFF,0x8D,0x56,0xFF,0xCD,0x56,0xFF,
    0xED,0x5E,0xFF,0xED,0x5E,0xFF,0xED,0x5E,0xFF,0xED,0x5E,0xFF,0xED,0x5E,0xFF,0xED,
    0x5E,0xFF,0xED,0x5E,0xFF,0xED,0x5E,0xFF,0xED,0x5E,0xFF,0xED,0x5E,0xFF,0xED,0x5E,
    0xFF,0xED,0x5E,0xFF,0x0D,0x5F,0xFF,0xED,0x5E,0xFF,0x0D,0x5F,0xFF,0xCD,0x56,0xFF,
    0x8D,0x56,0xFF,0xAD,0x56,0xFF,0x8D,0x56,0xFF,0x8D,0x56,0xFF,0x6D,0x56,0xFF,0xAD,
    0x56,0xFF,0xED,0x5E,0xFF,0xED,0x5E,0xFF,0xED,0x5E,0xFF,0xED,0x5E,0xFF,0xED,0x5E,
    0xFF,0xED,0x5E,0xFF,0xED,0x5E,0xFF,0xED,0x5E,0xFF,0xED,0x5E,0xFF,0xED,0x5E,0xFF,
    0xED,0x5E,0xFF,0xED,0x5E,0xFF,0xED,0x5E,0xFF,0xED,0x56,0xFF,0x8D,0x56,0xFF,0x8D,
    0x56,0xFF,0x8D,0x56,0xFF,0x8D,0x56,0xFF,0x8D,0x56,0xFF,0xAD,0x56,0xFF,0xED,0x5E,
    0xFF,0xED,0x5E,0xFF,0xED,0x5E,0xFF,0xED,0x5E,0xFF,0xED,0x5E,0xFF,0xED,0x5E,0xFF,
    0xED,0x5E,0xFF,0xED,0x5E,0xFF,0xED,0x5E,0xFF,0xED,0x5E,0xFF,0xED,0x5E,0xFF,0xED,
    0x5E,0xFF,0xED,0x5E,0xFF,0xED,0x5E,0xFF,0xED,0x5E,0xFF,0xED,0x5E,0xFF,0xAD,0x56,
    0xFF,0x8D,0x56,0xFF,0x8D,0x56,0xFF,0xAD,0x56,0xFF,0x8D,0x56,0xFF,0x6D,0x56,0xFF,
    0xCD,0x56,0xFF,0xED,0x5E,0xFF,0xED,0x5E,0xFF,0xED,0x5E,0xFF,0xED,0x5E,0xFF,0xED,
    0x5E,0xFF,0xED,0x5E,0xFF,0xED,0x5E,0xFF,0xED,0x5E,0xFF,0xED,0x5E,0xFF,0xED,0x5E,
    0xFF,0xED,0x5E,0xFF,0xED,0x5E,0xFF,0xED,0x5E,0xFF,0xED,0x5E,0xFF,0xED,0x5E,0xFF,
    0xCD,0x56,0xFF,0x6D,0x56,0xFF,0x8D,0x56,0xFF,0xAD,0x56,0xFF,0x8D,0x56,0xFF,0x8D,
    0x56,0xFF,0xAD,0x56,0xFF,0x0D,0x5F,0xFF,0xED,0x5E,0xFF,0xED,0x5E,0xFF,0xED,0x5E,
    0xFF,0x2D,0x5F,0xFF,0xEC,0x55,0xFF,0xC8,0x5A,0xFF,0x0B,0x9F,0xFF,0xAF,0xD7,0xFF,
    0x2B,0x9F,0xFF,0xEA,0x96,0xFF,0x26,0x7E,0xFF,0xC9,0x8E,0xFF,0x06,0x76,0xFF,0xC5,
    0x75,0xFF,0xE5,0x75,0xFF,0xE5,0x75,0xFF,0xE5,0x75,0xFF,0xE5,0x75,0xFF,0xE5,0x75,
    0xFF,0xE5,0x75,0xFF,0xE5,0x75,0xFF,0xE5,0x75,0xFF,0xE5,0x75,0xFF,0xE5,0x75,0xFF,
    0xE5,0x75,0xFF,0xE5,0x75,0xFF,0xC5,0x75,0xFF,0x05,0x76,0xFF,0x84,0x5C,0xFF,0x25,
    0x65,0xFF,0x84,0x5C,0xFF,0x03,0x4C,0xFF,0x46,0x4A,0xFF,0x2C,0x55,0xFF,0x4D,0x5F,
    0xFF,0xED,0x5E,0xFF,0xED,0x5E,0xFF,0xED,0x5E,0xFF,0xED,0x5E,0xFF,0xED,0x5E,0xFF,
    0xED,0x5E,0xFF,0xED,0x5E,0xFF,0xED,0x5E,0xFF,0xED,0x5E,0xFF,0xED,0x5E,0xFF,0xED,
    0x5E,0xFF,0xED,0x5E,0xFF,0xED,0x5E,0xFF,0xED,0x5E,0xFF,0xED,0x5E,0xFF,0xED,0x5E,
    0xFF,0xED,0x5E,0xFF,0xED,0x5E,0xFF,0xED,0x5E,0xFF,0xED,0x5E,0xFF,0xED,0x5E,0xFF,
    0xED,0x56,0xFF,0xAD,0x56,0xFF,0xCD,0x56,0xFF,0xED,0x5E,0xFF,0xED,0x5E,0xFF,0xED,
    0x5E,0xFF,0xED,0x5E,0xFF,0xED,0x5E,0xFF,0xED,0x5E,0xFF,0xED,0x5E,0xFF,0xED,0x5E,
    0xFF,0xED,0x5E,0xFF,0xED,0x5E,0xFF,0xED,0x5E,0xFF,0xED,0x5E,0xFF,0xED,0x5E,0xFF,
    0xED,0x5E,0xFF,0xED,0x5E,0xFF,0xED,0x5E,0xFF,0xED,0x5E,0xFF,0xED,0x5E,0xFF,0xED,
    0x5E,0xFF,0xED,0x5E,0xFF,0xED,0x5E,0xFF,0xED,0x5E,0xFF,0xED,0x5E,0xFF,0xED,0x5E,
    0xFF,0xED,0x5E,0xFF,0xED,0x5E,0xFF,0xED,0x5E,0xFF,0xED,0x5E,0xFF,0xCD,0x56,0xFF,
    0xCD,0x56,0xFF,0xED,0x5E,0xFF,0xED,0x5E,0xFF,0xED,0x5E,0xFF,0xED,0x5E,0xFF,0xED,
    0x5E,0xFF,0xED,0x5E,0xFF,0xED,0x5E,0xFF,0xED,0x5E,0xFF,0xED,0x5E,0xFF,0xED,0x5E,
    0xFF,0xED,0x5E,0xFF,0xED,0x5E,0xFF,0xED,0x5E,0xFF,0xED,0x5E,0xFF,0xED,0x5E,0xFF,
    0xED,0x5E,0xFF,0xED,0x5E,0xFF,0xED,0x5E,0xFF,0xED,0x5E,0xFF,0xED,0x5E,0xFF,0xED,
    0x5E,0xFF,0xED,0x5E,0xFF,0xCD,0x56,0xFF,0xAD,0x56,0xFF,0xCD,0x56,0xFF,0xED,0x5E,
    0xFF,0xED,0x5E,0xFF,0xED,0x5E,0xFF,0xED,0x5E,0xFF,0xED,0x5E,0xFF,0xED,0x5E,0xFF,
    0xED,0x5E,0xFF,0xED,0x5E,0xFF,0xED,0x5E,0xFF,0xED,0x5E,0xFF,0xED,0x5E,0xFF,0xED,
    0x5E,0xFF,0xED,0x5E,0xFF,0xED,0x5E,0xFF,0xAD,0x56,0xFF,0xCD,0x56,0xFF,0xED,0x5E,
    0xFF,0xED,0x5E,0xFF,0xED,0x5E,0xFF,0xED,0x5E,0xFF,0xED,0x5E,0xFF,0xED,0x5E,0xFF,
    0xED,0x5E,0xFF,0xED,0x5E,0xFF,0xED,0x5E,0xFF,0xED,0x5E,0xFF,0xED,0x5E,0xFF,0xED,
    0x5E,0xFF,0xED,0x5E,0xFF,0xED,0x5E,0xFF,0xED,0x5E,0xFF,0xED,0x5E,0xFF,0xED,0x5E,
    0xFF,0xED,0x5E,0xFF,0xED,0x5E,0xFF,0xED,0x5E,0xFF,0xED,0x5E,0xFF,0xED,0x5E,0xFF,
    0xED,0x5E,0xFF,0xED,0x5E,0xFF,0xCD,0x56,0xFF,0xAD,0x56,0xFF,0xCD,0x56,0xFF,0xED,
    0x5E,0xFF,0xED,0x5E,0xFF,0xED,0x5E,0xFF,0xED,0x5E,0xFF,0xED,0x5E,0xFF,0xED,0x5E,
    0xFF,0xED,0x5E,0xFF,0xED,0x5E,0xFF,0xED,0x5E,0xFF,0xED,0x5E,0xFF,0xED,0x5E,0xFF,
    0xED,0x5E,0xFF,0xED,0x5E,0xFF,0xED,0x5E,0xFF,0xED,0x5E,0xFF,0xCD,0x5E,0xFF,0xAD,
    0x56,0xFF,0xCD,0x56,0xFF,0xED,0x5E,0xFF,0xED,0x5E,0xFF,0xED,0x5E,0xFF,0xED,0x5E,
    0xFF,0xED,0x5E,0xFF,0xED,0x5E,0xFF,0xED,0x5E,0xFF,0xED,0x5E,0xFF,0x2D,0x5F,0xFF,
    0xEC,0x55,0xFF,0xC8,0x5A,0xFF,0x0B,0x9F,0xFF,0xAF,0xD7,0xFF,0x2B,0x9F,0xFF,0xEA,
    0x96,0xFF,0x26,0x7E,0xFF,0xC9,0x8E,0xFF,0x06,0x76,0xFF,0xC5,0x75,0xFF,0xE5,0x75,
    0xFF,0xE5,0x75,0xFF,0xE5,0x75,0xFF,0xE5,0x75,0xFF,0xE5,0x75,0xFF,0xE5,0x75,0xFF,
    0xE5,0x75,0xFF,0xE5,0x75,0xFF,0xE5,0x75,0xFF,0xE5,0x75,0xFF,0xE5,0x75,0xFF,0xE5,
    0x75,0xFF,0xC5,0x75,0xFF,0x05,0x76,0xFF,0x84,0x5C,0xFF,0x25,0x65,0xFF,0x84,0x5C,
    0xFF,0x03,0x4C,0xFF,0x46,0x4A,0xFF,0x2C,0x55,0xFF,0x4D,0x5F,0xFF,0xED,0x5E,0xFF,
    0xED,0x5E,0xFF,0xED,0x5E,0xFF,0xED,0x5E,0xFF,0xED,0x5E,0xFF,0xED,0x5E,0xFF,0xED,
    0x5E,0xFF,0xED,0x5E,0xFF,0xED,0x5E,0xFF,0xED,0x5E,0xFF,0xED,0x5E,0xFF,0xED,0x5E,
    0xFF,0xED,0x5E,0xFF,0xED,0x5E,0xFF,0xED,0x5E,0xFF,0xED,0x5E,0xFF,0xED,0x5E,0xFF,
    0xED,0x5E,0xFF,0xED,0x5E,0xFF,0xED,0x5E,0xFF,0xED,0x5E,0xFF,0xED,0x5E,0xFF,0x0D,
    0x5F,0xFF,0x0D,0x5F,0xFF,0xED,0x5E,0xFF,0xED,0x5E,0xFF,0xED,0x5E,0xFF,0xED,0x5E,
    0xFF,0xED,0x5E,0xFF,0xED,0x5E,0xFF,0xED,0x5E,0xFF,0xED,0x5E,0xFF,0xED,0x5E,0xFF,
    0xED,0x5E,0xFF,0xED,0x5E,0xFF,0xED,0x5E,0xFF,0xED,0x5E,0xFF,0xED,0x5E,0xFF,0xED,
    0x5E,0xFF,0xED,0x5E,0xFF,0xED,0x5E,0xFF,0xED,0x5E,0xFF,0xED,0x5E,0xFF,0xED,0x5E,
    0xFF,0xED,0x5E,0xFF,0xED,0x5E,0xFF,0xED,0x5E,0xFF,0xED,0x5E,0xFF,0xED,0x5E,0xFF,
    0xED,0x5E,0xFF,0xED,0x5E,0xFF,0xED,0x5E,0xFF,0x0D,0x5F,0xFF,0x0D,0x5F,0xFF,0xED,
    0x5E,0xFF,0xED,0x5E,0xFF,0xED,0x5E,0xFF,0xED,0x5E,0xFF,0xED,0x5E,0xFF,0xED,0x5E,
    0xFF,0xED,0x5E,0xFF,0xED,0x5E,0xFF,0xED,0x5E,0xFF,0xED,0x5E,0xFF,0xED,0x5E,0xFF,
    0xED,0x5E,0xFF,0xED,0x5E,0xFF,0xED,0x5E,0xFF,0xED,0x5E,0xFF,0xED,0x5E,0xFF,0xED,
    0x5E,0xFF,0xED,0x5E,0xFF,0xED,0x5E,0xFF,0xED,0x5E,0xFF,0xED,0x5E,0xFF,0xED,0x5E,
    0xFF,0xED,0x5E,0xFF,0x0D,0x5F,0xFF,0x0D,0x5F,0xFF,0xED,0x5E,0xFF,0xED,0x5E,0xFF,
    0xED,0x5E,0xFF,0xED,0x5E,0xFF,0xED,0x5E,0xFF,0xED,0x5E,0xFF,0xED,0x5E,0xFF,0xED,
    0x5E,0xFF,0xED,0x5E,0xFF,0xED,0x5E,0xFF,0xED,0x5E,0xFF,0xED,0x5E,0xFF,0xED,0x5E,
    0xFF,0xED,0x5E,0xFF,0x0D,0x5F,0xFF,0x0D,0x5F,0xFF,0xED,0x5E,0xFF,0xED,0x5E,0xFF,
    0xED,0x5E,0xFF,0xED,0x5E,0xFF,0xED,0x5E,0xFF,0xED,0x5E,0xFF,0xED,0x5E,0xFF,0xED,
    0x5E,0xFF,0xED,0x5E,0xFF,0xED,0x5E,0xFF,0xED,0x5E,0xFF,0xED,0x5E,0xFF,0xED,0x5E,
    0xFF,0xED,0x5E,0xFF,0xED,0x5E,0xFF,0xED,0x5E,0xFF,0xED,0x5E,0xFF,0xED,0x5E,0xFF,
    0xED,0x5E,0xFF,0xED,0x5E,0xFF,0xED,0x5E,0xFF,0xED,0x5E,0xFF,0xED,0x5E,0xFF,0xED,
    0x5E,0xFF,0x0D,0x5F,0xFF,0x0D,0x5F,0xFF,0xED,0x5E,0xFF,0xED,0x5E,0xFF,0xED,0x5E,
    0xFF,0xED,0x5E,0xFF,0xED,0x5E,0xFF,0xED,0x5E,0xFF,0xED,0x5E,0xFF,0xED,0x5E,0xFF,
    0xED,0x5E,0xFF,0xED,0x5E,0xFF,0xED,0x5E,0xFF,0xED,0x5E,0xFF,0xED,0x5E,0xFF,0xED,
    0x5E,0xFF,0xED,0x5E,0xFF,0xED,0x5E,0xFF,0xED,0x5E,0xFF,0x0D,0x5F,0xFF,0x0D,0x5F,
    0xFF,0xED,0x5E,0xFF,0xED,0x5E,0xFF,0xED,0x5E,0xFF,0xED,0x5E,0xFF,0xED,0x5E,0xFF,
    0xED,0x5E,0xFF,0xED,0x5E,0xFF,0xED,0x5E,0xFF,0x2D,0x5F,0xFF,0xEC,0x55,0xFF,0xC8,
    0x5A,0xFF,0x0B,0x9F,0xFF,0xAF,0xD7,0xFF,0x2B,0x9F,0xFF,0xEA,0x96,0xFF,0x26,0x7E,
    0xFF,0xC9,0x8E,0xFF,0x06,0x76,0xFF,0xC5,0x75,0xFF,0xE5,0x75,0xFF,0xE5,0x75,0xFF,
    0xE5,0x75,0xFF,0xE5,0x75,0xFF,0xE5,0x75,0xFF,0xE5,0x75,0xFF,0xE5,0x75,0xFF,0xE5,
    0x75,0xFF,0xE5,0x75,0xFF,0xE5,0x75,0xFF,0xE5,0x75,0xFF,0xE5,0x75,0xFF,0xC5,0x75,
    0xFF,0x05,0x76,0xFF,0x84,0x5C,0xFF,0x25,0x65,0xFF,0x84,0x5C,0xFF,0x03,0x4C,0xFF,
    0x46,0x4A,0xFF,0x2C,0x55,0xFF,0x4D,0x5F,0xFF,0xED,0x5E,0xFF,0xED,0x5E,0xFF,0xED,
    0x5E,0xFF,0xED,0x5E,0xFF,0xED,0x5E,0xFF,0xED,0x5E,0xFF,0xED,0x5E,0xFF,0xED,0x5E,
    0xFF,0xED,0x5E,0xFF,0xED,0x5E,0xFF,0xED,0x5E,0xFF,0xED,0x5E,0xFF,0xED,0x5E,0xFF,
    0xED,0x5E,0xFF,0xED,0x5E,0xFF,0xED,0x5E,0xFF,0xED,0x5E,0xFF,0xED,0x5E,0xFF,0xED,
    0x5E,0xFF,0xED,0x5E,0xFF,0xED,0x5E,0xFF,0xED,0x5E,0xFF,0xED,0x5E,0xFF,0xED,0x5E,
    0xFF,0xED,0x5E,0xFF,0xED,0x5E,0xFF,0xED,0x5E,0xFF,0xED,0x5E,0xFF,0xED,0x5E,0xFF,
    0xED,0x5E,0xFF,0xED,0x5E,0xFF,0xED,0x5E,0xFF,0xED,0x5E,0xFF,0xED,0x5E,0xFF,0xED,
    0x5E,0xFF,0xED,0x5E,0xFF,0xED,0x5E,0xFF,0xED,0x5E,0xFF,0xED,0x5E,0xFF,0xED,0x5E,
    0xFF,0xED,0x5E,0xFF,0xED,0x5E,0xFF,0xED,0x5E,0xFF,0xED,0x5E,0xFF,0xED,0x5E,0xFF,
    0xED,0x5E,0xFF,0xED,0x5E,0xFF,0xED,0x5E,0xFF,0xED,0x5E,0xFF,0xED,0x5E,0xFF,0xED,
    0x5E,0xFF,0xED,0x5E,0xFF,0xED,0x5E,0xFF,0xED,0x5E,0xFF,0xED,0x5E,0xFF,0xED,0x5E,
    0xFF,0xED,0x5E,0xFF,0xED,0x5E,0xFF,0xED,0x5E,0xFF,0xED,0x5E,0xFF,0xED,0x5E,0xFF,
    0xED,0x5E,0xFF,0xED,0x5E,0xFF,0xED,0x5E,0xFF,0xED,0x5E,0xFF,0xED,0x5E,0xFF,0xED,
    0x5E,0xFF,0xED,0x5E,0xFF,0xED,0x5E,0xFF,0xED,0x5E,0xFF,0xED,0x5E,0xFF,0xED,0x5E,
    0xFF,0xED,0x5E,0xFF,0xED,0x5E,0xFF,0xED,0x5E,0xFF,0xED,0x5E,0xFF,0xED,0x5E,0xFF,
    0xED,0x5E,0xFF,0xED,0x5E,0xFF,0xED,0x5E,0xFF,0xED,0x5E,0xFF,0xED,0x5E,0xFF,0xED,
    0x5E,0xFF,0xED,0x5E,0xFF,0xED,0x5E,0xFF,0xED,0x5E,0xFF,0xED,0x5E,0xFF,0xED,0x5E,
    0xFF,0xED,0x5E,0xFF,0xED,0x5E,0xFF,0xED,0x5E,0xFF,0xED,0x5E,0xFF,0xED,0x5E,0xFF,
    0xED,0x5E,0xFF,0xED,0x5E,0xFF,0xED,0x5E,0xFF,0xED,0x5E,0xFF,0xED,0x5E,0xFF,0xED,
    0x5E,0xFF,0xED,0x5E,0xFF,0xED,0x5E,0xFF,0xED,0x5E,0xFF,0xED,0x5E,0xFF,0xED,0x5E,
    0xFF,0xED,0x5E,0xFF,0xED,0x5E,0xFF,0xED,0x5E,0xFF,0xED,0x5E,0xFF,0xED,0x5E,0xFF,
    0xED,0x5E,0xFF,0xED,0x5E,0xFF,0xED,0x5E,0xFF,0xED,0x5E,0xFF,0xED,0x5E,0xFF,0xED,
    0x5E,0xFF,0xED,0x5E,0xFF,0xED,0x5E,0xFF,0xED,0x5E,0xFF,0xED,0x5E,0xFF,0xED,0x5E,
    0xFF,0xED,0x5E,0xFF,0xED,0x5E,0xFF,0xED,0x5E,0xFF,0xED,0x5E,0xFF,0xED,0x5E,0xFF,
    0xED,0x5E,0xFF,0xED,0x5E,0xFF,0xED,0x5E,0xFF,0xED,0x5E,0xFF,0xED,0x5E,0xFF,0xED,
    0x5E,0xFF,0xED,0x5E,0xFF,0xED,0x5E,0xFF,0xED,0x5E,0xFF,0xED,0x5E,0xFF,0xED,0x5E,
    0xFF,0xED,0x5E,0xFF,0xED,0x5E,0xFF,0xED,0x5E,0xFF,0xED,0x5E,0xFF,0xED,0x5E,0xFF,
    0xED,0x5E,0xFF,0xED,0x5E,0xFF,0xED,0x5E,0xFF,0xED,0x5E,0xFF,0xED,0x5E,0xFF,0xED,
    0x5E,0xFF,0xED,0x5E,0xFF,0x2D,0x5F,0xFF,0xEC,0x55,0xFF,0xC8,0x5A,0xFF,0x0B,0x9F,
    0xFF,0xAF,0xD7,0xFF,0x2B,0x9F,0xFF,0xEA,0x96,0xFF,0x26,0x7E,0xFF,0xC9,0x8E,0xFF,
    0x06,0x76,0xFF,0xC5,0x75,0xFF,0xE5,0x75,0xFF,0xE5,0x75,0xFF,0xE5,0x75,0xFF,0xE5,
    0x75,0xFF,0xE5,0x75,0xFF,0xE5,0x75,0xFF,0xE5,0x75,0xFF,0xE5,0x75,0xFF,0xE5,0x75,
    0xFF,0xE5,0x75,0xFF,0xE5,0x75,0xFF,0xE5,0x75,0xFF,0xC5,0x75,0xFF,0x05,0x76,0xFF,
    0x84,0x5C,0xFF,0x25,0x65,0xFF,0x84,0x5C,0xFF,0x03,0x4C,0xFF,0x46,0x4A,0xFF,0x2C,
    0x55,0xFF,0x4D,0x5F,0xFF,0xED,0x5E,0xFF,0xED,0x5E,0xFF,0xED,0x5E,0xFF,0xED,0x5E,
    0xFF,0xED,0x5E,0xFF,0xED,0x5E,0xFF,0xED,0x5E,0xFF,0xED,0x5E,0xFF,0xED,0x5E,0xFF,
    0xED,0x5E,0xFF,0xED,0x5E,0xFF,0xED,0x5E,0xFF,0xED,0x5E,0xFF,0xED,0x5E,0xFF,0xED,
    0x5E,0xFF,0xED,0x5E,0xFF,0xED,0x5E,0xFF,0xED,0x5E,0xFF,0xED,0x5E,0xFF,0xED,0x5E,
    0xFF,0xED,0x5E,0xFF,0xED,0x5E,0xFF,0xED,0x5E,0xFF,0xED,0x5E,0xFF,0xED,0x5E,0xFF,
    0xED,0x5E,0xFF,0xED,0x5E,0xFF,0xED,0x5E,0xFF,0xED,0x5E,0xFF,0xED,0x5E,0xFF,0xED,
    0x5E,0xFF,0xED,0x5E,0xFF,0xED,0x5E,0xFF,0xED,0x5E,0xFF,0xED,0x5E,0xFF,0xED,0x5E,
    0xFF,0xED,0x5E,0xFF,0xED,0x5E,0xFF,0xED,0x5E,0xFF,0xED,0x5E,0xFF,0xED,0x5E,0xFF,
    0xED,0x5E,0xFF,0xED,0x5E,0xFF,0xED,0x5E,0xFF,0xED,0x5E,0xFF,0xED,0x5E,0xFF,0xED,
    0x5E,0xFF,0xED,0x5E,0xFF,0xED,0x5E,0xFF,0xED,0x5E,0xFF,0xED,0x5E,0xFF,0xED,0x5E,
    0xFF,0xED,0x5E,0xFF,0xED,0x5E,0xFF,0xED,0x5E,0xFF,0xED,0x5E,0xFF,0xED,0x5E,0xFF,
    0xED,0x5E,0xFF,0xED,0x5E,0xFF,0xED,0x5E,0xFF,0xED,0x5E,0xFF,0xED,0x5E,0xFF,0xED,
    0x5E,0xFF,0xED,0x5E,0xFF,0xED,0x5E,0xFF,0xED,0x5E,0xFF,0xED,0x5E,0xFF,0xED,0x5E,
    0xFF,0xED,0x5E,0xFF,0xED,0x5E,0xFF,0xED,0x5E,0xFF,0xED,0x5E,0xFF,0xED,0x5E,0xFF,
    0xED,0x5E,0xFF,0xED,0x5E,0xFF,0xED,0x5E,0xFF,0xED,0x5E,0xFF,0xED,0x5E,0xFF,0xED,
    0x5E,0xFF,0xED,0x5E,0xFF,0xED,0x5E,0xFF,0xED,0x5E,0xFF,0xED,0x5E,0xFF,0xED,0x5E,
    0xFF,0xED,0x5E,0xFF,0xED,0x5E,0xFF,0xED,0x5E,0xFF,0xED,0x5E,0xFF,0xED,0x5E,0xFF,
    0xED,0x5E,0xFF,0xED,0x5E,0xFF,0xED,0x5E,0xFF,0xED,0x5E,0xFF,0xED,0x5E,0xFF,0xED,
    0x5E,0xFF,0xED,0x5E,0xFF,0xED,0x5E,0xFF,0xED,0x5E,0xFF,0xED,0x5E,0xFF,0xED,0x5E,
    0xFF,0xED,0x5E,0xFF,0xED,0x5E,0xFF,0xED,0x5E,0xFF,0xED,0x5E,0xFF,0xED,0x5E,0xFF,
    0xED,0x5E,0xFF,0xED,0x5E,0xFF,0xED,0x5E,0xFF,0xED,0x5E,0xFF,0xED,0x5E,0xFF,0xED,
    0x5E,0xFF,0xED,0x5E,0xFF,0xED,0x5E,0xFF,0xED,0x5E,0xFF,0xED,0x5E,0xFF,0xED,0x5E,
    0xFF,0xED,0x5E,0xFF,0xED,0x5E,0xFF,0xED,0x5E,0xFF,0xED,0x5E,0xFF,0xED,0x5E,0xFF,
    0xED,0x5E,0xFF,0xED,0x5E,0xFF,0xED,0x5E,0xFF,0xED,0x5E,0xFF,0xED,0x5E,0xFF,0xED,
    0x5E,0xFF,0xED,0x5E,0xFF,0xED,0x5E,0xFF,0xED,0x5E,0xFF,0xED,0x5E,0xFF,0xED,0x5E,
    0xFF,0xED,0x5E,0xFF,0xED,0x5E,0xFF,0xED,0x5E,0xFF,0xED,0x5E,0xFF,0xED,0x5E,0xFF,
    0xED,0x5E,0xFF,0xED,0x5E,0xFF,0xED,0x5E,0xFF,0xED,0x5E,0xFF,0xED,0x5E,0xFF,0xED,
    0x5E,0xFF,0xED,0x5E,0xFF,0xED,0x5E,0xFF,0xED,0x5E,0xFF,0xED,0x5E,0xFF,0xED,0x5E,
    0xFF,0x2D,0x5F,0xFF,0xEC,0x55,0xFF,0xC8,0x5A,0xFF,0x0B,0x9F,0xFF,0xAF,0xD7,0xFF,
    0x2B,0x9F,0xFF,0xEA,0x96,0xFF,0x26,0x7E,0xFF,0xC9,0x8E,0xFF,0x06,0x76,0xFF,0xC5,
    0x75,0xFF,0xE5,0x75,0xFF,0xE5,0x75,0xFF,0xE5,0x75,0xFF,0xE5,0x75,0xFF,0xE5,0x75,
    0xFF,0xE5,0x75,0xFF,0xE5,0x75,0xFF,0xE5,0x75,0xFF,0xE5,0x75,0xFF,0xE5,0x75,0xFF,
    0xE5,0x75,0xFF,0xE5,0x75,0xFF,0xC5,0x75,0xFF,0x05,0x76,0xFF,0x84,0x5C,0xFF,0x25,
    0x65,0xFF,0x84,0x5C,0xFF,0x03,0x4C,0xFF,0x46,0x4A,0xFF,0x2C,0x55,0xFF,0x4D,0x5F,
    0xFF,0xED,0x5E,0xFF,0xED,0x5E,0xFF,0xED,0x5E,0xFF,0xED,0x5E,0xFF,0xED,0x5E,0xFF,
    0xED,0x5E,0xFF,0xED,0x5E,0xFF,0xED,0x5E,0xFF,0xED,0x5E,0xFF,0xED,0x5E,0xFF,0xED,
    0x5E,0xFF,0xED,0x5E,0xFF,0xED,0x5E,0xFF,0xED,0x5E,0xFF,0xED,0x5E,0xFF,0xED,0x5E,
    0xFF,0xED,0x5E,0xFF,0xED,0x5E,0xFF,0xED,0x5E,0xFF,0xED,0x5E,0xFF,0xED,0x5E,0xFF,
    0xED,0x5E,0xFF,0xED,0x5E,0xFF,0xED,0x5E,0xFF,0xED,0x5E,0xFF,0xED,0x5E,0xFF,0xED,
    0x5E,0xFF,0xED,0x5E,0xFF,0xED,0x5E,0xFF,0xED,0x5E,0xFF,0xED,0x5E,0xFF,0xED,0x5E,
    0xFF,0xED,0x5E,0xFF,0xED,0x5E,0xFF,0xED,0x5E,0xFF,0xED,0x5E,0xFF,0xED,0x5E,0xFF,
    0xED,0x5E,0xFF,0xED,0x5E,0xFF,0xED,0x5E,0xFF,0xED,0x5E,0xFF,0xED,0x5E,0xFF,0xED,
    0x5E,0xFF,0xED,0x5E,0xFF,0xED,0x5E,0xFF,0xED,0x5E,0xFF,0xED,0x5E,0xFF,0xED,0x5E,
    0xFF,0xED,0x5E,0xFF,0xED,0x5E,0xFF,0xED,0x5E,0xFF,0xED,0x5E,0xFF,0xED,0x5E,0xFF,
    0xED,0x5E,0xFF,0xED,0x5E,0xFF,0xED,0x5E,0xFF,0xED,0x5E,0xFF,0xED,0x5E,0xFF,0xED,
    0x5E,0xFF,0xED,0x5E,0xFF,0xED,0x5E,0xFF,0xED,0x5E,0xFF,0xED,0x5E,0xFF,0xED,0x5E,
    0xFF,0xED,0x5E,0xFF,0xED,0x5E,0xFF,0xED,0x5E,0xFF,0xED,0x5E,0xFF,0xED,0x5E,0xFF,
    0xED,0x5E,0xFF,0xED,0x5E,0xFF,0xED,0x5E,0xFF,0xED,0x5E,0xFF,0xED,0x5E,0xFF,0xED,
    0x5E,0xFF,0xED,0x5E,0xFF,0xED,0x5E,0xFF,0xED,0x5E,0xFF,0xED,0x5E,0xFF,0xED,0x5E,
    0xFF,0xED,0x5E,0xFF,0xED,0x5E,0xFF,0xED,0x5E,0xFF,0xED,0x5E,0xFF,0xED,0x5E,0xFF,
    0xED,0x5E,0xFF,0xED,0x5E,0xFF,0xED,0x5E,0xFF,0xED,0x5E,0xFF,0xED,0x5E,0xFF,0xED,
    0x5E,0xFF,0xED,0x5E,0xFF,0xED,0x5E,0xFF,0xED,0x5E,0xFF,0xED,0x5E,0xFF,0xED,0x5E,
    0xFF,0xED,0x5E,0xFF,0xED,0x5E,0xFF,0xED,0x5E,0xFF,0xED,0x5E,0xFF,0xED,0x5E,0xFF,
    0xED,0x5E,0xFF,0xED,0x5E,0xFF,0xED,0x5E,0xFF,0xED,0x5E,0xFF,0xED,0x5E,0xFF,0xED,
    0x5E,0xFF,0xED,0x5E,0xFF,0xED,0x5E,0xFF,0xED,0x5E,0xFF,0xED,0x5E,0xFF,0xED,0x5E,
    0xFF,0xED,0x5E,0xFF,0xED,0x5E,0xFF,0xED,0x5E,0xFF,0xED,0x5E,0xFF,0xED,0x5E,0xFF,
    0xED,0x5E,0xFF,0xED,0x5E,0xFF,0xED,0x5E,0xFF,0xED,0x5E,0xFF,0xED,0x5E,0xFF,0xED,
    0x5E,0xFF,0xED,0x5E,0xFF,0xED,0x5E,0xFF,0xED,0x5E,0xFF,0xED,0x5E,0xFF,0xED,0x5E,
    0xFF,0xED,0x5E,0xFF,0xED,0x5E,0xFF,0xED,0x5E,0xFF,0xED,0x5E,0xFF,0xED,0x5E,0xFF,
    0xED,0x5E,0xFF,0xED,0x5E,0xFF,0xED,0x5E,0xFF,0xED,0x5E,0xFF,0xED,0x5E,0xFF,0xED,
    0x5E,0xFF,0xED,0x5E,0xFF,0xED,0x5E,0xFF,0xED,0x5E,0xFF,0xED,0x5E,0xFF,0xED,0x5E,
    0xFF,0xED,0x5E,0xFF,0xED,0x5E,0xFF,0xED,0x5E,0xFF,0xED,0x5E,0xFF,0x2D,0x5F,0xFF,
    0xEC,0x55,0xFF,0xC8,0x5A,0xFF,0x0B,0x9F,0xFF,0xAF,0xD7,0xFF,0x2B,0x9F,0xFF,0xEA,
    0x96,0xFF,0x26,0x7E,0xFF,0xC9,0x8E,0xFF,0x06,0x76,0xFF,0xC5,0x75,0xFF,0xE5,0x75,
    0xFF,0xE5,0x75,0xFF,0xE5,0x75,0xFF,0xE5,0x75,0xFF,0xE5,0x75,0xFF,0xE5,0x75,0xFF,
    0xE5,0x75,0xFF,0xE5,0x75,0xFF,0xE5,0x75,0xFF,0xE5,0x75,0xFF,0xE5,0x75,0xFF,0xE5,
    0x75,0xFF,0xC5,0x75,0xFF,0x05,0x76,0xFF,0x84,0x5C,0xFF,0x25,0x65,0xFF,0x84,0x5C,
    0xFF,0x03,0x4C,0xFF,0x46,0x4A,0xFF,0x2C,0x55,0xFF,0x4D,0x5F,0xFF,0xED,0x5E,0xFF,
    0xED,0x5E,0xFF,0xED,0x5E,0xFF,0xED,0x5E,0xFF,0xED,0x5E,0xFF,0xED,0x5E,0xFF,0xED,
    0x5E,0xFF,0xED,0x5E,0xFF,0xED,0x5E,0xFF,0xED,0x5E,0xFF,0xED,0x5E,0xFF,0xED,0x5E,
    0xFF,0xED,0x5E,0xFF,0xED,0x5E,0xFF,0xED,0x5E,0xFF,0xED,0x5E,0xFF,0xED,0x5E,0xFF,
    0xED,0x5E,0xFF,0xED,0x5E,0xFF,0xED,0x5E,0xFF,0xED,0x5E,0xFF,0xED,0x5E,0xFF,0xED,
    0x5E,0xFF,0xED,0x5E,0xFF,0xED,0x5E,0xFF,0xED,0x5E,0xFF,0xED,0x5E,0xFF,0xED,0x5E,
    0xFF,0xED,0x5E,0xFF,0xED,0x5E,0xFF,0xED,0x5E,0xFF,0xED,0x5E,0xFF,0xED,0x5E,0xFF,
    0xED,0x5E,0xFF,0xED,0x5E,0xFF,0xED,0x5E,0xFF,0xED,0x5E,0xFF,0xED,0x5E,0xFF,0xED,
    0x5E,0xFF,0xED,0x5E,0xFF,0xED,0x5E,0xFF,0xED,0x5E,0xFF,0xED,0x5E,0xFF,0xED,0x5E,
    0xFF,0xED,0x5E,0xFF,0xED,0x5E,0xFF,0xED,0x5E,0xFF,0xED,0x5E,0xFF,0xED,0x5E,0xFF,
    0xED,0x5E,0xFF,0xED,0x5E,0xFF,0xED,0x5E,0xFF,0xED,0x5E,0xFF,0xED,0x5E,0xFF,0xED,
    0x5E,0xFF,0xED,0x5E,0xFF,0xED,0x5E,0xFF,0xED,0x5E,0xFF,0xED,0x5E,0xFF,0xED,0x5E,
    0xFF,0xED,0x5E,0xFF,0xED,0x5E,0xFF,0xED,0x5E,0xFF,0xED,0x5E,0xFF,0xED,0x5E,0xFF,
    0xED,0x5E,0xFF,0xED,0x5E,0xFF,0xED,0x5E,0xFF,0xED,0x5E,0xFF,0xED,0x5E,0xFF,0xED,
    0x5E,0xFF,0xED,0x5E,0xFF,0xED,0x5E,0xFF,0xED,0x5E,0xFF,0xED,0x5E,0xFF,0xED,0x5E,
    0xFF,0xED,0x5E,0xFF,0xED,0x5E,0xFF,0xED,0x5E,0xFF,0xED,0x5E,0xFF,0xED,0x5E,0xFF,
    0xED,0x5E,0xFF,0xED,0x5E,0xFF,0xED,0x5E,0xFF,0xED,0x5E,0xFF,0xED,0x5E,0xFF,0xED,
    0x5E,0xFF,0xED,0x5E,0xFF,0xED,0x5E,0xFF,0xED,0x5E,0xFF,0xED,0x5E,0xFF,0xED,0x5E,
    0xFF,0xED,0x5E,0xFF,0xED,0x5E,0xFF,0xED,0x5E,0xFF,0xED,0x5E,0xFF,0xED,0x5E,0xFF,
    0xED,0x5E,0xFF,0xED,0x5E,0xFF,0xED,0x5E,0xFF,0xED,0x5E,0xFF,0xED,0x5E,0xFF,0xED,
    0x5E,0xFF,0xED,0x5E,0xFF,0xED,0x5E,0xFF,0xED,0x5E,0xFF,0xED,0x5E,0xFF,0xED,0x5E,
    0xFF,0xED,0x5E,0xFF,0xED,0x5E,0xFF,0xED,0x5E,0xFF,0xED,0x5E,0xFF,0xED,0x5E,0xFF,
    0xED,0x5E,0xFF,0xED,0x5E,0xFF,0xED,0x5E,0xFF,0xED,0x5E,0xFF,0xED,0x5E,0xFF,0xED,
    0x5E,0xFF,0xED,0x5E,0xFF,0xED,0x5E,0xFF,0xED,0x5E,0xFF,0xED,0x5E,0xFF,0xED,0x5E,
    0xFF,0xED,0x5E,0xFF,0xED,0x5E,0xFF,0xED,0x5E,0xFF,0xED,0x5E,0xFF,0xED,0x5E,0xFF,
    0xED,0x5E,0xFF,0xED,0x5E,0xFF,0xED,0x5E,0xFF,0xED,0x5E,0xFF,0xED,0x5E,0xFF,0xED,
    0x5E,0xFF,0xED,0x5E,0xFF,0xED,0x5E,0xFF,0xED,0x5E,0xFF,0xED,0x5E,0xFF,0xED,0x5E,
    0xFF,0xED,0x5E,0xFF,0xED,0x5E,0xFF,0xED,0x5E,0xFF,0xED,0x5E,0xFF,0xED,0x5E,0xFF,
    0xED,0x5E,0xFF,0xED,0x5E,0xFF,0xED,0x5E,0xFF,0x2D,0x5F,0xFF,0xEC,0x55,0xFF,0xC8,
    0x5A,0xFF,0x0B,0x9F,0xFF,0xAF,0xD7,0xFF,0x2B,0x9F,0xFF,0xEA,0x96,0xFF,0x26,0x7E,
    0xFF,0xC9,0x8E,0xFF,0x06,0x76,0xFF,0xC5,0x75,0xFF,0xE5,0x75,0xFF,0xE5,0x75,0xFF,
    0xE5,0x75,0xFF,0xE5,0x75,0xFF,0xE5,0x75,0xFF,0xE5,0x75,0xFF,0xE5,0x75,0xFF,0xE5,
    0x75,0xFF,0xE5,0x75,0xFF,0xE5,0x75,0xFF,0xE5,0x75,0xFF,0xE5,0x75,0xFF,0xC5,0x75,
    0xFF,0x05,0x76,0xFF,0x84,0x5C,0xFF,0x25,0x65,0xFF,0x84,0x5C,0xFF,0x03,0x4C,0xFF,
    0x46,0x4A,0xFF,0x2C,0x55,0xFF,0x4D,0x5F,0xFF,0xED,0x5E,0xFF,0xED,0x5E,0xFF,0xED,
    0x5E,0xFF,0xED,0x5E,0xFF,0xED,0x5E,0xFF,0xED,0x5E,0xFF,0xED,0x5E,0xFF,0xED,0x5E,
    0xFF,0xED,0x5E,0xFF,0xED,0x5E,0xFF,0xED,0x5E,0xFF,0xED,0x5E,0xFF,0xED,0x5E,0xFF,
    0xED,0x5E,0xFF,0xED,0x5E,0xFF,0xED,0x5E,0xFF,0xED,0x5E,0xFF,0xED,0x5E,0xFF,0xED,
    0x5E,0xFF,0xED,0x5E,0xFF,0xED,0x5E,0xFF,0xED,0x5E,0xFF,0xED,0x5E,0xFF,0xED,0x5E,
    0xFF,0xED,0x5E,0xFF,0xED,0x5E,0xFF,0xED,0x5E,0xFF,0xED,0x5E,0xFF,0xED,0x5E,0xFF,
    0xED,0x5E,0xFF,0xED,0x5E,0xFF,0xED,0x5E,0xFF,0xED,0x5E,0xFF,0xED,0x5E,0xFF,0xED,
    0x5E,0xFF,0xED,0x5E,0xFF,0xED,0x5E,0xFF,0xED,0x5E,0xFF,0xED,0x5E,0xFF,0xED,0x5E,
    0xFF,0xED,0x5E,0xFF,0xED,0x5E,0xFF,0xED,0x5E,0xFF,0xED,0x5E,0xFF,0xED,0x5E,0xFF,
    0xED,0x5E,0xFF,0xED,0x5E,0xFF,0xED,0x5E,0xFF,0xED,0x5E,0xFF,0xED,0x5E,0xFF,0xED,
    0x5E,0xFF,0xED,0x5E,0xFF,0xED,0x5E,0xFF,0xED,0x5E,0xFF,0xED,0x5E,0xFF,0xED,0x5E,
    0xFF,0xED,0x5E,0xFF,0xED,0x5E,0xFF,0xED,0x5E,0xFF,0xED,0x5E,0xFF,0xED,0x5E,0xFF,
    0xED,0x5E,0xFF,0xED,0x5E,0xFF,0xED,0x5E,0xFF,0xED,0x5E,0xFF,0xED,0x5E,0xFF,0xED,
    0x5E,0xFF,0xED,0x5E,0xFF,0xED,0x5E,0xFF,0xED,0x5E,0xFF,0xED,0x5E,0xFF,0xED,0x5E,
    0xFF,0xED,0x5E,0xFF,0xED,0x5E,0xFF,0xED,0x5E,0xFF,0xED,0x5E,0xFF,0xED,0x5E,0xFF,
    0xED,0x5E,0xFF,0xED,0x5E,0xFF,0xED,0x5E,0xFF,0xED,0x5E,0xFF,0xED,0x5E,0xFF,0xED,
    0x5E,0xFF,0xED,0x5E,0xFF,0xED,0x5E,0xFF,0xED,0x5E,0xFF,0xED,0x5E,0xFF,0xED,0x5E,
    0xFF,0xED,0x5E,0xFF,0xED,0x5E,0xFF,0xED,0x5E,0xFF,0xED,0x5E,0xFF,0xED,0x5E,0xFF,
    0xED,0x5E,0xFF,0xED,0x5E,0xFF,0xED,0x5E,0xFF,0xED,0x5E,0xFF,0xED,0x5E,0xFF,0xED,
    0x5E,0xFF,0xED,0x5E,0xFF,0xED,0x5E,0xFF,0xED,0x5E,0xFF,0xED,0x5E,0xFF,0xED,0x5E,
    0xFF,0xED,0x5E,0xFF,0xED,0x5E,0xFF,0xED,0x5E,0xFF,0xED,0x5E,0xFF,0xED,0x5E,0xFF,
    0xED,0x5E,0xFF,0xED,0x5E,0xFF,0xED,0x5E,0xFF,0xED,0x5E,0xFF,0xED,0x5E,0xFF,0xED,
    0x5E,0xFF,0xED,0x5E,0xFF,0xED,0x5E,0xFF,0xED,0x5E,0xFF,0xED,0x5E,0xFF,0xED,0x5E,
    0xFF,0xED,0x5E,0xFF,0xED,0x5E,0xFF,0xED,0x5E,0xFF,0xED,0x5E,0xFF,0xED,0x5E,0xFF,
    0xED,0x5E,0xFF,0xED,0x5E,0xFF,0xED,0x5E,0xFF,0xED,0x5E,0xFF,0xED,0x5E,0xFF,0xED,
    0x5E,0xFF,0xED,0x5E,0xFF,0xED,0x5E,0xFF,0xED,0x5E,0xFF,0xED,0x5E,0xFF,0xED,0x5E,
    0xFF,0xED,0x5E,0xFF,0xED,0x5E,0xFF,0xED,0x5E,0xFF,0xED,0x5E,0xFF,0xED,0x5E,0xFF,
    0xED,0x5E,0xFF,0xED,0x5E,0xFF,0xED,0x5E,0xFF,0xED,0x5E,0xFF,0xED,0x5E,0xFF,0xED,
    0x5E,0xFF,0xED,0x5E,0xFF,0x2D,0x5F,0xFF,0xEC,0x55,0xFF,0xC8,0x5A,0xFF,0x0B,0x9F,
    0xFF,0xAF,0xD7,0xFF,0x2B,0x9F,0xFF,0xEA,0x96,0xFF,0x26,0x7E,0xFF,0xC9,0x8E,0xFF,
    0x06,0x76,0xFF,0xC5,0x75,0xFF,0xE5,0x75,0xFF,0xE5,0x75,0xFF,0xE5,0x75,0xFF,0xE5,
    0x75,0xFF,0xE5,0x75,0xFF,0xE5,0x75,0xFF,0xE5,0x75,0xFF,0xE5,0x75,0xFF,0xE5,0x75,
    0xFF,0xE5,0x75,0xFF,0xE5,0x75,0xFF,0xE5,0x75,0xFF,0xC5,0x75,0xFF,0x05,0x76,0xFF,
    0x84,0x5C,0xFF,0x25,0x65,0xFF,0x84,0x5C,0xFF,0x03,0x4C,0xFF,0x46,0x4A,0xFF,0x2C,
    0x55,0xFF,0x4D,0x5F,0xFF,0xED,0x5E,0xFF,0xED,0x5E,0xFF,0xED,0x5E,0xFF,0xED,0x5E,
    0xFF,0xED,0x5E,0xFF,0xED,0x5E,0xFF,0xED,0x5E,0xFF,0xED,0x5E,0xFF,0xED,0x5E,0xFF,
    0xED,0x5E,0xFF,0xED,0x5E,0xFF,0xED,0x5E,0xFF,0xED,0x5E,0xFF,0xED,0x5E,0xFF,0xED,
    0x5E,0xFF,0xED,0x5E,0xFF,0xED,0x5E,0xFF,0xED,0x5E,0xFF,0xED,0x5E,0xFF,0xED,0x5E,
    0xFF,0xED,0x5E,0xFF,0xED,0x5E,0xFF,0xED,0x5E,0xFF,0xED,0x5E,0xFF,0xED,0x5E,0xFF,
    0xED,0x5E,0xFF,0xED,0x5E,0xFF,0xED,0x5E,0xFF,0xED,0x5E,0xFF,0xED,0x5E,0xFF,0xED,
    0x5E,0xFF,0xED,0x5E,0xFF,0xED,0x5E,0xFF,0xED,0x5E,0xFF,0xED,0x5E,0xFF,0xED,0x5E,
    0xFF,0xED,0x5E,0xFF,0xED,0x5E,0xFF,0xED,0x5E,0xFF,0xED,0x5E,0xFF,0xED,0x5E,0xFF,
    0xED,0x5E,0xFF,0xED,0x5E,0xFF,0xED,0x5E,0xFF,0xED,0x5E,0xFF,0xED,0x5E,0xFF,0xED,
    0x5E,0xFF,0xED,0x5E,0xFF,0xED,0x5E,0xFF,0xED,0x5E,0xFF,0xED,0x5E,0xFF,0xED,0x5E,
    0xFF,0xED,0x5E,0xFF,0xED,0x5E,0xFF,0xED,0x5E,0xFF,0xED,0x5E,0xFF,0xED,0x5E,0xFF,
    0xED,0x5E,0xFF,0xED,0x5E,0xFF,0xED,0x5E,0xFF,0xED,0x5E,0xFF,0xED,0x5E,0xFF,0xED,
    0x5E,0xFF,0xED,0x5E,0xFF,0xED,0x5E,0xFF,0xED,0x5E,0xFF,0xED,0x5E,0xFF,0xED,0x5E,
    0xFF,0xED,0x5E,0xFF,0xED,0x5E,0xFF,0xED,0x5E,0xFF,0xED,0x5E,0xFF,0xED,0x5E,0xFF,
    0xED,0x5E,0xFF,0xED,0x5E,0xFF,0xED,0x5E,0xFF,0xED,0x5E,0xFF,0xED,0x5E,0xFF,0xED,
    0x5E,0xFF,0xED,0x5E,0xFF,0xED,0x5E,0xFF,0xED,0x5E,0xFF,0xED,0x5E,0xFF,0xED,0x5E,
    0xFF,0xED,0x5E,0xFF,0xED,0x5E,0xFF,0xED,0x5E,0xFF,0xED,0x5E,0xFF,0xED,0x5E,0xFF,
    0xED,0x5E,0xFF,0xED,0x5E,0xFF,0xED,0x5E,0xFF,0xED,0x5E,0xFF,0xED,0x5E,0xFF,0xED,
    0x5E,0xFF,0xED,0x5E,0xFF,0xED,0x5E,0xFF,0xED,0x5E,0xFF,0xED,0x5E,0xFF,0xED,0x5E,
    0xFF,0xED,0x5E,0xFF,0xED,0x5E,0xFF,0xED,0x5E,0xFF,0xED,0x5E,0xFF,0xED,0x5E,0xFF,
    0xED,0x5E,0xFF,0xED,0x5E,0xFF,0xED,0x5E,0xFF,0xED,0x5E,0xFF,0xED,0x5E,0xFF,0xED,
    0x5E,0xFF,0xED,0x5E,0xFF,0xED,0x5E,0xFF,0xED,0x5E,0xFF,0xED,0x5E,0xFF,0xED,0x5E,
    0xFF,0xED,0x5E,0xFF,0xED,0x5E,0xFF,0xED,0x5E,0xFF,0xED,0x5E,0xFF,0xED,0x5E,0xFF,
    0xED,0x5E,0xFF,0xED,0x5E,0xFF,0xED,0x5E,0xFF,0xED,0x5E,0xFF,0xED,0x5E,0xFF,0xED,
    0x5E,0xFF,0xED,0x5E,0xFF,0xED,0x5E,0xFF,0xED,0x5E,0xFF,0xED,0x5E,0xFF,0xED,0x5E,
    0xFF,0xED,0x5E,0xFF,0xED,0x5E,0xFF,0xED,0x5E,0xFF,0xED,0x5E,0xFF,0xED,0x5E,0xFF,
    0xED,0x5E,0xFF,0xED,0x5E,0xFF,0xED,0x5E,0xFF,0xED,0x5E,0xFF,0xED,0x5E,0xFF,0xED,
    0x5E,0xFF,0xED,0x5E,0xFF,0xED,0x5E,0xFF,0xED,0x5E,0xFF,0xED,0x5E,0xFF,0xED,0x5E,
    0xFF,0x2D,0x5F,0xFF,0xEC,0x55,0xFF,0xC8,0x5A,0xFF,0x0B,0x9F,0xFF,0xAF,0xD7,0xFF,
    0x2B,0x9F,0xFF,0xEA,0x96,0xFF,0x26,0x7E,0xFF,0xC9,0x8E,0xFF,0x06,0x76,0xFF,0xC5,
    0x75,0xFF,0xE5,0x75,0xFF,0xE5,0x75,0xFF,0xE5,0x75,0xFF,0xE5,0x75,0xFF,0xE5,0x75,
    0xFF,0xE5,0x75,0xFF,0xE5,0x75,0xFF,0xE5,0x75,0xFF,0xE5,0x75,0xFF,0xE5,0x75,0xFF,
    0xE5,0x75,0xFF,0xE5,0x75,0xFF,0xC5,0x75,0xFF,0x05,0x76,0xFF,0x84,0x5C,0xFF,0x25,
    0x65,0xFF,0x84,0x5C,0xFF,0x03,0x4C,0xFF,0x46,0x4A,0xFF,0x2C,0x55,0xFF,0x4D,0x5F,
    0xFF,0xED,0x5E,0xFF,0xED,0x5E,0xFF,0xED,0x5E,0xFF,0xED,0x5E,0xFF,0xED,0x5E,0xFF,
    0xED,0x5E,0xFF,0xED,0x5E,0xFF,0xED,0x5E,0xFF,0xED,0x5E,0xFF,0xED,0x5E,0xFF,0xED,
    0x5E,0xFF,0xED,0x5E,0xFF,0xED,0x5E,0xFF,0xED,0x5E,0xFF,0xED,0x5E,0xFF,0xED,0x5E,
    0xFF,0xED,0x5E,0xFF,0xED,0x5E,0xFF,0xED,0x5E,0xFF,0xED,0x5E,0xFF,0xED,0x5E,0xFF,
    0xED,0x5E,0xFF,0xED,0x5E,0xFF,0xED,0x5E,0xFF,0xED,0x5E,0xFF,0xED,0x5E,0xFF,0xED,
    0x5E,0xFF,0xED,0x5E,0xFF,0xED,0x5E,0xFF,0xED,0x5E,0xFF,0xED,0x5E,0xFF,0xED,0x5E,
    0xFF,0xED,0x5E,0xFF,0xED,0x5E,0xFF,0xED,0x5E,0xFF,0xED,0x5E,0xFF,0xED,0x5E,0xFF,
    0xED,0x5E,0xFF,0xED,0x5E,0xFF,0xED,0x5E,0xFF,0xED,0x5E,0xFF,0xED,0x5E,0xFF,0xED,
    0x5E,0xFF,0xED,0x5E,0xFF,0xED,0x5E,0xFF,0xED,0x5E,0xFF,0xED,0x5E,0xFF,0xED,0x5E,
    0xFF,0xED,0x5E,0xFF,0xED,0x5E,0xFF,0xED,0x5E,0xFF,0xED,0x5E,0xFF,0xED,0x5E,0xFF,
    0xED,0x5E,0xFF,0xED,0x5E,0xFF,0xED,0x5E,0xFF,0xED,0x5E,0xFF,0xED,0x5E,0xFF,0xED,
    0x5E,0xFF,0xED,0x5E,0xFF,0xED,0x5E,0xFF,0xED,0x5E,0xFF,0xED,0x5E,0xFF,0xED,0x5E,
    0xFF,0xED,0x5E,0xFF,0xED,0x5E,0xFF,0xED,0x5E,0xFF,0xED,0x5E,0xFF,0xED,0x5E,0xFF,
    0xED,0x5E,0xFF,0xED,0x5E,0xFF,0xED,0x5E,0xFF,0xED,0x5E,0xFF,0xED,0x5E,0xFF,0xED,
    0x5E,0xFF,0xED,0x5E,0xFF,0xED,0x5E,0xFF,0xED,0x5E,0xFF,0xED,0x5E,0xFF,0xED,0x5E,
    0xFF,0xED,0x5E,0xFF,0xED,0x5E,0xFF,0xED,0x5E,0xFF,0xED,0x5E,0xFF,0xED,0x5E,0xFF,
    0xED,0x5E,0xFF,0xED,0x5E,0xFF,0xED,0x5E,0xFF,0xED,0x5E,0xFF,0xED,0x5E,0xFF,0xED,
    0x5E,0xFF,0xED,0x5E,0xFF,0xED,0x5E,0xFF,0xED,0x5E,0xFF,0xED,0x5E,0xFF,0xED,0x5E,
    0xFF,0xED,0x5E,0xFF,0xED,0x5E,0xFF,0xED,0x5E,0xFF,0xED,0x5E,0xFF,0xED,0x5E,0xFF,
    0xED,0x5E,0xFF,0xED,0x5E,0xFF,0xED,0x5E,0xFF,0xED,0x5E,0xFF,0xED,0x5E,0xFF,0xED,
    0x5E,0xFF,0xED,0x5E,0xFF,0xED,0x5E,0xFF,0xED,0x5E,0xFF,0xED,0x5E,0xFF,0xED,0x5E,
    0xFF,0xED,0x5E,0xFF,0xED,0x5E,0xFF,0xED,0x5E,0xFF,0xED,0x5E,0xFF,0xED,0x5E,0xFF,
    0xED,0x5E,0xFF,0xED,0x5E,0xFF,0xED,0x5E,0xFF,0xED,0x5E,0xFF,0xED,0x5E,0xFF,0xED,
    0x5E,0xFF,0xED,0x5E,0xFF,0xED,0x5E,0xFF,0xED,0x5E,0xFF,0xED,0x5E,0xFF,0xED,0x5E,
    0xFF,0xED,0x5E,0xFF,0xED,0x5E,0xFF,0xED,0x5E,0xFF,0xED,0x5E,0xFF,0xED,0x5E,0xFF,
    0xED,0x5E,0xFF,0xED,0x5E,0xFF,0xED,0x5E,0xFF,0xED,0x5E,0xFF,0xED,0x5E,0xFF,0xED,
    0x5E,0xFF,0xED,0x5E,0xFF,0xED,0x5E,0xFF,0xED,0x5E,0xFF,0xED,0x5E,0xFF,0xED,0x5E,
    0xFF,0xED,0x5E,0xFF,0xED,0x5E,0xFF,0xED,0x5E,0xFF,0xED,0x5E,0xFF,0x2D,0x5F,0xFF,
    0xEC,0x55,0xFF,0xC8,0x5A,0xFF,0x0B,0x9F,0xFF,0xAF,0xD7,0xFF,0x2B,0x9F,0xFF,0xEA,
    0x96,0xFF,0x26,0x7E,0xFF,0xC9,0x8E,0xFF,0x06,0x76,0xFF,0xC5,0x75,0xFF,0xE5,0x75,
    0xFF,0xE5,0x75,0xFF,0xE5,0x75,0xFF,0xE5,0x75,0xFF,0xE5,0x75,0xFF,0xE5,0x75,0xFF,
    0xE5,0x75,0xFF,0xE5,0x75,0xFF,0xE5,0x75,0xFF,0xE5,0x75,0xFF,0xE5,0x75,0xFF,0xE5,
    0x75,0xFF,0xC5,0x75,0xFF,0x05,0x76,0xFF,0x84,0x5C,0xFF,0x25,0x65,0xFF,0x84,0x5C,
    0xFF,0x03,0x4C,0xFF,0x46,0x4A,0xFF,0x2C,0x55,0xFF,0x4D,0x5F,0xFF,0xED,0x5E,0xFF,
    0xED,0x5E,0xFF,0xED,0x5E,0xFF,0xED,0x5E,0xFF,0xED,0x5E,0xFF,0xED,0x5E,0xFF,0xED,
    0x5E,0xFF,0xED,0x5E,0xFF,0xED,0x5E,0xFF,0xED,0x5E,0xFF,0xED,0x5E,0xFF,0xED,0x5E,
    0xFF,0xED,0x5E,0xFF,0xED,0x5E,0xFF,0xED,0x5E,0xFF,0xED,0x5E,0xFF,0xED,0x5E,0xFF,
    0xED,0x5E,0xFF,0xED,0x5E,0xFF,0xED,0x5E,0xFF,0xED,0x5E,0xFF,0xED,0x5E,0xFF,0xED,
    0x5E,0xFF,0xED,0x5E,0xFF,0xED,0x5E,0xFF,0xED,0x5E,0xFF,0xED,0x5E,0xFF,0xED,0x5E,
    0xFF,0xED,0x5E,0xFF,0xED,0x5E,0xFF,0xED,0x5E,0xFF,0xED,0x5E,0xFF,0xED,0x5E,0xFF,
    0xED,0x5E,0xFF,0xED,0x5E,0xFF,0xED,0x5E,0xFF,0xED,0x5E,0xFF,0xED,0x5E,0xFF,0xED,
    0x5E,0xFF,0xED,0x5E,0xFF,0xED,0x5E,0xFF,0xED,0x5E,0xFF,0xED,0x5E,0xFF,0xED,0x5E,
    0xFF,0xED,0x5E,0xFF,0xED,0x5E,0xFF,0xED,0x5E,0xFF,0xED,0x5E,0xFF,0xED,0x5E,0xFF,
    0xED,0x5E,0xFF,0xED,0x5E,0xFF,0xED,0x5E,0xFF,0xED,0x5E,0xFF,0xED,0x5E,0xFF,0xED,
    0x5E,0xFF,0xED,0x5E,0xFF,0xED,0x5E,0xFF,0xED,0x5E,0xFF,0xED,0x5E,0xFF,0xED,0x5E,
    0xFF,0xED,0x5E,0xFF,0xED,0x5E,0xFF,0xED,0x5E,0xFF,0xED,0x5E,0xFF,0xED,0x5E,0xFF,
    0xED,0x5E,0xFF,0xED,0x5E,0xFF,0xED,0x5E,0xFF,0xED,0x5E,0xFF,0xED,0x5E,0xFF,0xED,
    0x5E,0xFF,0xED,0x5E,0xFF,0xED,0x5E,0xFF,0xED,0x5E,0xFF,0xED,0x5E,0xFF,0xED,0x5E,
    0xFF,0xED,0x5E,0xFF,0xED,0x5E,0xFF,0xED,0x5E,0xFF,0xED,0x5E,0xFF,0xED,0x5E,0xFF,
    0xED,0x5E,0xFF,0xED,0x5E,0xFF,0xED,0x5E,0xFF,0xED,0x5E,0xFF,0xED,0x5E,0xFF,0xED,
    0x5E,0xFF,0xED,0x5E,0xFF,0xED,0x5E,0xFF,0xED,0x5E,0xFF,0xED,0x5E,0xFF,0xED,0x5E,
    0xFF,0xED,0x5E,0xFF,0xED,0x5E,0xFF,0xED,0x5E,0xFF,0xED,0x5E,0xFF,0xED,0x5E,0xFF,
    0xED,0x5E,0xFF,0xED,0x5E,0xFF,0xED,0x5E,0xFF,0xED,0x5E,0xFF,0xED,0x5E,0xFF,0xED,
    0x5E,0xFF,0xED,0x5E,0xFF,0xED,0x5E,0xFF,0xED,0x5E,0xFF,0xED,0x5E,0xFF,0xED,0x5E,
    0xFF,0xED,0x5E,0xFF,0xED,0x5E,0xFF,0xED,0x5E,0xFF,0xED,0x5E,0xFF,0xED,0x5E,0xFF,
    0xED,0x5E,0xFF,0xED,0x5E,0xFF,0xED,0x5E,0xFF,0xED,0x5E,0xFF,0xED,0x5E,0xFF,0xED,
    0x5E,0xFF,0xED,0x5E,0xFF,0xED,0x5E,0xFF,0xED,0x5E,0xFF,0xED,0x5E,0xFF,0xED,0x5E,
    0xFF,0xED,0x5E,0xFF,0xED,0x5E,0xFF,0xED,0x5E,0xFF,0xED,0x5E,0xFF,0xED,0x5E,0xFF,
    0xED,0x5E,0xFF,0xED,0x5E,0xFF,0xED,0x5E,0xFF,0xED,0x5E,0xFF,0xED,0x5E,0xFF,0xED,
    0x5E,0xFF,0xED,0x5E,0xFF,0xED,0x5E,0xFF,0xED,0x5E,0xFF,0xED,0x5E,0xFF,0xED,0x5E,
    0xFF,0xED,0x5E,0xFF,0xED,0x5E,0xFF,0xED,0x5E,0xFF,0xED,0x5E,0xFF,0xED,0x5E,0xFF,
    0xED,0x5E,0xFF,0xED,0x5E,0xFF,0xED,0x5E,0xFF,0x2D,0x5F,0xFF,0xEC,0x55,0xFF,0xC8,
    0x5A,0xFF,0x0B,0x9F,0xFF,0xAF,0xD7,0xFF,0x2B,0x9F,0xFF,0xEA,0x96,0xFF,0x26,0x7E,
    0xFF,0xC9,0x8E,0xFF,0x06,0x76,0xFF,0xC5,0x75,0xFF,0xE5,0x75,0xFF,0xE5,0x75,0xFF,
    0xE5,0x75,0xFF,0xE5,0x75,0xFF,0xE5,0x75,0xFF,0xE5,0x75,0xFF,0xE5,0x75,0xFF,0xE5,
    0x75,0xFF,0xE5,0x75,0xFF,0xE5,0x75,0xFF,0xE5,0x75,0xFF,0xE5,0x75,0xFF,0xC5,0x75,
    0xFF,0x05,0x76,0xFF,0x84,0x5C,0xFF,0x25,0x65,0xFF,0x84,0x5C,0xFF,0x03,0x4C,0xFF,
    0x46,0x4A,0xFF,0x2C,0x55,0xFF,0x4D,0x5F,0xFF,0xED,0x5E,0xFF,0xED,0x5E,0xFF,0xED,
    0x5E,0xFF,0xED,0x5E,0xFF,0xED,0x5E,0xFF,0xED,0x5E,0xFF,0xED,0x5E,0xFF,0xED,0x5E,
    0xFF,0xED,0x5E,0xFF,0xED,0x5E,0xFF,0xED,0x5E,0xFF,0xED,0x5E,0xFF,0xED,0x5E,0xFF,
    0xED,0x5E,0xFF,0xED,0x5E,0xFF,0xED,0x5E,0xFF,0xED,0x5E,0xFF,0xED,0x5E,0xFF,0xED,
    0x5E,0xFF,0xED,0x5E,0xFF,0xED,0x5E,0xFF,0xED,0x5E,0xFF,0xED,0x5E,0xFF,0xED,0x5E,
    0xFF,0xED,0x5E,0xFF,0xED,0x5E,0xFF,0xED,0x5E,0xFF,0xED,0x5E,0xFF,0xED,0x5E,0xFF,
    0xED,0x5E,0xFF,0xED,0x5E,0xFF,0xED,0x5E,0xFF,0xED,0x5E,0xFF,0xED,0x5E,0xFF,0xED,
    0x5E,0xFF,0xED,0x5E,0xFF,0xED,0x5E,0xFF,0xED,0x5E,0xFF,0xED,0x5E,0xFF,0xED,0x5E,
    0xFF,0xED,0x5E,0xFF,0xED,0x5E,0xFF,0xED,0x5E,0xFF,0xED,0x5E,0xFF,0xED,0x5E,0xFF,
    0xED,0x5E,0xFF,0xED,0x5E,0xFF,0xED,0x5E,0xFF,0xED,0x5E,0xFF,0xED,0x5E,0xFF,0xED,
    0x5E,0xFF,0xED,0x5E,0xFF,0xED,0x5E,0xFF,0xED,0x5E,0xFF,0xED,0x5E,0xFF,0xED,0x5E,
    0xFF,0xED,0x5E,0xFF,0xED,0x5E,0xFF,0xED,0x5E,0xFF,0xED,0x5E,0xFF,0xED,0x5E,0xFF,
    0xED,0x5E,0xFF,0xED,0x5E,0xFF,0xED,0x5E,0xFF,0xED,0x5E,0xFF,0xED,0x5E,0xFF,0xED,
    0x5E,0xFF,0xED,0x5E,0xFF,0xED,0x5E,0xFF,0xED,0x5E,0xFF,0xED,0x5E,0xFF,0xED,0x5E,
    0xFF,0xED,0x5E,0xFF,0xED,0x5E,0xFF,0xED,0x5E,0xFF,0xED,0x5E,0xFF,0xED,0x5E,0xFF,
    0xED,0x5E,0xFF,0xED,0x5E,0xFF,0xED,0x5E,0xFF,0xED,0x5E,0xFF,0xED,0x5E,0xFF,0xED,
    0x5E,0xFF,0xED,0x5E,0xFF,0xED,0x5E,0xFF,0xED,0x5E,0xFF,0xED,0x5E,0xFF,0xED,0x5E,
    0xFF,0xED,0x5E,0xFF,0xED,0x5E,0xFF,0xED,0x5E,0xFF,0xED,0x5E,0xFF,0xED,0x5E,0xFF,
    0xED,0x5E,0xFF,0xED,0x5E,0xFF,0xED,0x5E,0xFF,0xED,0x5E,0xFF,0xED,0x5E,0xFF,0xED,
    0x5E,0xFF,0xED,0x5E,0xFF,0xED,0x5E,0xFF,0xED,0x5E,0xFF,0xED,0x5E,0xFF,0xED,0x5E,
    0xFF,0xED,0x5E,0xFF,0xED,0x5E,0xFF,0xED,0x5E,0xFF,0xED,0x5E,0xFF,0xED,0x5E,0xFF,
    0xED,0x5E,0xFF,0xED,0x5E,0xFF,0xED,0x5E,0xFF,0xED,0x5E,0xFF,0xED,0x5E,0xFF,0xED,
    0x5E,0xFF,0xED,0x5E,0xFF,0xED,0x5E,0xFF,0xED,0x5E,0xFF,0xED,0x5E,0xFF,0xED,0x5E,
    0xFF,0xED,0x5E,0xFF,0xED,0x5E,0xFF,0xED,0x5E,0xFF,0xED,0x5E,0xFF,0xED,0x5E,0xFF,
    0xED,0x5E,0xFF,0xED,0x5E,0xFF,0xED,0x5E,0xFF,0xED,0x5E,0xFF,0xED,0x5E,0xFF,0xED,
    0x5E,0xFF,0xED,0x5E,0xFF,0xED,0x5E,0xFF,0xED,0x5E,0xFF,0xED,0x5E,0xFF,0xED,0x5E,
    0xFF,0xED,0x5E,0xFF,0xED,0x5E,0xFF,0xED,0x5E,0xFF,0xED,0x5E,0xFF,0xED,0x5E,0xFF,
    0xED,0x5E,0xFF,0xED,0x5E,0xFF,0xED,0x5E,0xFF,0xED,0x5E,0xFF,0xED,0x5E,0xFF,0xED,
    0x5E,0xFF,0xCD,0x5E,0xFF,0x2D,0x5F,0xFF,0xCC,0x55,0xFF,0xC8,0x5A,0xFF,0xEB,0x9E,
    0xFF,0x8F,0xCF,0xFF,0x0B,0x9F,0xFF,0xEA,0x96,0xFF,0x06,0x7E,0xFF,0xC9,0x8E,0xFF,
    0xE6,0x75,0xFF,0xC5,0x6D,0xFF,0xC5,0x75,0xFF,0xC5,0x75,0xFF,0xC5,0x75,0xFF,0xC5,
    0x75,0xFF,0xC5,0x75,0xFF,0xC5,0x75,0xFF,0xC5,0x75,0xFF,0xC5,0x75,0xFF,0xC5,0x75,
    0xFF,0xC5,0x75,0xFF,0xC5,0x75,0xFF,0xC5,0x75,0xFF,0xC5,0x6D,0xFF,0xE5,0x75,0xFF,
    0x84,0x5C,0xFF,0x25,0x65,0xFF,0x84,0x5C,0xFF,0xE3,0x4B,0xFF,0x46,0x4A,0xFF,0x0C,
    0x55,0xFF,0x4D,0x5F,0xFF,0xCD,0x5E,0xFF,0x6E,0x5F,0xFF,0x6E,0x5F,0xFF,0x6E,0x5F,
    0xFF,0x6E,0x5F,0xFF,0x6E,0x5F,0xFF,0x6E,0x5F,0xFF,0x6E,0x5F,0xFF,0x6E,0x5F,0xFF,
    0x6E,0x5F,0xFF,0x6E,0x5F,0xFF,0x6E,0x5F,0xFF,0x6E,0x5F,0xFF,0x6E,0x5F,0xFF,0x6E,
    0x5F,0xFF,0x6E,0x5F,0xFF,0x6E,0x5F,0xFF,0x6E,0x5F,0xFF,0x6E,0x5F,0xFF,0x6E,0x5F,
    0xFF,0x6E,0x5F,0xFF,0x6E,0x5F,0xFF,0x6E,0x5F,0xFF,0x6E,0x5F,0xFF,0x6E,0x5F,0xFF,
    0x6E,0x5F,0xFF,0x6E,0x5F,0xFF,0x6E,0x5F,0xFF,0x6E,0x5F,0xFF,0x6E,0x5F,0xFF,0x6E,
    0x5F,0xFF,0x6E,0x5F,0xFF,0x6E,0x5F,0xFF,0x6E,0x5F,0xFF,0x6E,0x5F,0xFF,0x6E,0x5F,
    0xFF,0x6E,0x5F,0xFF,0x6E,0x5F,0xFF,0x6E,0x5F,0xFF,0x6E,0x5F,0xFF,0x6E,0x5F,0xFF,
    0x6E,0x5F,0xFF,0x6E,0x5F,0xFF,0x6E,0x5F,0xFF,0x6E,0x5F,0xFF,0x6E,0x5F,0xFF,0x6E,
    0x5F,0xFF,0x6E,0x5F,0xFF,0x6E,0x5F,0xFF,0x6E,0x5F,0xFF,0x6E,0x5F,0xFF,0x6E,0x5F,
    0xFF,0x6E,0x5F,0xFF,0x6E,0x5F,0xFF,0x6E,0x5F,0xFF,0x6E,0x5F,0xFF,0x6E,0x5F,0xFF,
    0x6E,0x5F,0xFF,0x6E,0x5F,0xFF,0x6E,0x5F,0xFF,0x6E,0x5F,0xFF,0x6E,0x5F,0xFF,0x6E,
    0x5F,0xFF,0x6E,0x5F,0xFF,0x6E,0x5F,0xFF,0x6E,0x5F,0xFF,0x6E,0x5F,0xFF,0x6E,0x5F,
    0xFF,0x6E,0x5F,0xFF,0x6E,0x5F,0xFF,0x6E,0x5F,0xFF,0x6E,0x5F,0xFF,0x6E,0x5F,0xFF,
    0x6E,0x5F,0xFF,0x6E,0x5F,0xFF,0x6E,0x5F,0xFF,0x6E,0x5F,0xFF,0x6E,0x5F,0xFF,0x6E,
    0x5F,0xFF,0x6E,0x5F,0xFF,0x6E,0x5F,0xFF,0x6E,0x5F,0xFF,0x6E,0x5F,0xFF,0x6E,0x5F,
    0xFF,0x6E,0x5F,0xFF,0x6E,0x5F,0xFF,0x6E,0x5F,0xFF,0x6E,0x5F,0xFF,0x6E,0x5F,0xFF,
    0x6E,0x5F,0xFF,0x6E,0x5F,0xFF,0x6E,0x5F,0xFF,0x6E,0x5F,0xFF,0x6E,0x5F,0xFF,0x6E,
    0x5F,0xFF,0x6E,0x5F,0xFF,0x6E,0x5F,0xFF,0x6E,0x5F,0xFF,0x6E,0x5F,0xFF,0x6E,0x5F,
    0xFF,0x6E,0x5F,0xFF,0x6E,0x5F,0xFF,0x6E,0x5F,0xFF,0x6E,0x5F,0xFF,0x6E,0x5F,0xFF,
    0x6E,0x5F,0xFF,0x6E,0x5F,0xFF,0x6E,0x5F,0xFF,0x6E,0x5F,0xFF,0x6E,0x5F,0xFF,0x6E,
    0x5F,0xFF,0x6E,0x5F,0xFF,0x6E,0x5F,0xFF,0x6E,0x5F,0xFF,0x6E,0x5F,0xFF,0x6E,0x5F,
    0xFF,0x6E,0x5F,0xFF,0x6E,0x5F,0xFF,0x6E,0x5F,0xFF,0x6E,0x5F,0xFF,0x6E,0x5F,0xFF,
    0x6E,0x5F,0xFF,0x6E,0x5F,0xFF,0x6E,0x5F,0xFF,0x6E,0x5F,0xFF,0x6E,0x5F,0xFF,0x6E,
    0x5F,0xFF,0x6E,0x5F,0xFF,0x6E,0x5F,0xFF,0x6E,0x5F,0xFF,0x6E,0x5F,0xFF,0x6E,0x5F,
    0xFF,0x6E,0x5F,0xFF,0x6E,0x5F,0xFF,0x6E,0x5F,0xFF,0x6E,0x5F,0xFF,0x6E,0x5F,0xFF,
    0x6E,0x5F,0xFF,0x6E,0x5F,0xFF,0x6E,0x5F,0xFF,0x6E,0x5F,0xFF,0x6E,0x5F,0xFF,0x6E,
    0x5F,0xFF,0x6E,0x5F,0xFF,0x6E,0x5F,0xFF,0x6E,0x5F,0xFF,0x6E,0x5F,0xFF,0x6E,0x5F,
    0xFF,0xAE,0x5F,0xFF,0x4D,0x5E,0xFF,0x08,0x5B,0xFF,0x8B,0xA7,0xFF,0xF0,0xDF,0xFF,
    0xAB,0xA7,0xFF,0x6A,0x9F,0xFF,0x86,0x7E,0xFF,0x49,0x97,0xFF,0x66,0x7E,0xFF,0x45,
    0x76,0xFF,0x45,0x76,0xFF,0x45,0x76,0xFF,0x45,0x76,0xFF,0x45,0x76,0xFF,0x45,0x76,
    0xFF,0x45,0x76,0xFF,0x45,0x76,0xFF,0x45,0x76,0xFF,0x45,0x76,0xFF,0x45,0x76,0xFF,
    0x45,0x76,0xFF,0x45,0x76,0xFF,0x45,0x76,0xFF,0x65,0x7E,0xFF,0xE4,0x5C,0xFF,0x84,
    0x6D,0xFF,0xE4,0x64,0xFF,0x43,0x54,0xFF,0x66,0x52,0xFF,0x6C,0x5D,0xFF,0xCE,0x5F,
    0xFF,0x4D,0x5F,0xFF,0x8A,0x4B,0xFF,0xAA,0x4B,0xFF,0xAA,0x4B,0xFF,0xAA,0x4B,0xFF,
    0xAA,0x4B,0xFF,0xAA,0x4B,0xFF,0xAA,0x4B,0xFF,0xAA,0x4B,0xFF,0xAA,0x4B,0xFF,0xAA,
    0x4B,0xFF,0xAA,0x4B,0xFF,0xAA,0x4B,0xFF,0xAA,0x4B,0xFF,0xAA,0x4B,0xFF,0x8A,0x4B,
    0xFF,0x8A,0x4B,0xFF,0x8A,0x4B,0xFF,0x8A,0x4B,0xFF,0x8A,0x4B,0xFF,0x8A,0x4B,0xFF,
    0x8A,0x4B,0xFF,0x8A,0x4B,0xFF,0x8A,0x4B,0xFF,0x8A,0x4B,0xFF,0x8A,0x4B,0xFF,0xAA,
    0x4B,0xFF,0xAA,0x4B,0xFF,0xAA,0x4B,0xFF,0xAA,0x4B,0xFF,0xAA,0x4B,0xFF,0xAA,0x4B,
    0xFF,0xAA,0x4B,0xFF,0xAA,0x4B,0xFF,0xAA,0x4B,0xFF,0xAA,0x4B,0xFF,0xAA,0x4B,0xFF,
    0xAA,0x4B,0xFF,0xAA,0x4B,0xFF,0x8A,0x4B,0xFF,0x8A,0x4B,0xFF,0x8A,0x4B,0xFF,0x8A,
    0x4B,0xFF,0x8A,0x4B,0xFF,0x8A,0x4B,0xFF,0x8A,0x4B,0xFF,0x8A,0x4B,0xFF,0x8A,0x4B,
    0xFF,0x8A,0x4B,0xFF,0x8A,0x4B,0xFF,0x8A,0x4B,0xFF,0xAA,0x4B,0xFF,0xAA,0x4B,0xFF,
    0xAA,0x4B,0xFF,0xAA,0x4B,0xFF,0xAA,0x4B,0xFF,0xAA,0x4B,0xFF,0xAA,0x4B,0xFF,0xAA,
    0x4B,0xFF,0xAA,0x4B,0xFF,0xAA,0x4B,0xFF,0xAA,0x4B,0xFF,0xAA,0x4B,0xFF,0xAA,0x4B,
    0xFF,0x8A,0x4B,0xFF,0x8A,0x4B,0xFF,0x8A,0x4B,0xFF,0x8A,0x4B,0xFF,0x8A,0x4B,0xFF,
    0x8A,0x4B,0xFF,0x8A,0x4B,0xFF,0x8A,0x4B,0xFF,0x8A,0x4B,0xFF,0x8A,0x4B,0xFF,0x8A,
    0x4B,0xFF,0xAA,0x4B,0xFF,0xAA,0x4B,0xFF,0xAA,0x4B,0xFF,0xAA,0x4B,0xFF,0xAA,0x4B,
    0xFF,0xAA,0x4B,0xFF,0xAA,0x4B,0xFF,0xAA,0x4B,0xFF,0xAA,0x4B,0xFF,0xAA,0x4B,0xFF,
    0xAA,0x4B,0xFF,0xAA,0x4B,0xFF,0xAA,0x4B,0xFF,0x8A,0x4B,0xFF,0x8A,0x4B,0xFF,0x8A,
    0x4B,0xFF,0x8A,0x4B,0xFF,0x8A,0x4B,0xFF,0x8A,0x4B,0xFF,0x8A,0x4B,0xFF,0x8A,0x4B,
    0xFF,0x8A,0x4B,0xFF,0x8A,0x4B,0xFF,0x8A,0x4B,0xFF,0x8A,0x4B,0xFF,0xAA,0x4B,0xFF,
    0xAA,0x4B,0xFF,0xAA,0x4B,0xFF,0xAA,0x4B,0xFF,0xAA,0x4B,0xFF,0xAA,0x4B,0xFF,0xAA,
    0x4B,0xFF,0xAA,0x4B,0xFF,0xAA,0x4B,0xFF,0xAA,0x4B,0xFF,0xAA,0x4B,0xFF,0xAA,0x4B,
    0xFF,0xAA,0x4B,0xFF,0x8A,0x4B,0xFF,0x8A,0x4B,0xFF,0x8A,0x4B,0xFF,0x8A,0x4B,0xFF,
    0x8A,0x4B,0xFF,0x8A,0x4B,0xFF,0x8A,0x4B,0xFF,0x8A,0x4B,0xFF,0x8A,0x4B,0xFF,0x8A,
    0x4B,0xFF,0x8A,0x4B,0xFF,0xAA,0x4B,0xFF,0xAA,0x4B,0xFF,0xAA,0x4B,0xFF,0xAA,0x4B,
    0xFF,0xAA,0x4B,0xFF,0xAA,0x4B,0xFF,0xAA,0x4B,0xFF,0xAA,0x4B,0xFF,0xAA,0x4B,0xFF,
    0xAA,0x4B,0xFF,0xAA,0x4B,0xFF,0xAA,0x4B,0xFF,0xAA,0x4B,0xFF,0x8A,0x4B,0xFF,0x8A,
    0x4B,0xFF,0x8A,0x4B,0xFF,0x8A,0x4B,0xFF,0x8A,0x4B,0xFF,0x8A,0x4B,0xFF,0x8A,0x4B,
    0xFF,0x8A,0x4B,0xFF,0x8A,0x4B,0xFF,0x8A,0x4B,0xFF,0x8A,0x4B,0xFF,0xAA,0x4B,0xFF,
    0x29,0x4B,0xFF,0xC8,0x49,0xFF,0xA9,0x6B,0xFF,0xEB,0x7B,0xFF,0xA9,0x6B,0xFF,0xA8,
    0x63,0xFF,0x47,0x5B,0xFF,0x88,0x63,0xFF,0x26,0x53,0xFF,0x26,0x53,0xFF,0x26,0x53,
    0xFF,0x26,0x53,0xFF,0x26,0x53,0xFF,0x26,0x53,0xFF,0x26,0x53,0xFF,0x26,0x53,0xFF,
    0x26,0x53,0xFF,0x26,0x53,0xFF,0x26,0x53,0xFF,0x26,0x53,0xFF,0x26,0x53,0xFF,0x26,
    0x53,0xFF,0x06,0x53,0xFF,0x26,0x53,0xFF,0x86,0x4A,0xFF,0xC6,0x52,0xFF,0x86,0x4A,
    0xFF,0x45,0x42,0xFF,0x87,0x41,0xFF,0xC9,0x4A,0xFF,0xCA,0x4B,0xFF,0x8A,0x4B,0xFF,
    0x0D,0xAD,0xFF,0xED,0xA4,0xFF,0xED,0xA4,0xFF,0xED,0xA4,0xFF,0xED,0xA4,0xFF,0xED,
    0xA4,0xFF,0xED,0xA4,0xFF,0xED,0xA4,0xFF,0xED,0xA4,0xFF,0xED,0xA4,0xFF,0xED,0xA4,
    0xFF,0xED,0xA4,0xFF,0xED,0xA4,0xFF,0xED,0xA4,0xFF,0xED,0xAC,0xFF,0xED,0xAC,0xFF,
    0xED,0xAC,0xFF,0xED,0xAC,0xFF,0xED,0xAC,0xFF,0xED,0xAC,0xFF,0xED,0xAC,0xFF,0xED,
    0xAC,0xFF,0xED,0xAC,0xFF,0xED,0xAC,0xFF,0x0D,0xAD,0xFF,0xED,0xAC,0xFF,0xED,0xA4,
    0xFF,0xED,0xA4,0xFF,0xED,0xA4,0xFF,0xED,0xA4,0xFF,0xED,0xA4,0xFF,0xED,0xA4,0xFF,
    0xED,0xA4,0xFF,0xED,0xA4,0xFF,0xED,0xA4,0xFF,0xED,0xA4,0xFF,0xED,0xA4,0xFF,0xED,
    0xA4,0xFF,0xED,0xAC,0xFF,0xED,0xAC,0xFF,0xED,0xAC,0xFF,0xED,0xAC,0xFF,0xED,0xAC,
    0xFF,0xED,0xAC,0xFF,0xED,0xAC,0xFF,0xED,0xAC,0xFF,0xED,0xAC,0xFF,0xED,0xAC,0xFF,
    0xED,0xAC,0xFF,0x0D,0xAD,0xFF,0xED,0xA4,0xFF,0xED,0xA4,0xFF,0xED,0xA4,0xFF,0xED,
    0xA4,0xFF,0xED,0xA4,0xFF,0xED,0xA4,0xFF,0xED,0xA4,0xFF,0xED,0xA4,0xFF,0xED,0xA4,
    0xFF,0xED,0xA4,0xFF,0xED,0xA4,0xFF,0xED,0xA4,0xFF,0xED,0xA4,0xFF,0xED,0xAC,0xFF,
    0xED,0xAC,0xFF,0xED,0xAC,0xFF,0xED,0xAC,0xFF,0xED,0xAC,0xFF,0xED,0xAC,0xFF,0xED,
    0xAC,0xFF,0xED,0xAC,0xFF,0xED,0xAC,0xFF,0xED,0xAC,0xFF,0x0D,0xAD,0xFF,0xED,0xAC,
    0xFF,0xED,0xA4,0xFF,0xED,0xA4,0xFF,0xED,0xA4,0xFF,0xED,0xA4,0xFF,0xED,0xA4,0xFF,
    0xED,0xA4,0xFF,0xED,0xA4,0xFF,0xED,0xA4,0xFF,0xED,0xA4,0xFF,0xED,0xA4,0xFF,0xED,
    0xA4,0xFF,0xED,0xA4,0xFF,0xED,0xAC,0xFF,0xED,0xAC,0xFF,0xED,0xAC,0xFF,0xED,0xAC,
    0xFF,0xED,0xAC,0xFF,0xED,0xAC,0xFF,0xED,0xAC,0xFF,0xED,0xAC,0xFF,0xED,0xAC,0xFF,
    0xED,0xAC,0xFF,0xED,0xAC,0xFF,0xED,0xAC,0xFF,0xED,0xA4,0xFF,0xED,0xA4,0xFF,0xED,
    0xA4,0xFF,0xED,0xA4,0xFF,0xED,0xA4,0xFF,0xED,0xA4,0xFF,0xED,0xA4,0xFF,0xED,0xA4,
    0xFF,0xED,0xA4,0xFF,0xED,0xA4,0xFF,0xED,0xA4,0xFF,0xED,0xA4,0xFF,0xED,0xA4,0xFF,
    0xED,0xAC,0xFF,0xED,0xAC,0xFF,0xED,0xAC,0xFF,0xED,0xAC,0xFF,0xED,0xAC,0xFF,0xED,
    0xAC,0xFF,0xED,0xAC,0xFF,0xED,0xAC,0xFF,0xED,0xAC,0xFF,0xED,0xAC,0xFF,0x0D,0xAD,
    0xFF,0xED,0xA4,0xFF,0xED,0xA4,0xFF,0xED,0xA4,0xFF,0xED,0xA4,0xFF,0xED,0xA4,0xFF,
    0xED,0xA4,0xFF,0xED,0xA4,0xFF,0xED,0xA4,0xFF,0xED,0xA4,0xFF,0xED,0xA4,0xFF,0xED,
    0xA4,0xFF,0xED,0xA4,0xFF,0xED,0xA4,0xFF,0xED,0xAC,0xFF,0xED,0xAC,0xFF,0xED,0xAC,
    0xFF,0xED,0xAC,0xFF,0xED,0xAC,0xFF,0xED,0xAC,0xFF,0xED,0xAC,0xFF,0xED,0xAC,0xFF,
    0xED,0xAC,0xFF,0xED,0xAC,0xFF,0x0D,0xAD,0xFF,0xED,0xAC,0xFF,0xED,0xA4,0xFF,0x2D,
    0xA5,0xFF,0xED,0xA4,0xFF,0xCD,0x9C,0xFF,0xED,0xA4,0xFF,0xED,0xA4,0xFF,0xED,0xA4,
    0xFF,0xED,0xA4,0xFF,0xED,0xA4,0xFF,0xED,0xA4,0xFF,0xED,0xA4,0xFF,0xED,0xA4,0xFF,
    0x0E,0xA5,0xFF,0x0E,0xA5,0xFF,0x0E,0xA5,0xFF,0x0E,0xA5,0xFF,0x0E,0xA5,0xFF,0x0E,
    0xA5,0xFF,0x0E,0xA5,0xFF,0x0E,0xA5,0xFF,0x0E,0xA5,0xFF,0x0E,0xA5,0xFF,0x0E,0xA5,
    0xFF,0x0E,0xA5,0xFF,0x0E,0xA5,0xFF,0x0D,0xA5,0xFF,0x0E,0xA5,0xFF,0x0E,0xA5,0xFF,
    0x2D,0xA5,0xFF,0x0D,0xA5,0xFF,0xED,0xA4,0xFF,0xED,0xA4,0xFF,0x09,0x9F,0xFF,0x8C,
    0xB7,0xFF,0xED,0xBF,0xFF,0xCD,0xBF,0xFF,0xED,0xBF,0xFF,0xED,0xBF,0xFF,0xED,0xBF,
    0xFF,0xED,0xBF,0xFF,0xED,0xBF,0xFF,0xED,0xBF,0xFF,0xED,0xBF,0xFF,0xED,0xBF,0xFF,
    0xEE,0xBF,0xFF,0xAD,0xB7,0xFF,0x0A,0xA7,0xFF,0x2A,0xA7,0xFF,0x2A,0xA7,0xFF,0x2A,
    0xA7,0xFF,0x2A,0xA7,0xFF,0x2A,0xA7,0xFF,0x2A,0xA7,0xFF,0x2A,0xA7,0xFF,0x2A,0xA7,
    0xFF,0x0A,0xA7,0xFF,0x0A,0x9F,0xFF,0x4A,0xA7,0xFF,0xED,0xBF,0xFF,0xED,0xBF,0xFF,
    0xED,0xBF,0xFF,0xED,0xBF,0xFF,0xED,0xBF,0xFF,0xED,0xBF,0xFF,0xED,0xBF,0xFF,0xED,
    0xBF,0xFF,0xED,0xBF,0xFF,0xED,0xBF,0xFF,0xEE,0xBF,0xFF,0xED,0xBF,0xFF,0x2A,0xA7,
    0xFF,0x0A,0xA7,0xFF,0x2A,0xA7,0xFF,0x2A,0xA7,0xFF,0x2A,0xA7,0xFF,0x2A,0xA7,0xFF,
    0x2A,0xA7,0xFF,0x2A,0xA7,0xFF,0x2A,0xA7,0xFF,0x2A,0xA7,0xFF,0x0A,0xA7,0xFF,0x09,
    0x9F,0xFF,0x8C,0xB7,0xFF,0xED,0xBF,0xFF,0xCD,0xBF,0xFF,0xED,0xBF,0xFF,0xED,0xBF,
    0xFF,0xED,0xBF,0xFF,0xED,0xBF,0xFF,0xED,0xBF,0xFF,0xED,0xBF,0xFF,0xED,0xBF,0xFF,
    0xED,0xBF,0xFF,0xEE,0xBF,0xFF,0x6B,0xAF,0xFF,0x0A,0xA7,0xFF,0x2A,0xA7,0xFF,0x2A,
    0xA7,0xFF,0x2A,0xA7,0xFF,0x2A,0xA7,0xFF,0x2A,0xA7,0xFF,0x2A,0xA7,0xFF,0x2A,0xA7,
    0xFF,0x2A,0xA7,0xFF,0x0A,0xA7,0xFF,0x0A,0x9F,0xFF,0x4B,0xAF,0xFF,0xED,0xBF,0xFF,
    0xED,0xBF,0xFF,0xED,0xBF,0xFF,0xED,0xBF,0xFF,0xED,0xBF,0xFF,0xED,0xBF,0xFF,0xED,
    0xBF,0xFF,0xED,0xBF,0xFF,0xED,0xBF,0xFF,0xED,0xBF,0xFF,0xEE,0xBF,0xFF,0xCD,0xBF,
    0xFF,0x2A,0xA7,0xFF,0x2A,0xA7,0xFF,0x2A,0xA7,0xFF,0x2A,0xA7,0xFF,0x2A,0xA7,0xFF,
    0x2A,0xA7,0xFF,0x2A,0xA7,0xFF,0x2A,0xA7,0xFF,0x2A,0xA7,0xFF,0x2A,0xA7,0xFF,0x0A,
    0xA7,0xFF,0x2A,0xA7,0xFF,0xCD,0xBF,0xFF,0xED,0xBF,0xFF,0xED,0xBF,0xFF,0xED,0xBF,
    0xFF,0xED,0xBF,0xFF,0xED,0xBF,0xFF,0xED,0xBF,0xFF,0xED,0xBF,0xFF,0xED,0xBF,0xFF,
    0xED,0xBF,0xFF,0xED,0xBF,0xFF,0xEE,0xBF,0xFF,0x6B,0xAF,0xFF,0x0A,0xA7,0xFF,0x2A,
    0xA7,0xFF,0x2A,0xA7,0xFF,0x2A,0xA7,0xFF,0x2A,0xA7,0xFF,0x2A,0xA7,0xFF,0x2A,0xA7,
    0xFF,0x2A,0xA7,0xFF,0x2A,0xA7,0xFF,0x0A,0xA7,0xFF,0x09,0x9F,0xFF,0x6B,0xAF,0xFF,
    0xED,0xBF,0xFF,0xCD,0xBF,0xFF,0xED,0xBF,0xFF,0xED,0xBF,0xFF,0xED,0xBF,0xFF,0xED,
    0xBF,0xFF,0xED,0xBF,0xFF,0xED,0xBF,0xFF,0xED,0xBF,0xFF,0xED,0xBF,0xFF,0xEE,0xBF,
    0xFF,0xAC,0xB7,0xFF,0x0A,0xA7,0xFF,0x2A,0xA7,0xFF,0x2A,0xA7,0xFF,0x2A,0xA7,0xFF,
    0x2A,0xA7,0xFF,0x2A,0xA7,0xFF,0x2A,0xA7,0xFF,0x2A,0xA7,0xFF,0x2A,0xA7,0xFF,0x2A,
    0xA7,0xFF,0x0A,0xA7,0xFF,0x2A,0xA7,0xFF,0xCD,0xBF,0xFF,0xCD,0xBF,0xFF,0xED,0xBF,
    0xFF,0xED,0xBF,0xFF,0xED,0xBF,0xFF,0xED,0xBF,0xFF,0xED,0xBF,0xFF,0xED,0xBF,0xFF,
    0xCD,0xBF,0xFF,0xCD,0xBF,0xFF,0xED,0xBF,0xFF,0xED,0xBF,0xFF,0x2A,0xA7,0xFF,0x0A,
    0xA7,0xFF,0x0A,0xA7,0xFF,0x0A,0xA7,0xFF,0x0A,0xA7,0xFF,0x0A,0xA7,0xFF,0x0A,0xA7,
    0xFF,0x0A,0xA7,0xFF,0x0A,0xA7,0xFF,0x2A,0xA7,0xFF,0x0A,0xA7,0xFF,0xE9,0x9E,0xFF,
    0x8C,0xB7,0xFF,0xED,0xBF,0xFF,0xCD,0xBF,0xFF,0xCD,0xBF,0xFF,0xCD,0xBF,0xFF,0xCD,
    0xBF,0xFF,0xED,0xBF,0xFF,0xED,0xBF,0xFF,0x88,0x86,0xFF,0xC9,0x8E,0xFF,0xEA,0x96,
    0xFF,0xEA,0x96,0xFF,0xEA,0x96,0xFF,0xEA,0x96,0xFF,0xEA,0x96,0xFF,0xEA,0x96,0xFF,
    0xEA,0x96,0xFF,0xEA,0x96,0xFF,0x0A,0x97,0xFF,0xA8,0x86,0xFF,0x06,0x76,0xFF,0xE6,
    0x75,0xFF,0xA4,0x65,0xFF,0xA4,0x65,0xFF,0xA4,0x65,0xFF,0xA4,0x65,0xFF,0xA4,0x65,
    0xFF,0xA4,0x65,0xFF,0xA4,0x65,0xFF,0xA4,0x65,0xFF,0x84,0x65,0xFF,0xE5,0x6D,0xFF,
    0x88,0x86,0xFF,0x88,0x86,0xFF,0xEA,0x96,0xFF,0xEA,0x96,0xFF,0xEA,0x96,0xFF,0xEA,
    0x96,0xFF,0xEA,0x96,0xFF,0xEA,0x96,0xFF,0xEA,0x96,0xFF,0xEA,0x96,0xFF,0x0A,0x97,
    0xFF,0xEA,0x8E,0xFF,0x27,0x76,0xFF,0x06,0x76,0xFF,0xA4,0x6D,0xFF,0xA4,0x65,0xFF,
    0xA4,0x65,0xFF,0xA4,0x65,0xFF,0xA4,0x65,0xFF,0xA4,0x65,0xFF,0xA4,0x65,0xFF,0xA4,
    0x65,0xFF,0xA4,0x65,0xFF,0x84,0x65,0xFF,0x47,0x7E,0xFF,0x88,0x86,0xFF,0xC9,0x8E,
    0xFF,0xEA,0x96,0xFF,0xEA,0x96,0xFF,0xEA,0x96,0xFF,0xEA,0x96,0xFF,0xEA,0x96,0xFF,
    0xEA,0x96,0xFF,0xEA,0x96,0xFF,0xEA,0x96,0xFF,0x0A,0x97,0xFF,0x88,0x86,0xFF,0x06,
    0x76,0xFF,0xC5,0x6D,0xFF,0xA4,0x65,0xFF,0xA4,0x65,0xFF,0xA4,0x65,0xFF,0xA4,0x65,
    0xFF,0xA4,0x65,0xFF,0xA4,0x65,0xFF,0xA4,0x65,0xFF,0xA4,0x65,0xFF,0x84,0x65,0xFF,
    0xE6,0x6D,0xFF,0x88,0x86,0xFF,0xA8,0x86,0xFF,0xEA,0x96,0xFF,0xEA,0x96,0xFF,0xEA,
    0x96,0xFF,0xEA,0x96,0xFF,0xEA,0x96,0xFF,0xEA,0x96,0xFF,0xEA,0x96,0xFF,0xEA,0x96,
    0xFF,0x0A,0x97,0xFF,0xC9,0x8E,0xFF,0x06,0x76,0xFF,0x06,0x76,0xFF,0xA4,0x65,0xFF,
    0xA4,0x65,0xFF,0xA4,0x65,0xFF,0xA4,0x65,0xFF,0xA4,0x65,0xFF,0xA4,0x65,0xFF,0xA4,
    0x65,0xFF,0xA4,0x65,0xFF,0x84,0x65,0xFF,0xA4,0x65,0xFF,0x67,0x7E,0xFF,0x88,0x86,
    0xFF,0xEA,0x8E,0xFF,0xEA,0x96,0xFF,0xEA,0x96,0xFF,0xEA,0x96,0xFF,0xEA,0x96,0xFF,
    0xEA,0x96,0xFF,0xEA,0x96,0xFF,0xEA,0x96,0xFF,0x0A,0x97,0xFF,0x0A,0x97,0xFF,0x47,
    0x7E,0xFF,0x06,0x76,0xFF,0xC5,0x6D,0xFF,0xA4,0x65,0xFF,0xA4,0x65,0xFF,0xA4,0x65,
    0xFF,0xA4,0x65,0xFF,0xA4,0x65,0xFF,0xA4,0x65,0xFF,0xA4,0x65,0xFF,0xA4,0x65,0xFF,
    0x84,0x65,0xFF,0x26,0x76,0xFF,0x88,0x86,0xFF,0xA9,0x8E,0xFF,0x0A,0x97,0xFF,0xEA,
    0x96,0xFF,0xEA,0x96,0xFF,0xEA,0x96,0xFF,0xEA,0x96,0xFF,0xEA,0x96,0xFF,0xEA,0x96,
    0xFF,0xEA,0x96,0xFF,0x0A,0x97,0xFF,0xA9,0x8E,0xFF,0x06,0x76,0xFF,0xE5,0x6D,0xFF,
    0xA4,0x65,0xFF,0xA4,0x65,0xFF,0xA4,0x65,0xFF,0xA4,0x65,0xFF,0xA4,0x65,0xFF,0xA4,
    0x65,0xFF,0xA4,0x65,0xFF,0xA4,0x65,0xFF,0x84,0x65,0xFF,0xC5,0x6D,0xFF,0x88,0x86,
    0xFF,0x88,0x86,0xFF,0xEA,0x96,0xFF,0xEA,0x96,0xFF,0xEA,0x96,0xFF,0xEA,0x96,0xFF,
    0xEA,0x96,0xFF,0xEA,0x96,0xFF,0xEA,0x96,0xFF,0xEA,0x96,0xFF,0x0A,0x97,0xFF,0xEA,
    0x96,0xFF,0x27,0x7E,0xFF,0x06,0x76,0xFF,0xA4,0x6D,0xFF,0xA4,0x65,0xFF,0xA4,0x65,
    0xFF,0xA4,0x65,0xFF,0xA4,0x65,0xFF,0xA4,0x65,0xFF,0xA4,0x65,0xFF,0xA4,0x65,0xFF,
    0x84,0x65,0xFF,0x84,0x65,0xFF,0x47,0x7E,0xFF,0x88,0x86,0xFF,0xC9,0x8E,0xFF,0xEA,
    0x96,0xFF,0xEA,0x96,0xFF,0xEA,0x96,0xFF,0xEA,0x96,0xFF,0xEA,0x96,0xFF,0xEA,0x96,
    0xFF,0xEA,0x96,0xFF,0x2B,0x9F,0xFF,0x2B,0x9F,0xFF,0x0A,0x9F,0xFF,0x0A,0x9F,0xFF,
    0x0A,0x9F,0xFF,0x0A,0x9F,0xFF,0x0A,0x9F,0xFF,0x0A,0x9F,0xFF,0x2B,0x9F,0xFF,0xC9,
    0x8E,0xFF,0x26,0x7E,0xFF,0x06,0x76,0xFF,0xC5,0x6D,0xFF,0xC5,0x6D,0xFF,0xE5,0x75,
    0xFF,0xE5,0x75,0xFF,0xE5,0x75,0xFF,0xE5,0x75,0xFF,0xE5,0x75,0xFF,0xE5,0x75,0xFF,
    0xC5,0x6D,0xFF,0x26,0x7E,0xFF,0xC9,0x8E,0xFF,0xEA,0x96,0xFF,0x2B,0x9F,0xFF,0x2B,
    0x9F,0xFF,0x0A,0x9F,0xFF,0x0A,0x9F,0xFF,0x0A,0x9F,0xFF,0x0A,0x9F,0xFF,0x0A,0x9F,
    0xFF,0x0A,0x9F,0xFF,0x2B,0x9F,0xFF,0x0A,0x97,0xFF,0x47,0x7E,0xFF,0x26,0x7E,0xFF,
    0xC5,0x6D,0xFF,0xC5,0x6D,0xFF,0xE5,0x75,0xFF,0xE5,0x75,0xFF,0xE5,0x75,0xFF,0xE5,
    0x75,0xFF,0xE5,0x75,0xFF,0xE5,0x75,0xFF,0xE5,0x75,0xFF,0xE5,0x75,0xFF,0x88,0x86,
    0xFF,0xC9,0x96,0xFF,0x0A,0x9F,0xFF,0x2B,0x9F,0xFF,0x2B,0x9F,0xFF,0x0A,0x9F,0xFF,
    0x0A,0x9F,0xFF,0x0A,0x9F,0xFF,0x0A,0x9F,0xFF,0x0A,0x9F,0xFF,0x0A,0x9F,0xFF,0x2B,
    0x9F,0xFF,0x88,0x86,0xFF,0x26,0x7E,0xFF,0x06,0x76,0xFF,0xC5,0x6D,0xFF,0xE5,0x75,
    0xFF,0xE5,0x75,0xFF,0xE5,0x75,0xFF,0xE5,0x75,0xFF,0xE5,0x75,0xFF,0xE5,0x75,0xFF,
    0xE5,0x75,0xFF,0xC5,0x6D,0xFF,0x47,0x86,0xFF,0xC9,0x8E,0xFF,0xEA,0x96,0xFF,0x2B,
    0x9F,0xFF,0x2B,0x9F,0xFF,0x0A,0x9F,0xFF,0x0A,0x9F,0xFF,0x0A,0x9F,0xFF,0x0A,0x9F,
    0xFF,0x0A,0x9F,0xFF,0x0A,0x9F,0xFF,0x2B,0x9F,0xFF,0xEA,0x96,0xFF,0x27,0x7E,0xFF,
    0x26,0x7E,0xFF,0xC5,0x6D,0xFF,0xC5,0x6D,0xFF,0xE5,0x75,0xFF,0xE5,0x75,0xFF,0xE5,
    0x75,0xFF,0xE5,0x75,0xFF,0xE5,0x75,0xFF,0xE5,0x75,0xFF,0xE5,0x75,0xFF,0xE6,0x75,
    0xFF,0xC9,0x8E,0xFF,0xC9,0x8E,0xFF,0x2B,0x9F,0xFF,0x2B,0x9F,0xFF,0x2A,0x9F,0xFF,
    0x0A,0x9F,0xFF,0x0A,0x9F,0xFF,0x0A,0x9F,0xFF,0x0A,0x9F,0xFF,0x0A,0x9F,0xFF,0x2A,
    0x9F,0xFF,0x2B,0x9F,0xFF,0x68,0x86,0xFF,0x26,0x7E,0xFF,0xE5,0x75,0xFF,0xC5,0x6D,
    0xFF,0xE5,0x75,0xFF,0xE5,0x75,0xFF,0xE5,0x75,0xFF,0xE5,0x75,0xFF,0xE5,0x75,0xFF,
    0xE5,0x75,0xFF,0xE5,0x75,0xFF,0xC5,0x6D,0xFF,0x68,0x86,0xFF,0xC9,0x8E,0xFF,0x0A,
    0x97,0xFF,0x2B,0x9F,0xFF,0x2B,0x9F,0xFF,0x0A,0x9F,0xFF,0x0A,0x9F,0xFF,0x0A,0x9F,
    0xFF,0x0A,0x9F,0xFF,0x0A,0x9F,0xFF,0x0A,0x9F,0xFF,0x2B,0x9F,0xFF,0xA9,0x8E,0xFF,
    0x26,0x7E,0xFF,0x06,0x76,0xFF,0xC5,0x6D,0xFF,0xC5,0x6D,0xFF,0xE5,0x75,0xFF,0xE5,
    0x75,0xFF,0xE5,0x75,0xFF,0xE5,0x75,0xFF,0xE5,0x75,0xFF,0xE5,0x75,0xFF,0xC5,0x6D,
    0xFF,0x06,0x76,0xFF,0xC9,0x8E,0xFF,0xE9,0x96,0xFF,0x2B,0x9F,0xFF,0x2B,0x9F,0xFF,
    0x0A,0x9F,0xFF,0x0A,0x9F,0xFF,0x0A,0x9F,0xFF,0x0A,0x9F,0xFF,0x0A,0x9F,0xFF,0x0A,
    0x9F,0xFF,0x2B,0x9F,0xFF,0x0A,0x97,0xFF,0x47,0x7E,0xFF,0x26,0x7E,0xFF,0xE5,0x75,
    0xFF,0xC5,0x6D,0xFF,0xE5,0x75,0xFF,0xE5,0x75,0xFF,0xE5,0x75,0xFF,0xE5,0x75,0xFF,
    0xE5,0x75,0xFF,0xE5,0x75,0xFF,0xE5,0x75,0xFF,0xE5,0x75,0xFF,0xA8,0x8E,0xFF,0xC9,
    0x8E,0xFF,0x0A,0x9F,0xFF,0x2B,0x9F,0xFF,0x2B,0x9F,0xFF,0x0A,0x9F,0xFF,0x0A,0x9F,
    0xFF,0x0A,0x9F,0xFF,0x0A,0x9F,0xFF,0x0A,0x9F,0xFF,0x2A,0x9F,0xFF,0x2A,0x9F,0xFF,
    0x0A,0x97,0xFF,0x0A,0x97,0xFF,0x0A,0x97,0xFF,0x0A,0x97,0xFF,0x2A,0x9F,0xFF,0x0A,
    0x97,0xFF,0x2B,0x9F,0xFF,0xA8,0x8E,0xFF,0x06,0x76,0xFF,0x06,0x76,0xFF,0xC5,0x6D,
    0xFF,0xC5,0x6D,0xFF,0xE5,0x75,0xFF,0xE5,0x6D,0xFF,0xE5,0x6D,0xFF,0xE5,0x6D,0xFF,
    0xC5,0x6D,0xFF,0xE5,0x6D,0xFF,0xC5,0x6D,0xFF,0x27,0x7E,0xFF,0xE9,0x96,0xFF,0xEA,
    0x96,0xFF,0x2B,0x9F,0xFF,0x2A,0x9F,0xFF,0x0A,0x97,0xFF,0x0A,0x97,0xFF,0x0A,0x97,
    0xFF,0x0A,0x97,0xFF,0x2A,0x9F,0xFF,0x0A,0x97,0xFF,0x2A,0x9F,0xFF,0x0A,0x97,0xFF,
    0x26,0x7E,0xFF,0x06,0x76,0xFF,0xC5,0x6D,0xFF,0xC5,0x6D,0xFF,0xE5,0x6D,0xFF,0xE5,
    0x75,0xFF,0xE5,0x6D,0xFF,0xE5,0x6D,0xFF,0xE5,0x6D,0xFF,0xC5,0x6D,0xFF,0xE5,0x6D,
    0xFF,0xE5,0x6D,0xFF,0xA8,0x8E,0xFF,0xEA,0x96,0xFF,0x0A,0x97,0xFF,0x2B,0x9F,0xFF,
    0x0A,0x97,0xFF,0x0A,0x97,0xFF,0x0A,0x97,0xFF,0x0A,0x97,0xFF,0x0A,0x97,0xFF,0x2A,
    0x9F,0xFF,0x0A,0x97,0xFF,0x2A,0x9F,0xFF,0x67,0x86,0xFF,0x06,0x76,0xFF,0xE5,0x75,
    0xFF,0xC5,0x6D,0xFF,0xC5,0x6D,0xFF,0xE5,0x75,0xFF,0xE5,0x6D,0xFF,0xE5,0x6D,0xFF,
    0xE5,0x6D,0xFF,0xC5,0x6D,0xFF,0xE5,0x75,0xFF,0xC5,0x6D,0xFF,0x47,0x7E,0xFF,0xEA,
    0x96,0xFF,0xEA,0x96,0xFF,0x2B,0x9F,0xFF,0x2A,0x9F,0xFF,0x0A,0x97,0xFF,0x0A,0x97,
    0xFF,0x0A,0x97,0xFF,0x0A,0x97,0xFF,0x2A,0x9F,0xFF,0x0A,0x97,0xFF,0x2A,0x9F,0xFF,
    0xC9,0x8E,0xFF,0x06,0x76,0xFF,0x06,0x76,0xFF,0xC5,0x6D,0xFF,0xC5,0x6D,0xFF,0xE5,
    0x75,0xFF,0xE5,0x6D,0xFF,0xE5,0x6D,0xFF,0xE5,0x6D,0xFF,0xC5,0x6D,0xFF,0xE5,0x6D,
    0xFF,0xE5,0x6D,0xFF,0xE5,0x75,0xFF,0xC9,0x8E,0xFF,0xEA,0x96,0xFF,0x2B,0x9F,0xFF,
    0x2B,0x9F,0xFF,0x0A,0x97,0xFF,0x0A,0x97,0xFF,0x0A,0x97,0xFF,0x0A,0x97,0xFF,0x0A,
    0x97,0xFF,0x2A,0x9F,0xFF,0x0A,0x97,0xFF,0x0A,0x97,0xFF,0x47,0x7E,0xFF,0x06,0x76,
    0xFF,0xE5,0x6D,0xFF,0xC5,0x6D,0xFF,0xE5,0x6D,0xFF,0xE5,0x75,0xFF,0xE5,0x6D,0xFF,
    0xE5,0x6D,0xFF,0xE5,0x6D,0xFF,0xC5,0x6D,0xFF,0xE5,0x6D,0xFF,0xC5,0x6D,0xFF,0x88,
    0x86,0xFF,0xEA,0x96,0xFF,0x0A,0x97,0xFF,0x2B,0x9F,0xFF,0x0A,0x97,0xFF,0x0A,0x97,
    0xFF,0x0A,0x97,0xFF,0x0A,0x97,0xFF,0x0A,0x97,0xFF,0x2A,0x9F,0xFF,0x0A,0x97,0xFF,
    0x2B,0x9F,0xFF,0xC9,0x8E,0xFF,0x06,0x76,0xFF,0x06,0x76,0xFF,0xC5,0x6D,0xFF,0xC5,
    0x6D,0xFF,0xE5,0x75,0xFF,0xE5,0x6D,0xFF,0xE5,0x6D,0xFF,0xE5,0x6D,0xFF,0xC5,0x6D,
    0xFF,0xE5,0x6D,0xFF,0xC5,0x6D,0xFF,0x26,0x7E,0xFF,0xE9,0x96,0xFF,0xEA,0x96,0xFF,
    0x2B,0x9F,0xFF,0x2B,0x9F,0xFF,0x0A,0x97,0xFF,0x0A,0x97,0xFF,0x0A,0x97,0xFF,0x0A,
    0x97,0xFF,0x2A,0x9F,0xFF,0x0A,0x97,0xFF,0x2A,0x9F,0xFF,0xEA,0x96,0xFF,0x26,0x7E,
    0xFF,0x06,0x76,0xFF,0xC5,0x6D,0xFF,0xC5,0x6D,0xFF,0xE5,0x6D,0xFF,0xE5,0x75,0xFF,
    0xE5,0x6D,0xFF,0xE5,0x6D,0xFF,0xE5,0x6D,0xFF,0xC5,0x6D,0xFF,0xE5,0x6D,0xFF,0xC5,
    0x6D,0xFF,0xA8,0x8E,0xFF,0xEA,0x96,0xFF,0x0A,0x97,0xFF,0x2B,0x9F,0xFF,0x0A,0x97,
    0xFF,0x0A,0x97,0xFF,0x0A,0x97,0xFF,0x0A,0x97,0xFF,0x0A,0x97,0xFF,0x2A,0x9F,0xFF,
    0x0A,0x97,0xFF,0x2A,0x9F,0xFF,0x68,0x86,0xFF,0x06,0x76,0xFF,0x0A,0x97,0xFF,0x0A,
    0x97,0xFF,0x2A,0x9F,0xFF,0x0A,0x97,0xFF,0x0A,0x97,0xFF,0x88,0x86,0xFF,0x06,0x76,
    0xFF,0xE6,0x75,0xFF,0xC5,0x6D,0xFF,0xC5,0x6D,0xFF,0xE5,0x6D,0xFF,0xE5,0x6D,0xFF,
    0xE5,0x6D,0xFF,0xC5,0x6D,0xFF,0xC5,0x6D,0xFF,0xE5,0x6D,0xFF,0xE5,0x6D,0xFF,0x27,
    0x7E,0xFF,0xE9,0x96,0xFF,0xEA,0x96,0xFF,0x2B,0x9F,0xFF,0x2A,0x9F,0xFF,0x0A,0x97,
    0xFF,0x0A,0x97,0xFF,0x0A,0x97,0xFF,0x0A,0x97,0xFF,0x0A,0x9F,0xFF,0x0A,0x97,0xFF,
    0x0A,0x97,0xFF,0xC9,0x8E,0xFF,0x06,0x76,0xFF,0x06,0x76,0xFF,0xC5,0x6D,0xFF,0xC5,
    0x6D,0xFF,0xE5,0x6D,0xFF,0xE5,0x6D,0xFF,0xE5,0x6D,0xFF,0xE5,0x6D,0xFF,0xC5,0x6D,
    0xFF,0xC5,0x6D,0xFF,0xE5,0x75,0xFF,0xE5,0x75,0xFF,0xA8,0x8E,0xFF,0xEA,0x96,0xFF,
    0x0A,0x97,0xFF,0x2B,0x9F,0xFF,0x0A,0x97,0xFF,0x0A,0x97,0xFF,0x0A,0x97,0xFF,0x0A,
    0x97,0xFF,0x0A,0x97,0xFF,0x2A,0x9F,0xFF,0x0A,0x97,0xFF,0x0A,0x97,0xFF,0x67,0x86,
    0xFF,0x06,0x76,0xFF,0xE5,0x75,0xFF,0xC5,0x6D,0xFF,0xC5,0x6D,0xFF,0xE5,0x75,0xFF,
    0xE5,0x6D,0xFF,0xE5,0x6D,0xFF,0xC5,0x6D,0xFF,0xC5,0x6D,0xFF,0xE5,0x75,0xFF,0xC5,
    0x6D,0xFF,0x68,0x86,0xFF,0xEA,0x96,0xFF,0xEA,0x96,0xFF,0x2B,0x9F,0xFF,0x0A,0x97,
    0xFF,0x0A,0x97,0xFF,0x0A,0x97,0xFF,0x0A,0x97,0xFF,0x0A,0x97,0xFF,0x2A,0x9F,0xFF,
    0x0A,0x97,0xFF,0x0A,0x97,0xFF,0xC9,0x8E,0xFF,0x06,0x76,0xFF,0x06,0x76,0xFF,0xC5,
    0x6D,0xFF,0xC5,0x6D,0xFF,0xE5,0x6D,0xFF,0xE5,0x6D,0xFF,0xE5,0x6D,0xFF,0xE5,0x6D,
    0xFF,0xC5,0x6D,0xFF,0xC5,0x6D,0xFF,0xE5,0x75,0xFF,0x06,0x76,0xFF,0xC9,0x8E,0xFF,
    0xE9,0x96,0xFF,0x0A,0x9F,0xFF,0x2A,0x9F,0xFF,0x0A,0x97,0xFF,0x0A,0x97,0xFF,0x0A,
    0x97,0xFF,0x0A,0x97,0xFF,0x0A,0x97,0xFF,0x0A,0x97,0xFF,0x0A,0x97,0xFF,0xEA,0x96,
    0xFF,0x26,0x7E,0xFF,0x06,0x76,0xFF,0xC5,0x6D,0xFF,0xC5,0x6D,0xFF,0xE5,0x6D,0xFF,
    0xE5,0x6D,0xFF,0xE5,0x6D,0xFF,0xE5,0x6D,0xFF,0xC5,0x6D,0xFF,0xC5,0x6D,0xFF,0xE5,
    0x75,0xFF,0xE5,0x6D,0xFF,0x88,0x86,0xFF,0xEA,0x96,0xFF,0x0A,0x97,0xFF,0x2B,0x9F,
    0xFF,0x0A,0x97,0xFF,0x0A,0x97,0xFF,0x0A,0x97,0xFF,0x0A,0x97,0xFF,0x0A,0x97,0xFF,
    0x2A,0x9F,0xFF,0x0A,0x97,0xFF,0x0A,0x97,0xFF,0x88,0x86,0xFF,0x06,0x76,0xFF,0x06,
    0x76,0xFF,0xC5,0x6D,0xFF,0xC5,0x6D,0xFF,0xE5,0x6D,0xFF,0xE5,0x6D,0xFF,0xE5,0x6D,
    0xFF,0xC5,0x6D,0xFF,0xC5,0x6D,0xFF,0xE5,0x6D,0xFF,0xE5,0x6D,0xFF,0x26,0x7E,0xFF,
    0xE9,0x96,0xFF,0xEA,0x96,0xFF,0x2B,0x9F,0xFF,0x2A,0x9F,0xFF,0x0A,0x97,0xFF,0x0A,
    0x97,0xFF,0x0A,0x97,0xFF,0x0A,0x97,0xFF,0x0A,0x9F,0xFF,0x0A,0x97,0xFF,0x0A,0x97,
    0xFF,0xEA,0x96,0xFF,0x26,0x76,0xFF,0x06,0x76,0xFF,0xC5,0x6D,0xFF,0xC5,0x6D,0xFF,
    0xE5,0x6D,0xFF,0xE5,0x6D,0xFF,0xE5,0x6D,0xFF,0xE5,0x6D,0xFF,0xC5,0x6D,0xFF,0xC5,
    0x6D,0xFF,0xE5,0x75,0xFF,0xE5,0x75,0xFF,0xA9,0x8E,0xFF,0xE9,0x96,0xFF,0x0A,0x97,
    0xFF,0x2B,0x9F,0xFF,0x0A,0x97,0xFF,0x0A,0x97,0xFF,0x0A,0x97,0xFF,0x0A,0x97,0xFF,
    0x0A,0x97,0xFF,0x2A,0x9F,0xFF,0x0A,0x97,0xFF,0x0A,0x97,0xFF,0x68,0x86,0xFF,0x06,
    0x76,0xFF,0xE5,0x75,0xFF,0xC5,0x6D,0xFF,0x2B,0x9F,0xFF,0x0A,0x97,0xFF,0x0A,0x9F,
    0xFF,0x88,0x86,0xFF,0x05,0x76,0xFF,0x05,0x76,0xFF,0xE5,0x6D,0xFF,0xE5,0x75,0xFF,
    0xE5,0x75,0xFF,0xE5,0x75,0xFF,0xE5,0x75,0xFF,0xE5,0x75,0xFF,0xE5,0x75,0xFF,0xE5,
    0x75,0xFF,0xE5,0x75,0xFF,0x67,0x86,0xFF,0x2A,0x9F,0xFF,0x0A,0x97,0xFF,0x2B,0x9F,
    0xFF,0x2B,0x9F,0xFF,0x2A,0x9F,0xFF,0x2A,0x9F,0xFF,0x2B,0x9F,0xFF,0x2B,0x9F,0xFF,
    0x2B,0x9F,0xFF,0x2A,0x9F,0xFF,0x0A,0x97,0xFF,0xE9,0x96,0xFF,0x06,0x76,0xFF,0x06,
    0x76,0xFF,0xE5,0x6D,0xFF,0xE5,0x6D,0xFF,0xE5,0x75,0xFF,0xE5,0x75,0xFF,0xE5,0x75,
    0xFF,0xE5,0x75,0xFF,0xE5,0x75,0xFF,0xE5,0x75,0xFF,0x06,0x76,0xFF,0x06,0x76,0xFF,
    0xE9,0x96,0xFF,0x0A,0x97,0xFF,0x2B,0x9F,0xFF,0x2B,0x9F,0xFF,0x2B,0x9F,0xFF,0x2A,
    0x9F,0xFF,0x2A,0x9F,0xFF,0x2B,0x9F,0xFF,0x2A,0x9F,0xFF,0x2B,0x9F,0xFF,0x0A,0x97,
    0xFF,0x0A,0x97,0xFF,0x47,0x7E,0xFF,0x05,0x76,0xFF,0xE5,0x75,0xFF,0xE5,0x6D,0xFF,
    0xE5,0x75,0xFF,0xE5,0x75,0xFF,0xE5,0x75,0xFF,0xE5,0x75,0xFF,0xE5,0x75,0xFF,0xE5,
    0x75,0xFF,0x06,0x76,0xFF,0xE5,0x75,0xFF,0x88,0x86,0xFF,0x2A,0x9F,0xFF,0x2A,0x9F,
    0xFF,0x2B,0x9F,0xFF,0x2B,0x9F,0xFF,0x2A,0x9F,0xFF,0x2A,0x9F,0xFF,0x2B,0x9F,0xFF,
    0x2B,0x9F,0xFF,0x2B,0x9F,0xFF,0x2A,0x9F,0xFF,0x2A,0x97,0xFF,0xA9,0x8E,0xFF,0x05,
    0x76,0xFF,0x05,0x76,0xFF,0xE5,0x6D,0xFF,0xE5,0x75,0xFF,0xE5,0x75,0xFF,0xE5,0x75,
    0xFF,0xE5,0x75,0xFF,0xE5,0x75,0xFF,0xE5,0x75,0xFF,0xE5,0x75,0xFF,0x05,0x76,0xFF,
    0x26,0x7E,0xFF,0x0A,0x97,0xFF,0x0A,0x97,0xFF,0x2B,0x9F,0xFF,0x2B,0x9F,0xFF,0x2A,
    0x9F,0xFF,0x2A,0x9F,0xFF,0x2B,0x9F,0xFF,0x2B,0x9F,0xFF,0x2B,0x9F,0xFF,0x2A,0x9F,
    0xFF,0x0A,0x97,0xFF,0x0A,0x97,0xFF,0x26,0x7E,0xFF,0x05,0x76,0xFF,0xE5,0x75,0xFF,
    0xE5,0x6D,0xFF,0xE5,0x75,0xFF,0xE5,0x75,0xFF,0xE5,0x75,0xFF,0xE5,0x75,0xFF,0xE5,
    0x75,0xFF,0xE5,0x75,0xFF,0x06,0x76,0xFF,0x06,0x76,0xFF,0xC9,0x8E,0xFF,0x0A,0x97,
    0xFF,0x2A,0x9F,0xFF,0x2B,0x9F,0xFF,0x2B,0x9F,0xFF,0x2A,0x9F,0xFF,0x2A,0x9F,0xFF,
    0x2B,0x9F,0xFF,0x2A,0x9F,0xFF,0x2B,0x9F,0xFF,0x0A,0x97,0xFF,0x2A,0x9F,0xFF,0xA8,
    0x8E,0xFF,0x05,0x76,0xFF,0xE5,0x75,0xFF,0xE5,0x6D,0xFF,0xE5,0x75,0xFF,0xE5,0x75,
    0xFF,0xE5,0x75,0xFF,0xE5,0x75,0xFF,0xE5,0x75,0xFF,0xE5,0x75,0xFF,0x05,0x76,0xFF,
    0xE5,0x75,0xFF,0x67,0x86,0xFF,0x2A,0x9F,0xFF,0x0A,0x97,0xFF,0x2B,0x9F,0xFF,0x2B,
    0x9F,0xFF,0x2A,0x9F,0xFF,0x2A,0x9F,0xFF,0x2B,0x9F,0xFF,0x2B,0x9F,0xFF,0x2B,0x9F,
    0xFF,0x2A,0x9F,0xFF,0x0A,0x97,0xFF,0xE9,0x96,0xFF,0x06,0x76,0xFF,0x06,0x76,0xFF,
    0xE5,0x6D,0xFF,0xE5,0x6D,0xFF,0xE5,0x75,0xFF,0xE5,0x75,0xFF,0xE5,0x75,0xFF,0xE5,
    0x75,0xFF,0xE5,0x75,0xFF,0xE5,0x75,0xFF,0x06,0x76,0xFF,0x06,0x76,0xFF,0xC9,0x8E,
    0xFF,0x2A,0x97,0xFF,0x2B,0x9F,0xFF,0x2B,0x9F,0xFF,0x2B,0x9F,0xFF,0x2A,0x9F,0xFF,
    0x2B,0x9F,0xFF,0x2B,0x9F,0xFF,0x2A,0x9F,0xFF,0x2B,0x9F,0xFF,0x0A,0x97,0xFF,0x0A,
    0x97,0xFF,0x47,0x7E,0xFF,0x05,0x76,0xFF,0xE5,0x75,0xFF,0xE5,0x6D,0xFF,0xE5,0x75,
    0xFF,0xE5,0x75,0xFF,0xCA,0x8E,0xFF,0x27,0x7E,0xFF,0xA5,0x6D,0xFF,0xA5,0x6D,0xFF,
    0xA5,0x65,0xFF,0xA5,0x6D,0xFF,0xA5,0x6D,0xFF,0xA5,0x6D,0xFF,0xA5,0x6D,0xFF,0xA5,
    0x6D,0xFF,0xA5,0x6D,0xFF,0xA5,0x6D,0xFF,0x85,0x65,0xFF,0xE6,0x75,0xFF,0xA9,0x8E,
    0xFF,0xA9,0x8E,0xFF,0xCA,0x8E,0xFF,0xCA,0x8E,0xFF,0xCA,0x8E,0xFF,0xCA,0x8E,0xFF,
    0xCA,0x8E,0xFF,0xCA,0x8E,0xFF,0xCA,0x8E,0xFF,0xCA,0x8E,0xFF,0xCA,0x8E,0xFF,0x89,
    0x86,0xFF,0xC5,0x6D,0xFF,0xA5,0x6D,0xFF,0xA5,0x6D,0xFF,0xA5,0x6D,0xFF,0xA5,0x6D,
    0xFF,0xA5,0x6D,0xFF,0xA5,0x6D,0xFF,0xA5,0x6D,0xFF,0xA5,0x6D,0xFF,0xA5,0x6D,0xFF,
    0xA5,0x6D,0xFF,0xC5,0x6D,0xFF,0x89,0x86,0xFF,0xA9,0x8E,0xFF,0xCA,0x8E,0xFF,0xCA,
    0x8E,0xFF,0xCA,0x8E,0xFF,0xCA,0x8E,0xFF,0xCA,0x8E,0xFF,0xCA,0x8E,0xFF,0xCA,0x8E,
    0xFF,0xCA,0x8E,0xFF,0xC9,0x8E,0xFF,0xCA,0x8E,0xFF,0x07,0x76,0xFF,0xA5,0x6D,0xFF,
    0xA5,0x6D,0xFF,0xA5,0x6D,0xFF,0xA5,0x6D,0xFF,0xA5,0x6D,0xFF,0xA5,0x6D,0xFF,0xA5,
    0x6D,0xFF,0xA5,0x6D,0xFF,0xA5,0x6D,0xFF,0xA5,0x6D,0xFF,0x85,0x65,0xFF,0x48,0x7E,
    0xFF,0xC9,0x8E,0xFF,0xA9,0x8E,0xFF,0xCA,0x8E,0xFF,0xCA,0x8E,0xFF,0xCA,0x8E,0xFF,
    0xCA,0x8E,0xFF,0xCA,0x8E,0xFF,0xCA,0x8E,0xFF,0xCA,0x8E,0xFF,0xC9,0x8E,0xFF,0xCA,
    0x8E,0xFF,0x68,0x86,0xFF,0xA5,0x6D,0xFF,0xA5,0x6D,0xFF,0xA5,0x6D,0xFF,0xA5,0x6D,
    0xFF,0xA5,0x6D,0xFF,0xA5,0x6D,0xFF,0xA5,0x6D,0xFF,0xA5,0x6D,0xFF,0xA5,0x6D,0xFF,
    0xA5,0x6D,0xFF,0xA5,0x6D,0xFF,0xC5,0x6D,0xFF,0xA9,0x8E,0xFF,0xA9,0x8E,0xFF,0xCA,
    0x8E,0xFF,0xCA,0x8E,0xFF,0xCA,0x8E,0xFF,0xCA,0x8E,0xFF,0xCA,0x8E,0xFF,0xCA,0x8E,
    0xFF,0xCA,0x8E,0xFF,0xCA,0x8E,0xFF,0xCA,0x8E,0xFF,0xA9,0x8E,0xFF,0xC6,0x6D,0xFF,
    0xA5,0x6D,0xFF,0xA5,0x6D,0xFF,0xA5,0x6D,0xFF,0xA5,0x6D,0xFF,0xA5,0x6D,0xFF,0xA5,
    0x6D,0xFF,0xA5,0x6D,0xFF,0xA5,0x6D,0xFF,0xA5,0x6D,0xFF,0xA5,0x6D,0xFF,0xA5,0x6D,
    0xFF,0x68,0x7E,0xFF,0xA9,0x8E,0xFF,0xC9,0x8E,0xFF,0xCA,0x8E,0xFF,0xCA,0x8E,0xFF,
    0xCA,0x8E,0xFF,0xCA,0x8E,0xFF,0xCA,0x8E,0xFF,0xCA,0x8E,0xFF,0xCA,0x8E,0xFF,0xC9,
    0x8E,0xFF,0xCA,0x8E,0xFF,0x47,0x7E,0xFF,0xA5,0x6D,0xFF,0xA5,0x6D,0xFF,0xA5,0x65,
    0xFF,0xA5,0x6D,0xFF,0xA5,0x6D,0xFF,0xA5,0x6D,0xFF,0xA5,0x6D,0xFF,0xA5,0x6D,0xFF,
    0xA5,0x6D,0xFF,0xA5,0x6D,0xFF,0x85,0x65,0xFF,0x07,0x76,0xFF,0xA9,0x8E,0xFF,0xA9,
    0x8E,0xFF,0xCA,0x8E,0xFF,0xCA,0x8E,0xFF,0xCA,0x8E,0xFF,0xCA,0x8E,0xFF,0xCA,0x8E,
    0xFF,0xCA,0x8E,0xFF,0xCA,0x8E,0xFF,0xCA,0x8E,0xFF,0xCA,0x8E,0xFF,0x89,0x86,0xFF,
    0xC5,0x6D,0xFF,0xA5,0x6D,0xFF,0xA5,0x6D,0xFF,0xA5,0x6D,0xFF,0xA5,0x6D,0xFF,0xA5,
    0x6D,0xFF,0xA5,0x6D,0xFF,0xA5,0x6D,0xFF,0xA5,0x6D,0xFF,0xA5,0x6D,0xFF,0xA5,0x6D,
    0xFF,0xA5,0x6D,0xFF,0x89,0x86,0xFF,0xA9,0x8E,0xFF,0xCA,0x8E,0xFF,0xCA,0x8E,0xFF,
    0xCA,0x8E,0xFF,0xCA,0x8E,0xFF,0xCA,0x8E,0xFF,0xCA,0x8E,0xFF,0xCA,0x8E,0xFF,0xCA,
    0x8E,0xFF,0xC9,0x8E,0xFF,0xCA,0x8E,0xFF,0x27,0x76,0xFF,0xA5,0x6D,0xFF,0xA5,0x6D,
    0xFF,0xA5,0x6D,0xFF,0xA5,0x6D,0xFF,0xA5,0x6D,0xFF,0xA5,0x6D,0xFF,0xA5,0x6D,0xFF,
    0x44,0x6C,0xFF,0x24,0x6C,0xFF,0x24,0x64,0xFF,0x24,0x64,0xFF,0x24,0x6C,0xFF,0x24,
    0x6C,0xFF,0x24,0x6C,0xFF,0x24,0x6C,0xFF,0x24,0x6C,0xFF,0x24,0x6C,0xFF,0x24,0x6C,
    0xFF,0x24,0x6C,0xFF,0x24,0x6C,0xFF,0x24,0x6C,0xFF,0x44,0x6C,0xFF,0x44,0x6C,0xFF,
    0x24,0x6C,0xFF,0x24,0x6C,0xFF,0x44,0x6C,0xFF,0x44,0x6C,0xFF,0x44,0x6C,0xFF,0x44,
    0x6C,0xFF,0x44,0x6C,0xFF,0x44,0x6C,0xFF,0x44,0x6C,0xFF,0x24,0x6C,0xFF,0x24,0x64,
    0xFF,0x24,0x64,0xFF,0x24,0x6C,0xFF,0x24,0x6C,0xFF,0x24,0x6C,0xFF,0x24,0x6C,0xFF,
    0x24,0x6C,0xFF,0x24,0x6C,0xFF,0x24,0x6C,0xFF,0x24,0x6C,0xFF,0x24,0x6C,0xFF,0x24,
    0x6C,0xFF,0x44,0x6C,0xFF,0x44,0x6C,0xFF,0x24,0x6C,0xFF,0x24,0x6C,0xFF,0x24,0x6C,
    0xFF,0x44,0x6C,0xFF,0x44,0x6C,0xFF,0x44,0x6C,0xFF,0x44,0x6C,0xFF,0x44,0x6C,0xFF,
    0x24,0x6C,0xFF,0x44,0x6C,0xFF,0x24,0x6C,0xFF,0x24,0x64,0xFF,0x24,0x6C,0xFF,0x24,
    0x6C,0xFF,0x24,0x6C,0xFF,0x24,0x6C,0xFF,0x24,0x6C,0xFF,0x24,0x6C,0xFF,0x24,0x6C,
    0xFF,0x24,0x6C,0xFF,0x24,0x6C,0xFF,0x24,0x6C,0xFF,0x24,0x6C,0xFF,0x44,0x6C,0xFF,
    0x44,0x6C,0xFF,0x24,0x6C,0xFF,0x24,0x6C,0xFF,0x44,0x6C,0xFF,0x44,0x6C,0xFF,0x44,
    0x6C,0xFF,0x44,0x6C,0xFF,0x44,0x6C,0xFF,0x44,0x6C,0xFF,0x44,0x6C,0xFF,0x24,0x6C,
    0xFF,0x24,0x64,0xFF,0x24,0x64,0xFF,0x24,0x6C,0xFF,0x24,0x6C,0xFF,0x24,0x6C,0xFF,
    0x24,0x6C,0xFF,0x24,0x6C,0xFF,0x24,0x6C,0xFF,0x24,0x6C,0xFF,0x24,0x6C,0xFF,0x24,
    0x6C,0xFF,0x24,0x6C,0xFF,0x44,0x6C,0xFF,0x44,0x6C,0xFF,0x24,0x6C,0xFF,0x24,0x6C,
    0xFF,0x24,0x6C,0xFF,0x44,0x6C,0xFF,0x44,0x6C,0xFF,0x44,0x6C,0xFF,0x44,0x6C,0xFF,
    0x44,0x6C,0xFF,0x44,0x6C,0xFF,0x24,0x6C,0xFF,0x24,0x64,0xFF,0x24,0x64,0xFF,0x24,
    0x6C,0xFF,0x24,0x6C,0xFF,0x24,0x6C,0xFF,0x24,0x6C,0xFF,0x24,0x6C,0xFF,0x24,0x6C,
    0xFF,0x24,0x6C,0xFF,0x24,0x6C,0xFF,0x24,0x6C,0xFF,0x24,0x6C,0xFF,0x24,0x6C,0xFF,
    0x44,0x6C,0xFF,0x44,0x6C,0xFF,0x24,0x6C,0xFF,0x24,0x6C,0xFF,0x44,0x6C,0xFF,0x44,
    0x6C,0xFF,0x44,0x6C,0xFF,0x44,0x6C,0xFF,0x44,0x6C,0xFF,0x24,0x6C,0xFF,0x44,0x6C,
    0xFF,0x24,0x6C,0xFF,0x24,0x64,0xFF,0x24,0x64,0xFF,0x24,0x6C,0xFF,0x24,0x6C,0xFF,
    0x24,0x6C,0xFF,0x24,0x6C,0xFF,0x24,0x6C,0xFF,0x24,0x6C,0xFF,0x24,0x6C,0xFF,0x24,
    0x6C,0xFF,0x24,0x6C,0xFF,0x24,0x6C,0xFF,0x44,0x6C,0xFF,0x44,0x6C,0xFF,0x24,0x6C,
    0xFF,0x24,0x6C,0xFF,0x44,0x6C,0xFF,0x44,0x6C,0xFF,0x44,0x6C,0xFF,0x44,0x6C,0xFF,
    0x44,0x6C,0xFF,0x44,0x6C,0xFF,0x44,0x6C,0xFF,0x24,0x6C,0xFF,0x24,0x64,0xFF,0x24,
    0x64,0xFF,0x24,0x6C,0xFF,0x24,0x6C,0xFF,0x24,0x6C,0xFF,0x24,0x6C,0xFF,0x24,0x6C,
    0xFF,0x24,0x6C,0xFF,0x24,0x6C,0xFF,0x24,0x6C,0xFF,0x24,0x6C,0xFF,0x24,0x6C,0xFF,
    0x44,0x6C,0xFF,0x44,0x6C,0xFF,0x24,0x6C,0xFF,0x24,0x6C,0xFF,0x24,0x6C,0xFF,0x44,
    0x6C,0xFF,0x44,0x6C,0xFF,0x44,0x6C,0xFF,0x44,0x6C,0xFF,0x44,0x6C,0xFF,0x24,0x6C,
    0xFF,0x44,0x6C,0xFF,0x24,0x6C,0xFF,0x24,0x64,0xFF,0x24,0x6C,0xFF,0x24,0x6C,0xFF,
    0x24,0x6C,0xFF,0x24,0x6C,0xFF,0x24,0x6C,0xFF,0x24,0x6C,0xFF,0x6A,0xD5,0xFF,0x6A,
    0xD5,0xFF,0x6A,0xD5,0xFF,0x6A,0xD5,0xFF,0x6A,0xD5,0xFF,0x6A,0xD5,0xFF,0x6A,0xD5,
    0xFF,0x6A,0xD5,0xFF,0x6A,0xD5,0xFF,0x6A,0xD5,0xFF,0x6A,0xD5,0xFF,0x6A,0xD5,0xFF,
    0x6A,0xD5,0xFF,0x6A,0xD5,0xFF,0x6A,0xD5,0xFF,0x6A,0xD5,0xFF,0x6A,0xD5,0xFF,0x6A,
    0xD5,0xFF,0x6A,0xD5,0xFF,0x6A,0xD5,0xFF,0x6A,0xD5,0xFF,0x6A,0xD5,0xFF,0x6A,0xD5,
    0xFF,0x6A,0xD5,0xFF,0x6A,0xD5,0xFF,0x6A,0xD5,0xFF,0x6A,0xD5,0xFF,0x6A,0xD5,0xFF,
    0x6A,0xD5,0xFF,0x6A,0xD5,0xFF,0x6A,0xD5,0xFF,0x6A,0xD5,0xFF,0x6A,0xD5,0xFF,0x6A,
    0xD5,0xFF,0x6A,0xD5,0xFF,0x6A,0xD5,0xFF,0x6A,0xD5,0xFF,0x6A,0xD5,0xFF,0x6A,0xD5,
    0xFF,0x6A,0xD5,0xFF,0x6A,0xD5,0xFF,0x6A,0xD5,0xFF,0x6A,0xD5,0xFF,0x6A,0xD5,0xFF,
    0x6A,0xD5,0xFF,0x6A,0xD5,0xFF,0x6A,0xD5,0xFF,0x6A,0xD5,0xFF,0x6A,0xD5,0xFF,0x6A,
    0xD5,0xFF,0x6A,0xD5,0xFF,0x6A,0xD5,0xFF,0x6A,0xD5,0xFF,0x6A,0xD5,0xFF,0x6A,0xD5,
    0xFF,0x6A,0xD5,0xFF,0x6A,0xD5,0xFF,0x6A,0xD5,0xFF,0x6A,0xD5,0xFF,0x6A,0xD5,0xFF,
    0x6A,0xD5,0xFF,0x6A,0xD5,0xFF,0x6A,0xD5,0xFF,0x6A,0xD5,0xFF,0x6A,0xD5,0xFF,0x6A,
    0xD5,0xFF,0x6A,0xD5,0xFF,0x6A,0xD5,0xFF,0x6A,0xD5,0xFF,0x6A,0xD5,0xFF,0x6A,0xD5,
    0xFF,0x6A,0xD5,0xFF,0x6A,0xD5,0xFF,0x6A,0xD5,0xFF,0x6A,0xD5,0xFF,0x6A,0xD5,0xFF,
    0x6A,0xD5,0xFF,0x6A,0xD5,0xFF,0x6A,0xD5,0xFF,0x6A,0xD5,0xFF,0x6A,0xD5,0xFF,0x6A,
    0xD5,0xFF,0x6A,0xD5,0xFF,0x6A,0xD5,0xFF,0x6A,0xD5,0xFF,0x6A,0xD5,0xFF,0x6A,0xD5,
    0xFF,0x6A,0xD5,0xFF,0x6A,0xD5,0xFF,0x6A,0xD5,0xFF,0x6A,0xD5,0xFF,0x6A,0xD5,0xFF,
    0x6A,0xD5,0xFF,0x6A,0xD5,0xFF,0x6A,0xD5,0xFF,0x6A,0xD5,0xFF,0x6A,0xD5,0xFF,0x6A,
    0xD5,0xFF,0x6A,0xD5,0xFF,0x6A,0xD5,0xFF,0x6A,0xD5,0xFF,0x6A,0xD5,0xFF,0x6A,0xD5,
    0xFF,0x6A,0xD5,0xFF,0x6A,0xD5,0xFF,0x6A,0xD5,0xFF,0x6A,0xD5,0xFF,0x6A,0xD5,0xFF,
    0x6A,0xD5,0xFF,0x6A,0xD5,0xFF,0x6A,0xD5,0xFF,0x6A,0xD5,0xFF,0x6A,0xD5,0xFF,0x6A,
    0xD5,0xFF,0x6A,0xD5,0xFF,0x6A,0xD5,0xFF,0x6A,0xD5,0xFF,0x6A,0xD5,0xFF,0x6A,0xD5,
    0xFF,0x6A,0xD5,0xFF,0x6A,0xD5,0xFF,0x6A,0xD5,0xFF,0x6A,0xD5,0xFF,0x6A,0xD5,0xFF,
    0x6A,0xD5,0xFF,0x6A,0xD5,0xFF,0x6A,0xD5,0xFF,0x6A,0xD5,0xFF,0x6A,0xD5,0xFF,0x6A,
    0xD5,0xFF,0x6A,0xD5,0xFF,0x6A,0xD5,0xFF,0x6A,0xD5,0xFF,0x6A,0xD5,0xFF,0x6A,0xD5,
    0xFF,0x6A,0xD5,0xFF,0x6A,0xD5,0xFF,0x6A,0xD5,0xFF,0x6A,0xD5,0xFF,0x6A,0xD5,0xFF,
    0x6A,0xD5,0xFF,0x6A,0xD5,0xFF,0x6A,0xD5,0xFF,0x6A,0xD5,0xFF,0x6A,0xD5,0xFF,0x6A,
    0xD5,0xFF,0x6A,0xD5,0xFF,0x6A,0xD5,0xFF,0x6A,0xD5,0xFF,0x6A,0xD5,0xFF,0x6A,0xD5,
    0xFF,0x6A,0xD5,0xFF,0x6A,0xD5,0xFF,0x6A,0xD5,0xFF,0x6A,0xD5,0xFF,0x6A,0xD5,0xFF,
    0x6A,0xD5,0xFF,0x6A,0xD5,0xFF,0x6A,0xD5,0xFF,0x6A,0xD5,0xFF,0x6A,0xD5,0xFF,0x6A,
    0xD5,0xFF,0x6A,0xD5,0xFF,0x6A,0xD5,0xFF,0x6A,0xD5,0xFF,0x6A,0xD5,0xFF,0x6A,0xD5,
    0xFF,0x6A,0xD5,0xFF,0x6A,0xD5,0xFF,0x6A,0xD5,0xFF,0x6A,0xD5,0xFF,0x6A,0xD5,0xFF,
    0x6A,0xD5,0xFF,0x6A,0xD5,0xFF,0x6A,0xD5,0xFF,0x6A,0xD5,0xFF,0x6A,0xD5,0xFF,0x6A,
    0xD5,0xFF,0x6A,0xD5,0xFF,0x6A,0xD5,0xFF,0xB2,0xDE,0xFF,0xB2,0xDE,0xFF,0xB2,0xDE,
    0xFF,0xB2,0xDE,0xFF,0xB2,0xDE,0xFF,0xB2,0xDE,0xFF,0xB2,0xDE,0xFF,0xB2,0xDE,0xFF,
    0xB2,0xDE,0xFF,0xB2,0xDE,0xFF,0xB2,0xDE,0xFF,0xB2,0xDE,0xFF,0xB2,0xDE,0xFF,0xB2,
    0xDE,0xFF,0xB2,0xDE,0xFF,0xB2,0xDE,0xFF,0xB2,0xDE,0xFF,0xB2,0xDE,0xFF,0xB2,0xDE,
    0xFF,0xB2,0xDE,0xFF,0xB2,0xDE,0xFF,0xB2,0xDE,0xFF,0xB2,0xDE,0xFF,0xB2,0xDE,0xFF,
    0xB2,0xDE,0xFF,0xB2,0xDE,0xFF,0xB2,0xDE,0xFF,0xB2,0xDE,0xFF,0xB2,0xDE,0xFF,0xB2,
    0xDE,0xFF,0xB2,0xDE,0xFF,0xB2,0xDE,0xFF,0xB2,0xDE,0xFF,0xB2,0xDE,0xFF,0xB2,0xDE,
    0xFF,0xB2,0xDE,0xFF,0xB2,0xDE,0xFF,0xB2,0xDE,0xFF,0xB2,0xDE,0xFF,0xB2,0xDE,0xFF,
    0xB2,0xDE,0xFF,0xB2,0xDE,0xFF,0xB2,0xDE,0xFF,0xB2,0xDE,0xFF,0xB2,0xDE,0xFF,0xB2,
    0xDE,0xFF,0xB2,0xDE,0xFF,0xB2,0xDE,0xFF,0xB2,0xDE,0xFF,0xB2,0xDE,0xFF,0xB2,0xDE,
    0xFF,0xB2,0xDE,0xFF,0xB2,0xDE,0xFF,0xB2,0xDE,0xFF,0xB2,0xDE,0xFF,0xB2,0xDE,0xFF,
    0xB2,0xDE,0xFF,0xB2,0xDE,0xFF,0xB2,0xDE,0xFF,0xB2,0xDE,0xFF,0xB2,0xDE,0xFF,0xB2,
    0xDE,0xFF,0xB2,0xDE,0xFF,0xB2,0xDE,0xFF,0xB2,0xDE,0xFF,0xB2,0xDE,0xFF,0xB2,0xDE,
    0xFF,0xB2,0xDE,0xFF,0xB2,0xDE,0xFF,0xB2,0xDE,0xFF,0xB2,0xDE,0xFF,0xB2,0xDE,0xFF,
    0xB2,0xDE,0xFF,0xB2,0xDE,0xFF,0xB2,0xDE,0xFF,0xB2,0xDE,0xFF,0xB2,0xDE,0xFF,0xB2,
    0xDE,0xFF,0xB2,0xDE,0xFF,0xB2,0xDE,0xFF,0xB2,0xDE,0xFF,0xB2,0xDE,0xFF,0xB2,0xDE,
    0xFF,0xB2,0xDE,0xFF,0xB2,0xDE,0xFF,0xB2,0xDE,0xFF,0xB2,0xDE,0xFF,0xB2,0xDE,0xFF,
    0xB2,0xDE,0xFF,0xB2,0xDE,0xFF,0xB2,0xDE,0xFF,0xB2,0xDE,0xFF,0xB2,0xDE,0xFF,0xB2,
    0xDE,0xFF,0xB2,0xDE,0xFF,0xB2,0xDE,0xFF,0xB2,0xDE,0xFF,0xB2,0xDE,0xFF,0xB2,0xDE,
    0xFF,0xB2,0xDE,0xFF,0xB2,0xDE,0xFF,0xB2,0xDE,0xFF,0xB2,0xDE,0xFF,0xB2,0xDE,0xFF,
    0xB2,0xDE,0xFF,0xB2,0xDE,0xFF,0xB2,0xDE,0xFF,0xB2,0xDE,0xFF,0xB2,0xDE,0xFF,0xB2,
    0xDE,0xFF,0xB2,0xDE,0xFF,0xB2,0xDE,0xFF,0xB2,0xDE,0xFF,0xB2,0xDE,0xFF,0xB2,0xDE,
    0xFF,0xB2,0xDE,0xFF,0xB2,0xDE,0xFF,0xB2,0xDE,0xFF,0xB2,0xDE,0xFF,0xB2,0xDE,0xFF,
    0xB2,0xDE,0xFF,0xB2,0xDE,0xFF,0xB2,0xDE,0xFF,0xB2,0xDE,0xFF,0xB2,0xDE,0xFF,0xB2,
    0xDE,0xFF,0xB2,0xDE,0xFF,0xB2,0xDE,0xFF,0xB2,0xDE,0xFF,0xB2,0xDE,0xFF,0xB2,0xDE,
    0xFF,0xB2,0xDE,0xFF,0xB2,0xDE,0xFF,0xB2,0xDE,0xFF,0xB2,0xDE,0xFF,0xB2,0xDE,0xFF,
    0xB2,0xDE,0xFF,0xB2,0xDE,0xFF,0xB2,0xDE,0xFF,0xB2,0xDE,0xFF,0xB2,0xDE,0xFF,0xB2,
    0xDE,0xFF,0xB2,0xDE,0xFF,0xB2,0xDE,0xFF,0xB2,0xDE,0xFF,0xB2,0xDE,0xFF,0xB2,0xDE,
    0xFF,0xB2,0xDE,0xFF,0xB2,0xDE,0xFF,0xB2,0xDE,0xFF,0xB2,0xDE,0xFF,0xB2,0xDE,0xFF,
    0xB2,0xDE,0xFF,0xB2,0xDE,0xFF,0xB2,0xDE,0xFF,0xB2,0xDE,0xFF,0xB2,0xDE,0xFF,0xB2,
    0xDE,0xFF,0xB2,0xDE,0xFF,0xB2,0xDE,0xFF,0xB2,0xDE,0xFF,0xB2,0xDE,0xFF,0xB2,0xDE,
    0xFF,0xB2,0xDE,0xFF,0xB2,0xDE,0xFF,0xB2,0xDE,0xFF,0xB2,0xDE,0xFF,0xB2,0xDE,0xFF,
    0xB2,0xDE,0xFF,0xB2,0xDE,0xFF,0xB2,0xDE,0xFF,0xB2,0xDE,0xFF,0xB2,0xDE,0xFF,0xB2,
    0xDE,0xFF,0xB2,0xDE,0xFF,0xB2,0xDE,0xFF,0xB2,0xDE,0xFF,0xB2,0xDE,0xFF,0xB2,0xDE,
    0xFF,0xB2,0xDE,0xFF,0xB2,0xD6,0xFF,0xB2,0xD6,0xFF,0xB2,0xD6,0xFF,0xB2,0xD6,0xFF,
    0xB2,0xD6,0xFF,0xB2,0xD6,0xFF,0xB2,0xD6,0xFF,0xB2,0xD6,0xFF,0xB2,0xD6,0xFF,0xB2,
    0xD6,0xFF,0xB2,0xD6,0xFF,0xB2,0xD6,0xFF,0xB2,0xD6,0xFF,0xB2,0xD6,0xFF,0xB2,0xD6,
    0xFF,0xB2,0xD6,0xFF,0xB2,0xD6,0xFF,0xB2,0xD6,0xFF,0xB2,0xD6,0xFF,0xB2,0xD6,0xFF,
    0xB2,0xD6,0xFF,0xB2,0xD6,0xFF,0xB2,0xD6,0xFF,0xB2,0xD6,0xFF,0xB2,0xD6,0xFF,0xB2,
    0xD6,0xFF,0xB2,0xD6,0xFF,0xB2,0xD6,0xFF,0xB2,0xD6,0xFF,0xB2,0xD6,0xFF,0xB2,0xD6,
    0xFF,0xB2,0xD6,0xFF,0xB2,0xD6,0xFF,0xB2,0xD6,0xFF,0xB2,0xD6,0xFF,0xB2,0xD6,0xFF,
    0xB2,0xD6,0xFF,0xB2,0xD6,0xFF,0xB2,0xD6,0xFF,0xB2,0xD6,0xFF,0xB2,0xD6,0xFF,0xB2,
    0xD6,0xFF,0xB2,0xD6,0xFF,0xB2,0xD6,0xFF,0xB2,0xD6,0xFF,0xB2,0xD6,0xFF,0xB2,0xD6,
    0xFF,0xB2,0xD6,0xFF,0xB2,0xD6,0xFF,0xB2,0xD6,0xFF,0xB2,0xD6,0xFF,0xB2,0xD6,0xFF,
    0xB2,0xD6,0xFF,0xB2,0xD6,0xFF,0xB2,0xD6,0xFF,0xB2,0xD6,0xFF,0xB2,0xD6,0xFF,0xB2,
    0xD6,0xFF,0xB2,0xD6,0xFF,0xB2,0xD6,0xFF,0xB2,0xD6,0xFF,0xB2,0xD6,0xFF,0xB2,0xD6,
    0xFF,0xB2,0xD6,0xFF,0xB2,0xD6,0xFF,0xB2,0xD6,0xFF,0xB2,0xD6,0xFF,0xB2,0xD6,0xFF,
    0xB2,0xD6,0xFF,0xB2,0xD6,0xFF,0xB2,0xD6,0xFF,0xB2,0xD6,0xFF,0xB2,0xD6,0xFF,0xB2,
    0xD6,0xFF,0xB2,0xD6,0xFF,0xB2,0xD6,0xFF,0xB2,0xD6,0xFF,0xB2,0xD6,0xFF,0xB2,0xD6,
    0xFF,0xB2,0xD6,0xFF,0xB2,0xD6,0xFF,0xB2,0xD6,0xFF,0xB2,0xD6,0xFF,0xB2,0xD6,0xFF,
    0xB2,0xD6,0xFF,0xB2,0xD6,0xFF,0xB2,0xD6,0xFF,0xB2,0xD6,0xFF,0xB2,0xD6,0xFF,0xB2,
    0xD6,0xFF,0xB2,0xD6,0xFF,0xB2,0xD6,0xFF,0xB2,0xD6,0xFF,0xB2,0xD6,0xFF,0xB2,0xD6,
    0xFF,0xB2,0xD6,0xFF,0xB2,0xD6,0xFF,0xB2,0xD6,0xFF,0xB2,0xD6,0xFF,0xB2,0xD6,0xFF,
    0xB2,0xD6,0xFF,0xB2,0xD6,0xFF,0xB2,0xD6,0xFF,0xB2,0xD6,0xFF,0xB2,0xD6,0xFF,0xB2,
    0xD6,0xFF,0xB2,0xD6,0xFF,0xB2,0xD6,0xFF,0xB2,0xD6,0xFF,0xB2,0xD6,0xFF,0xB2,0xD6,
    0xFF,0xB2,0xD6,0xFF,0xB2,0xD6,0xFF,0xB2,0xD6,0xFF,0xB2,0xD6,0xFF,0xB2,0xD6,0xFF,
    0xB2,0xD6,0xFF,0xB2,0xD6,0xFF,0xB2,0xD6,0xFF,0xB2,0xD6,0xFF,0xB2,0xD6,0xFF,0xB2,
    0xD6,0xFF,0xB2,0xD6,0xFF,0xB2,0xD6,0xFF,0xB2,0xD6,0xFF,0xB2,0xD6,0xFF,0xB2,0xD6,
    0xFF,0xB2,0xD6,0xFF,0xB2,0xD6,0xFF,0xB2,0xD6,0xFF,0xB2,0xD6,0xFF,0xB2,0xD6,0xFF,
    0xB2,0xD6,0xFF,0xB2,0xD6,0xFF,0xB2,0xD6,0xFF,0xB2,0xD6,0xFF,0xB2,0xD6,0xFF,0xB2,
    0xD6,0xFF,0xB2,0xD6,0xFF,0xB2,0xD6,0xFF,0xB2,0xD6,0xFF,0xB2,0xD6,0xFF,0xB2,0xD6,
    0xFF,0xB2,0xD6,0xFF,0xB2,0xD6,0xFF,0xB2,0xD6,0xFF,0xB2,0xD6,0xFF,0xB2,0xD6,0xFF,
    0xB2,0xD6,0xFF,0xB2,0xD6,0xFF,0xB2,0xD6,0xFF,0xB2,0xD6,0xFF,0xB2,0xD6,0xFF,0xB2,
    0xD6,0xFF,0xB2,0xD6,0xFF,0xB2,0xD6,0xFF,0xB2,0xD6,0xFF,0xB2,0xD6,0xFF,0xB2,0xD6,
    0xFF,0xB2,0xD6,0xFF,0xB2,0xD6,0xFF,0xB2,0xD6,0xFF,0xB2,0xD6,0xFF,0xB2,0xD6,0xFF,
    0xB2,0xD6,0xFF,0xB2,0xD6,0xFF,0xB2,0xD6,0xFF,0xB2,0xD6,0xFF,0xB2,0xD6,0xFF,0xB2,
    0xD6,0xFF,0xB2,0xD6,0xFF,0xB2,0xD6,0xFF,0xB2,0xD6,0xFF,0xB2,0xD6,0xFF,0xB2,0xD6,
    0xFF,0xB2,0xD6,0xFF,0xB2,0xD6,0xFF,0xB2,0xD6,0xFF,0xB2,0xD6,0xFF,0xB2,0xD6,0xFF,
    0xB2,0xD6,0xFF,0xB2,0xD6,0xFF,0xB2,0xD6,0xFF,0xB2,0xD6,0xFF,0xB2,0xD6,0xFF,0xB2,
    0xD6,0xFF,0xB2,0xD6,0xFF,0xB2,0xD6,0xFF,0xB2,0xD6,0xFF,0xB2,0xD6,0xFF,0xB2,0xD6,
    0xFF,0xB2,0xD6,0xFF,0xB2,0xD6,0xFF,0xB2,0xD6,0xFF,0xB2,0xD6,0xFF,0xB2,0xD6,0xFF,
    0xB2,0xD6,0xFF,0xB2,0xD6,0xFF,0xB2,0xD6,0xFF,0xB2,0xD6,0xFF,0xB2,0xD6,0xFF,0xB2,
    0xD6,0xFF,0xB2,0xD6,0xFF,0xB2,0xD6,0xFF,0xB2,0xD6,0xFF,0xB2,0xD6,0xFF,0xB2,0xD6,
    0xFF,0xB2,0xD6,0xFF,0xB2,0xD6,0xFF,0xB2,0xD6,0xFF,0xB2,0xD6,0xFF,0xB2,0xD6,0xFF,
    0xB2,0xD6,0xFF,0xB2,0xD6,0xFF,0xB2,0xD6,0xFF,0xB2,0xD6,0xFF,0xB2,0xD6,0xFF,0xB2,
    0xD6,0xFF,0xB2,0xD6,0xFF,0xB2,0xD6,0xFF,0xB2,0xD6,0xFF,0xB2,0xD6,0xFF,0xB2,0xD6,
    0xFF,0xB2,0xD6,0xFF,0xB2,0xD6,0xFF,0xB2,0xD6,0xFF,0xB2,0xD6,0xFF,0xB2,0xD6,0xFF,
    0xB2,0xD6,0xFF,0xB2,0xD6,0xFF,0xB2,0xD6,0xFF,0xB2,0xD6,0xFF,0xB2,0xD6,0xFF,0xB2,
    0xD6,0xFF,0xB2,0xD6,0xFF,0xB2,0xD6,0xFF,0xB2,0xD6,0xFF,0xB2,0xD6,0xFF,0xB2,0xD6,
    0xFF,0xB2,0xD6,0xFF,0xB2,0xD6,0xFF,0xB2,0xD6,0xFF,0xB2,0xD6,0xFF,0xB2,0xD6,0xFF,
    0xB2,0xD6,0xFF,0xB2,0xD6,0xFF,0xB2,0xD6,0xFF,0xB2,0xD6,0xFF,0xB2,0xD6,0xFF,0xB2,
    0xD6,0xFF,0xB2,0xD6,0xFF,0xB2,0xD6,0xFF,0xB2,0xD6,0xFF,0xB2,0xD6,0xFF,0xB2,0xD6,
    0xFF,0xB2,0xD6,0xFF,0xB2,0xD6,0xFF,0xB2,0xD6,0xFF,0xB2,0xD6,0xFF,0xB2,0xD6,0xFF,
    0xB2,0xD6,0xFF,0xB2,0xD6,0xFF,0xB2,0xD6,0xFF,0xB2,0xD6,0xFF,0xB2,0xD6,0xFF,0xB2,
    0xD6,0xFF,0xB2,0xD6,0xFF,0xB2,0xD6,0xFF,0xB2,0xD6,0xFF,0xB2,0xD6,0xFF,0xB2,0xD6,
    0xFF,0xB2,0xD6,0xFF,0xB2,0xD6,0xFF,0xB2,0xD6,0xFF,0xB2,0xD6,0xFF,0xB2,0xD6,0xFF,
    0xB2,0xD6,0xFF,0xB2,0xD6,0xFF,0xB2,0xD6,0xFF,0xB2,0xD6,0xFF,0xB2,0xD6,0xFF,0xB2,
    0xD6,0xFF,0xB2,0xD6,0xFF,0xB2,0xD6,0xFF,0xB2,0xD6,0xFF,0xB2,0xD6,0xFF,0xB2,0xD6,
    0xFF,0xB2,0xD6,0xFF,0xB2,0xD6,0xFF,0xB2,0xD6,0xFF,0xB2,0xD6,0xFF,0xB2,0xD6,0xFF,
    0xB2,0xD6,0xFF,0xB2,0xD6,0xFF,0xB2,0xD6,0xFF,0xB2,0xD6,0xFF,0xB2,0xD6,0xFF,0xB2,
    0xD6,0xFF,0xB2,0xD6,0xFF,0xB2,0xD6,0xFF,0xB2,0xD6,0xFF,0xB2,0xD6,0xFF,0xB2,0xD6,
    0xFF,0xB2,0xD6,0xFF,0xB2,0xD6,0xFF,0xB2,0xD6,0xFF,0xB2,0xD6,0xFF,0xB2,0xD6,0xFF,
    0xB2,0xD6,0xFF,0xB2,0xD6,0xFF,0xB2,0xD6,0xFF,0xB2,0xD6,0xFF,0xB2,0xD6,0xFF,0xB2,
    0xD6,0xFF,0xB2,0xD6,0xFF,0xB2,0xD6,0xFF,0xB2,0xD6,0xFF,0xB2,0xD6,0xFF,0xB2,0xD6,
    0xFF,0xB2,0xD6,0xFF,0xB2,0xD6,0xFF,0xB2,0xD6,0xFF,0xB2,0xD6,0xFF,0xB2,0xD6,0xFF,
    0xB2,0xD6,0xFF,0xB2,0xD6,0xFF,0xB2,0xD6,0xFF,0xB2,0xD6,0xFF,0xB2,0xD6,0xFF,0xB2,
    0xD6,0xFF,0xB2,0xD6,0xFF,0xB2,0xD6,0xFF,0xB2,0xD6,0xFF,0xB2,0xD6,0xFF,0xB2,0xD6,
    0xFF,0xB2,0xD6,0xFF,0xB2,0xD6,0xFF,0xB2,0xD6,0xFF,0xB2,0xD6,0xFF,0xB2,0xD6,0xFF,
    0xB2,0xD6,0xFF,0xB2,0xD6,0xFF,0xB2,0xD6,0xFF,0xB2,0xD6,0xFF,0xB2,0xD6,0xFF,0xB2,
    0xD6,0xFF,0xB2,0xD6,0xFF,0xB2,0xD6,0xFF,0xB2,0xD6,0xFF,0xB2,0xD6,0xFF,0xB2,0xD6,
    0xFF,0xB2,0xD6,0xFF,0xB2,0xD6,0xFF,0xB2,0xD6,0xFF,0xB2,0xD6,0xFF,0xB2,0xD6,0xFF,
    0xB2,0xD6,0xFF,0xB2,0xD6,0xFF,0xB2,0xD6,0xFF,0xB2,0xD6,0xFF,0xB2,0xD6,0xFF,0xB2,
    0xD6,0xFF,0xB2,0xD6,0xFF,0xB2,0xD6,0xFF,0xB2,0xD6,0xFF,0xB2,0xD6,0xFF,0xB2,0xD6,
    0xFF,0xB2,0xD6,0xFF,0xB2,0xD6,0xFF,0xB2,0xD6,0xFF,0xB2,0xD6,0xFF,0xB2,0xD6,0xFF,
    0xB2,0xD6,0xFF,0xB2,0xD6,0xFF,0xB2,0xD6,0xFF,0xB2,0xD6,0xFF,0xB2,0xD6,0xFF,0xB2,
    0xD6,0xFF,0xB2,0xD6,0xFF,0xB2,0xD6,0xFF,0xB2,0xD6,0xFF,0xB2,0xD6,0xFF,0xB2,0xD6,
    0xFF,0xB2,0xD6,0xFF,0xB2,0xD6,0xFF,0xB2,0xD6,0xFF,0xB2,0xD6,0xFF,0xB2,0xD6,0xFF,
    0xB2,0xD6,0xFF,0xB2,0xD6,0xFF,0xB2,0xD6,0xFF,0xB2,0xD6,0xFF,0xB2,0xD6,0xFF,0xB2,
    0xD6,0xFF,0xB2,0xD6,0xFF,0xB2,0xD6,0xFF,0xB2,0xD6,0xFF,0xB2,0xD6,0xFF,0xB2,0xD6,
    0xFF,0xB2,0xD6,0xFF,0xB2,0xD6,0xFF,0xB2,0xD6,0xFF,0xB2,0xD6,0xFF,0xB2,0xD6,0xFF,
    0xB2,0xD6,0xFF,0xB2,0xD6,0xFF,0xB2,0xD6,0xFF,0xB2,0xD6,0xFF,0xB2,0xD6,0xFF,0xB2,
    0xD6,0xFF,0xB2,0xD6,0xFF,0xB2,0xD6,0xFF,0xB2,0xD6,0xFF,0xB2,0xD6,0xFF,0xB2,0xD6,
    0xFF,0xB2,0xD6,0xFF,0xB2,0xD6,0xFF,0xB2,0xD6,0xFF,0xB2,0xD6,0xFF,0xB2,0xD6,0xFF,
    0xB2,0xD6,0xFF,0xB2,0xD6,0xFF,0xB2,0xD6,0xFF,0xB2,0xD6,0xFF,0xB2,0xD6,0xFF,0xB2,
    0xD6,0xFF,0xB2,0xD6,0xFF,0xB2,0xD6,0xFF,0xB2,0xD6,0xFF,0xB2,0xD6,0xFF,0xB2,0xD6,
    0xFF,0xB2,0xD6,0xFF,0xB2,0xD6,0xFF,0xB2,0xD6,0xFF,0xB2,0xD6,0xFF,0xB2,0xD6,0xFF,
    0xB2,0xD6,0xFF,0xB2,0xD6,0xFF,0xB2,0xD6,0xFF,0xB2,0xD6,0xFF,0xB2,0xD6,0xFF,0xB2,
    0xD6,0xFF,0xB2,0xD6,0xFF,0xB2,0xD6,0xFF,0xB2,0xD6,0xFF,0xB2,0xD6,0xFF,0xB2,0xD6,
    0xFF,0xB2,0xD6,0xFF,0xB2,0xD6,0xFF,0xB2,0xD6,0xFF,0xB2,0xD6,0xFF,0xB2,0xD6,0xFF,
    0xB2,0xD6,0xFF,0xB2,0xD6,0xFF,0xB2,0xD6,0xFF,0xB2,0xD6,0xFF,0xB2,0xD6,0xFF,0xB2,
    0xD6,0xFF,0xB2,0xD6,0xFF,0xB2,0xD6,0xFF,0xB2,0xD6,0xFF,0xB2,0xD6,0xFF,0xB2,0xD6,
    0xFF,0xB2,0xD6,0xFF,0xB2,0xD6,0xFF,0xB2,0xD6,0xFF,0xB2,0xD6,0xFF,0xB2,0xD6,0xFF,
    0xB2,0xD6,0xFF,0xB2,0xD6,0xFF,0xB2,0xD6,0xFF,0xB2,0xD6,0xFF,0xB2,0xD6,0xFF,0xB2,
    0xD6,0xFF,0xB2,0xD6,0xFF,0xB2,0xD6,0xFF,0xB2,0xD6,0xFF,0xB2,0xD6,0xFF,0xB2,0xD6,
    0xFF,0xB2,0xD6,0xFF,0xB2,0xD6,0xFF,0xB2,0xD6,0xFF,0xB2,0xD6,0xFF,0xB2,0xD6,0xFF,
    0xB2,0xD6,0xFF,0xB2,0xD6,0xFF,0xB2,0xD6,0xFF,0xB2,0xD6,0xFF,0xB2,0xD6,0xFF,0xB2,
    0xD6,0xFF,0xB2,0xD6,0xFF,0xB2,0xD6,0xFF,0xB2,0xD6,0xFF,0xB2,0xD6,0xFF,0xB2,0xD6,
    0xFF,0xB2,0xD6,0xFF,0xB2,0xD6,0xFF,0xB2,0xD6,0xFF,0xB2,0xD6,0xFF,0xB2,0xD6,0xFF,
    0xB2,0xD6,0xFF,0xB2,0xD6,0xFF,0xB2,0xD6,0xFF,0xB2,0xD6,0xFF,0xB2,0xD6,0xFF,0xB2,
    0xD6,0xFF,0xB2,0xD6,0xFF,0xB2,0xD6,0xFF,0xB2,0xD6,0xFF,0xB2,0xD6,0xFF,0xB2,0xD6,
    0xFF,0xB2,0xD6,0xFF,0xB2,0xD6,0xFF,0xB2,0xD6,0xFF,0xB2,0xD6,0xFF,0xB2,0xD6,0xFF,
    0xB2,0xD6,0xFF,0xB2,0xD6,0xFF,0xB2,0xD6,0xFF,0xB2,0xD6,0xFF,0xB2,0xD6,0xFF,0xB2,
    0xD6,0xFF,0xB2,0xD6,0xFF,0xB2,0xD6,0xFF,0xB2,0xD6,0xFF,0xB2,0xD6,0xFF,0xB2,0xD6,
    0xFF,0xB2,0xD6,0xFF,0xB2,0xD6,0xFF,0xB2,0xD6,0xFF,0xB2,0xD6,0xFF,0xB2,0xD6,0xFF,
    0xB2,0xD6,0xFF,0xB2,0xD6,0xFF,0xB2,0xD6,0xFF,0xB2,0xD6,0xFF,0xB2,0xD6,0xFF,0xB2,
    0xD6,0xFF,0xB2,0xD6,0xFF,0xB2,0xD6,0xFF,0xB2,0xD6,0xFF,0xB2,0xD6,0xFF,0xB2,0xD6,
    0xFF,0xB2,0xD6,0xFF,0xB2,0xD6,0xFF,0xB2,0xD6,0xFF,0xB2,0xD6,0xFF,0xB2,0xD6,0xFF,
    0xB2,0xD6,0xFF,0xB2,0xD6,0xFF,0xB2,0xD6,0xFF,0xB2,0xD6,0xFF,0xB2,0xD6,0xFF,0xB2,
    0xD6,0xFF,0xB2,0xD6,0xFF,0xB2,0xD6,0xFF,0xB2,0xD6,0xFF,0xB2,0xD6,0xFF,0xB2,0xD6,
    0xFF,0xB2,0xD6,0xFF,0xB2,0xD6,0xFF,0xB2,0xD6,0xFF,0xB2,0xD6,0xFF,0xB2,0xD6,0xFF,
    0xB2,0xD6,0xFF,0xB2,0xD6,0xFF,0xB2,0xD6,0xFF,0xB2,0xD6,0xFF,0xB2,0xD6,0xFF,0xB2,
    0xD6,0xFF,0xB2,0xD6,0xFF,0xB2,0xD6,0xFF,0xB2,0xD6,0xFF,0xB2,0xD6,0xFF,0xB2,0xD6,
    0xFF,0xB2,0xD6,0xFF,0xB2,0xD6,0xFF,0xB2,0xD6,0xFF,0xB2,0xD6,0xFF,0xB2,0xD6,0xFF,
    0xB2,0xD6,0xFF,0xB2,0xD6,0xFF,0xB2,0xD6,0xFF,0xB2,0xD6,0xFF,0xB2,0xD6,0xFF,0xB2,
    0xD6,0xFF,0xB2,0xD6,0xFF,0xB2,0xD6,0xFF,0xB2,0xD6,0xFF,0xB2,0xD6,0xFF,0xB2,0xD6,
    0xFF,0xB2,0xD6,0xFF,0xB2,0xD6,0xFF,0xB2,0xD6,0xFF,0xB2,0xD6,0xFF,0xB2,0xD6,0xFF,
    0xB2,0xD6,0xFF,0xB2,0xD6,0xFF,0xB2,0xD6,0xFF,0xB2,0xD6,0xFF,0xB2,0xD6,0xFF,0xB2,
    0xD6,0xFF,0xB2,0xD6,0xFF,0xB2,0xD6,0xFF,0xB2,0xD6,0xFF,0xB2,0xD6,0xFF,0xB2,0xD6,
    0xFF,0xB2,0xD6,0xFF,0xB2,0xD6,0xFF,0xB2,0xD6,0xFF,0xB2,0xD6,0xFF,0xB2,0xD6,0xFF,
    0xB2,0xD6,0xFF,0xB2,0xD6,0xFF,0xB2,0xD6,0xFF,0xB2,0xD6,0xFF,0xB2,0xD6,0xFF,0xB2,
    0xD6,0xFF,0xB2,0xD6,0xFF,0xB2,0xD6,0xFF,0xB2,0xD6,0xFF,0xB2,0xD6,0xFF,0xB2,0xD6,
    0xFF,0xB2,0xD6,0xFF,0xB2,0xD6,0xFF,0xB2,0xD6,0xFF,0xB2,0xD6,0xFF,0xB2,0xD6,0xFF,
    0xB2,0xD6,0xFF,0xB2,0xD6,0xFF,0xB2,0xD6,0xFF,0xB2,0xD6,0xFF,0xB2,0xD6,0xFF,0xB2,
    0xD6,0xFF,0xB2,0xD6,0xFF,0xB2,0xD6,0xFF,0xB2,0xD6,0xFF,0xB2,0xD6,0xFF,0xB2,0xD6,
    0xFF,0xB2,0xD6,0xFF,0xB2,0xD6,0xFF,0xB2,0xD6,0xFF,0xB2,0xD6,0xFF,0xB2,0xD6,0xFF,
    0xB2,0xD6,0xFF,0xB2,0xD6,0xFF,0xB2,0xD6,0xFF,0xB2,0xD6,0xFF,0xB2,0xD6,0xFF,0xB2,
    0xD6,0xFF,0xB2,0xD6,0xFF,0xB2,0xD6,0xFF,0xB2,0xD6,0xFF,0xB2,0xD6,0xFF,0xB2,0xD6,
    0xFF,0xB2,0xD6,0xFF,0xB2,0xD6,0xFF,0xB2,0xD6,0xFF,0xB2,0xD6,0xFF,0xB2,0xD6,0xFF,
    0xB2,0xD6,0xFF,0xB2,0xD6,0xFF,0xB2,0xD6,0xFF,0xB2,0xD6,0xFF,0xB2,0xD6,0xFF,0xB2,
    0xD6,0xFF,0xB2,0xD6,0xFF,0xB2,0xD6,0xFF,0xB2,0xD6,0xFF,0xB2,0xD6,0xFF,0xB2,0xD6,
    0xFF,0xB2,0xD6,0xFF,0xB2,0xD6,0xFF,0xB2,0xD6,0xFF,0xB2,0xD6,0xFF,0xB2,0xD6,0xFF,
    0xB2,0xD6,0xFF,0xB2,0xD6,0xFF,0xB2,0xD6,0xFF,0xB2,0xD6,0xFF,0xB2,0xD6,0xFF,0xB2,
    0xD6,0xFF,0xB2,0xD6,0xFF,0xB2,0xD6,0xFF,0xB2,0xD6,0xFF,0xB2,0xD6,0xFF,0xB2,0xD6,
    0xFF,0xB2,0xD6,0xFF,0xB2,0xD6,0xFF,0xB2,0xD6,0xFF,0xB2,0xD6,0xFF,0xB2,0xD6,0xFF,
    0xB2,0xD6,0xFF,0xB2,0xD6,0xFF,0xB2,0xD6,0xFF,0xB2,0xD6,0xFF,0xB2,0xD6,0xFF,0xB2,
    0xD6,0xFF,0xB2,0xD6,0xFF,0xB2,0xD6,0xFF,0xB2,0xD6,0xFF,0xB2,0xD6,0xFF,0xB2,0xD6,
    0xFF,0xB2,0xD6,0xFF,0xB2,0xD6,0xFF,0xB2,0xD6,0xFF,0xB2,0xD6,0xFF,0xB2,0xD6,0xFF,
    0xB2,0xD6,0xFF,0xB2,0xD6,0xFF,0xB2,0xD6,0xFF,0xB2,0xD6,0xFF,0xB2,0xD6,0xFF,0xB2,
    0xD6,0xFF,0xB2,0xD6,0xFF,0xB2,0xD6,0xFF,0xB2,0xD6,0xFF,0xB2,0xD6,0xFF,0xB2,0xD6,
    0xFF,0xB2,0xD6,0xFF,0xB2,0xD6,0xFF,0xB2,0xD6,0xFF,0xB2,0xD6,0xFF,0xB2,0xD6,0xFF,
    0xB2,0xD6,0xFF,0xB2,0xD6,0xFF,0xB2,0xD6,0xFF,0xB2,0xD6,0xFF,0xB2,0xD6,0xFF,0xB2,
    0xD6,0xFF,0xB2,0xD6,0xFF,0xB2,0xD6,0xFF,0xB2,0xD6,0xFF,0xB2,0xD6,0xFF,0xB2,0xD6,
    0xFF,0xB2,0xD6,0xFF,0xB2,0xD6,0xFF,0xB2,0xD6,0xFF,0xB2,0xD6,0xFF,0xB2,0xD6,0xFF,
    0xB2,0xD6,0xFF,0xB2,0xD6,0xFF,0xB2,0xD6,0xFF,0xB2,0xD6,0xFF,0xB2,0xD6,0xFF,0xB2,
    0xD6,0xFF,0xB2,0xD6,0xFF,0xB2,0xD6,0xFF,0xB2,0xD6,0xFF,0xB2,0xD6,0xFF,0xB2,0xD6,
    0xFF,0xB2,0xD6,0xFF,0xB2,0xD6,0xFF,0xB2,0xD6,0xFF,0xB2,0xD6,0xFF,0xB2,0xD6,0xFF,
    0xB2,0xD6,0xFF,0xB2,0xD6,0xFF,0xB2,0xD6,0xFF,0xB2,0xD6,0xFF,0xB2,0xD6,0xFF,0xB2,
    0xD6,0xFF,0xB2,0xD6,0xFF,0xB2,0xD6,0xFF,0xB2,0xD6,0xFF,0xB2,0xD6,0xFF,0xB2,0xD6,
    0xFF,0xB2,0xD6,0xFF,0xB2,0xD6,0xFF,0xB2,0xD6,0xFF,0xB2,0xD6,0xFF,0xB2,0xD6,0xFF,
    0xB2,0xD6,0xFF,0xB2,0xD6,0xFF,0xB2,0xD6,0xFF,0xB2,0xD6,0xFF,0xB2,0xD6,0xFF,0xB2,
    0xD6,0xFF,0xB2,0xD6,0xFF,0xB2,0xD6,0xFF,0xB2,0xD6,0xFF,0xB2,0xD6,0xFF,0xB2,0xD6,
    0xFF,0xB2,0xD6,0xFF,0xB2,0xD6,0xFF,0xB2,0xD6,0xFF,0xB2,0xD6,0xFF,0xB2,0xD6,0xFF,
    0xB2,0xD6,0xFF,0xB2,0xD6,0xFF,0xB2,0xD6,0xFF,0xB2,0xD6,0xFF,0xB2,0xD6,0xFF,0xB2,
    0xD6,0xFF,0xB2,0xD6,0xFF,0xB2,0xD6,0xFF,0xB2,0xD6,0xFF,0xB2,0xD6,0xFF,0xB2,0xD6,
    0xFF,0xB2,0xD6,0xFF,0xB2,0xD6,0xFF,0xB2,0xD6,0xFF,0xB2,0xD6,0xFF,0xB2,0xD6,0xFF,
    0xB2,0xD6,0xFF,0xB2,0xD6,0xFF,0xB2,0xD6,0xFF,0xB2,0xD6,0xFF,0xB2,0xD6,0xFF,0xB2,
    0xD6,0xFF,0xB2,0xD6,0xFF,0xB2,0xD6,0xFF,0xB2,0xD6,0xFF,0xB2,0xD6,0xFF,0xB2,0xD6,
    0xFF,0xB2,0xD6,0xFF,0xB2,0xD6,0xFF,0xB2,0xD6,0xFF,0xB2,0xD6,0xFF,0xB2,0xD6,0xFF,
    0xB2,0xD6,0xFF,0xB2,0xD6,0xFF,0xB2,0xD6,0xFF,0xB2,0xD6,0xFF,0xB2,0xD6,0xFF,0xB2,
    0xD6,0xFF,0xB2,0xD6,0xFF,0xB2,0xD6,0xFF,0xB2,0xD6,0xFF,0xB2,0xD6,0xFF,0xB2,0xD6,
    0xFF,0xB2,0xD6,0xFF,0xB2,0xD6,0xFF,0xB2,0xD6,0xFF,0xB2,0xD6,0xFF,0xB2,0xD6,0xFF,
    0xB2,0xD6,0xFF,0xB2,0xD6,0xFF,0xB2,0xD6,0xFF,0xB2,0xD6,0xFF,0xB2,0xD6,0xFF,0xB2,
    0xD6,0xFF,0xB2,0xD6,0xFF,0xB2,0xD6,0xFF,0xB2,0xD6,0xFF,0xB2,0xD6,0xFF,0xB2,0xD6,
    0xFF,0xB2,0xD6,0xFF,0xB2,0xD6,0xFF,0xB2,0xD6,0xFF,0xB2,0xD6,0xFF,0xB2,0xD6,0xFF,
    0xB2,0xD6,0xFF,0xB2,0xD6,0xFF,0xB2,0xD6,0xFF,0xB2,0xD6,0xFF,0xB2,0xD6,0xFF,0xB2,
    0xD6,0xFF,0xB2,0xD6,0xFF,0xB2,0xD6,0xFF,0xB2,0xD6,0xFF,0xB2,0xD6,0xFF,0xB2,0xD6,
    0xFF,0xB2,0xD6,0xFF,0xB2,0xD6,0xFF,0xB2,0xD6,0xFF,0xB2,0xD6,0xFF,0xB2,0xD6,0xFF,
    0xB2,0xD6,0xFF,0xB2,0xD6,0xFF,0xB2,0xD6,0xFF,0xB2,0xD6,0xFF,0xB2,0xD6,0xFF,0xB2,
    0xD6,0xFF,0xB2,0xD6,0xFF,0xB2,0xD6,0xFF,0xB2,0xD6,0xFF,0xB2,0xD6,0xFF,0xB2,0xD6,
    0xFF,0xB2,0xD6,0xFF,0xB2,0xD6,0xFF,0xB2,0xD6,0xFF,0xB2,0xD6,0xFF,0xB2,0xD6,0xFF,
    0xB2,0xD6,0xFF,0xB2,0xD6,0xFF,0xB2,0xD6,0xFF,0xB2,0xD6,0xFF,0xB2,0xD6,0xFF,0xB2,
    0xD6,0xFF,0xB2,0xD6,0xFF,0xB2,0xD6,0xFF,0xB2,0xD6,0xFF,0xB2,0xD6,0xFF,0xB2,0xD6,
    0xFF,0xB2,0xD6,0xFF,0xB2,0xD6,0xFF,0xB2,0xD6,0xFF,0xB2,0xD6,0xFF,0xB2,0xD6,0xFF,
    0xB2,0xD6,0xFF,0xB2,0xD6,0xFF,0xB2,0xD6,0xFF,0xB2,0xD6,0xFF,0xB2,0xD6,0xFF,0xB2,
    0xD6,0xFF,0xB2,0xD6,0xFF,0xB2,0xD6,0xFF,0xB2,0xD6,0xFF,0xB2,0xD6,0xFF,0xB2,0xD6,
    0xFF,0xB2,0xD6,0xFF,0xB2,0xD6,0xFF,0xB2,0xD6,0xFF,0xB2,0xD6,0xFF,0xB2,0xD6,0xFF,
    0xB2,0xD6,0xFF,0xB2,0xD6,0xFF,0xB2,0xD6,0xFF,0xB2,0xD6,0xFF,0xB2,0xD6,0xFF,0xB2,
    0xD6,0xFF,0xB2,0xD6,0xFF,0xB2,0xD6,0xFF,0xB2,0xD6,0xFF,0xB2,0xD6,0xFF,0xB2,0xD6,
    0xFF,0xB2,0xD6,0xFF,0xB2,0xD6,0xFF,0xB2,0xD6,0xFF,0xB2,0xD6,0xFF,0xB2,0xD6,0xFF,
    0xB2,0xD6,0xFF,0xB2,0xD6,0xFF,0xB2,0xD6,0xFF,0xB2,0xD6,0xFF,0xB2,0xD6,0xFF,0xB2,
    0xD6,0xFF,0xB2,0xD6,0xFF,0xB2,0xD6,0xFF,0xB2,0xD6,0xFF,0xB2,0xD6,0xFF,0xB2,0xD6,
    0xFF,0xB2,0xD6,0xFF,0xB2,0xD6,0xFF,0xB2,0xD6,0xFF,0xB2,0xD6,0xFF,0xB2,0xD6,0xFF,
    0xB2,0xD6,0xFF,0xB2,0xD6,0xFF,0xB2,0xD6,0xFF,0xB2,0xD6,0xFF,0xB2,0xD6,0xFF,0xB2,
    0xD6,0xFF,0xB2,0xD6,0xFF,0xB2,0xD6,0xFF,0xB2,0xD6,0xFF,0xB2,0xD6,0xFF,0xB2,0xD6,
    0xFF,0xB2,0xD6,0xFF,0xB2,0xD6,0xFF,0xB2,0xD6,0xFF,0xB2,0xD6,0xFF,0xB2,0xD6,0xFF,
    0xB2,0xD6,0xFF,0xB2,0xD6,0xFF,0xB2,0xD6,0xFF,0xB2,0xD6,0xFF,0xB2,0xD6,0xFF,0xB2,
    0xD6,0xFF,0xB2,0xD6,0xFF,0xB2,0xD6,0xFF,0xB2,0xD6,0xFF,0xB2,0xD6,0xFF,0xB2,0xD6,
    0xFF,0xB2,0xD6,0xFF,0xB2,0xD6,0xFF,0xB2,0xD6,0xFF,0xB2,0xD6,0xFF,0xB2,0xD6,0xFF,
    0xB2,0xD6,0xFF,0xB2,0xD6,0xFF,0xB2,0xD6,0xFF,0xB2,0xD6,0xFF,0xB2,0xD6,0xFF,0xB2,
    0xD6,0xFF,0xB2,0xD6,0xFF,0xB2,0xD6,0xFF,0xB2,0xD6,0xFF,0xB2,0xD6,0xFF,0xB2,0xD6,
    0xFF,0xB2,0xD6,0xFF,0xB2,0xD6,0xFF,0xB2,0xD6,0xFF,0xB2,0xD6,0xFF,0xB2,0xD6,0xFF,
    0xB2,0xD6,0xFF,0xB2,0xD6,0xFF,0xB2,0xD6,0xFF,0xB2,0xD6,0xFF,0xB2,0xD6,0xFF,0xB2,
    0xD6,0xFF,0xB2,0xD6,0xFF,0xB2,0xD6,0xFF,0xB2,0xD6,0xFF,0xB2,0xD6,0xFF,0xB2,0xD6,
    0xFF,0xB2,0xD6,0xFF,0xB2,0xD6,0xFF,0xB2,0xD6,0xFF,0xB2,0xD6,0xFF,0xB2,0xD6,0xFF,
    0xB2,0xD6,0xFF,0xB2,0xD6,0xFF,0xB2,0xD6,0xFF,0xB2,0xD6,0xFF,0xB2,0xD6,0xFF,0xB2,
    0xD6,0xFF,0xB2,0xD6,0xFF,0xB2,0xD6,0xFF,0xB2,0xD6,0xFF,0xB2,0xD6,0xFF,0xB2,0xD6,
    0xFF,0xB2,0xD6,0xFF,0xB2,0xD6,0xFF,0xB2,0xD6,0xFF,0xB2,0xD6,0xFF,0xB2,0xD6,0xFF,
    0xB2,0xD6,0xFF,0xB2,0xD6,0xFF,0xB2,0xD6,0xFF,0xB2,0xD6,0xFF,0xB2,0xD6,0xFF,0xB2,
    0xD6,0xFF,0xB2,0xD6,0xFF,0xB2,0xD6,0xFF,0xB2,0xD6,0xFF,0xB2,0xD6,0xFF,0xB2,0xD6,
    0xFF,0xB2,0xD6,0xFF,0xB2,0xD6,0xFF,0xB2,0xD6,0xFF,0xB2,0xD6,0xFF,0xB2,0xD6,0xFF,
    0xB2,0xD6,0xFF,0xB2,0xD6,0xFF,0xB2,0xD6,0xFF,0xB2,0xD6,0xFF,0xB2,0xD6,0xFF,0xB2,
    0xD6,0xFF,0xB2,0xD6,0xFF,0xB2,0xD6,0xFF,0xB2,0xD6,0xFF,0xB2,0xD6,0xFF,0xB2,0xD6,
    0xFF,0xB2,0xD6,0xFF,0xB2,0xD6,0xFF,0xB2,0xD6,0xFF,0xB2,0xD6,0xFF,0xB2,0xD6,0xFF,
    0xB2,0xD6,0xFF,0xB2,0xD6,0xFF,0xB2,0xD6,0xFF,0xB2,0xD6,0xFF,0xB2,0xD6,0xFF,0xB2,
    0xD6,0xFF,0xB2,0xD6,0xFF,0xB2,0xD6,0xFF,0xB2,0xD6,0xFF,0xB2,0xD6,0xFF,0xB2,0xD6,
    0xFF,0xB2,0xD6,0xFF,0xB2,0xD6,0xFF,0xB2,0xD6,0xFF,0xB2,0xD6,0xFF,0xB2,0xD6,0xFF,
    0xB2,0xD6,0xFF,0xB2,0xD6,0xFF,0xB2,0xD6,0xFF,0xB2,0xD6,0xFF,0xB2,0xD6,0xFF,0xB2,
    0xD6,0xFF,0xB2,0xD6,0xFF,0xB2,0xD6,0xFF,0xB2,0xD6,0xFF,0xB2,0xD6,0xFF,0xB2,0xD6,
    0xFF,0xB2,0xD6,0xFF,0xB2,0xD6,0xFF,0xB2,0xD6,0xFF,0xB2,0xD6,0xFF,0xB2,0xD6,0xFF,
    0xB2,0xD6,0xFF,0xB2,0xD6,0xFF,0xB2,0xD6,0xFF,0xB2,0xD6,0xFF,0xB2,0xD6,0xFF,0xB2,
    0xD6,0xFF,0xB2,0xD6,0xFF,0xB2,0xD6,0xFF,0xB2,0xD6,0xFF,0xB2,0xD6,0xFF,0xB2,0xD6,
    0xFF,0xB2,0xD6,0xFF,0xB2,0xD6,0xFF,0xB2,0xD6,0xFF,0xB2,0xD6,0xFF,0xB2,0xD6,0xFF,
    0xB2,0xD6,0xFF,0xB2,0xD6,0xFF,0xB2,0xD6,0xFF,0xB2,0xD6,0xFF,0xB2,0xD6,0xFF,0xB2,
    0xD6,0xFF,0xB2,0xD6,0xFF,0xB2,0xD6,0xFF,0xB2,0xD6,0xFF,0xB2,0xD6,0xFF,0xB2,0xD6,
    0xFF,0xB2,0xD6,0xFF,0xB2,0xD6,0xFF,0xB2,0xD6,0xFF,0xB2,0xD6,0xFF,0xB2,0xD6,0xFF,
    0xB2,0xD6,0xFF,0xB2,0xD6,0xFF,0xB2,0xD6,0xFF,0xB2,0xD6,0xFF,0xB2,0xD6,0xFF,0xB2,
    0xD6,0xFF,0xB2,0xD6,0xFF,0xB2,0xD6,0xFF,0xB2,0xD6,0xFF,0xB2,0xD6,0xFF,0xB2,0xD6,
    0xFF,0xB2,0xD6,0xFF,0xB2,0xD6,0xFF,0xB2,0xD6,0xFF,0xB2,0xD6,0xFF,0xB2,0xD6,0xFF,
    0xB2,0xD6,0xFF,0xB2,0xD6,0xFF,0xB2,0xD6,0xFF,0xB2,0xD6,0xFF,0xB2,0xD6,0xFF,0xB2,
    0xD6,0xFF,0xB2,0xD6,0xFF,0xB2,0xD6,0xFF,0xB2,0xD6,0xFF,0xB2,0xD6,0xFF,0xB2,0xD6,
    0xFF,0xB2,0xD6,0xFF,0xB2,0xD6,0xFF,0xB2,0xD6,0xFF,0xB2,0xD6,0xFF,0xB2,0xD6,0xFF,
    0xB2,0xD6,0xFF,0xB2,0xD6,0xFF,0xB2,0xD6,0xFF,0xB2,0xD6,0xFF,0xB2,0xD6,0xFF,0xB2,
    0xD6,0xFF,0xB2,0xD6,0xFF,0xB2,0xD6,0xFF,0xB2,0xD6,0xFF,0xB2,0xD6,0xFF,0xB2,0xD6,
    0xFF,0xB2,0xD6,0xFF,0xB2,0xD6,0xFF,0xB2,0xD6,0xFF,0xB2,0xD6,0xFF,0xB2,0xD6,0xFF,
    0xB2,0xD6,0xFF,0xB2,0xD6,0xFF,0xB2,0xD6,0xFF,0xB2,0xD6,0xFF,0xB2,0xD6,0xFF,0xB2,
    0xD6,0xFF,0xB2,0xD6,0xFF,0xB2,0xD6,0xFF,0xB2,0xD6,0xFF,0xB2,0xD6,0xFF,0xB2,0xD6,
    0xFF,0xB2,0xD6,0xFF,0xB2,0xD6,0xFF,0xB2,0xD6,0xFF,0xB2,0xD6,0xFF,0xB2,0xD6,0xFF,
    0xB2,0xD6,0xFF,0xB2,0xD6,0xFF,0xB2,0xD6,0xFF,0xB2,0xD6,0xFF,0xB2,0xD6,0xFF,0xB2,
    0xD6,0xFF,0xB2,0xD6,0xFF,0xB2,0xD6,0xFF,0xB2,0xD6,0xFF,0xB2,0xD6,0xFF,0xB2,0xD6,
    0xFF,0xB2,0xD6,0xFF,0xB2,0xD6,0xFF,0xB2,0xD6,0xFF,0xB2,0xD6,0xFF,0xB2,0xD6,0xFF,
    0xB2,0xD6,0xFF,0xB2,0xD6,0xFF,0xB2,0xD6,0xFF,0xB2,0xD6,0xFF,0xB2,0xD6,0xFF,0xB2,
    0xD6,0xFF,0xB2,0xD6,0xFF,0xB2,0xD6,0xFF,0xB2,0xD6,0xFF,0xB2,0xD6,0xFF,0xB2,0xD6,
    0xFF,0xB2,0xD6,0xFF,0xB2,0xD6,0xFF,0xB2,0xD6,0xFF,0xB2,0xD6,0xFF,0xB2,0xD6,0xFF,
    0xB2,0xD6,0xFF,0xB2,0xD6,0xFF,0xB2,0xD6,0xFF,0xB2,0xD6,0xFF,0xB2,0xD6,0xFF,0xB2,
    0xD6,0xFF,0xB2,0xD6,0xFF,0xB2,0xD6,0xFF,0xB2,0xD6,0xFF,0xB2,0xD6,0xFF,0xB2,0xD6,
    0xFF,0xB2,0xD6,0xFF,0xB2,0xD6,0xFF,0xB2,0xD6,0xFF,0xB2,0xD6,0xFF,0xB2,0xD6,0xFF,
    0xB2,0xD6,0xFF,0xB2,0xD6,0xFF,0xB2,0xD6,0xFF,0xB2,0xD6,0xFF,0xB2,0xD6,0xFF,0xB2,
    0xD6,0xFF,0xB2,0xD6,0xFF,0xB2,0xD6,0xFF,0xB2,0xD6,0xFF,0xB2,0xD6,0xFF,0xB2,0xD6,
    0xFF,0xB2,0xD6,0xFF,0xB2,0xD6,0xFF,0xB2,0xD6,0xFF,0xB2,0xD6,0xFF,0xB2,0xD6,0xFF,
    0xB2,0xD6,0xFF,0xB2,0xD6,0xFF,0xB2,0xD6,0xFF,0xB2,0xD6,0xFF,0xB2,0xD6,0xFF,0xB2,
    0xD6,0xFF,0xB2,0xD6,0xFF,0xB2,0xD6,0xFF,0xB2,0xD6,0xFF,0xB2,0xD6,0xFF,0xB2,0xD6,
    0xFF,0xB2,0xD6,0xFF,0xB2,0xD6,0xFF,0xB2,0xD6,0xFF,0xB2,0xD6,0xFF,0xB2,0xD6,0xFF,
    0xB2,0xD6,0xFF,0xB2,0xD6,0xFF,0xB2,0xD6,0xFF,0xB2,0xD6,0xFF,0xB2,0xD6,0xFF,0xB2,
    0xD6,0xFF,0xB2,0xD6,0xFF,0xB2,0xD6,0xFF,0xB2,0xD6,0xFF,0xB2,0xD6,0xFF,0xB2,0xD6,
    0xFF,0xB2,0xD6,0xFF,0xB2,0xD6,0xFF,0xB2,0xD6,0xFF,0xB2,0xD6,0xFF,0xB2,0xD6,0xFF,
    0xB2,0xD6,0xFF,0xB2,0xD6,0xFF,0xB2,0xD6,0xFF,0xB2,0xD6,0xFF,0xB2,0xD6,0xFF,0xB2,
    0xD6,0xFF,0xB2,0xD6,0xFF,0xB2,0xD6,0xFF,0xB2,0xD6,0xFF,0xB2,0xD6,0xFF,0xB2,0xD6,
    0xFF,0xB2,0xD6,0xFF,0xB2,0xD6,0xFF,0xB2,0xD6,0xFF,0xB2,0xD6,0xFF,0xB2,0xD6,0xFF,
    0xB2,0xD6,0xFF,0xB2,0xD6,0xFF,0xB2,0xD6,0xFF,0xB2,0xD6,0xFF,0xB2,0xD6,0xFF,0xB2,
    0xD6,0xFF,0xB2,0xD6,0xFF,0xB2,0xD6,0xFF,0xB2,0xD6,0xFF,0xB2,0xD6,0xFF,0xB2,0xD6,
    0xFF,0xB2,0xD6,0xFF,0xB2,0xD6,0xFF,0xB2,0xD6,0xFF,0xB2,0xD6,0xFF,0xB2,0xD6,0xFF,
    0xB2,0xD6,0xFF,0xB2,0xD6,0xFF,0xB2,0xD6,0xFF,0xB2,0xD6,0xFF,0xB2,0xD6,0xFF,0xB2,
    0xD6,0xFF,0xB2,0xD6,0xFF,0xB2,0xD6,0xFF,0xB2,0xD6,0xFF,0xB2,0xD6,0xFF,0xB2,0xD6,
    0xFF,0xB2,0xD6,0xFF,0xB2,0xD6,0xFF,0xB2,0xD6,0xFF,0xB2,0xD6,0xFF,0xB2,0xD6,0xFF,
    0xB2,0xD6,0xFF,0xB2,0xD6,0xFF,0xB2,0xD6,0xFF,0xB2,0xD6,0xFF,0xB2,0xD6,0xFF,0xB2,
    0xD6,0xFF,0xB2,0xD6,0xFF,0xB2,0xD6,0xFF,0xB2,0xD6,0xFF,0xB2,0xD6,0xFF,0xB2,0xD6,
    0xFF,0xB2,0xD6,0xFF,0xB2,0xD6,0xFF,0xB2,0xD6,0xFF,0xB2,0xD6,0xFF,0xB2,0xD6,0xFF,
    0xB2,0xD6,0xFF,0xB2,0xD6,0xFF,0xB2,0xD6,0xFF,0xB2,0xD6,0xFF,0xB2,0xD6,0xFF,0xB2,
    0xD6,0xFF,0xB2,0xD6,0xFF,0xB2,0xD6,0xFF,0xB2,0xD6,0xFF,0xB2,0xD6,0xFF,0xB2,0xD6,
    0xFF,0xB2,0xD6,0xFF,0xB2,0xD6,0xFF,0xB2,0xD6,0xFF,0xB2,0xD6,0xFF,0xB2,0xD6,0xFF,
    0xB2,0xD6,0xFF,0xB2,0xD6,0xFF,0xB2,0xD6,0xFF,0xB2,0xD6,0xFF,0xB2,0xD6,0xFF,0xB2,
    0xD6,0xFF,0xB2,0xD6,0xFF,0xB2,0xD6,0xFF,0xB2,0xD6,0xFF,0xB2,0xD6,0xFF,0xB2,0xD6,
    0xFF,0xB2,0xD6,0xFF,0xB2,0xD6,0xFF,0xB2,0xD6,0xFF,0xB2,0xD6,0xFF,0xB2,0xD6,0xFF,
    0xB2,0xD6,0xFF,0xB2,0xD6,0xFF,0xB2,0xD6,0xFF,0xB2,0xD6,0xFF,0xB2,0xD6,0xFF,0xB2,
    0xD6,0xFF,0xB2,0xD6,0xFF,0xB2,0xD6,0xFF,0xB2,0xD6,0xFF,0xB2,0xD6,0xFF,0xB2,0xD6,
    0xFF,0xB2,0xD6,0xFF,0xB2,0xD6,0xFF,0xB2,0xD6,0xFF,0xB2,0xD6,0xFF,0xB2,0xD6,0xFF,
    0xB2,0xD6,0xFF,0xB2,0xD6,0xFF,0xB2,0xD6,0xFF,0xB2,0xD6,0xFF,0xB2,0xD6,0xFF,0xB2,
    0xD6,0xFF,0xB2,0xD6,0xFF,0xB2,0xD6,0xFF,0xB2,0xD6,0xFF,0xB2,0xD6,0xFF,0xB2,0xD6,
    0xFF,0xB2,0xD6,0xFF,0xB2,0xD6,0xFF,0xB2,0xD6,0xFF,0xB2,0xD6,0xFF,0xB2,0xD6,0xFF,
    0xB2,0xD6,0xFF,0xB2,0xD6,0xFF,0xB2,0xD6,0xFF,0xB2,0xD6,0xFF,0xB2,0xD6,0xFF,0xB2,
    0xD6,0xFF,0xB2,0xD6,0xFF,0xB2,0xD6,0xFF,0xB2,0xD6,0xFF,0xB2,0xD6,0xFF,0xB2,0xD6,
    0xFF,0xB2,0xD6,0xFF,0xB2,0xD6,0xFF,0xB2,0xD6,0xFF,0xB2,0xD6,0xFF,0xB2,0xD6,0xFF,
    0xB2,0xD6,0xFF,0xB2,0xD6,0xFF,0xB2,0xD6,0xFF,0xB2,0xD6,0xFF,0xB2,0xD6,0xFF,0xB2,
    0xD6,0xFF,0xB2,0xD6,0xFF,0xB2,0xD6,0xFF,0xB2,0xD6,0xFF,0xB2,0xD6,0xFF,0xB2,0xD6,
    0xFF,0xB2,0xD6,0xFF,0xB2,0xD6,0xFF,0xB2,0xD6,0xFF,0xB2,0xD6,0xFF,0xB2,0xD6,0xFF,
    0xB2,0xD6,0xFF,0xB2,0xD6,0xFF,0xB2,0xD6,0xFF,0xB2,0xD6,0xFF,0xB2,0xD6,0xFF,0xB2,
    0xD6,0xFF,0xB2,0xD6,0xFF,0xB2,0xD6,0xFF,0xB2,0xD6,0xFF,0xB2,0xD6,0xFF,0xB2,0xD6,
    0xFF,0xB2,0xD6,0xFF,0xB2,0xD6,0xFF,0xB2,0xD6,0xFF,0xB2,0xD6,0xFF,0xB2,0xD6,0xFF,
    0xB2,0xD6,0xFF,0xB2,0xD6,0xFF,0xB2,0xD6,0xFF,0xB2,0xD6,0xFF,0xB2,0xD6,0xFF,0xB2,
    0xD6,0xFF,0xB2,0xD6,0xFF,0xB2,0xD6,0xFF,0xB2,0xD6,0xFF,0xB2,0xD6,0xFF,0xB2,0xD6,
    0xFF,0xB2,0xD6,0xFF,0xB2,0xD6,0xFF,0xB2,0xD6,0xFF,0xB2,0xD6,0xFF,0xB2,0xD6,0xFF,
    0xB2,0xD6,0xFF,0xB2,0xD6,0xFF,0xB2,0xD6,0xFF,0xB2,0xD6,0xFF,0xB2,0xD6,0xFF,0xB2,
    0xD6,0xFF,0xB2,0xD6,0xFF,0xB2,0xD6,0xFF,0xB2,0xD6,0xFF,0xB2,0xD6,0xFF,0xB2,0xD6,
    0xFF,0xB2,0xD6,0xFF,0xB2,0xD6,0xFF,0xB2,0xD6,0xFF,0xB2,0xD6,0xFF,0xB2,0xD6,0xFF,
    0xB2,0xD6,0xFF,0xB2,0xD6,0xFF,0xB2,0xD6,0xFF,0xB2,0xD6,0xFF,0xB2,0xD6,0xFF,0xB2,
    0xD6,0xFF,0xB2,0xD6,0xFF,0xB2,0xD6,0xFF,0xB2,0xD6,0xFF,0xB2,0xD6,0xFF,0xB2,0xD6,
    0xFF,0xB2,0xD6,0xFF,0xB2,0xD6,0xFF,0xB2,0xD6,0xFF,0xB2,0xD6,0xFF,0xB2,0xD6,0xFF,
    0xB2,0xD6,0xFF,0xB2,0xD6,0xFF,0xB2,0xD6,0xFF,0xB2,0xD6,0xFF,0xB2,0xD6,0xFF,0xB2,
    0xD6,0xFF,0xB2,0xD6,0xFF,0xB2,0xD6,0xFF,0xB2,0xD6,0xFF,0xB2,0xD6,0xFF,0xB2,0xD6,
    0xFF,0xB2,0xD6,0xFF,0xB2,0xD6,0xFF,0xB2,0xD6,0xFF,0xB2,0xD6,0xFF,0xB2,0xD6,0xFF,
    0xB2,0xD6,0xFF,0xB2,0xD6,0xFF,0xB2,0xD6,0xFF,0xB2,0xD6,0xFF,0xB2,0xD6,0xFF,0xB2,
    0xD6,0xFF,0xB2,0xD6,0xFF,0xB2,0xD6,0xFF,0xB2,0xD6,0xFF,0xB2,0xD6,0xFF,0xB2,0xD6,
    0xFF,0xB2,0xD6,0xFF,0xB2,0xD6,0xFF,0xB2,0xD6,0xFF,0xB2,0xD6,0xFF,0xB2,0xD6,0xFF,
    0xB2,0xD6,0xFF,0xB2,0xD6,0xFF,0xB2,0xD6,0xFF,0xB2,0xD6,0xFF,0xB2,0xD6,0xFF,0xB2,
    0xD6,0xFF,0xB2,0xD6,0xFF,0xB2,0xD6,0xFF,0xB2,0xD6,0xFF,0xB2,0xD6,0xFF,0xB2,0xD6,
    0xFF,0xB2,0xD6,0xFF,0xB2,0xD6,0xFF,0xB2,0xD6,0xFF,0xB2,0xD6,0xFF,0xB2,0xD6,0xFF,
    0xB2,0xD6,0xFF,0xB2,0xD6,0xFF,0xB2,0xD6,0xFF,0xB2,0xD6,0xFF,0xB2,0xD6,0xFF,0xB2,
    0xD6,0xFF,0xB2,0xD6,0xFF,0xB2,0xD6,0xFF,0xB2,0xD6,0xFF,0xB2,0xD6,0xFF,0xB2,0xD6,
    0xFF,0xB2,0xD6,0xFF,0xB2,0xD6,0xFF,0xB2,0xD6,0xFF,0xB2,0xD6,0xFF,0xB2,0xD6,0xFF,
    0xB2,0xD6,0xFF,0xB2,0xD6,0xFF,0xB2,0xD6,0xFF,0xB2,0xD6,0xFF,0xB2,0xD6,0xFF,0xB2,
    0xD6,0xFF,0xB2,0xD6,0xFF,0xB2,0xD6,0xFF,0xB2,0xD6,0xFF,0xB2,0xD6,0xFF,0xB2,0xD6,
    0xFF,0xB2,0xD6,0xFF,0xB2,0xD6,0xFF,0xB2,0xD6,0xFF,0xB2,0xD6,0xFF,0xB2,0xD6,0xFF,
    0xB2,0xD6,0xFF,0xB2,0xD6,0xFF,0xB2,0xD6,0xFF,0xB2,0xD6,0xFF,0xB2,0xD6,0xFF,0xB2,
    0xD6,0xFF,0xB2,0xD6,0xFF,0xB2,0xD6,0xFF,0xB2,0xD6,0xFF,0xB2,0xD6,0xFF,0xB2,0xD6,
    0xFF,0xB2,0xD6,0xFF,0xB2,0xD6,0xFF,0xB2,0xD6,0xFF,0xB2,0xD6,0xFF,0xB2,0xD6,0xFF,
    0xB2,0xD6,0xFF,0xB2,0xD6,0xFF,0xB2,0xD6,0xFF,0xB2,0xD6,0xFF,0xB2,0xD6,0xFF,0xB2,
    0xD6,0xFF,0xB2,0xD6,0xFF,0xB2,0xD6,0xFF,0xB2,0xD6,0xFF,0xB2,0xD6,0xFF,0xB2,0xD6,
    0xFF,0xB2,0xD6,0xFF,0xB2,0xD6,0xFF,0xB2,0xD6,0xFF,0xB2,0xD6,0xFF,0xB2,0xD6,0xFF,
    0xB2,0xD6,0xFF,0xB2,0xD6,0xFF,0xB2,0xD6,0xFF,0xB2,0xD6,0xFF,0xB2,0xD6,0xFF,0xB2,
    0xD6,0xFF,0xB2,0xD6,0xFF,0xB2,0xD6,0xFF,0xB2,0xD6,0xFF,0xB2,0xD6,0xFF,0xB2,0xD6,
    0xFF,0xB2,0xD6,0xFF,0xB2,0xD6,0xFF,0xB2,0xD6,0xFF,0xB2,0xD6,0xFF,0xB2,0xD6,0xFF,
    0xB2,0xD6,0xFF,0xB2,0xD6,0xFF,0xB2,0xD6,0xFF,0xB2,0xD6,0xFF,0xB2,0xD6,0xFF,0xB2,
    0xD6,0xFF,0xB2,0xD6,0xFF,0xB2,0xD6,0xFF,0xB2,0xD6,0xFF,0xB2,0xD6,0xFF,0xB2,0xD6,
    0xFF,0xB2,0xD6,0xFF,0xB2,0xD6,0xFF,0xB2,0xD6,0xFF,0xB2,0xD6,0xFF,0xB2,0xD6,0xFF,
    0xB2,0xD6,0xFF,0xB2,0xD6,0xFF,0xB2,0xD6,0xFF,0xB2,0xD6,0xFF,0xB2,0xD6,0xFF,0xB2,
    0xD6,0xFF,0xB2,0xD6,0xFF,0xB2,0xD6,0xFF,0xB2,0xD6,0xFF,0xB2,0xD6,0xFF,0xB2,0xD6,
    0xFF,0xB2,0xD6,0xFF,0xB2,0xD6,0xFF,0xB2,0xD6,0xFF,0xB2,0xD6,0xFF,0xB2,0xD6,0xFF,
    0xB2,0xD6,0xFF,0xB2,0xD6,0xFF,0xB2,0xD6,0xFF,0xB2,0xD6,0xFF,0xB2,0xD6,0xFF,0xB2,
    0xD6,0xFF,0xB2,0xD6,0xFF,0xB2,0xD6,0xFF,0xB2,0xD6,0xFF,0xB2,0xD6,0xFF,0xB2,0xD6,
    0xFF,0xB2,0xD6,0xFF,0xB2,0xD6,0xFF,0xB2,0xD6,0xFF,0xB2,0xD6,0xFF,0xB2,0xD6,0xFF,
    0xB2,0xD6,0xFF,0xB2,0xD6,0xFF,0xB2,0xD6,0xFF,0xB2,0xD6,0xFF,0xB2,0xD6,0xFF,0xB2,
    0xD6,0xFF,0xB2,0xD6,0xFF,0xB2,0xD6,0xFF,0xB2,0xD6,0xFF,0xB2,0xD6,0xFF,0xB2,0xD6,
    0xFF,0xB2,0xD6,0xFF,0xB2,0xD6,0xFF,0xB2,0xD6,0xFF,0xB2,0xD6,0xFF,0xB2,0xD6,0xFF,
    0xB2,0xD6,0xFF,0xB2,0xD6,0xFF,0xB2,0xD6,0xFF,0xB2,0xD6,0xFF,0xB2,0xD6,0xFF,0xB2,
    0xD6,0xFF,0xB2,0xD6,0xFF,0xB2,0xD6,0xFF,0xB2,0xD6,0xFF,0xB2,0xD6,0xFF,0xB2,0xD6,
    0xFF,0xB2,0xD6,0xFF,0xB2,0xD6,0xFF,0xB2,0xD6,0xFF,0xB2,0xD6,0xFF,0xB2,0xD6,0xFF,
    0xB2,0xD6,0xFF,0xB2,0xD6,0xFF,0xB2,0xD6,0xFF,0xB2,0xD6,0xFF,0xB2,0xD6,0xFF,0xB2,
    0xD6,0xFF,0xB2,0xD6,0xFF,0xB2,0xD6,0xFF,0xB2,0xD6,0xFF,0xB2,0xD6,0xFF,0xB2,0xD6,
    0xFF,0xB2,0xD6,0xFF,0xB2,0xD6,0xFF,0xB2,0xD6,0xFF,0xB2,0xD6,0xFF,0xB2,0xD6,0xFF,
    0xB2,0xD6,0xFF,0xB2,0xD6,0xFF,0xB2,0xD6,0xFF,0xB2,0xD6,0xFF,0xB2,0xD6,0xFF,0xB2,
    0xD6,0xFF,0xB2,0xD6,0xFF,0xB2,0xD6,0xFF,0xB2,0xD6,0xFF,0xB2,0xD6,0xFF,0xB2,0xD6,
    0xFF,0xB2,0xD6,0xFF,0xB2,0xD6,0xFF,0xB2,0xD6,0xFF,0xB2,0xD6,0xFF,0xB2,0xD6,0xFF,
    0xB2,0xD6,0xFF,0xB2,0xD6,0xFF,0xB2,0xD6,0xFF,0xB2,0xD6,0xFF,0xB2,0xD6,0xFF,0xB2,
    0xD6,0xFF,0xB2,0xD6,0xFF,0xB2,0xD6,0xFF,0xB2,0xD6,0xFF,0xB2,0xD6,0xFF,0xB2,0xD6,
    0xFF,0xB2,0xD6,0xFF,0xB2,0xD6,0xFF,0xB2,0xD6,0xFF,0xB2,0xD6,0xFF,0xB2,0xD6,0xFF,
    0xB2,0xD6,0xFF,0xB2,0xD6,0xFF,0xB2,0xD6,0xFF,0xB2,0xD6,0xFF,0xB2,0xD6,0xFF,0xB2,
    0xD6,0xFF,0xB2,0xD6,0xFF,0xB2,0xD6,0xFF,0xB2,0xD6,0xFF,0xB2,0xD6,0xFF,0xB2,0xD6,
    0xFF,0xB2,0xD6,0xFF,0xB2,0xD6,0xFF,0xB2,0xD6,0xFF,0xB2,0xD6,0xFF,0xB2,0xD6,0xFF,
    0xB2,0xD6,0xFF,0xB2,0xD6,0xFF,0xB2,0xD6,0xFF,0xB2,0xD6,0xFF,0xB2,0xD6,0xFF,0xB2,
    0xD6,0xFF,0xB2,0xD6,0xFF,0xB2,0xD6,0xFF,0xB2,0xD6,0xFF,0xB2,0xD6,0xFF,0xB2,0xD6,
    0xFF,0xB2,0xD6,0xFF,0xB2,0xD6,0xFF,0xB2,0xD6,0xFF,0xB2,0xD6,0xFF,0xB2,0xD6,0xFF,
    0xB2,0xD6,0xFF,0xB2,0xD6,0xFF,0xB2,0xD6,0xFF,0xB2,0xD6,0xFF,0xB2,0xD6,0xFF,0xB2,
    0xD6,0xFF,0xB2,0xD6,0xFF,0xB2,0xD6,0xFF,0xB2,0xD6,0xFF,0xB2,0xD6,0xFF,0xB2,0xD6,
    0xFF,0xB2,0xD6,0xFF,0xB2,0xD6,0xFF,0xB2,0xD6,0xFF,0xB2,0xD6,0xFF,0xB2,0xD6,0xFF,
    0xB2,0xD6,0xFF,0xB2,0xD6,0xFF,0xB2,0xD6,0xFF,0xB2,0xD6,0xFF,0xB2,0xD6,0xFF,0xB2,
    0xD6,0xFF,0xB2,0xD6,0xFF,0xB2,0xD6,0xFF,0xB2,0xD6,0xFF,0xB2,0xD6,0xFF,0xB2,0xD6,
    0xFF,0xB2,0xD6,0xFF,0xB2,0xD6,0xFF,0xB2,0xD6,0xFF,0xB2,0xD6,0xFF,0xB2,0xD6,0xFF,
    0xB2,0xD6,0xFF,0xB2,0xD6,0xFF,0xB2,0xD6,0xFF,0xB2,0xD6,0xFF,0xB2,0xD6,0xFF,0xB2,
    0xD6,0xFF,0xB2,0xD6,0xFF,0xB2,0xD6,0xFF,0xB2,0xD6,0xFF,0xB2,0xD6,0xFF,0xB2,0xD6,
    0xFF,0xB2,0xD6,0xFF,0xB2,0xD6,0xFF,0xB2,0xD6,0xFF,0xB2,0xD6,0xFF,0xB2,0xD6,0xFF,
    0xB2,0xD6,0xFF,0xB2,0xD6,0xFF,0xB2,0xD6,0xFF,0xB2,0xD6,0xFF,0xB2,0xD6,0xFF,0xB2,
    0xD6,0xFF,0xB2,0xD6,0xFF,0xB2,0xD6,0xFF,0xB2,0xD6,0xFF,0xB2,0xD6,0xFF,0xB2,0xD6,
    0xFF,0xB2,0xD6,0xFF,0xB2,0xD6,0xFF,0xB2,0xD6,0xFF,0xB2,0xD6,0xFF,0xB2,0xD6,0xFF,
    0xB2,0xD6,0xFF,0xB2,0xD6,0xFF,0xB2,0xD6,0xFF,0xB2,0xD6,0xFF,0xB2,0xD6,0xFF,0xB2,
    0xD6,0xFF,0xB2,0xD6,0xFF,0xB2,0xD6,0xFF,0xB2,0xD6,0xFF,0xB2,0xD6,0xFF,0xB2,0xD6,
    0xFF,0xB2,0xD6,0xFF,0xB2,0xD6,0xFF,0xB2,0xD6,0xFF,0xB2,0xD6,0xFF,0xB2,0xD6,0xFF,
    0xB2,0xD6,0xFF,0xB2,0xD6,0xFF,0xB2,0xD6,0xFF,0xB2,0xD6,0xFF,0xB2,0xD6,0xFF,0xB2,
    0xD6,0xFF,0xB2,0xD6,0xFF,0xB2,0xD6,0xFF,0xB2,0xD6,0xFF,0xB2,0xD6,0xFF,0xB2,0xD6,
    0xFF,0xB2,0xD6,0xFF,0xB2,0xD6,0xFF,0xB2,0xD6,0xFF,0xB2,0xD6,0xFF,0xB2,0xD6,0xFF,
    0xB2,0xD6,0xFF,0xB2,0xD6,0xFF,0xB2,0xD6,0xFF,0xB2,0xD6,0xFF,0xB2,0xD6,0xFF,0xB2,
    0xD6,0xFF,0xB2,0xD6,0xFF,0xB2,0xD6,0xFF,0xB2,0xD6,0xFF,0xB2,0xD6,0xFF,0xB2,0xD6,
    0xFF,0xB2,0xD6,0xFF,0xB2,0xD6,0xFF,0xB2,0xD6,0xFF,0xB2,0xD6,0xFF,0xB2,0xD6,0xFF,
    0xB2,0xD6,0xFF,0xB2,0xD6,0xFF,0xB2,0xD6,0xFF,0xB2,0xD6,0xFF,0xB2,0xD6,0xFF,0xB2,
    0xD6,0xFF,0xB2,0xD6,0xFF,0xB2,0xD6,0xFF,0xB2,0xD6,0xFF,0xB2,0xD6,0xFF,0xB2,0xD6,
    0xFF,0xB2,0xD6,0xFF,0xB2,0xD6,0xFF,0xB2,0xD6,0xFF,0xB2,0xD6,0xFF,0xB2,0xD6,0xFF,
    0xB2,0xD6,0xFF,0xB2,0xD6,0xFF,0xB2,0xD6,0xFF,0xB2,0xD6,0xFF,0xB2,0xD6,0xFF,0xB2,
    0xD6,0xFF,0xB2,0xD6,0xFF,0xB2,0xD6,0xFF,0xB2,0xD6,0xFF,0xB2,0xD6,0xFF,0xB2,0xD6,
    0xFF,0xB2,0xD6,0xFF,0xB2,0xD6,0xFF,0xB2,0xD6,0xFF,0xB2,0xD6,0xFF,0xB2,0xD6,0xFF,
    0xB2,0xD6,0xFF,0xB2,0xD6,0xFF,0xB2,0xD6,0xFF,0xB2,0xD6,0xFF,0xB2,0xD6,0xFF,0xB2,
    0xD6,0xFF,0xB2,0xD6,0xFF,0xB2,0xD6,0xFF,0xB2,0xD6,0xFF,0xB2,0xD6,0xFF,0xB2,0xD6,
    0xFF,0xB2,0xD6,0xFF,0xB2,0xD6,0xFF,0xB2,0xD6,0xFF,0xB2,0xD6,0xFF,0xB2,0xD6,0xFF,
    0xB2,0xD6,0xFF,0xB2,0xD6,0xFF,0xB2,0xD6,0xFF,0xB2,0xD6,0xFF,0xB2,0xD6,0xFF,0xB2,
    0xD6,0xFF,0xB2,0xD6,0xFF,0xB2,0xD6,0xFF,0xB2,0xD6,0xFF,0xB2,0xD6,0xFF,0xB2,0xD6,
    0xFF,0xB2,0xD6,0xFF,0xB2,0xD6,0xFF,0xB2,0xD6,0xFF,0xB2,0xD6,0xFF,0xB2,0xD6,0xFF,
    0xB2,0xD6,0xFF,0xB2,0xD6,0xFF,0xB2,0xD6,0xFF,0xB2,0xD6,0xFF,0xB2,0xD6,0xFF,0xB2,
    0xD6,0xFF,0xB2,0xD6,0xFF,0xB2,0xD6,0xFF,0xB2,0xD6,0xFF,0xB2,0xD6,0xFF,0xB2,0xD6,
    0xFF,0xB2,0xD6,0xFF,0xB2,0xD6,0xFF,0xB2,0xD6,0xFF,0xB2,0xD6,0xFF,0xB2,0xD6,0xFF,
    0xB2,0xD6,0xFF,0xB2,0xD6,0xFF,0xB2,0xD6,0xFF,0xB2,0xD6,0xFF,0xB2,0xD6,0xFF,0xB2,
    0xD6,0xFF,0xB2,0xD6,0xFF,0xB2,0xD6,0xFF,0xB2,0xD6,0xFF,0xB2,0xD6,0xFF,0xB2,0xD6,
    0xFF,0xB2,0xD6,0xFF,0xB2,0xD6,0xFF,0xB2,0xD6,0xFF,0xB2,0xD6,0xFF,0xB2,0xD6,0xFF,
    0xB2,0xD6,0xFF,0xB2,0xD6,0xFF,0xB2,0xD6,0xFF,0xB2,0xD6,0xFF,0xB2,0xD6,0xFF,0xB2,
    0xD6,0xFF,0xB2,0xD6,0xFF,0xB2,0xD6,0xFF,0xB2,0xD6,0xFF,0xB2,0xD6,0xFF,0xB2,0xD6,
    0xFF,0xB2,0xD6,0xFF,0xB2,0xD6,0xFF,0xB2,0xD6,0xFF,0xB2,0xD6,0xFF,0xB2,0xD6,0xFF,
    0xB2,0xD6,0xFF,0xB2,0xD6,0xFF,0xB2,0xD6,0xFF,0xB2,0xD6,0xFF,0xB2,0xD6,0xFF,0xB2,
    0xD6,0xFF,0xB2,0xD6,0xFF,0xB2,0xD6,0xFF,0xB2,0xD6,0xFF,0xB2,0xD6,0xFF,0xB2,0xD6,
    0xFF,0xB2,0xD6,0xFF,0xB2,0xD6,0xFF,0xB2,0xD6,0xFF,0xB2,0xD6,0xFF,0xB2,0xD6,0xFF,
    0xB2,0xD6,0xFF,0xB2,0xD6,0xFF,0xB2,0xD6,0xFF,0xB2,0xD6,0xFF,0xB2,0xD6,0xFF,0xB2,
    0xD6,0xFF,0xB2,0xD6,0xFF,0xB2,0xD6,0xFF,0xB2,0xD6,0xFF,0xB2,0xD6,0xFF,0xB2,0xD6,
    0xFF,0xB2,0xD6,0xFF,0xB2,0xD6,0xFF,0xB2,0xD6,0xFF,0xB2,0xD6,0xFF,0xB2,0xD6,0xFF,
    0xB2,0xD6,0xFF,0xB2,0xD6,0xFF,0xB2,0xD6,0xFF,0xB2,0xD6,0xFF,0xB2,0xD6,0xFF,0xB2,
    0xD6,0xFF,0xB2,0xD6,0xFF,0xB2,0xD6,0xFF,0xB2,0xD6,0xFF,0xB2,0xD6,0xFF,0xB2,0xD6,
    0xFF,0xB2,0xD6,0xFF,0xB2,0xD6,0xFF,0xB2,0xD6,0xFF,0xB2,0xD6,0xFF,0xB2,0xD6,0xFF,
    0xB2,0xD6,0xFF,0xB2,0xD6,0xFF,0xB2,0xD6,0xFF,0xB2,0xD6,0xFF,0xB2,0xD6,0xFF,0xB2,
    0xD6,0xFF,0xB2,0xD6,0xFF,0xB2,0xD6,0xFF,0xB2,0xD6,0xFF,0xB2,0xD6,0xFF,0xB2,0xD6,
    0xFF,0xB2,0xD6,0xFF,0xB2,0xD6,0xFF,0xB2,0xD6,0xFF,0xB2,0xD6,0xFF,0xB2,0xD6,0xFF,
    0xB2,0xD6,0xFF,0xB2,0xD6,0xFF,0xB2,0xD6,0xFF,0xB2,0xD6,0xFF,0xB2,0xD6,0xFF,0xB2,
    0xD6,0xFF,0xB2,0xD6,0xFF,0xB2,0xD6,0xFF,0xB2,0xD6,0xFF,0xB2,0xD6,0xFF,0xB2,0xD6,
    0xFF,0xB2,0xD6,0xFF,0xB2,0xD6,0xFF,0xB2,0xD6,0xFF,0xB2,0xD6,0xFF,0xB2,0xD6,0xFF,
    0xB2,0xD6,0xFF,0xB2,0xD6,0xFF,0xB2,0xD6,0xFF,0xB2,0xD6,0xFF,0xB2,0xD6,0xFF,0xB2,
    0xD6,0xFF,0xB2,0xD6,0xFF,0xB2,0xD6,0xFF,0xB2,0xD6,0xFF,0xB2,0xD6,0xFF,0xB2,0xD6,
    0xFF,0xB2,0xD6,0xFF,0xB2,0xD6,0xFF,0xB2,0xD6,0xFF,0xB2,0xD6,0xFF,0xB2,0xD6,0xFF,
    0xB2,0xD6,0xFF,0xB2,0xD6,0xFF,0xB2,0xD6,0xFF,0xB2,0xD6,0xFF,0xB2,0xD6,0xFF,0xB2,
    0xD6,0xFF,0xB2,0xD6,0xFF,0xB2,0xD6,0xFF,0xB2,0xD6,0xFF,0xB2,0xD6,0xFF,0xB2,0xD6,
    0xFF,0xB2,0xD6,0xFF,0xB2,0xD6,0xFF,0xB2,0xD6,0xFF,0xB2,0xD6,0xFF,0xB2,0xD6,0xFF,
    0xB2,0xD6,0xFF,0xB2,0xD6,0xFF,0xB2,0xD6,0xFF,0xB2,0xD6,0xFF,0xB2,0xD6,0xFF,0xB2,
    0xD6,0xFF,0xB2,0xD6,0xFF,0xB2,0xD6,0xFF,0xB2,0xD6,0xFF,0xB2,0xD6,0xFF,0xB2,0xD6,
    0xFF,0xB2,0xD6,0xFF,0xB2,0xD6,0xFF,0xB2,0xD6,0xFF,0xB2,0xD6,0xFF,0xB2,0xD6,0xFF,
    0xB2,0xD6,0xFF,0xB2,0xD6,0xFF,0xB2,0xD6,0xFF,0xB2,0xD6,0xFF,0xB2,0xD6,0xFF,0xB2,
    0xD6,0xFF,0xB2,0xD6,0xFF,0xB2,0xD6,0xFF,0xB2,0xD6,0xFF,0xB2,0xD6,0xFF,0xB2,0xD6,
    0xFF,0xB2,0xD6,0xFF,0xB2,0xD6,0xFF,0xB2,0xD6,0xFF,0xB2,0xD6,0xFF,0xB2,0xD6,0xFF,
    0xB2,0xD6,0xFF,0xB2,0xD6,0xFF,0xB2,0xD6,0xFF,0xB2,0xD6,0xFF,0xB2,0xD6,0xFF,0xB2,
    0xD6,0xFF,0xB2,0xD6,0xFF,0xB2,0xD6,0xFF,0xB2,0xD6,0xFF,0xB2,0xD6,0xFF,0xB2,0xD6,
    0xFF,0xB2,0xD6,0xFF,0xB2,0xD6,0xFF,0xB2,0xD6,0xFF,0xB2,0xD6,0xFF,0xB2,0xD6,0xFF,
    0xB2,0xD6,0xFF,0xB2,0xD6,0xFF,0xB2,0xD6,0xFF,0xB2,0xD6,0xFF,0xB2,0xD6,0xFF,0xB2,
    0xD6,0xFF,0xB2,0xD6,0xFF,0xB2,0xD6,0xFF,0xB2,0xD6,0xFF,0xB2,0xD6,0xFF,0xB2,0xD6,
    0xFF,0xB2,0xD6,0xFF,0xB2,0xD6,0xFF,0xB2,0xD6,0xFF,0xB2,0xD6,0xFF,0xB2,0xD6,0xFF,
    0xB2,0xD6,0xFF,0xB2,0xD6,0xFF,0xB2,0xD6,0xFF,0xB2,0xD6,0xFF,0xB2,0xD6,0xFF,0xB2,
    0xD6,0xFF,0xB2,0xD6,0xFF,0xB2,0xD6,0xFF,0xB2,0xD6,0xFF,0xB2,0xD6,0xFF,0xB2,0xD6,
    0xFF,0xB2,0xD6,0xFF,0xB2,0xD6,0xFF,0xB2,0xD6,0xFF,0xB2,0xD6,0xFF,0xB2,0xD6,0xFF,
    0xB2,0xD6,0xFF,0xB2,0xD6,0xFF,0xB2,0xD6,0xFF,0xB2,0xD6,0xFF,0xB2,0xD6,0xFF,0xB2,
    0xD6,0xFF,0xB2,0xD6,0xFF,0xB2,0xD6,0xFF,0xB2,0xD6,0xFF,0xB2,0xD6,0xFF,0xB2,0xD6,
    0xFF,0xB2,0xD6,0xFF,0xB2,0xD6,0xFF,0xB2,0xD6,0xFF,0xB2,0xD6,0xFF,0xB2,0xD6,0xFF,
    0xB2,0xD6,0xFF,0xB2,0xD6,0xFF,0xB2,0xD6,0xFF,0xB2,0xD6,0xFF,0xB2,0xD6,0xFF,0xB2,
    0xD6,0xFF,0xB2,0xD6,0xFF,0xB2,0xD6,0xFF,0xB2,0xD6,0xFF,0xB2,0xD6,0xFF,0xB2,0xD6,
    0xFF,0xB2,0xD6,0xFF,0xB2,0xD6,0xFF,0xB2,0xD6,0xFF,0xB2,0xD6,0xFF,0xB2,0xD6,0xFF,
    0xB2,0xD6,0xFF,0xB2,0xD6,0xFF,0xB2,0xD6,0xFF,0xB2,0xD6,0xFF,0xB2,0xD6,0xFF,0xB2,
    0xD6,0xFF,0xB2,0xD6,0xFF,0xB2,0xD6,0xFF,0xB2,0xD6,0xFF,0xB2,0xD6,0xFF,0xB2,0xD6,
    0xFF,0xB2,0xD6,0xFF,0xB2,0xD6,0xFF,0xB2,0xD6,0xFF,0xB2,0xD6,0xFF,0xB2,0xD6,0xFF,
    0xB2,0xD6,0xFF,0xB2,0xD6,0xFF,0xB2,0xD6,0xFF,0xB2,0xD6,0xFF,0xB2,0xD6,0xFF,0xB2,
    0xD6,0xFF,0xB2,0xD6,0xFF,0xB2,0xD6,0xFF,0xB2,0xD6,0xFF,0xB2,0xD6,0xFF,0xB2,0xD6,
    0xFF,0xB2,0xD6,0xFF,0xB2,0xD6,0xFF,0xB2,0xD6,0xFF,0xB2,0xD6,0xFF,0xB2,0xD6,0xFF,
    0xB2,0xD6,0xFF,0xB2,0xD6,0xFF,0xB2,0xD6,0xFF,0xB2,0xD6,0xFF,0xB2,0xD6,0xFF,0xB2,
    0xD6,0xFF,0xB2,0xD6,0xFF,0xB2,0xD6,0xFF,0xB2,0xD6,0xFF,0xB2,0xD6,0xFF,0xB2,0xD6,
    0xFF,0xB2,0xD6,0xFF,0xB2,0xD6,0xFF,0xB2,0xD6,0xFF,0xB2,0xD6,0xFF,0xB2,0xD6,0xFF,
    0xB2,0xD6,0xFF,0xB2,0xD6,0xFF,0xB2,0xD6,0xFF,0xB2,0xD6,0xFF,0xB2,0xD6,0xFF,0xB2,
    0xD6,0xFF,0xB2,0xD6,0xFF,0xB2,0xD6,0xFF,0xB2,0xD6,0xFF,0xB2,0xD6,0xFF,0xB2,0xD6,
    0xFF,0xB2,0xD6,0xFF,0xB2,0xD6,0xFF,0xB2,0xD6,0xFF,0xB2,0xD6,0xFF,0xB2,0xD6,0xFF,
    0xB2,0xD6,0xFF,0xB2,0xD6,0xFF,0xB2,0xD6,0xFF,0xB2,0xD6,0xFF,0xB2,0xD6,0xFF,0xB2,
    0xD6,0xFF,0xB2,0xD6,0xFF,0xB2,0xD6,0xFF,0xB2,0xD6,0xFF,0xB2,0xD6,0xFF,0xB2,0xD6,
    0xFF,0xB2,0xD6,0xFF,0xB2,0xD6,0xFF,0xB2,0xD6,0xFF,0xB2,0xD6,0xFF,0xB2,0xD6,0xFF,
    0xB2,0xD6,0xFF,0xB2,0xD6,0xFF,0xB2,0xD6,0xFF,0xB2,0xD6,0xFF,0xB2,0xD6,0xFF,0xB2,
    0xD6,0xFF,0xB2,0xD6,0xFF,0xB2,0xD6,0xFF,0xB2,0xD6,0xFF,0xB2,0xD6,0xFF,0xB2,0xD6,
    0xFF,0xB2,0xD6,0xFF,0xB2,0xD6,0xFF,0xB2,0xD6,0xFF,0xB2,0xD6,0xFF,0xB2,0xD6,0xFF,
    0xB2,0xD6,0xFF,0xB2,0xD6,0xFF,0xB2,0xD6,0xFF,0xB2,0xD6,0xFF,0xB2,0xD6,0xFF,0xB2,
    0xD6,0xFF,0xB2,0xD6,0xFF,0xB2,0xD6,0xFF,0xB2,0xD6,0xFF,0xB2,0xD6,0xFF,0xB2,0xD6,
    0xFF,0xB2,0xD6,0xFF,0xB2,0xD6,0xFF,0xB2,0xD6,0xFF,0xB2,0xD6,0xFF,0xB2,0xD6,0xFF,
    0xB2,0xD6,0xFF,0xB2,0xD6,0xFF,0xB2,0xD6,0xFF,0xB2,0xD6,0xFF,0xB2,0xD6,0xFF,0xB2,
    0xD6,0xFF,0xB2,0xD6,0xFF,0xB2,0xD6,0xFF,0xB2,0xD6,0xFF,0xB2,0xD6,0xFF,0xB2,0xD6,
    0xFF,0xB2,0xD6,0xFF,0xB2,0xD6,0xFF,0xB2,0xD6,0xFF,0xB2,0xD6,0xFF,0xB2,0xD6,0xFF,
    0xB2,0xD6,0xFF,0xB2,0xD6,0xFF,0xB2,0xD6,0xFF,0xB2,0xD6,0xFF,0xB2,0xD6,0xFF,0xB2,
    0xD6,0xFF,0xB2,0xD6,0xFF,0xB2,0xD6,0xFF,0xB2,0xD6,0xFF,0xB2,0xD6,0xFF,0xB2,0xD6,
    0xFF,0xB2,0xD6,0xFF,0xB2,0xD6,0xFF,0xB2,0xD6,0xFF,0xB2,0xD6,0xFF,0xB2,0xD6,0xFF,
    0xB2,0xD6,0xFF,0xB2,0xD6,0xFF,0xB2,0xD6,0xFF,0xB2,0xD6,0xFF,0xB2,0xD6,0xFF,0xB2,
    0xD6,0xFF,0xB2,0xD6,0xFF,0xB2,0xD6,0xFF,0xB2,0xD6,0xFF,0xB2,0xD6,0xFF,0xB2,0xD6,
    0xFF,0xB2,0xD6,0xFF,0xB2,0xD6,0xFF,0xB2,0xD6,0xFF,0xB2,0xD6,0xFF,0xB2,0xD6,0xFF,
    0xB2,0xD6,0xFF,0xB2,0xD6,0xFF,0xB2,0xD6,0xFF,0xB2,0xD6,0xFF,0xB2,0xD6,0xFF,0xB2,
    0xD6,0xFF,0xB2,0xD6,0xFF,0xB2,0xD6,0xFF,0xB2,0xD6,0xFF,0xB2,0xD6,0xFF,0xB2,0xD6,
    0xFF,0xB2,0xD6,0xFF,0xB2,0xD6,0xFF,0xB2,0xD6,0xFF,0xB2,0xD6,0xFF,0xB2,0xD6,0xFF,
    0xB2,0xD6,0xFF,0xB2,0xD6,0xFF,0xB2,0xD6,0xFF,0xB2,0xD6,0xFF,0xB2,0xD6,0xFF,0xB2,
    0xD6,0xFF,0xB2,0xD6,0xFF,0xB2,0xD6,0xFF,0xB2,0xD6,0xFF,0xB2,0xD6,0xFF,0xB2,0xD6,
    0xFF,0xB2,0xD6,0xFF,0xB2,0xD6,0xFF,0xB2,0xD6,0xFF,0xB2,0xD6,0xFF,0xB2,0xD6,0xFF,
    0xB2,0xD6,0xFF,0xB2,0xD6,0xFF,0xB2,0xD6,0xFF,0xB2,0xD6,0xFF,0xB2,0xD6,0xFF,0xB2,
    0xD6,0xFF,0xB2,0xD6,0xFF,0xB2,0xD6,0xFF,0xB2,0xD6,0xFF,0xB2,0xD6,0xFF,0xB2,0xD6,
    0xFF,0xB2,0xD6,0xFF,0xB2,0xD6,0xFF,0xB2,0xD6,0xFF,0xB2,0xD6,0xFF,0xB2,0xD6,0xFF,
    0xB2,0xD6,0xFF,0xB2,0xD6,0xFF,0xB2,0xD6,0xFF,0xB2,0xD6,0xFF,0xB2,0xD6,0xFF,0xB2,
    0xD6,0xFF,0xB2,0xD6,0xFF,0xB2,0xD6,0xFF,0xB2,0xD6,0xFF,0xB2,0xD6,0xFF,0xB2,0xD6,
    0xFF,0xB2,0xD6,0xFF,0xB2,0xD6,0xFF,0xB2,0xD6,0xFF,0xB2,0xD6,0xFF,0xB2,0xD6,0xFF,
    0xB2,0xD6,0xFF,0xB2,0xD6,0xFF,0xB2,0xD6,0xFF,0xB2,0xD6,0xFF,0xB2,0xD6,0xFF,0xB2,
    0xD6,0xFF,0xB2,0xD6,0xFF,0xB2,0xD6,0xFF,0xB2,0xD6,0xFF,0xB2,0xD6,0xFF,0xB2,0xD6,
    0xFF,0xB2,0xD6,0xFF,0xB2,0xD6,0xFF,0xB2,0xD6,0xFF,0xB2,0xD6,0xFF,0xB2,0xD6,0xFF,
    0xB2,0xD6,0xFF,0xB2,0xD6,0xFF,0xB2,0xD6,0xFF,0xB2,0xD6,0xFF,0xB2,0xD6,0xFF,0xB2,
    0xD6,0xFF,0xB2,0xD6,0xFF,0xB2,0xD6,0xFF,0xB2,0xD6,0xFF,0xB2,0xD6,0xFF,0xB2,0xD6,
    0xFF,0xB2,0xD6,0xFF,0xB2,0xD6,0xFF,0xB2,0xD6,0xFF,0xB2,0xD6,0xFF,0xB2,0xD6,0xFF,
    0xB2,0xD6,0xFF,0xB2,0xD6,0xFF,0xB2,0xD6,0xFF,0xB2,0xD6,0xFF,0xB2,0xD6,0xFF,0xB2,
    0xD6,0xFF,0xB2,0xD6,0xFF,0xB2,0xD6,0xFF,0xB2,0xD6,0xFF,0xB2,0xD6,0xFF,0xB2,0xD6,
    0xFF,0xB2,0xD6,0xFF,0xB2,0xD6,0xFF,0xB2,0xD6,0xFF,0xB2,0xD6,0xFF,0xB2,0xD6,0xFF,
    0xB2,0xD6,0xFF,0xB2,0xD6,0xFF,0xB2,0xD6,0xFF,0xB2,0xD6,0xFF,0xB2,0xD6,0xFF,0xB2,
    0xD6,0xFF,0xB2,0xD6,0xFF,0xB2,0xD6,0xFF,0xB2,0xD6,0xFF,0xB2,0xD6,0xFF,0xB2,0xD6,
    0xFF,0xB2,0xD6,0xFF,0xB2,0xD6,0xFF,0xB2,0xD6,0xFF,0xB2,0xD6,0xFF,0xB2,0xD6,0xFF,
    0xB2,0xD6,0xFF,0xB2,0xD6,0xFF,0xB2,0xD6,0xFF,0xB2,0xD6,0xFF,0xB2,0xD6,0xFF,0xB2,
    0xD6,0xFF,0xB2,0xD6,0xFF,0xB2,0xD6,0xFF,0xB2,0xD6,0xFF,0xB2,0xD6,0xFF,0xB2,0xD6,
    0xFF,0xB2,0xD6,0xFF,0xB2,0xD6,0xFF,0xB2,0xD6,0xFF,0xB2,0xD6,0xFF,0xB2,0xD6,0xFF,
    0xB2,0xD6,0xFF,0xB2,0xD6,0xFF,0xB2,0xD6,0xFF,0xB2,0xD6,0xFF,0xB2,0xD6,0xFF,0xB2,
    0xD6,0xFF,0xB2,0xD6,0xFF,0xB2,0xD6,0xFF,0xB2,0xD6,0xFF,0xB2,0xD6,0xFF,0xB2,0xD6,
    0xFF,0xB2,0xD6,0xFF,0xB2,0xD6,0xFF,0xB2,0xD6,0xFF,0xB2,0xD6,0xFF,0xB2,0xD6,0xFF,
    0xB2,0xD6,0xFF,0xB2,0xD6,0xFF,0xB2,0xD6,0xFF,0xB2,0xD6,0xFF,0xB2,0xD6,0xFF,0xB2,
    0xD6,0xFF,0xB2,0xD6,0xFF,0xB2,0xD6,0xFF,0xB2,0xD6,0xFF,0xB2,0xD6,0xFF,0xB2,0xD6,
    0xFF,0xB2,0xD6,0xFF,0xB2,0xD6,0xFF,0xB2,0xD6,0xFF,0xB2,0xD6,0xFF,0xB2,0xD6,0xFF,
    0xB2,0xD6,0xFF,0xB2,0xD6,0xFF,0xB2,0xD6,0xFF,0xB2,0xD6,0xFF,0xB2,0xD6,0xFF,0xB2,
    0xD6,0xFF,0xB2,0xD6,0xFF,0xB2,0xD6,0xFF,0xB2,0xD6,0xFF,0xB2,0xD6,0xFF,0xB2,0xD6,
    0xFF,0xB2,0xD6,0xFF,0xB2,0xD6,0xFF,0xB2,0xD6,0xFF,0xB2,0xD6,0xFF,0xB2,0xD6,0xFF,
    0xB2,0xD6,0xFF,0xB2,0xD6,0xFF,0xB2,0xD6,0xFF,0xB2,0xD6,0xFF,0xB2,0xD6,0xFF,0xB2,
    0xD6,0xFF,0xB2,0xD6,0xFF,0xB2,0xD6,0xFF,0xB2,0xD6,0xFF,0xB2,0xD6,0xFF,0xB2,0xD6,
    0xFF,0xB2,0xD6,0xFF,0xB2,0xD6,0xFF,0xB2,0xD6,0xFF,0xB2,0xD6,0xFF,0xB2,0xD6,0xFF,
    0xB2,0xD6,0xFF,0xB2,0xD6,0xFF,0xB2,0xD6,0xFF,0xB2,0xD6,0xFF,0xB2,0xD6,0xFF,0xB2,
    0xD6,0xFF,0xB2,0xD6,0xFF,0xB2,0xD6,0xFF,0xB2,0xD6,0xFF,0xB2,0xD6,0xFF,0xB2,0xD6,
    0xFF,0xB2,0xD6,0xFF,0xB2,0xD6,0xFF,0xB2,0xD6,0xFF,0xB2,0xD6,0xFF,0xB2,0xD6,0xFF,
    0xB2,0xD6,0xFF,0xB2,0xD6,0xFF,0xB2,0xD6,0xFF,0xB2,0xD6,0xFF,0xB2,0xD6,0xFF,0xB2,
    0xD6,0xFF,0xB2,0xD6,0xFF,0xB2,0xD6,0xFF,0xB2,0xD6,0xFF,0xB2,0xD6,0xFF,0xB2,0xD6,
    0xFF,0xB2,0xD6,0xFF,0xB2,0xD6,0xFF,0xB2,0xD6,0xFF,0xB2,0xD6,0xFF,0xB2,0xD6,0xFF,
    0xB2,0xD6,0xFF,0xB2,0xD6,0xFF,0xB2,0xD6,0xFF,0xB2,0xD6,0xFF,0xB2,0xD6,0xFF,0xB2,
    0xD6,0xFF,0xB2,0xD6,0xFF,0xB2,0xD6,0xFF,0xB2,0xD6,0xFF,0xB2,0xD6,0xFF,0xB2,0xD6,
    0xFF,0xB2,0xD6,0xFF,0xB2,0xD6,0xFF,0xB2,0xD6,0xFF,0xB2,0xD6,0xFF,0xB2,0xD6,0xFF,
    0xB2,0xD6,0xFF,0xB2,0xD6,0xFF,0xB2,0xD6,0xFF,0xB2,0xD6,0xFF,0xB2,0xD6,0xFF,0xB2,
    0xD6,0xFF,0xB2,0xD6,0xFF,0xB2,0xD6,0xFF,0xB2,0xD6,0xFF,0xB2,0xD6,0xFF,0xB2,0xD6,
    0xFF,0xB2,0xD6,0xFF,0xB2,0xD6,0xFF,0xB2,0xD6,0xFF,0xB2,0xD6,0xFF,0xB2,0xD6,0xFF,
    0xB2,0xD6,0xFF,0xB2,0xD6,0xFF,0xB2,0xD6,0xFF,0xB2,0xD6,0xFF,0xB2,0xD6,0xFF,0xB2,
    0xD6,0xFF,0xB2,0xD6,0xFF,0xB2,0xD6,0xFF,0xB2,0xD6,0xFF,0xB2,0xD6,0xFF,0xB2,0xD6,
    0xFF,0xB2,0xD6,0xFF,0xB2,0xD6,0xFF,0xB2,0xD6,0xFF,0xB2,0xD6,0xFF,0xB2,0xD6,0xFF,
    0xB2,0xD6,0xFF,0xB2,0xD6,0xFF,0xB2,0xD6,0xFF,0xB2,0xD6,0xFF,0xB2,0xD6,0xFF,0xB2,
    0xD6,0xFF,0xB2,0xD6,0xFF,0xB2,0xD6,0xFF,0xB2,0xD6,0xFF,0xB2,0xD6,0xFF,0xB2,0xD6,
    0xFF,0xB2,0xD6,0xFF,0xB2,0xD6,0xFF,0xB2,0xD6,0xFF,0xB2,0xD6,0xFF,0xB2,0xD6,0xFF,
    0xB2,0xD6,0xFF,0xB2,0xD6,0xFF,0xB2,0xD6,0xFF,0xB2,0xD6,0xFF,0xB2,0xD6,0xFF,0xB2,
    0xD6,0xFF,0xB2,0xD6,0xFF,0xB2,0xD6,0xFF,0xB2,0xD6,0xFF,0xB2,0xD6,0xFF,0xB2,0xD6,
    0xFF,0xB2,0xD6,0xFF,0xB2,0xD6,0xFF,0xB2,0xD6,0xFF,0xB2,0xD6,0xFF,0xB2,0xD6,0xFF,
    0xB2,0xD6,0xFF,0xB2,0xD6,0xFF,0xB2,0xD6,0xFF,0xB2,0xD6,0xFF,0xB2,0xD6,0xFF,0xB2,
    0xD6,0xFF,0xB2,0xD6,0xFF,0xB2,0xD6,0xFF,0xB2,0xD6,0xFF,0xB2,0xD6,0xFF,0xB2,0xD6,
    0xFF,0xB2,0xD6,0xFF,0xB2,0xD6,0xFF,0xB2,0xD6,0xFF,0xB2,0xD6,0xFF,0xB2,0xD6,0xFF,
    0xB2,0xD6,0xFF,0xB2,0xD6,0xFF,0xB2,0xD6,0xFF,0xB2,0xD6,0xFF,0xB2,0xD6,0xFF,0xB2,
    0xD6,0xFF,0xB2,0xD6,0xFF,0xB2,0xD6,0xFF,0xB2,0xD6,0xFF,0xB2,0xD6,0xFF,0xB2,0xD6,
    0xFF,0xB2,0xD6,0xFF,0xB2,0xD6,0xFF,0xB2,0xD6,0xFF,0xB2,0xD6,0xFF,0xB2,0xD6,0xFF,
    0xB2,0xD6,0xFF,0xB2,0xD6,0xFF,0xB2,0xD6,0xFF,0xB2,0xD6,0xFF,0xB2,0xD6,0xFF,0xB2,
    0xD6,0xFF,0xB2,0xD6,0xFF,0xB2,0xD6,0xFF,0xB2,0xD6,0xFF,0xB2,0xD6,0xFF,0xB2,0xD6,
    0xFF,0xB2,0xD6,0xFF,0xB2,0xD6,0xFF,0xB2,0xD6,0xFF,0xB2,0xD6,0xFF,0xB2,0xD6,0xFF,
    0xB2,0xD6,0xFF,0xB2,0xD6,0xFF,0xB2,0xD6,0xFF,0xB2,0xD6,0xFF,0xB2,0xD6,0xFF,0xB2,
    0xD6,0xFF,0xB2,0xD6,0xFF,0xB2,0xD6,0xFF,0xB2,0xD6,0xFF,0xB2,0xD6,0xFF,0xB2,0xD6,
    0xFF,0xB2,0xD6,0xFF,0xB2,0xD6,0xFF,0xB2,0xD6,0xFF,0xB2,0xD6,0xFF,0xB2,0xD6,0xFF,
    0xB2,0xD6,0xFF,0xB2,0xD6,0xFF,0xB2,0xD6,0xFF,0xB2,0xD6,0xFF,0xB2,0xD6,0xFF,0xB2,
    0xD6,0xFF,0xB2,0xD6,0xFF,0xB2,0xD6,0xFF,0xB2,0xD6,0xFF,0xB2,0xD6,0xFF,0xB2,0xD6,
    0xFF,0xB2,0xD6,0xFF,0xB2,0xD6,0xFF,0xB2,0xD6,0xFF,0xB2,0xD6,0xFF,0xB2,0xD6,0xFF,
    0xB2,0xD6,0xFF,0xB2,0xD6,0xFF,0xB2,0xD6,0xFF,0xB2,0xD6,0xFF,0xB2,0xD6,0xFF,0xB2,
    0xD6,0xFF,0xB2,0xD6,0xFF,0xB2,0xD6,0xFF,0xB2,0xD6,0xFF,0xB2,0xD6,0xFF,0xB2,0xD6,
    0xFF,0xB2,0xD6,0xFF,0xB2,0xD6,0xFF,0xB2,0xD6,0xFF,0xB2,0xD6,0xFF,0xB2,0xD6,0xFF,
    0xB2,0xD6,0xFF,0xB2,0xD6,0xFF,0xB2,0xD6,0xFF,0xB2,0xD6,0xFF,0xB2,0xD6,0xFF,0xB2,
    0xD6,0xFF,0xB2,0xD6,0xFF,0xB2,0xD6,0xFF,0xB2,0xD6,0xFF,0xB2,0xD6,0xFF,0xB2,0xD6,
    0xFF,0xB2,0xD6,0xFF,0xB2,0xD6,0xFF,0xB2,0xD6,0xFF,0xB2,0xD6,0xFF,0xB2,0xD6,0xFF,
    0xB2,0xD6,0xFF,0xB2,0xD6,0xFF,0xB2,0xD6,0xFF,0xB2,0xD6,0xFF,0xB2,0xD6,0xFF,0xB2,
    0xD6,0xFF,0xB2,0xD6,0xFF,0xB2,0xD6,0xFF,0xB2,0xD6,0xFF,0xB2,0xD6,0xFF,0xB2,0xD6,
    0xFF,0xB2,0xD6,0xFF,0xB2,0xD6,0xFF,0xB2,0xD6,0xFF,0xB2,0xD6,0xFF,0xB2,0xD6,0xFF,
    0xB2,0xD6,0xFF,0xB2,0xD6,0xFF,0xB2,0xD6,0xFF,0xB2,0xD6,0xFF,0xB2,0xD6,0xFF,0xB2,
    0xD6,0xFF,0xB2,0xD6,0xFF,0xB2,0xD6,0xFF,0xB2,0xD6,0xFF,0xB2,0xD6,0xFF,0xB2,0xD6,
    0xFF,0xB2,0xD6,0xFF,0xB2,0xD6,0xFF,0xB2,0xD6,0xFF,0xB2,0xD6,0xFF,0xB2,0xD6,0xFF,
    0xB2,0xD6,0xFF,0xB2,0xD6,0xFF,0xB2,0xD6,0xFF,0xB2,0xD6,0xFF,0xB2,0xD6,0xFF,0xB2,
    0xD6,0xFF,0xB2,0xD6,0xFF,0xB2,0xD6,0xFF,0xB2,0xD6,0xFF,0xB2,0xD6,0xFF,0xB2,0xD6,
    0xFF,0xB2,0xD6,0xFF,0xB2,0xD6,0xFF,0xB2,0xD6,0xFF,0xB2,0xD6,0xFF,0xB2,0xD6,0xFF,
    0xB2,0xD6,0xFF,0xB2,0xD6,0xFF,0xB2,0xD6,0xFF,0xB2,0xD6,0xFF,0xB2,0xD6,0xFF,0xB2,
    0xD6,0xFF,0xB2,0xD6,0xFF,0xB2,0xD6,0xFF,0xB2,0xD6,0xFF,0xB2,0xD6,0xFF,0xB2,0xD6,
    0xFF,0xB2,0xD6,0xFF,0xB2,0xD6,0xFF,0xB2,0xD6,0xFF,0xB2,0xD6,0xFF,0xB2,0xD6,0xFF,
    0xB2,0xD6,0xFF,0xB2,0xD6,0xFF,0xB2,0xD6,0xFF,0xB2,0xD6,0xFF,0xB2,0xD6,0xFF,0xB2,
    0xD6,0xFF,0xB2,0xD6,0xFF,0xB2,0xD6,0xFF,0xB2,0xD6,0xFF,0xB2,0xD6,0xFF,0xB2,0xD6,
    0xFF,0xB2,0xD6,0xFF,0xB2,0xD6,0xFF,0xB2,0xD6,0xFF,0xB2,0xD6,0xFF,0xB2,0xD6,0xFF,
    0xB2,0xD6,0xFF,0xB2,0xD6,0xFF,0xB2,0xD6,0xFF,0xB2,0xD6,0xFF,0xB2,0xD6,0xFF,0xB2,
    0xD6,0xFF,0xB2,0xD6,0xFF,0xB2,0xD6,0xFF,0xB2,0xD6,0xFF,0xB2,0xD6,0xFF,0xB2,0xD6,
    0xFF,0xB2,0xD6,0xFF,0xB2,0xD6,0xFF,0xB2,0xD6,0xFF,0xB2,0xD6,0xFF,0xB2,0xD6,0xFF,
    0xB2,0xD6,0xFF,0xB2,0xD6,0xFF,0xB2,0xD6,0xFF,0xB2,0xD6,0xFF,0xB2,0xD6,0xFF,0xB2,
    0xD6,0xFF,0xB2,0xD6,0xFF,0xB2,0xD6,0xFF,0xB2,0xD6,0xFF,0xB2,0xD6,0xFF,0xB2,0xD6,
    0xFF,0xB2,0xD6,0xFF,0xB2,0xD6,0xFF,0xB2,0xD6,0xFF,0xB2,0xD6,0xFF,0xB2,0xD6,0xFF,
    0xB2,0xD6,0xFF,0xB2,0xD6,0xFF,0xB2,0xD6,0xFF,0xB2,0xD6,0xFF,0xB2,0xD6,0xFF,0xB2,
    0xD6,0xFF,0xB2,0xD6,0xFF,0xB2,0xD6,0xFF,0xB2,0xD6,0xFF,0xB2,0xD6,0xFF,0xB2,0xD6,
    0xFF,0xB2,0xD6,0xFF,0xB2,0xD6,0xFF,0xB2,0xD6,0xFF,0xB2,0xD6,0xFF,0xB2,0xD6,0xFF,
    0xB2,0xD6,0xFF,0xB2,0xD6,0xFF,0xB2,0xD6,0xFF,0xB2,0xD6,0xFF,0xB2,0xD6,0xFF,0xB2,
    0xD6,0xFF,0xB2,0xD6,0xFF,0xB2,0xD6,0xFF,0xB2,0xD6,0xFF,0xB2,0xD6,0xFF,0xB2,0xD6,
    0xFF,0xB2,0xD6,0xFF,0xB2,0xD6,0xFF,0xB2,0xD6,0xFF,0xB2,0xD6,0xFF,0xB2,0xD6,0xFF,
    0xB2,0xD6,0xFF,0xB2,0xD6,0xFF,0xB2,0xD6,0xFF,0xB2,0xD6,0xFF,0xB2,0xD6,0xFF,0xB2,
    0xD6,0xFF,0xB2,0xD6,0xFF,0xB2,0xD6,0xFF,0xB2,0xD6,0xFF,0xB2,0xD6,0xFF,0xB2,0xD6,
    0xFF,0xB2,0xD6,0xFF,0xB2,0xD6,0xFF,0xB2,0xD6,0xFF,0xB2,0xD6,0xFF,0xB2,0xD6,0xFF,
    0xB2,0xD6,0xFF,0xB2,0xD6,0xFF,0xB2,0xD6,0xFF,0xB2,0xD6,0xFF,0xB2,0xD6,0xFF,0xB2,
    0xD6,0xFF,0xB2,0xD6,0xFF,0xB2,0xD6,0xFF,0xB2,0xD6,0xFF,0xB2,0xD6,0xFF,0xB2,0xD6,
    0xFF,0xB2,0xD6,0xFF,0xB2,0xD6,0xFF,0xB2,0xD6,0xFF,0xB2,0xD6,0xFF,0xB2,0xD6,0xFF,
    0xB2,0xD6,0xFF,0xB2,0xD6,0xFF,0xB2,0xD6,0xFF,0xB2,0xD6,0xFF,0xB2,0xD6,0xFF,0xB2,
    0xD6,0xFF,0xB2,0xD6,0xFF,0xB2,0xD6,0xFF,0xB2,0xD6,0xFF,0xB2,0xD6,0xFF,0xB2,0xD6,
    0xFF,0xB2,0xD6,0xFF,0xB2,0xD6,0xFF,0xB2,0xD6,0xFF,0xB2,0xD6,0xFF,0xB2,0xD6,0xFF,
    0xB2,0xD6,0xFF,0xB2,0xD6,0xFF,0xB2,0xD6,0xFF,0xB2,0xD6,0xFF,0xB2,0xD6,0xFF,0xB2,
    0xD6,0xFF,0xB2,0xD6,0xFF,0xB2,0xD6,0xFF,0xB2,0xD6,0xFF,0xB2,0xD6,0xFF,0xB2,0xD6,
    0xFF,0xB2,0xD6,0xFF,0xB2,0xD6,0xFF,0xB2,0xD6,0xFF,0xB2,0xD6,0xFF,0xB2,0xD6,0xFF,
    0xB2,0xD6,0xFF,0xB2,0xD6,0xFF,0xB2,0xD6,0xFF,0xB2,0xD6,0xFF,0xB2,0xD6,0xFF,0xB2,
    0xD6,0xFF,0xB2,0xD6,0xFF,0xB2,0xD6,0xFF,0xB2,0xD6,0xFF,0xB2,0xD6,0xFF,0xB2,0xD6,
    0xFF,0xB2,0xD6,0xFF,0xB2,0xD6,0xFF,0xB2,0xD6,0xFF,0xB2,0xD6,0xFF,0xB2,0xD6,0xFF,
    0xB2,0xD6,0xFF,0xB2,0xD6,0xFF,0xB2,0xD6,0xFF,0xB2,0xD6,0xFF,0xB2,0xD6,0xFF,0xB2,
    0xD6,0xFF,0xB2,0xD6,0xFF,0xB2,0xD6,0xFF,0xB2,0xD6,0xFF,0xB2,0xD6,0xFF,0xB2,0xD6,
    0xFF,0xB2,0xD6,0xFF,0xB2,0xD6,0xFF,0xB2,0xD6,0xFF,0xB2,0xD6,0xFF,0xB2,0xD6,0xFF,
    0xB2,0xD6,0xFF,0xB2,0xD6,0xFF,0xB2,0xD6,0xFF,0xB2,0xD6,0xFF,0xB2,0xD6,0xFF,0xB2,
    0xD6,0xFF,0xB2,0xD6,0xFF,0xB2,0xD6,0xFF,0xB2,0xD6,0xFF,0xB2,0xD6,0xFF,0xB2,0xD6,
    0xFF,0xB2,0xD6,0xFF,0xB2,0xD6,0xFF,0xB2,0xD6,0xFF,0xB2,0xD6,0xFF,0xB2,0xD6,0xFF,
    0xB2,0xD6,0xFF,0xB2,0xD6,0xFF,0xB2,0xD6,0xFF,0xB2,0xD6,0xFF,0xB2,0xD6,0xFF,0xB2,
    0xD6,0xFF,0xB2,0xD6,0xFF,0xB2,0xD6,0xFF,0xB2,0xD6,0xFF,0xB2,0xD6,0xFF,0xB2,0xD6,
    0xFF,0xB2,0xD6,0xFF,0xB2,0xD6,0xFF,0xB2,0xD6,0xFF,0xB2,0xD6,0xFF,0xB2,0xD6,0xFF,
    0xB2,0xD6,0xFF,0xB2,0xD6,0xFF,0xB2,0xD6,0xFF,0xB2,0xD6,0xFF,0xB2,0xD6,0xFF,0xB2,
    0xD6,0xFF,0xB2,0xD6,0xFF,0xB2,0xD6,0xFF,0xB2,0xD6,0xFF,0xB2,0xD6,0xFF,0xB2,0xD6,
    0xFF,0xB2,0xD6,0xFF,0xB2,0xD6,0xFF,0xB2,0xD6,0xFF,0xB2,0xD6,0xFF,0xB2,0xD6,0xFF,
    0xB2,0xD6,0xFF,0xB2,0xD6,0xFF,0xB2,0xD6,0xFF,0xB2,0xD6,0xFF,0xB2,0xD6,0xFF,0xB2,
    0xD6,0xFF,0xB2,0xD6,0xFF,0xB2,0xD6,0xFF,0xB2,0xD6,0xFF,0xB2,0xD6,0xFF,0xB2,0xD6,
    0xFF,0xB2,0xD6,0xFF,0xB2,0xD6,0xFF,0xB2,0xD6,0xFF,0xB2,0xD6,0xFF,0xB2,0xD6,0xFF,
    0xB2,0xD6,0xFF,0xB2,0xD6,0xFF,0xB2,0xD6,0xFF,0xB2,0xD6,0xFF,0xB2,0xD6,0xFF,0xB2,
    0xD6,0xFF,0xB2,0xD6,0xFF,0xB2,0xD6,0xFF,0xB2,0xD6,0xFF,0xB2,0xD6,0xFF,0xB2,0xD6,
    0xFF,0xB2,0xD6,0xFF,0xB2,0xD6,0xFF,0xB2,0xD6,0xFF,0xB2,0xD6,0xFF,0xB2,0xD6,0xFF,
    0xB2,0xD6,0xFF,0xB2,0xD6,0xFF,0xB2,0xD6,0xFF,0xB2,0xD6,0xFF,0xB2,0xD6,0xFF,0xB2,
    0xD6,0xFF,0xB2,0xD6,0xFF,0xB2,0xD6,0xFF,0xB2,0xD6,0xFF,0xB2,0xD6,0xFF,0xB2,0xD6,
    0xFF,0xB2,0xD6,0xFF,0xB2,0xD6,0xFF,0xB2,0xD6,0xFF,0xB2,0xD6,0xFF,0xB2,0xD6,0xFF,
    0xB2,0xD6,0xFF,0xB2,0xD6,0xFF,0xB2,0xD6,0xFF,0xB2,0xD6,0xFF,0xB2,0xD6,0xFF,0xB2,
    0xD6,0xFF,0xB2,0xD6,0xFF,0xB2,0xD6,0xFF,0xB2,0xD6,0xFF,0xB2,0xD6,0xFF,0xB2,0xD6,
    0xFF,0xB2,0xD6,0xFF,0xB2,0xD6,0xFF,0xB2,0xD6,0xFF,0xB2,0xD6,0xFF,0xB2,0xD6,0xFF,
    0xB2,0xD6,0xFF,0xB2,0xD6,0xFF,0xB2,0xD6,0xFF,0xB2,0xD6,0xFF,0xB2,0xD6,0xFF,0xB2,
    0xD6,0xFF,0xB2,0xD6,0xFF,0xB2,0xD6,0xFF,0xB2,0xD6,0xFF,0xB2,0xD6,0xFF,0xB2,0xD6,
    0xFF,0xB2,0xD6,0xFF,0xB2,0xD6,0xFF,0xB2,0xD6,0xFF,0xB2,0xD6,0xFF,0xB2,0xD6,0xFF,
    0xB2,0xD6,0xFF,0xB2,0xD6,0xFF,0xB2,0xD6,0xFF,0xB2,0xD6,0xFF,0xB2,0xD6,0xFF,0xB2,
    0xD6,0xFF,0xB2,0xD6,0xFF,0xB2,0xD6,0xFF,0xB2,0xD6,0xFF,0xB2,0xD6,0xFF,0xB2,0xD6,
    0xFF,0xB2,0xD6,0xFF,0xB2,0xD6,0xFF,0xB2,0xD6,0xFF,0xB2,0xD6,0xFF,0xB2,0xD6,0xFF,
    0xB2,0xD6,0xFF,0xB2,0xD6,0xFF,0xB2,0xD6,0xFF,0xB2,0xD6,0xFF,0xB2,0xD6,0xFF,0xB2,
    0xD6,0xFF,0xB2,0xD6,0xFF,0xB2,0xD6,0xFF,0xB2,0xD6,0xFF,0xB2,0xD6,0xFF,0xB2,0xD6,
    0xFF,0xB2,0xD6,0xFF,0xB2,0xD6,0xFF,0xB2,0xD6,0xFF,0xB2,0xD6,0xFF,0xB2,0xD6,0xFF,
    0xB2,0xD6,0xFF,0xB2,0xD6,0xFF,0xB2,0xD6,0xFF,0xB2,0xD6,0xFF,0xB2,0xD6,0xFF,0xB2,
    0xD6,0xFF,0xB2,0xD6,0xFF,0xB2,0xD6,0xFF,0xB2,0xD6,0xFF,0xB2,0xD6,0xFF,0xB2,0xD6,
    0xFF,0xB2,0xD6,0xFF,0xB2,0xD6,0xFF,0xB2,0xD6,0xFF,0xB2,0xD6,0xFF,0xB2,0xD6,0xFF,
    0xB2,0xD6,0xFF,0xB2,0xD6,0xFF,0xB2,0xD6,0xFF,0xB2,0xD6,0xFF,0xB2,0xD6,0xFF,0xB2,
    0xD6,0xFF,0xB2,0xD6,0xFF,0xB2,0xD6,0xFF,0xB2,0xD6,0xFF,0xB2,0xD6,0xFF,0xB2,0xD6,
    0xFF,0xB2,0xD6,0xFF,0xB2,0xD6,0xFF,0xB2,0xD6,0xFF,0xB2,0xD6,0xFF,0xB2,0xD6,0xFF,
    0xB2,0xD6,0xFF,0xB2,0xD6,0xFF,0xB2,0xD6,0xFF,0xB2,0xD6,0xFF,0xB2,0xD6,0xFF,0xB2,
    0xD6,0xFF,0xB2,0xD6,0xFF,0xB2,0xD6,0xFF,0xB2,0xD6,0xFF,0xB2,0xD6,0xFF,0xB2,0xD6,
    0xFF,0xB2,0xD6,0xFF,0xB2,0xD6,0xFF,0xB2,0xD6,0xFF,0xB2,0xD6,0xFF,0xB2,0xD6,0xFF,
    0xB2,0xD6,0xFF,0xB2,0xD6,0xFF,0xB2,0xD6,0xFF,0xB2,0xD6,0xFF,0xB2,0xD6,0xFF,0xB2,
    0xD6,0xFF,0xB2,0xD6,0xFF,0xB2,0xD6,0xFF,0xB2,0xD6,0xFF,0xB2,0xD6,0xFF,0xB2,0xD6,
    0xFF,0xB2,0xD6,0xFF,0xB2,0xD6,0xFF,0xB2,0xD6,0xFF,0xB2,0xD6,0xFF,0xB2,0xD6,0xFF,
    0xB2,0xD6,0xFF,0xB2,0xD6,0xFF,0xB2,0xD6,0xFF,0xB2,0xD6,0xFF,0xB2,0xD6,0xFF,0xB2,
    0xD6,0xFF,0xB2,0xD6,0xFF,0xB2,0xD6,0xFF,0xB2,0xD6,0xFF,0xB2,0xD6,0xFF,0xB2,0xD6,
    0xFF,0xB2,0xD6,0xFF,0xB2,0xD6,0xFF,0xB2,0xD6,0xFF,0xB2,0xD6,0xFF,0xB2,0xD6,0xFF,
    0xB2,0xD6,0xFF,0xB2,0xD6,0xFF,0xB2,0xD6,0xFF,0xB2,0xD6,0xFF,0xB2,0xD6,0xFF,0xB2,
    0xD6,0xFF,0xB2,0xD6,0xFF,0xB2,0xD6,0xFF,0xB2,0xD6,0xFF,0xB2,0xD6,0xFF,0xB2,0xD6,
    0xFF,0xB2,0xD6,0xFF,0xB2,0xD6,0xFF,0xB2,0xD6,0xFF,0xB2,0xD6,0xFF,0xB2,0xD6,0xFF,
    0xB2,0xD6,0xFF,0xB2,0xD6,0xFF,0xB2,0xD6,0xFF,0xB2,0xD6,0xFF,0xB2,0xD6,0xFF,0xB2,
    0xD6,0xFF,0xB2,0xD6,0xFF,0xB2,0xD6,0xFF,0xB2,0xD6,0xFF,0xB2,0xD6,0xFF,0xB2,0xD6,
    0xFF,0xB2,0xD6,0xFF,0xB2,0xD6,0xFF,0xB2,0xD6,0xFF,0xB2,0xD6,0xFF,0xB2,0xD6,0xFF,
    0xB2,0xD6,0xFF,0xB2,0xD6,0xFF,0xB2,0xD6,0xFF,0xB2,0xD6,0xFF,0xB2,0xD6,0xFF,0xB2,
    0xD6,0xFF,0xB2,0xD6,0xFF,0xB2,0xD6,0xFF,0xB2,0xD6,0xFF,0xB2,0xD6,0xFF,0xB2,0xD6,
    0xFF,0xB2,0xD6,0xFF,0xB2,0xD6,0xFF,0xB2,0xD6,0xFF,0xB2,0xD6,0xFF,0xB2,0xD6,0xFF,
    0xB2,0xD6,0xFF,0xB2,0xD6,0xFF,0xB2,0xD6,0xFF,0xB2,0xD6,0xFF,0xB2,0xD6,0xFF,0xB2,
    0xD6,0xFF,0xB2,0xD6,0xFF,0xB2,0xD6,0xFF,0xB2,0xD6,0xFF,0xB2,0xD6,0xFF,0xB2,0xD6,
    0xFF,0xB2,0xD6,0xFF,0xB2,0xD6,0xFF,0xB2,0xD6,0xFF,0xB2,0xD6,0xFF,0xB2,0xD6,0xFF,
    0xB2,0xD6,0xFF,0xB2,0xD6,0xFF,0xB2,0xD6,0xFF,0xB2,0xD6,0xFF,0xB2,0xD6,0xFF,0xB2,
    0xD6,0xFF,0xB2,0xD6,0xFF,0xB2,0xD6,0xFF,0xB2,0xD6,0xFF,0xB2,0xD6,0xFF,0xB2,0xD6,
    0xFF,0xB2,0xD6,0xFF,0xB2,0xD6,0xFF,0xB2,0xD6,0xFF,0xB2,0xD6,0xFF,0xB2,0xD6,0xFF,
    0xB2,0xD6,0xFF,0xB2,0xD6,0xFF,0xB2,0xD6,0xFF,0xB2,0xD6,0xFF,0xB2,0xD6,0xFF,0xB2,
    0xD6,0xFF,0xB2,0xD6,0xFF,0xB2,0xD6,0xFF,0xB2,0xD6,0xFF,0xB2,0xD6,0xFF,0xB2,0xD6,
    0xFF,0xB2,0xD6,0xFF,0xB2,0xD6,0xFF,0xB2,0xD6,0xFF,0xB2,0xD6,0xFF,0xB2,0xD6,0xFF,
    0xB2,0xD6,0xFF,0xB2,0xD6,0xFF,0xB2,0xD6,0xFF,0xB2,0xD6,0xFF,0xB2,0xD6,0xFF,0xB2,
    0xD6,0xFF,0xB2,0xD6,0xFF,0xB2,0xD6,0xFF,0xB2,0xD6,0xFF,0xB2,0xD6,0xFF,0xB2,0xD6,
    0xFF,0xB2,0xD6,0xFF,0xB2,0xD6,0xFF,0xB2,0xD6,0xFF,0xB2,0xD6,0xFF,0xB2,0xD6,0xFF,
    0xB2,0xD6,0xFF,0xB2,0xD6,0xFF,0xB2,0xD6,0xFF,0xB2,0xD6,0xFF,0xB2,0xD6,0xFF,0xB2,
    0xD6,0xFF,0xB2,0xD6,0xFF,0xB2,0xD6,0xFF,0xB2,0xD6,0xFF,0xB2,0xD6,0xFF,0xB2,0xD6,
    0xFF,0xB2,0xD6,0xFF,0xB2,0xD6,0xFF,0xB2,0xD6,0xFF,0xB2,0xD6,0xFF,0xB2,0xD6,0xFF,
    0xB2,0xD6,0xFF,0xB2,0xD6,0xFF,0xB2,0xD6,0xFF,0xB2,0xD6,0xFF,0xB2,0xD6,0xFF,0xB2,
    0xD6,0xFF,0xB2,0xD6,0xFF,0xB2,0xD6,0xFF,0xB2,0xD6,0xFF,0xB2,0xD6,0xFF,0xB2,0xD6,
    0xFF,0xB2,0xD6,0xFF,0xB2,0xD6,0xFF,0xB2,0xD6,0xFF,0xB2,0xD6,0xFF,0xB2,0xD6,0xFF,
    0xB2,0xD6,0xFF,0xB2,0xD6,0xFF,0xB2,0xD6,0xFF,0xB2,0xD6,0xFF,0xB2,0xD6,0xFF,0xB2,
    0xD6,0xFF,0xB2,0xD6,0xFF,0xB2,0xD6,0xFF,0xB2,0xD6,0xFF,0xB2,0xD6,0xFF,0xB2,0xD6,
    0xFF,0xB2,0xD6,0xFF,0xB2,0xD6,0xFF,0xB2,0xD6,0xFF,0xB2,0xD6,0xFF,0xB2,0xD6,0xFF,
    0xB2,0xD6,0xFF,0xB2,0xD6,0xFF,0xB2,0xD6,0xFF,0xB2,0xD6,0xFF,0xB2,0xD6,0xFF,0xB2,
    0xD6,0xFF,0xB2,0xD6,0xFF,0xB2,0xD6,0xFF,0xB2,0xD6,0xFF,0xB2,0xD6,0xFF,0xB2,0xD6,
    0xFF,0xB2,0xD6,0xFF,0xB2,0xD6,0xFF,0xB2,0xD6,0xFF,0xB2,0xD6,0xFF,0xB2,0xD6,0xFF,
    0xB2,0xD6,0xFF,0xB2,0xD6,0xFF,0xB2,0xD6,0xFF,0xB2,0xD6,0xFF,0xB2,0xD6,0xFF,0xB2,
    0xD6,0xFF,0xB2,0xD6,0xFF,0xB2,0xD6,0xFF,0xB2,0xD6,0xFF,0xB2,0xD6,0xFF,0xB2,0xD6,
    0xFF,0xB2,0xD6,0xFF,0xB2,0xD6,0xFF,0xB2,0xD6,0xFF,0xB2,0xD6,0xFF,0xB2,0xD6,0xFF,
    0xB2,0xD6,0xFF,0xB2,0xD6,0xFF,0xB2,0xD6,0xFF,0xB2,0xD6,0xFF,0xB2,0xD6,0xFF,0xB2,
    0xD6,0xFF,0xB2,0xD6,0xFF,0xB2,0xD6,0xFF,0xB2,0xD6,0xFF,0xB2,0xD6,0xFF,0xB2,0xD6,
    0xFF,0xB2,0xD6,0xFF,0xB2,0xD6,0xFF,0xB2,0xD6,0xFF,0xB2,0xD6,0xFF,0xB2,0xD6,0xFF,
    0xB2,0xD6,0xFF,0xB2,0xD6,0xFF,0xB2,0xD6,0xFF,0xB2,0xD6,0xFF,0xB2,0xD6,0xFF,0xB2,
    0xD6,0xFF,0xB2,0xD6,0xFF,0xB2,0xD6,0xFF,0xB2,0xD6,0xFF,0xB2,0xD6,0xFF,0xB2,0xD6,
    0xFF,0xB2,0xD6,0xFF,0xB2,0xD6,0xFF,0xB2,0xD6,0xFF,0xB2,0xD6,0xFF,0xB2,0xD6,0xFF,
    0xB2,0xD6,0xFF,0xB2,0xD6,0xFF,0xB2,0xD6,0xFF,0xB2,0xD6,0xFF,0xB2,0xD6,0xFF,0xB2,
    0xD6,0xFF,0xB2,0xD6,0xFF,0xB2,0xD6,0xFF,0xB2,0xD6,0xFF,0xB2,0xD6,0xFF,0xB2,0xD6,
    0xFF,0xB2,0xD6,0xFF,0xB2,0xD6,0xFF,0xB2,0xD6,0xFF,0xB2,0xD6,0xFF,0xB2,0xD6,0xFF,
    0xB2,0xD6,0xFF,0xB2,0xD6,0xFF,0xB2,0xD6,0xFF,0xB2,0xD6,0xFF,0xB2,0xD6,0xFF,0xB2,
    0xD6,0xFF,0xB2,0xD6,0xFF,0xB2,0xD6,0xFF,0xB2,0xD6,0xFF,0xB2,0xD6,0xFF,0xB2,0xD6,
    0xFF,0xB2,0xD6,0xFF,0xB2,0xD6,0xFF,0xB2,0xD6,0xFF,0xB2,0xD6,0xFF,0xB2,0xD6,0xFF,
    0xB2,0xD6,0xFF,0xB2,0xD6,0xFF,0xB2,0xD6,0xFF,0xB2,0xD6,0xFF,0xB2,0xD6,0xFF,0xB2,
    0xD6,0xFF,0xB2,0xD6,0xFF,0xB2,0xD6,0xFF,0xB2,0xD6,0xFF,0xB2,0xD6,0xFF,0xB2,0xD6,
    0xFF,0xB2,0xD6,0xFF,0xB2,0xD6,0xFF,0xB2,0xD6,0xFF,0xB2,0xD6,0xFF,0xB2,0xD6,0xFF,
    0xB2,0xD6,0xFF,0xB2,0xD6,0xFF,0xB2,0xD6,0xFF,0xB2,0xD6,0xFF,0xB2,0xD6,0xFF,0xB2,
    0xD6,0xFF,0xB2,0xD6,0xFF,0xB2,0xD6,0xFF,0xB2,0xD6,0xFF,0xB2,0xD6,0xFF,0xB2,0xD6,
    0xFF,0xB2,0xD6,0xFF,0xB2,0xD6,0xFF,0xB2,0xD6,0xFF,0xB2,0xD6,0xFF,0xB2,0xD6,0xFF,
    0xB2,0xD6,0xFF,0xB2,0xD6,0xFF,0xB2,0xD6,0xFF,0xB2,0xD6,0xFF,0xB2,0xD6,0xFF,0xB2,
    0xD6,0xFF,0xB2,0xD6,0xFF,0xB2,0xD6,0xFF,0xB2,0xD6,0xFF,0xB2,0xD6,0xFF,0xB2,0xD6,
    0xFF,0xB2,0xD6,0xFF,0xB2,0xD6,0xFF,0xB2,0xD6,0xFF,0xB2,0xD6,0xFF,0xB2,0xD6,0xFF,
    0xB2,0xD6,0xFF,0xB2,0xD6,0xFF,0xB2,0xD6,0xFF,0xB2,0xD6,0xFF,0xB2,0xD6,0xFF,0xB2,
    0xD6,0xFF,0xB2,0xD6,0xFF,0xB2,0xD6,0xFF,0xB2,0xD6,0xFF,0xB2,0xD6,0xFF,0xB2,0xD6,
    0xFF,0xB2,0xD6,0xFF,0xB2,0xD6,0xFF,0xB2,0xD6,0xFF,0xB2,0xD6,0xFF,0xB2,0xD6,0xFF,
    0xB2,0xD6,0xFF,0xB2,0xD6,0xFF,0xB2,0xD6,0xFF,0xB2,0xD6,0xFF,0xB2,0xD6,0xFF,0xB2,
    0xD6,0xFF,0xB2,0xD6,0xFF,0xB2,0xD6,0xFF,0xB2,0xD6,0xFF,0xB2,0xD6,0xFF,0xB2,0xD6,
    0xFF,0xB2,0xD6,0xFF,0xB2,0xD6,0xFF,0xB2,0xD6,0xFF,0xB2,0xD6,0xFF,0xB2,0xD6,0xFF,
    0xB2,0xD6,0xFF,0xB2,0xD6,0xFF,0xB2,0xD6,0xFF,0xB2,0xD6,0xFF,0xB2,0xD6,0xFF,0xB2,
    0xD6,0xFF,0xB2,0xD6,0xFF,0xB2,0xD6,0xFF,0xB2,0xD6,0xFF,0xB2,0xD6,0xFF,0xB2,0xD6,
    0xFF,0xB2,0xD6,0xFF,0xB2,0xD6,0xFF,0xB2,0xD6,0xFF,0xB2,0xD6,0xFF,0xB2,0xD6,0xFF,
    0xB2,0xD6,0xFF,0xB2,0xD6,0xFF,0xB2,0xD6,0xFF,0xB2,0xD6,0xFF,0xB2,0xD6,0xFF,0xB2,
    0xD6,0xFF,0xB2,0xD6,0xFF,0xB2,0xD6,0xFF,0xB2,0xD6,0xFF,0xB2,0xD6,0xFF,0xB2,0xD6,
    0xFF,0xB2,0xD6,0xFF,0xB2,0xD6,0xFF,0xB2,0xD6,0xFF,0xB2,0xD6,0xFF,0xB2,0xD6,0xFF,
    0xB2,0xD6,0xFF,0xB2,0xD6,0xFF,0xB2,0xD6,0xFF,0xB2,0xD6,0xFF,0xB2,0xD6,0xFF,0xB2,
    0xD6,0xFF,0xB2,0xD6,0xFF,0xB2,0xD6,0xFF,0xB2,0xD6,0xFF,0xB2,0xD6,0xFF,0xB2,0xD6,
    0xFF,0xB2,0xD6,0xFF,0xB2,0xD6,0xFF,0xB2,0xD6,0xFF,0xB2,0xD6,0xFF,0xB2,0xD6,0xFF,
    0xB2,0xD6,0xFF,0xB2,0xD6,0xFF,0xB2,0xD6,0xFF,0xB2,0xD6,0xFF,0xB2,0xD6,0xFF,0xB2,
    0xD6,0xFF,0xB2,0xD6,0xFF,0xB2,0xD6,0xFF,0xB2,0xD6,0xFF,0xB2,0xD6,0xFF,0xB2,0xD6,
    0xFF,0xB2,0xD6,0xFF,0xB2,0xD6,0xFF,0xB2,0xD6,0xFF,0xB2,0xD6,0xFF,0xB2,0xD6,0xFF,
    0xB2,0xD6,0xFF,0xB2,0xD6,0xFF,0xB2,0xD6,0xFF,0xB2,0xD6,0xFF,0xB2,0xD6,0xFF,0xB2,
    0xD6,0xFF,0xB2,0xD6,0xFF,0xB2,0xD6,0xFF,0xB2,0xD6,0xFF,0xB2,0xD6,0xFF,0xB2,0xD6,
    0xFF,0xB2,0xD6,0xFF,0xB2,0xD6,0xFF,0xB2,0xD6,0xFF,0xB2,0xD6,0xFF,0xB2,0xD6,0xFF,
    0xB2,0xD6,0xFF,0xB2,0xD6,0xFF,0xB2,0xD6,0xFF,0xB2,0xD6,0xFF,0xB2,0xD6,0xFF,0xB2,
    0xD6,0xFF,0xB2,0xD6,0xFF,0xB2,0xD6,0xFF,0xB2,0xD6,0xFF,0xB2,0xD6,0xFF,0xB2,0xD6,
    0xFF,0xB2,0xD6,0xFF,0xB2,0xD6,0xFF,0xB2,0xD6,0xFF,0xB2,0xD6,0xFF,0xB2,0xD6,0xFF,
    0xB2,0xD6,0xFF,0xB2,0xD6,0xFF,0xB2,0xD6,0xFF,0xB2,0xD6,0xFF,0xB2,0xD6,0xFF,0xB2,
    0xD6,0xFF,0xB2,0xD6,0xFF,0xB2,0xD6,0xFF,0xB2,0xD6,0xFF,0xB2,0xD6,0xFF,0xB2,0xD6,
    0xFF,0xB2,0xD6,0xFF,0xB2,0xD6,0xFF,0xB2,0xD6,0xFF,0xB2,0xD6,0xFF,0xB2,0xD6,0xFF,
    0xB2,0xD6,0xFF,0xB2,0xD6,0xFF,0xB2,0xD6,0xFF,0xB2,0xD6,0xFF,0xB2,0xD6,0xFF,0xB2,
    0xD6,0xFF,0xB2,0xD6,0xFF,0xB2,0xD6,0xFF,0xB2,0xD6,0xFF,0xB2,0xD6,0xFF,0xB2,0xD6,
    0xFF,0xB2,0xD6,0xFF,0xB2,0xD6,0xFF,0xB2,0xD6,0xFF,0xB2,0xD6,0xFF,0xB2,0xD6,0xFF,
    0xB2,0xD6,0xFF,0xB2,0xD6,0xFF,0xB2,0xD6,0xFF,0xB2,0xD6,0xFF,0xB2,0xD6,0xFF,0xB2,
    0xD6,0xFF,0xB2,0xD6,0xFF,0xB2,0xD6,0xFF,0xB2,0xD6,0xFF,0xB2,0xD6,0xFF,0xB2,0xD6,
    0xFF,0xB2,0xD6,0xFF,0xB2,0xD6,0xFF,0xB2,0xD6,0xFF,0xB2,0xD6,0xFF,0xB2,0xD6,0xFF,
    0xB2,0xD6,0xFF,0xB2,0xD6,0xFF,0xB2,0xD6,0xFF,0xB2,0xD6,0xFF,0xB2,0xD6,0xFF,0xB2,
    0xD6,0xFF,0xB2,0xD6,0xFF,0xB2,0xD6,0xFF,0xB2,0xD6,0xFF,0xB2,0xD6,0xFF,0xB2,0xD6,
    0xFF,0xB2,0xD6,0xFF,0xB2,0xD6,0xFF,0xB2,0xD6,0xFF,0xB2,0xD6,0xFF,0xB2,0xD6,0xFF,
    0xB2,0xD6,0xFF,0xB2,0xD6,0xFF,0xB2,0xD6,0xFF,0xB2,0xD6,0xFF,0xB2,0xD6,0xFF,0xB2,
    0xD6,0xFF,0xB2,0xD6,0xFF,0xB2,0xD6,0xFF,0xB2,0xD6,0xFF,0xB2,0xD6,0xFF,0xB2,0xD6,
    0xFF,0xB2,0xD6,0xFF,0xB2,0xD6,0xFF,0xB2,0xD6,0xFF,0xB2,0xD6,0xFF,0xB2,0xD6,0xFF,
    0xB2,0xD6,0xFF,0xB2,0xD6,0xFF,0xB2,0xD6,0xFF,0xB2,0xD6,0xFF,0xB2,0xD6,0xFF,0xB2,
    0xD6,0xFF,0xB2,0xD6,0xFF,0xB2,0xD6,0xFF,0xB2,0xD6,0xFF,0xB2,0xD6,0xFF,0xB2,0xD6,
    0xFF,0xB2,0xD6,0xFF,0xB2,0xD6,0xFF,0xB2,0xD6,0xFF,0xB2,0xD6,0xFF,0xB2,0xD6,0xFF,
    0xB2,0xD6,0xFF,0xB2,0xD6,0xFF,0xB2,0xD6,0xFF,0xB2,0xD6,0xFF,0xB2,0xD6,0xFF,0xB2,
    0xD6,0xFF,0xB2,0xD6,0xFF,0xB2,0xD6,0xFF,0xB2,0xD6,0xFF,0xB2,0xD6,0xFF,0xB2,0xD6,
    0xFF,0xB2,0xD6,0xFF,0xB2,0xD6,0xFF,0xB2,0xD6,0xFF,0xB2,0xD6,0xFF,0xB2,0xD6,0xFF,
    0xB2,0xD6,0xFF,0xB2,0xD6,0xFF,0xB2,0xD6,0xFF,0xB2,0xD6,0xFF,0xB2,0xD6,0xFF,0xB2,
    0xD6,0xFF,0xB2,0xD6,0xFF,0xB2,0xD6,0xFF,0xB2,0xD6,0xFF,0xB2,0xD6,0xFF,0xB2,0xD6,
    0xFF,0xB2,0xD6,0xFF,0xB2,0xD6,0xFF,0xB2,0xD6,0xFF,0xB2,0xD6,0xFF,0xB2,0xD6,0xFF,
    0xB2,0xD6,0xFF,0xB2,0xD6,0xFF,0xB2,0xD6,0xFF,0xB2,0xD6,0xFF,0xB2,0xD6,0xFF,0xB2,
    0xD6,0xFF,0xB2,0xD6,0xFF,0xB2,0xD6,0xFF,0xB2,0xD6,0xFF,0xB2,0xD6,0xFF,0xB2,0xD6,
    0xFF,0xB2,0xD6,0xFF,0xB2,0xD6,0xFF,0xB2,0xD6,0xFF,0xB2,0xD6,0xFF,0xB2,0xD6,0xFF,
    0xB2,0xD6,0xFF,0xB2,0xD6,0xFF,0xB2,0xD6,0xFF,0xB2,0xD6,0xFF,0xB2,0xD6,0xFF,0xB2,
    0xD6,0xFF,0xB2,0xD6,0xFF,0xB2,0xD6,0xFF,0xB2,0xD6,0xFF,0xB2,0xD6,0xFF,0xB2,0xD6,
    0xFF,0xB2,0xD6,0xFF,0xB2,0xD6,0xFF,0xB2,0xD6,0xFF,0xB2,0xD6,0xFF,0xB2,0xD6,0xFF,
    0xB2,0xD6,0xFF,0xB2,0xD6,0xFF,0xB2,0xD6,0xFF,0xB2,0xD6,0xFF,0xB2,0xD6,0xFF,0xB2,
    0xD6,0xFF,0xB2,0xD6,0xFF,0xB2,0xD6,0xFF,0xB2,0xD6,0xFF,0xB2,0xD6,0xFF,0xB2,0xD6,
    0xFF,0xB2,0xD6,0xFF,0xB2,0xD6,0xFF,0xB2,0xD6,0xFF,0xB2,0xD6,0xFF,0xB2,0xD6,0xFF,
    0xB2,0xD6,0xFF,0xB2,0xD6,0xFF,0xB2,0xD6,0xFF,0xB2,0xD6,0xFF,0xB2,0xD6,0xFF,0xB2,
    0xD6,0xFF,0xB2,0xD6,0xFF,0xB2,0xD6,0xFF,0xB2,0xD6,0xFF,0xB2,0xD6,0xFF,0xB2,0xD6,
    0xFF,0xB2,0xD6,0xFF,0xB2,0xD6,0xFF,0xB2,0xD6,0xFF,0xB2,0xD6,0xFF,0xB2,0xD6,0xFF,
    0xB2,0xD6,0xFF,0xB2,0xD6,0xFF,0xB2,0xD6,0xFF,0xB2,0xD6,0xFF,0xB2,0xD6,0xFF,0xB2,
    0xD6,0xFF,0xB2,0xD6,0xFF,0xB2,0xD6,0xFF,0xB2,0xD6,0xFF,0xB2,0xD6,0xFF,0xB2,0xD6,
    0xFF,0xB2,0xD6,0xFF,0xB2,0xD6,0xFF,0xB2,0xD6,0xFF,0xB2,0xD6,0xFF,0xB2,0xD6,0xFF,
    0xB2,0xD6,0xFF,0xB2,0xD6,0xFF,0xB2,0xD6,0xFF,0xB2,0xD6,0xFF,0xB2,0xD6,0xFF,0xB2,
    0xD6,0xFF,0xB2,0xD6,0xFF,0xB2,0xD6,0xFF,0xB2,0xD6,0xFF,0xB2,0xD6,0xFF,0xB2,0xD6,
    0xFF,0xB2,0xD6,0xFF,0xB2,0xD6,0xFF,0xB2,0xD6,0xFF,0xB2,0xD6,0xFF,0xB2,0xD6,0xFF,
    0xB2,0xD6,0xFF,0xB2,0xD6,0xFF,0xB2,0xD6,0xFF,0xB2,0xD6,0xFF,0xB2,0xD6,0xFF,0xB2,
    0xD6,0xFF,0xB2,0xD6,0xFF,0xB2,0xD6,0xFF,0xB2,0xD6,0xFF,0xB2,0xD6,0xFF,0xB2,0xD6,
    0xFF,0xB2,0xD6,0xFF,0xB2,0xD6,0xFF,0xB2,0xD6,0xFF,0xB2,0xD6,0xFF,0xB2,0xD6,0xFF,
    0xB2,0xD6,0xFF,0xB2,0xD6,0xFF,0xB2,0xD6,0xFF,0xB2,0xD6,0xFF,0xB2,0xD6,0xFF,0xB2,
    0xD6,0xFF,0xB2,0xD6,0xFF,0xB2,0xD6,0xFF,0xB2,0xD6,0xFF,0xB2,0xD6,0xFF,0xB2,0xD6,
    0xFF,0xB2,0xD6,0xFF,0xB2,0xD6,0xFF,0xB2,0xD6,0xFF,0xB2,0xD6,0xFF,0xB2,0xD6,0xFF,
    0xB2,0xD6,0xFF,0xB2,0xD6,0xFF,0xB2,0xD6,0xFF,0xB2,0xD6,0xFF,0xB2,0xD6,0xFF,0xB2,
    0xD6,0xFF,0xB2,0xD6,0xFF,0xB2,0xD6,0xFF,0xB2,0xD6,0xFF,0xB2,0xD6,0xFF,0xB2,0xD6,
    0xFF,0xB2,0xD6,0xFF,0xB2,0xD6,0xFF,0xB2,0xD6,0xFF,0xB2,0xD6,0xFF,0xB2,0xD6,0xFF,
    0xB2,0xD6,0xFF,0xB2,0xD6,0xFF,0xB2,0xD6,0xFF,0xB2,0xD6,0xFF,0xB2,0xD6,0xFF,0xB2,
    0xD6,0xFF,0xB2,0xD6,0xFF,0xB2,0xD6,0xFF,0xB2,0xD6,0xFF,0xB2,0xD6,0xFF,0xB2,0xD6,
    0xFF,0xB2,0xD6,0xFF,0xB2,0xD6,0xFF,0xB2,0xD6,0xFF,0xB2,0xD6,0xFF,0xB2,0xD6,0xFF,
    0xB2,0xD6,0xFF,0xB2,0xD6,0xFF,0xB2,0xD6,0xFF,0xB2,0xD6,0xFF,0xB2,0xD6,0xFF,0xB2,
    0xD6,0xFF,0xB2,0xD6,0xFF,0xB2,0xD6,0xFF,0xB2,0xD6,0xFF,0xB2,0xD6,0xFF,0xB2,0xD6,
    0xFF,0xB2,0xD6,0xFF,0xB2,0xD6,0xFF,0xB2,0xD6,0xFF,0xB2,0xD6,0xFF,0xB2,0xD6,0xFF,
    0xB2,0xD6,0xFF,0xB2,0xD6,0xFF,0xB2,0xD6,0xFF,0xB2,0xD6,0xFF,0xB2,0xD6,0xFF,0xB2,
    0xD6,0xFF,0xB2,0xD6,0xFF,0xB2,0xD6,0xFF,0xB2,0xD6,0xFF,0xB2,0xD6,0xFF,0xB2,0xD6,
    0xFF,0xB2,0xD6,0xFF,0xB2,0xD6,0xFF,0xB2,0xD6,0xFF,0xB2,0xD6,0xFF,0xB2,0xD6,0xFF,
    0xB2,0xD6,0xFF,0xB2,0xD6,0xFF,0xB2,0xD6,0xFF,0xB2,0xD6,0xFF,0xB2,0xD6,0xFF,0xB2,
    0xD6,0xFF,0xB2,0xD6,0xFF,0xB2,0xD6,0xFF,0xB2,0xD6,0xFF,0xB2,0xD6,0xFF,0xB2,0xD6,
    0xFF,0xB2,0xD6,0xFF,0xB2,0xD6,0xFF,0xB2,0xD6,0xFF,0xB2,0xD6,0xFF,0xB2,0xD6,0xFF,
    0xB2,0xD6,0xFF,0xB2,0xD6,0xFF,0xB2,0xD6,0xFF,0xB2,0xD6,0xFF,0xB2,0xD6,0xFF,0xB2,
    0xD6,0xFF,0xB2,0xD6,0xFF,0xB2,0xD6,0xFF,0xB2,0xD6,0xFF,0xB2,0xD6,0xFF,0xB2,0xD6,
    0xFF,0xB2,0xD6,0xFF,0xB2,0xD6,0xFF,0xB2,0xD6,0xFF,0xB2,0xD6,0xFF,0xB2,0xD6,0xFF,
    0xB2,0xD6,0xFF,0xB2,0xD6,0xFF,0xB2,0xD6,0xFF,0xB2,0xD6,0xFF,0xB2,0xD6,0xFF,0xB2,
    0xD6,0xFF,0xB2,0xD6,0xFF,0xB2,0xD6,0xFF,0xB2,0xD6,0xFF,0xB2,0xD6,0xFF,0xB2,0xD6,
    0xFF,0xB2,0xD6,0xFF,0xB2,0xD6,0xFF,0xB2,0xD6,0xFF,0xB2,0xD6,0xFF,0xB2,0xD6,0xFF,
    0xB2,0xD6,0xFF,0xB2,0xD6,0xFF,0xB2,0xD6,0xFF,0xB2,0xD6,0xFF,0xB2,0xD6,0xFF,0xB2,
    0xD6,0xFF,0xB2,0xD6,0xFF,0xB2,0xD6,0xFF,0xB2,0xD6,0xFF,0xB2,0xD6,0xFF,0xB2,0xD6,
    0xFF,0xB2,0xD6,0xFF,0xB2,0xD6,0xFF,0xB2,0xD6,0xFF,0xB2,0xD6,0xFF,0xB2,0xD6,0xFF,
    0xB2,0xD6,0xFF,0xB2,0xD6,0xFF,0xB2,0xD6,0xFF,0xB2,0xD6,0xFF,0xB2,0xD6,0xFF,0xB2,
    0xD6,0xFF,0xB2,0xD6,0xFF,0xB2,0xD6,0xFF,0xB2,0xD6,0xFF,0xB2,0xD6,0xFF,0xB2,0xD6,
    0xFF,0xB2,0xD6,0xFF,0xB2,0xD6,0xFF,0xB2,0xD6,0xFF,0xB2,0xD6,0xFF,0xB2,0xD6,0xFF,
    0xB2,0xD6,0xFF,0xB2,0xD6,0xFF,0xB2,0xD6,0xFF,0xB2,0xD6,0xFF,0xB2,0xD6,0xFF,0xB2,
    0xD6,0xFF,0xB2,0xD6,0xFF,0xB2,0xD6,0xFF,0xB2,0xD6,0xFF,0xB2,0xD6,0xFF,0xB2,0xD6,
    0xFF,0xB2,0xD6,0xFF,0xB2,0xD6,0xFF,0xB2,0xD6,0xFF,0xB2,0xD6,0xFF,0xB2,0xD6,0xFF,
    0xB2,0xD6,0xFF,0xB2,0xD6,0xFF,0xB2,0xD6,0xFF,0xB2,0xD6,0xFF,0xB2,0xD6,0xFF,0xB2,
    0xD6,0xFF,0xB2,0xD6,0xFF,0xB2,0xD6,0xFF,0xB2,0xD6,0xFF,0xB2,0xD6,0xFF,0xB2,0xD6,
    0xFF,0xB2,0xD6,0xFF,0xB2,0xD6,0xFF,0xB2,0xD6,0xFF,0xB2,0xD6,0xFF,0xB2,0xD6,0xFF,
    0xB2,0xD6,0xFF,0xB2,0xD6,0xFF,0xB2,0xD6,0xFF,0xB2,0xD6,0xFF,0xB2,0xD6,0xFF,0xB2,
    0xD6,0xFF,0xB2,0xD6,0xFF,0xB2,0xD6,0xFF,0xB2,0xD6,0xFF,0xB2,0xD6,0xFF,0xB2,0xD6,
    0xFF,0xB2,0xD6,0xFF,0xB2,0xD6,0xFF,0xB2,0xD6,0xFF,0xB2,0xD6,0xFF,0xB2,0xD6,0xFF,
    0xB2,0xD6,0xFF,0xB2,0xD6,0xFF,0xB2,0xD6,0xFF,0xB2,0xD6,0xFF,0xB2,0xD6,0xFF,0xB2,
    0xD6,0xFF,0xB2,0xD6,0xFF,0xB2,0xD6,0xFF,0xB2,0xD6,0xFF,0xB2,0xD6,0xFF,0xB2,0xD6,
    0xFF,0xB2,0xD6,0xFF,0xB2,0xD6,0xFF,0xB2,0xD6,0xFF,0xB2,0xD6,0xFF,0xB2,0xD6,0xFF,
    0xB2,0xD6,0xFF,0xB2,0xD6,0xFF,0xB2,0xD6,0xFF,0xB2,0xD6,0xFF,0xB2,0xD6,0xFF,0xB2,
    0xD6,0xFF,0xB2,0xD6,0xFF,0xB2,0xD6,0xFF,0xB2,0xD6,0xFF,0xB2,0xD6,0xFF,0xB2,0xD6,
    0xFF,0xB2,0xD6,0xFF,0xB2,0xD6,0xFF,0xB2,0xD6,0xFF,0xB2,0xD6,0xFF,0xB2,0xD6,0xFF,
    0xB2,0xD6,0xFF,0xB2,0xD6,0xFF,0xB2,0xD6,0xFF,0xB2,0xD6,0xFF,0xB2,0xD6,0xFF,0xB2,
    0xD6,0xFF,0xB2,0xD6,0xFF,0xB2,0xD6,0xFF,0xB2,0xD6,0xFF,0xB2,0xD6,0xFF,0xB2,0xD6,
    0xFF,0xB2,0xD6,0xFF,0xB2,0xD6,0xFF,0xB2,0xD6,0xFF,0xB2,0xD6,0xFF,0xB2,0xD6,0xFF,
    0xB2,0xD6,0xFF,0xB2,0xD6,0xFF,0xB2,0xD6,0xFF,0xB2,0xD6,0xFF,0xB2,0xD6,0xFF,0xB2,
    0xD6,0xFF,0xB2,0xD6,0xFF,0xB2,0xD6,0xFF,0xB2,0xD6,0xFF,0xB2,0xD6,0xFF,0xB2,0xD6,
    0xFF,0xB2,0xD6,0xFF,0xB2,0xD6,0xFF,0xB2,0xD6,0xFF,0xB2,0xD6,0xFF,0xB2,0xD6,0xFF,
    0xB2,0xD6,0xFF,0xB2,0xD6,0xFF,0xB2,0xD6,0xFF,0xB2,0xD6,0xFF,0xB2,0xD6,0xFF,0xB2,
    0xD6,0xFF,0xB2,0xD6,0xFF,0xB2,0xD6,0xFF,0xB2,0xD6,0xFF,0xB2,0xD6,0xFF,0xB2,0xD6,
    0xFF,0xB2,0xD6,0xFF,0xB2,0xD6,0xFF,0xB2,0xD6,0xFF,0xB2,0xD6,0xFF,0xB2,0xD6,0xFF,
    0xB2,0xD6,0xFF,0xB2,0xD6,0xFF,0xB2,0xD6,0xFF,0xB2,0xD6,0xFF,0xB2,0xD6,0xFF,0xB2,
    0xD6,0xFF,0xB2,0xD6,0xFF,0xB2,0xD6,0xFF,0xB2,0xD6,0xFF,0xB2,0xD6,0xFF,0xB2,0xD6,
    0xFF,0xB2,0xD6,0xFF,0xB2,0xD6,0xFF,0xB2,0xD6,0xFF,0xB2,0xD6,0xFF,0xB2,0xD6,0xFF,
    0xB2,0xD6,0xFF,0xB2,0xD6,0xFF,0xB2,0xD6,0xFF,0xB2,0xD6,0xFF,0xB2,0xD6,0xFF,0xB2,
    0xD6,0xFF,0xB2,0xD6,0xFF,0xB2,0xD6,0xFF,0xB2,0xD6,0xFF,0xB2,0xD6,0xFF,0xB2,0xD6,
    0xFF,0xB2,0xD6,0xFF,0xB2,0xD6,0xFF,0xB2,0xD6,0xFF,0xB2,0xD6,0xFF,0xB2,0xD6,0xFF,
    0xB2,0xD6,0xFF,0xB2,0xD6,0xFF,0xB2,0xD6,0xFF,0xB2,0xD6,0xFF,0xB2,0xD6,0xFF,0xB2,
    0xD6,0xFF,0xB2,0xD6,0xFF,0xB2,0xD6,0xFF,0xB2,0xD6,0xFF,0xB2,0xD6,0xFF,0xB2,0xD6,
    0xFF,0xB2,0xD6,0xFF,0xB2,0xD6,0xFF,0xB2,0xD6,0xFF,0xB2,0xD6,0xFF,0xB2,0xD6,0xFF,
    0xB2,0xD6,0xFF,0xB2,0xD6,0xFF,0xB2,0xD6,0xFF,0xB2,0xD6,0xFF,0xB2,0xD6,0xFF,0xB2,
    0xD6,0xFF,0xB2,0xD6,0xFF,0xB2,0xD6,0xFF,0xB2,0xD6,0xFF,0xB2,0xD6,0xFF,0xB2,0xD6,
    0xFF,0xB2,0xD6,0xFF,0xB2,0xD6,0xFF,0xB2,0xD6,0xFF,0xB2,0xD6,0xFF,0xB2,0xD6,0xFF,
    0xB2,0xD6,0xFF,0xB2,0xD6,0xFF,0xB2,0xD6,0xFF,0xB2,0xD6,0xFF,0xB2,0xD6,0xFF,0xB2,
    0xD6,0xFF,0xB2,0xD6,0xFF,0xB2,0xD6,0xFF,0xB2,0xD6,0xFF,0xB2,0xD6,0xFF,0xB2,0xD6,
    0xFF,0xB2,0xD6,0xFF,0xB2,0xD6,0xFF,0xB2,0xD6,0xFF,0xB2,0xD6,0xFF,0xB2,0xD6,0xFF,
    0xB2,0xD6,0xFF,0xB2,0xD6,0xFF,0xB2,0xD6,0xFF,0xB2,0xD6,0xFF,0xB2,0xD6,0xFF,0xB2,
    0xD6,0xFF,0xB2,0xD6,0xFF,0xB2,0xD6,0xFF,0xB2,0xD6,0xFF,0xB2,0xD6,0xFF,0xB2,0xD6,
    0xFF,0xB2,0xD6,0xFF,0xB2,0xD6,0xFF,0xB2,0xD6,0xFF,0xB2,0xD6,0xFF,0xB2,0xD6,0xFF,
    0xB2,0xD6,0xFF,0xB2,0xD6,0xFF,0xB2,0xD6,0xFF,0xB2,0xD6,0xFF,0xB2,0xD6,0xFF,0xB2,
    0xD6,0xFF,0xB2,0xD6,0xFF,0xB2,0xD6,0xFF,0xB2,0xD6,0xFF,0xB2,0xD6,0xFF,0xB2,0xD6,
    0xFF,0xB2,0xD6,0xFF,0xB2,0xD6,0xFF,0xB2,0xD6,0xFF,0xB2,0xD6,0xFF,0xB2,0xD6,0xFF,
    0xB2,0xD6,0xFF,0xB2,0xD6,0xFF,0xB2,0xD6,0xFF,0xB2,0xD6,0xFF,0xB2,0xD6,0xFF,0xB2,
    0xD6,0xFF,0xB2,0xD6,0xFF,0xB2,0xD6,0xFF,0xB2,0xD6,0xFF,0xB2,0xD6,0xFF,0xB2,0xD6,
    0xFF,0xB2,0xD6,0xFF,0xB2,0xD6,0xFF,0xB2,0xD6,0xFF,0xB2,0xD6,0xFF,0xB2,0xD6,0xFF,
    0xB2,0xD6,0xFF,0xB2,0xD6,0xFF,0xB2,0xD6,0xFF,0xB2,0xD6,0xFF,0xB2,0xD6,0xFF,0xB2,
    0xD6,0xFF,0xB2,0xD6,0xFF,0xB2,0xD6,0xFF,0xB2,0xD6,0xFF,0xB2,0xD6,0xFF,0xB2,0xD6,
    0xFF,0xB2,0xD6,0xFF,0xB2,0xD6,0xFF,0xB2,0xD6,0xFF,0xB2,0xD6,0xFF,0xB2,0xD6,0xFF,
    0xB2,0xD6,0xFF,0xB2,0xD6,0xFF,0xB2,0xD6,0xFF,0xB2,0xD6,0xFF,0xB2,0xD6,0xFF,0xB2,
    0xD6,0xFF,0xB2,0xD6,0xFF,0xB2,0xD6,0xFF,0xB2,0xD6,0xFF,0xB2,0xD6,0xFF,0xB2,0xD6,
    0xFF,0xB2,0xD6,0xFF,0xB2,0xD6,0xFF,0xB2,0xD6,0xFF,0xB2,0xD6,0xFF,0xB2,0xD6,0xFF,
    0xB2,0xD6,0xFF,0xB2,0xD6,0xFF,0xB2,0xD6,0xFF,0xB2,0xD6,0xFF,0xB2,0xD6,0xFF,0xB2,
    0xD6,0xFF,0xB2,0xD6,0xFF,0xB2,0xD6,0xFF,0xB2,0xD6,0xFF,0xB2,0xD6,0xFF,0xB2,0xD6,
    0xFF,0xB2,0xD6,0xFF,0xB2,0xD6,0xFF,0xB2,0xD6,0xFF,0xB2,0xD6,0xFF,0xB2,0xD6,0xFF,
    0xB2,0xD6,0xFF,0xB2,0xD6,0xFF,0xB2,0xD6,0xFF,0xB2,0xD6,0xFF,0xB2,0xD6,0xFF,0xB2,
    0xD6,0xFF,0xB2,0xD6,0xFF,0xB2,0xD6,0xFF,0xB2,0xD6,0xFF,0xB2,0xD6,0xFF,0xB2,0xD6,
    0xFF,0xB2,0xD6,0xFF,0xB2,0xD6,0xFF,0xB2,0xD6,0xFF,0xB2,0xD6,0xFF,0xB2,0xD6,0xFF,
    0xB2,0xD6,0xFF,0xB2,0xD6,0xFF,0xB2,0xD6,0xFF,0xB2,0xD6,0xFF,0xB2,0xD6,0xFF,0xB2,
    0xD6,0xFF,0xB2,0xD6,0xFF,0xB2,0xD6,0xFF,0xB2,0xD6,0xFF,0xB2,0xD6,0xFF,0xB2,0xD6,
    0xFF,0xB2,0xD6,0xFF,0xB2,0xD6,0xFF,0xB2,0xD6,0xFF,0xB2,0xD6,0xFF,0xB2,0xD6,0xFF,
    0xB2,0xD6,0xFF,0xB2,0xD6,0xFF,0xB2,0xD6,0xFF,0xB2,0xD6,0xFF,0xB2,0xD6,0xFF,0xB2,
    0xD6,0xFF,0xB2,0xD6,0xFF,0xB2,0xD6,0xFF,0xB2,0xD6,0xFF,0xB2,0xD6,0xFF,0xB2,0xD6,
    0xFF,0xB2,0xD6,0xFF,0xB2,0xD6,0xFF,0xB2,0xD6,0xFF,0xB2,0xD6,0xFF,0xB2,0xD6,0xFF,
    0xB2,0xD6,0xFF,0xB2,0xD6,0xFF,0xB2,0xD6,0xFF,0xB2,0xD6,0xFF,0xB2,0xD6,0xFF,0xB2,
    0xD6,0xFF,0xB2,0xD6,0xFF,0xB2,0xD6,0xFF,0xB2,0xD6,0xFF,0xB2,0xD6,0xFF,0xB2,0xD6,
    0xFF,0xB2,0xD6,0xFF,0xB2,0xD6,0xFF,0xB2,0xD6,0xFF,0xB2,0xD6,0xFF,0xB2,0xD6,0xFF,
    0xB2,0xD6,0xFF,0xB2,0xD6,0xFF,0xB2,0xD6,0xFF,0xB2,0xD6,0xFF,0xB2,0xD6,0xFF,0xB2,
    0xD6,0xFF,0xB2,0xD6,0xFF,0xB2,0xD6,0xFF,0xB2,0xD6,0xFF,0xB2,0xD6,0xFF,0xB2,0xD6,
    0xFF,0xB2,0xD6,0xFF,0xB2,0xD6,0xFF,0xB2,0xD6,0xFF,0xB2,0xD6,0xFF,0xB2,0xD6,0xFF,
    0xB2,0xD6,0xFF,0xB2,0xD6,0xFF,0xB2,0xD6,0xFF,0xB2,0xD6,0xFF,0xB2,0xD6,0xFF,0xB2,
    0xD6,0xFF,0xB2,0xD6,0xFF,0xB2,0xD6,0xFF,0xB2,0xD6,0xFF,0xB2,0xD6,0xFF,0xB2,0xD6,
    0xFF,0xB2,0xD6,0xFF,0xB2,0xD6,0xFF,0xB2,0xD6,0xFF,0xB2,0xD6,0xFF,0xB2,0xD6,0xFF,
    0xB2,0xD6,0xFF,0xB2,0xD6,0xFF,0xB2,0xD6,0xFF,0xB2,0xD6,0xFF,0xB2,0xD6,0xFF,0xB2,
    0xD6,0xFF,0xB2,0xD6,0xFF,0xB2,0xD6,0xFF,0xB2,0xD6,0xFF,0xB2,0xD6,0xFF,0xB2,0xD6,
    0xFF,0xB2,0xD6,0xFF,0xB2,0xD6,0xFF,0xB2,0xD6,0xFF,0xB2,0xD6,0xFF,0xB2,0xD6,0xFF,
    0xB2,0xD6,0xFF,0xB2,0xD6,0xFF,0xB2,0xD6,0xFF,0xB2,0xD6,0xFF,0xB2,0xD6,0xFF,0xB2,
    0xD6,0xFF,0xB2,0xD6,0xFF,0xB2,0xD6,0xFF,0xB2,0xD6,0xFF,0xB2,0xD6,0xFF,0xB2,0xD6,
    0xFF,0xB2,0xD6,0xFF,0xB2,0xD6,0xFF,0xB2,0xD6,0xFF,0xB2,0xD6,0xFF,0xB2,0xD6,0xFF,
    0xB2,0xD6,0xFF,0xB2,0xD6,0xFF,0xB2,0xD6,0xFF,0xB2,0xD6,0xFF,0xB2,0xD6,0xFF,0xB2,
    0xD6,0xFF,0xB2,0xD6,0xFF,0xB2,0xD6,0xFF,0xB2,0xD6,0xFF,0xB2,0xD6,0xFF,0xB2,0xD6,
    0xFF,0xB2,0xD6,0xFF,0xB2,0xD6,0xFF,0xB2,0xD6,0xFF,0xB2,0xD6,0xFF,0xB2,0xD6,0xFF,
    0xB2,0xD6,0xFF,0xB2,0xD6,0xFF,0xB2,0xD6,0xFF,0xB2,0xD6,0xFF,0xB2,0xD6,0xFF,0xB2,
    0xD6,0xFF,0xB2,0xD6,0xFF,0xB2,0xD6,0xFF,0xB2,0xD6,0xFF,0xB2,0xD6,0xFF,0xB2,0xD6,
    0xFF,0xB2,0xD6,0xFF,0xB2,0xD6,0xFF,0xB2,0xD6,0xFF,0xB2,0xD6,0xFF,0xB2,0xD6,0xFF,
    0xB2,0xD6,0xFF,0xB2,0xD6,0xFF,0xB2,0xD6,0xFF,0xB2,0xD6,0xFF,0xB2,0xD6,0xFF,0xB2,
    0xD6,0xFF,0xB2,0xD6,0xFF,0xB2,0xD6,0xFF,0xB2,0xD6,0xFF,0xB2,0xD6,0xFF,0xB2,0xD6,
    0xFF,0xB2,0xD6,0xFF,0xB2,0xD6,0xFF,0xB2,0xD6,0xFF,0xB2,0xD6,0xFF,0xB2,0xD6,0xFF,
    0xB2,0xD6,0xFF,0xB2,0xD6,0xFF,0xB2,0xD6,0xFF,0xB2,0xD6,0xFF,0xB2,0xD6,0xFF,0xB2,
    0xD6,0xFF,0xB2,0xD6,0xFF,0xB2,0xD6,0xFF,0xB2,0xD6,0xFF,0xB2,0xD6,0xFF,0xB2,0xD6,
    0xFF,0xB2,0xD6,0xFF,0xB2,0xD6,0xFF,0xB2,0xD6,0xFF,0xB2,0xD6,0xFF,0xB2,0xD6,0xFF,
    0xB2,0xD6,0xFF,0xB2,0xD6,0xFF,0xB2,0xD6,0xFF,0xB2,0xD6,0xFF,0xB2,0xD6,0xFF,0xB2,
    0xD6,0xFF,0xB2,0xD6,0xFF,0xB2,0xD6,0xFF,0xB2,0xD6,0xFF,0xB2,0xD6,0xFF,0xB2,0xD6,
    0xFF,0xB2,0xD6,0xFF,0xB2,0xD6,0xFF,0xB2,0xD6,0xFF,0xB2,0xD6,0xFF,0xB2,0xD6,0xFF,
    0xB2,0xD6,0xFF,0xB2,0xD6,0xFF,0xB2,0xD6,0xFF,0xB2,0xD6,0xFF,0xB2,0xD6,0xFF,0xB2,
    0xD6,0xFF,0xB2,0xD6,0xFF,0xB2,0xD6,0xFF,0xB2,0xD6,0xFF,0xB2,0xD6,0xFF,0xB2,0xD6,
    0xFF,0xB2,0xD6,0xFF,0xB2,0xD6,0xFF,0xB2,0xD6,0xFF,0xB2,0xD6,0xFF,0xB2,0xD6,0xFF,
    0xB2,0xD6,0xFF,0xB2,0xD6,0xFF,0xB2,0xD6,0xFF,0xB2,0xD6,0xFF,0xB2,0xD6,0xFF,0xB2,
    0xD6,0xFF,0xB2,0xD6,0xFF,0xB2,0xD6,0xFF,0xB2,0xD6,0xFF,0xB2,0xD6,0xFF,0xB2,0xD6,
    0xFF,0xB2,0xD6,0xFF,0xB2,0xD6,0xFF,0xB2,0xD6,0xFF,0xB2,0xD6,0xFF,0xB2,0xD6,0xFF,
    0xB2,0xD6,0xFF,0xB2,0xD6,0xFF,0xB2,0xD6,0xFF,0xB2,0xD6,0xFF,0xB2,0xD6,0xFF,0xB2,
    0xD6,0xFF,0xB2,0xD6,0xFF,0xB2,0xD6,0xFF,0xB2,0xD6,0xFF,0xB2,0xD6,0xFF,0xB2,0xD6,
    0xFF,0xB2,0xD6,0xFF,0xB2,0xD6,0xFF,0xB2,0xD6,0xFF,0xB2,0xD6,0xFF,0xB2,0xD6,0xFF,
    0xB2,0xD6,0xFF,0xB2,0xD6,0xFF,0xB2,0xD6,0xFF,0xB2,0xD6,0xFF,0xB2,0xD6,0xFF,0xB2,
    0xD6,0xFF,0xB2,0xD6,0xFF,0xB2,0xD6,0xFF,0xB2,0xD6,0xFF,0xB2,0xD6,0xFF,0xB2,0xD6,
    0xFF,0xB2,0xD6,0xFF,0xB2,0xD6,0xFF,0xB2,0xD6,0xFF,0xB2,0xD6,0xFF,0xB2,0xD6,0xFF,
    0xB2,0xD6,0xFF,0xB2,0xD6,0xFF,0xB2,0xD6,0xFF,0xB2,0xD6,0xFF,0xB2,0xD6,0xFF,0xB2,
    0xD6,0xFF,0xB2,0xD6,0xFF,0xB2,0xD6,0xFF,0xB2,0xD6,0xFF,0xB2,0xD6,0xFF,0xB2,0xD6,
    0xFF,0xB2,0xD6,0xFF,0xB2,0xD6,0xFF,0xB2,0xD6,0xFF,0xB2,0xD6,0xFF,0xB2,0xD6,0xFF,
    0xB2,0xD6,0xFF,0xB2,0xD6,0xFF,0xB2,0xD6,0xFF,0xB2,0xD6,0xFF,0xB2,0xD6,0xFF,0xB2,
    0xD6,0xFF,0xB2,0xD6,0xFF,0xB2,0xD6,0xFF,0xB2,0xD6,0xFF,0xB2,0xD6,0xFF,0xB2,0xD6,
    0xFF,0xB2,0xD6,0xFF,0xB2,0xD6,0xFF,0xB2,0xD6,0xFF,0xB2,0xD6,0xFF,0xB2,0xD6,0xFF,
    0xB2,0xD6,0xFF,0xB2,0xD6,0xFF,0xB2,0xD6,0xFF,0xB2,0xD6,0xFF,0xB2,0xD6,0xFF,0xB2,
    0xD6,0xFF,0xB2,0xD6,0xFF,0xB2,0xD6,0xFF,0xB2,0xD6,0xFF,0xB2,0xD6,0xFF,0xB2,0xD6,
    0xFF,0xB2,0xD6,0xFF,0xB2,0xD6,0xFF,0xB2,0xD6,0xFF,0xB2,0xD6,0xFF,0xB2,0xD6,0xFF,
    0xB2,0xD6,0xFF,0xB2,0xD6,0xFF,0xB2,0xD6,0xFF,0xB2,0xD6,0xFF,0xB2,0xD6,0xFF,0xB2,
    0xD6,0xFF,0xB2,0xD6,0xFF,0xB2,0xD6,0xFF,0xB2,0xD6,0xFF,0xB2,0xD6,0xFF,0xB2,0xD6,
    0xFF,0xB2,0xD6,0xFF,0xB2,0xD6,0xFF,0xB2,0xD6,0xFF,0xB2,0xD6,0xFF,0xB2,0xD6,0xFF,
    0xB2,0xD6,0xFF,0xB2,0xD6,0xFF,0xB2,0xD6,0xFF,0xB2,0xD6,0xFF,0xB2,0xD6,0xFF,0xB2,
    0xD6,0xFF,0xB2,0xD6,0xFF,0xB2,0xD6,0xFF,0xB2,0xD6,0xFF,0xB2,0xD6,0xFF,0xB2,0xD6,
    0xFF,0xB2,0xD6,0xFF,0xB2,0xD6,0xFF,0xB2,0xD6,0xFF,0xB2,0xD6,0xFF,0xB2,0xD6,0xFF,
    0xB2,0xD6,0xFF,0xB2,0xD6,0xFF,0xB2,0xD6,0xFF,0xB2,0xD6,0xFF,0xB2,0xD6,0xFF,0xB2,
    0xD6,0xFF,0xB2,0xD6,0xFF,0xB2,0xD6,0xFF,0xB2,0xD6,0xFF,0xB2,0xD6,0xFF,0xB2,0xD6,
    0xFF,0xB2,0xD6,0xFF,0xB2,0xD6,0xFF,0xB2,0xD6,0xFF,0xB2,0xD6,0xFF,0xB2,0xD6,0xFF,
    0xB2,0xD6,0xFF,0xB2,0xD6,0xFF,0xB2,0xD6,0xFF,0xB2,0xD6,0xFF,0xB2,0xD6,0xFF,0xB2,
    0xD6,0xFF,0xB2,0xD6,0xFF,0xB2,0xD6,0xFF,0xB2,0xD6,0xFF,0xB2,0xD6,0xFF,0xB2,0xD6,
    0xFF,0xB2,0xD6,0xFF,0xB2,0xD6,0xFF,0xB2,0xD6,0xFF,0xB2,0xD6,0xFF,0xB2,0xD6,0xFF,
    0xB2,0xD6,0xFF,0xB2,0xD6,0xFF,0xB2,0xD6,0xFF,0xB2,0xD6,0xFF,0xB2,0xD6,0xFF,0xB2,
    0xD6,0xFF,0xB2,0xD6,0xFF,0xB2,0xD6,0xFF,0xB2,0xD6,0xFF,0xB2,0xD6,0xFF,0xB2,0xD6,
    0xFF,0xB2,0xD6,0xFF,0xB2,0xD6,0xFF,0xB2,0xD6,0xFF,0xB2,0xD6,0xFF,0xB2,0xD6,0xFF,
    0xB2,0xD6,0xFF,0xB2,0xD6,0xFF,0xB2,0xD6,0xFF,0xB2,0xD6,0xFF,0xB2,0xD6,0xFF,0xB2,
    0xD6,0xFF,0xB2,0xD6,0xFF,0xB2,0xD6,0xFF,0xB2,0xD6,0xFF,0xB2,0xD6,0xFF,0xB2,0xD6,
    0xFF,0xB2,0xD6,0xFF,0xB2,0xD6,0xFF,0xB2,0xD6,0xFF,0xB2,0xD6,0xFF,0xB2,0xD6,0xFF,
    0xB2,0xD6,0xFF,0xB2,0xD6,0xFF,0xB2,0xD6,0xFF,0xB2,0xD6,0xFF,0xB2,0xD6,0xFF,0xB2,
    0xD6,0xFF,0xB2,0xD6,0xFF,0xB2,0xD6,0xFF,0xB2,0xD6,0xFF,0xB2,0xD6,0xFF,0xB2,0xD6,
    0xFF,0xB2,0xD6,0xFF,0xB2,0xD6,0xFF,0xB2,0xD6,0xFF,0xB2,0xD6,0xFF,0xB2,0xD6,0xFF,
    0xB2,0xD6,0xFF,0xB2,0xD6,0xFF,0xB2,0xD6,0xFF,0xB2,0xD6,0xFF,0xB2,0xD6,0xFF,0xB2,
    0xD6,0xFF,0xB2,0xD6,0xFF,0xB2,0xD6,0xFF,0xB2,0xD6,0xFF,0xB2,0xD6,0xFF,0xB2,0xD6,
    0xFF,0xB2,0xD6,0xFF,0xB2,0xD6,0xFF,0xB2,0xD6,0xFF,0xB2,0xD6,0xFF,0xB2,0xD6,0xFF,
    0xB2,0xD6,0xFF,0xB2,0xD6,0xFF,0xB2,0xD6,0xFF,0xB2,0xD6,0xFF,0xB2,0xD6,0xFF,0xB2,
    0xD6,0xFF,0xB2,0xD6,0xFF,0xB2,0xD6,0xFF,0xB2,0xD6,0xFF,0xB2,0xD6,0xFF,0xB2,0xD6,
    0xFF,0xB2,0xD6,0xFF,0xB2,0xD6,0xFF,0xB2,0xD6,0xFF,0xB2,0xD6,0xFF,0xB2,0xD6,0xFF,
    0xB2,0xD6,0xFF,0xB2,0xD6,0xFF,0xB2,0xD6,0xFF,0xB2,0xD6,0xFF,0xB2,0xD6,0xFF,0xB2,
    0xD6,0xFF,0xB2,0xD6,0xFF,0xB2,0xD6,0xFF,0xB2,0xD6,0xFF,0xB2,0xD6,0xFF,0xB2,0xD6,
    0xFF,0xB2,0xD6,0xFF,0xB2,0xD6,0xFF,0xB2,0xD6,0xFF,0xB2,0xD6,0xFF,0xB2,0xD6,0xFF,
    0xB2,0xD6,0xFF,0xB2,0xD6,0xFF,0xB2,0xD6,0xFF,0xB2,0xD6,0xFF,0xB2,0xD6,0xFF,0xB2,
    0xD6,0xFF,0xB2,0xD6,0xFF,0xB2,0xD6,0xFF,0xB2,0xD6,0xFF,0xB2,0xD6,0xFF,0xB2,0xD6,
    0xFF,0xB2,0xD6,0xFF,0xB2,0xD6,0xFF,0xB2,0xD6,0xFF,0xB2,0xD6,0xFF,0xB2,0xD6,0xFF,
    0xB2,0xD6,0xFF,0xB2,0xD6,0xFF,0xB2,0xD6,0xFF,0xB2,0xD6,0xFF,0xB2,0xD6,0xFF,0xB2,
    0xD6,0xFF,0xB2,0xD6,0xFF,0xB2,0xD6,0xFF,0xB2,0xD6,0xFF,0xB2,0xD6,0xFF,0xB2,0xD6,
    0xFF,0xB2,0xD6,0xFF,0xB2,0xD6,0xFF,0xB2,0xD6,0xFF,0xB2,0xD6,0xFF,0xB2,0xD6,0xFF,
    0xB2,0xD6,0xFF,0xB2,0xD6,0xFF,0xB2,0xD6,0xFF,0xB2,0xD6,0xFF,0xB2,0xD6,0xFF,0xB2,
    0xD6,0xFF,0xB2,0xD6,0xFF,0xB2,0xD6,0xFF,0xB2,0xD6,0xFF,0xB2,0xD6,0xFF,0xB2,0xD6,
    0xFF,0xB2,0xD6,0xFF,0xB2,0xD6,0xFF,0xB2,0xD6,0xFF,0xB2,0xD6,0xFF,0xB2,0xD6,0xFF,
    0xB2,0xD6,0xFF,0xB2,0xD6,0xFF,0xB2,0xD6,0xFF,0xB2,0xD6,0xFF,0xB2,0xD6,0xFF,0xB2,
    0xD6,0xFF,0xB2,0xD6,0xFF,0xB2,0xD6,0xFF,0xB2,0xD6,0xFF,0xB2,0xD6,0xFF,0xB2,0xD6,
    0xFF,0xB2,0xD6,0xFF,0xB2,0xD6,0xFF,0xB2,0xD6,0xFF,0xB2,0xD6,0xFF,0xB2,0xD6,0xFF,
    0xB2,0xD6,0xFF,0xB2,0xD6,0xFF,0xB2,0xD6,0xFF,0xB2,0xD6,0xFF,0xB2,0xD6,0xFF,0xB2,
    0xD6,0xFF,0xB2,0xD6,0xFF,0xB2,0xD6,0xFF,0xB2,0xD6,0xFF,0xB2,0xD6,0xFF,0xB2,0xD6,
    0xFF,0xB2,0xD6,0xFF,0xB2,0xD6,0xFF,0xB2,0xD6,0xFF,0xB2,0xD6,0xFF,0xB2,0xD6,0xFF,
    0xB2,0xD6,0xFF,0xB2,0xD6,0xFF,0xB2,0xD6,0xFF,0xB2,0xD6,0xFF,0xB2,0xD6,0xFF,0xB2,
    0xD6,0xFF,0xB2,0xD6,0xFF,0xB2,0xD6,0xFF,0xB2,0xD6,0xFF,0xB2,0xD6,0xFF,0xB2,0xD6,
    0xFF,0xB2,0xD6,0xFF,0xB2,0xD6,0xFF,0xB2,0xD6,0xFF,0xB2,0xD6,0xFF,0xB2,0xD6,0xFF,
    0xB2,0xD6,0xFF,0xB2,0xD6,0xFF,0xB2,0xD6,0xFF,0xB2,0xD6,0xFF,0xB2,0xD6,0xFF,0xB2,
    0xD6,0xFF,0xB2,0xD6,0xFF,0xB2,0xD6,0xFF,0xB2,0xD6,0xFF,0xB2,0xD6,0xFF,0xB2,0xD6,
    0xFF,0xB2,0xD6,0xFF,0xB2,0xD6,0xFF,0xB2,0xD6,0xFF,0xB2,0xD6,0xFF,0xB2,0xD6,0xFF,
    0xB2,0xD6,0xFF,0xB2,0xD6,0xFF,0xB2,0xD6,0xFF,0xB2,0xD6,0xFF,0xB2,0xD6,0xFF,0xB2,
    0xD6,0xFF,0xB2,0xD6,0xFF,0xB2,0xD6,0xFF,0xB2,0xD6,0xFF,0xB2,0xD6,0xFF,0xB2,0xD6,
    0xFF,0xB2,0xD6,0xFF,0xB2,0xD6,0xFF,0xB2,0xD6,0xFF,0xB2,0xD6,0xFF,0xB2,0xD6,0xFF,
    0xB2,0xD6,0xFF,0xB2,0xD6,0xFF,0xB2,0xD6,0xFF,0xB2,0xD6,0xFF,0xB2,0xD6,0xFF,0xB2,
    0xD6,0xFF,0xB2,0xD6,0xFF,0xB2,0xD6,0xFF,0xB2,0xD6,0xFF,0xB2,0xD6,0xFF,0xB2,0xD6,
    0xFF,0xB2,0xD6,0xFF,0xB2,0xD6,0xFF,0xB2,0xD6,0xFF,0xB2,0xD6,0xFF,0xB2,0xD6,0xFF,
    0xB2,0xD6,0xFF,0xB2,0xD6,0xFF,0xB2,0xD6,0xFF,0xB2,0xD6,0xFF,0xB2,0xD6,0xFF,0xB2,
    0xD6,0xFF,0xB2,0xD6,0xFF,0xB2,0xD6,0xFF,0xB2,0xD6,0xFF,0xB2,0xD6,0xFF,0xB2,0xD6,
    0xFF,0xB2,0xD6,0xFF,0xB2,0xD6,0xFF,0xB2,0xD6,0xFF,0xB2,0xD6,0xFF,0xB2,0xD6,0xFF,
    0xB2,0xD6,0xFF,0xB2,0xD6,0xFF,0xB2,0xD6,0xFF,0xB2,0xD6,0xFF,0xB2,0xD6,0xFF,0xB2,
    0xD6,0xFF,0xB2,0xD6,0xFF,0xB2,0xD6,0xFF,0xB2,0xD6,0xFF,0xB2,0xD6,0xFF,0xB2,0xD6,
    0xFF,0xB2,0xD6,0xFF,0xB2,0xD6,0xFF,0xB2,0xD6,0xFF,0xB2,0xD6,0xFF,0xB2,0xD6,0xFF,
    0xB2,0xD6,0xFF,0xB2,0xD6,0xFF,0xB2,0xD6,0xFF,0xB2,0xD6,0xFF,0xB2,0xD6,0xFF,0xB2,
    0xD6,0xFF,0xB2,0xD6,0xFF,0xB2,0xD6,0xFF,0xB2,0xD6,0xFF,0xB2,0xD6,0xFF,0xB2,0xD6,
    0xFF,0xB2,0xD6,0xFF,0xB2,0xD6,0xFF,0xB2,0xD6,0xFF,0xB2,0xD6,0xFF,0xB2,0xD6,0xFF,
    0xB2,0xD6,0xFF,0xB2,0xD6,0xFF,0xB2,0xD6,0xFF,0xB2,0xD6,0xFF,0xB2,0xD6,0xFF,0xB2,
    0xD6,0xFF,0xB2,0xD6,0xFF,0xB2,0xD6,0xFF,0xB2,0xD6,0xFF,0xB2,0xD6,0xFF,0xB2,0xD6,
    0xFF,0xB2,0xD6,0xFF,0xB2,0xD6,0xFF,0xB2,0xD6,0xFF,0xB2,0xD6,0xFF,0xB2,0xD6,0xFF,
    0xB2,0xD6,0xFF,0xB2,0xD6,0xFF,0xB2,0xD6,0xFF,0xB2,0xD6,0xFF,0xB2,0xD6,0xFF,0xB2,
    0xD6,0xFF,0xB2,0xD6,0xFF,0xB2,0xD6,0xFF,0xB2,0xD6,0xFF,0xB2,0xD6,0xFF,0xB2,0xD6,
    0xFF,0xB2,0xD6,0xFF,0xB2,0xD6,0xFF,0xB2,0xD6,0xFF,0xB2,0xD6,0xFF,0xB2,0xD6,0xFF,
    0xB2,0xD6,0xFF,0xB2,0xD6,0xFF,0xB2,0xD6,0xFF,0xB2,0xD6,0xFF,0xB2,0xD6,0xFF,0xB2,
    0xD6,0xFF,0xB2,0xD6,0xFF,0xB2,0xD6,0xFF,0xB2,0xD6,0xFF,0xB2,0xD6,0xFF,0xB2,0xD6,
    0xFF,0xB2,0xD6,0xFF,0xB2,0xD6,0xFF,0xB2,0xD6,0xFF,0xB2,0xD6,0xFF,0xB2,0xD6,0xFF,
    0xB2,0xD6,0xFF,0xB2,0xD6,0xFF,0xB2,0xD6,0xFF,0xB2,0xD6,0xFF,0xB2,0xD6,0xFF,0xB2,
    0xD6,0xFF,0xB2,0xD6,0xFF,0xB2,0xD6,0xFF,0xB2,0xD6,0xFF,0xB2,0xD6,0xFF,0xB2,0xD6,
    0xFF,0xB2,0xD6,0xFF,0xB2,0xD6,0xFF,0xB2,0xD6,0xFF,0xB2,0xD6,0xFF,0xB2,0xD6,0xFF,
    0xB2,0xD6,0xFF,0xB2,0xD6,0xFF,0xB2,0xD6,0xFF,0xB2,0xD6,0xFF,0xB2,0xD6,0xFF,0xB2,
    0xD6,0xFF,0xB2,0xD6,0xFF,0xB2,0xD6,0xFF,0xB2,0xD6,0xFF,0xB2,0xD6,0xFF,0xB2,0xD6,
    0xFF,0xB2,0xD6,0xFF,0xB2,0xD6,0xFF,0xB2,0xD6,0xFF,0xB2,0xD6,0xFF,0xB2,0xD6,0xFF,
    0xB2,0xD6,0xFF,0xB2,0xD6,0xFF,0xB2,0xD6,0xFF,0xB2,0xD6,0xFF,0xB2,0xD6,0xFF,0xB2,
    0xD6,0xFF,0xB2,0xD6,0xFF,0xB2,0xD6,0xFF,0xB2,0xD6,0xFF,0xB2,0xD6,0xFF,0xB2,0xD6,
    0xFF,0xB2,0xD6,0xFF,0xB2,0xD6,0xFF,0xB2,0xD6,0xFF,0xB2,0xD6,0xFF,0xB2,0xD6,0xFF,
    0xB2,0xD6,0xFF,0xB2,0xD6,0xFF,0xB2,0xD6,0xFF,0xB2,0xD6,0xFF,0xB2,0xD6,0xFF,0xB2,
    0xD6,0xFF,0xB2,0xD6,0xFF,0xB2,0xD6,0xFF,0xB2,0xD6,0xFF,0xB2,0xD6,0xFF,0xB2,0xD6,
    0xFF,0xB2,0xD6,0xFF,0xB2,0xD6,0xFF,0xB2,0xD6,0xFF,0xB2,0xD6,0xFF,0xB2,0xD6,0xFF,
    0xB2,0xD6,0xFF,0xB2,0xD6,0xFF,0xB2,0xD6,0xFF,0xB2,0xD6,0xFF,0xB2,0xD6,0xFF,0xB2,
    0xD6,0xFF,0xB2,0xD6,0xFF,0xB2,0xD6,0xFF,0xB2,0xD6,0xFF,0xB2,0xD6,0xFF,0xB2,0xD6,
    0xFF,0xB2,0xD6,0xFF,0xB2,0xD6,0xFF,0xB2,0xD6,0xFF,0xB2,0xD6,0xFF,0xB2,0xD6,0xFF,
    0xB2,0xD6,0xFF,0xB2,0xD6,0xFF,0xB2,0xD6,0xFF,0xB2,0xD6,0xFF,0xB2,0xD6,0xFF,0xB2,
    0xD6,0xFF,0xB2,0xD6,0xFF,0xB2,0xD6,0xFF,0xB2,0xD6,0xFF,0xB2,0xD6,0xFF,0xB2,0xD6,
    0xFF,0xB2,0xD6,0xFF,0xB2,0xD6,0xFF,0xB2,0xD6,0xFF,0xB2,0xD6,0xFF,0xB2,0xD6,0xFF,
    0xB2,0xD6,0xFF,0xB2,0xD6,0xFF,0xB2,0xD6,0xFF,0xB2,0xD6,0xFF,0xB2,0xD6,0xFF,0xB2,
    0xD6,0xFF,0xB2,0xD6,0xFF,0xB2,0xD6,0xFF,0xB2,0xD6,0xFF,0xB2,0xD6,0xFF,0xB2,0xD6,
    0xFF,0xB2,0xD6,0xFF,0xB2,0xD6,0xFF,0xB2,0xD6,0xFF,0xB2,0xD6,0xFF,0xB2,0xD6,0xFF,
    0xB2,0xD6,0xFF,0xB2,0xD6,0xFF,0xB2,0xD6,0xFF,0xB2,0xD6,0xFF,0xB2,0xD6,0xFF,0xB2,
    0xD6,0xFF,0xB2,0xD6,0xFF,0xB2,0xD6,0xFF,0xB2,0xD6,0xFF,0xB2,0xD6,0xFF,0xB2,0xD6,
    0xFF,0xB2,0xD6,0xFF,0xB2,0xD6,0xFF,0xB2,0xD6,0xFF,0xB2,0xD6,0xFF,0xB2,0xD6,0xFF,
    0xB2,0xD6,0xFF,0xB2,0xD6,0xFF,0xB2,0xD6,0xFF,0xB2,0xD6,0xFF,0xB2,0xD6,0xFF,0xB2,
    0xD6,0xFF,0xB2,0xD6,0xFF,0xB2,0xD6,0xFF,0xB2,0xD6,0xFF,0xB2,0xD6,0xFF,0xB2,0xD6,
    0xFF,0xB2,0xD6,0xFF,0xB2,0xD6,0xFF,0xB2,0xD6,0xFF,0xB2,0xD6,0xFF,0xB2,0xD6,0xFF,
    0xB2,0xD6,0xFF,0xB2,0xD6,0xFF,0xB2,0xD6,0xFF,0xB2,0xD6,0xFF,0xB2,0xD6,0xFF,0xB2,
    0xD6,0xFF,0xB2,0xD6,0xFF,0xB2,0xD6,0xFF,0xB2,0xD6,0xFF,0xB2,0xD6,0xFF,0xB2,0xD6,
    0xFF,0xB2,0xD6,0xFF,0xB2,0xD6,0xFF,0xB2,0xD6,0xFF,0xB2,0xD6,0xFF,0xB2,0xD6,0xFF,
    0xB2,0xD6,0xFF,0xB2,0xD6,0xFF,0xB2,0xD6,0xFF,0xB2,0xD6,0xFF,0xB2,0xD6,0xFF,0xB2,
    0xD6,0xFF,0xB2,0xD6,0xFF,0xB2,0xD6,0xFF,0xB2,0xD6,0xFF,0xB2,0xD6,0xFF,0xB2,0xD6,
    0xFF,0xB2,0xD6,0xFF,0xB2,0xD6,0xFF,0xB2,0xD6,0xFF,0xB2,0xD6,0xFF,0xB2,0xD6,0xFF,
    0xB2,0xD6,0xFF,0xB2,0xD6,0xFF,0xB2,0xD6,0xFF,0xB2,0xD6,0xFF,0xB2,0xD6,0xFF,0xB2,
    0xD6,0xFF,0xB2,0xD6,0xFF,0xB2,0xD6,0xFF,0xB2,0xD6,0xFF,0xB2,0xD6,0xFF,0xB2,0xD6,
    0xFF,0xB2,0xD6,0xFF,0xB2,0xD6,0xFF,0xB2,0xD6,0xFF,0xB2,0xD6,0xFF,0xB2,0xD6,0xFF,
    0xB2,0xD6,0xFF,0xB2,0xD6,0xFF,0xB2,0xD6,0xFF,0xB2,0xD6,0xFF,0xB2,0xD6,0xFF,0xB2,
    0xD6,0xFF,0xB2,0xD6,0xFF,0xB2,0xD6,0xFF,0xB2,0xD6,0xFF,0xB2,0xD6,0xFF,0xB2,0xD6,
    0xFF,0xB2,0xD6,0xFF,0xB2,0xD6,0xFF,0xB2,0xD6,0xFF,0xB2,0xD6,0xFF,0xB2,0xD6,0xFF,
    0xB2,0xD6,0xFF,0xB2,0xD6,0xFF,0xB2,0xD6,0xFF,0xB2,0xD6,0xFF,0xB2,0xD6,0xFF,0xB2,
    0xD6,0xFF,0xB2,0xD6,0xFF,0xB2,0xD6,0xFF,0xB2,0xD6,0xFF,0xB2,0xD6,0xFF,0xB2,0xD6,
    0xFF,0xB2,0xD6,0xFF,0xB2,0xD6,0xFF,0xB2,0xD6,0xFF,0xB2,0xD6,0xFF,0xB2,0xD6,0xFF,
    0xB2,0xD6,0xFF,0xB2,0xD6,0xFF,0xB2,0xD6,0xFF,0xB2,0xD6,0xFF,0xB2,0xD6,0xFF,0xB2,
    0xD6,0xFF,0xB2,0xD6,0xFF,0xB2,0xD6,0xFF,0xB2,0xD6,0xFF,0xB2,0xD6,0xFF,0xB2,0xD6,
    0xFF,0xB2,0xD6,0xFF,0xB2,0xD6,0xFF,0xB2,0xD6,0xFF,0xB2,0xD6,0xFF,0xB2,0xD6,0xFF,
    0xB2,0xD6,0xFF,0xB2,0xD6,0xFF,0xB2,0xD6,0xFF,0xB2,0xD6,0xFF,0xB2,0xD6,0xFF,0xB2,
    0xD6,0xFF,0xB2,0xD6,0xFF,0xB2,0xD6,0xFF,0xB2,0xD6,0xFF,0xB2,0xD6,0xFF,0xB2,0xD6,
    0xFF,0xB2,0xD6,0xFF,0xB2,0xD6,0xFF,0xB2,0xD6,0xFF,0xB2,0xD6,0xFF,0xB2,0xD6,0xFF,
    0xB2,0xD6,0xFF,0xB2,0xD6,0xFF,0xB2,0xD6,0xFF,0xB2,0xD6,0xFF,0xB2,0xD6,0xFF,0xB2,
    0xD6,0xFF,0xB2,0xD6,0xFF,0xB2,0xD6,0xFF,0xB2,0xD6,0xFF,0xB2,0xD6,0xFF,0xB2,0xD6,
    0xFF,0xB2,0xD6,0xFF,0xB2,0xD6,0xFF,0xB2,0xD6,0xFF,0xB2,0xD6,0xFF,0xB2,0xD6,0xFF,
    0xB2,0xD6,0xFF,0xB2,0xD6,0xFF,0xB2,0xD6,0xFF,0xB2,0xD6,0xFF,0xB2,0xD6,0xFF,0xB2,
    0xD6,0xFF,0xB2,0xD6,0xFF,0xB2,0xD6,0xFF,0xB2,0xD6,0xFF,0xB2,0xD6,0xFF,0xB2,0xD6,
    0xFF,0xB2,0xD6,0xFF,0xB2,0xD6,0xFF,0xB2,0xD6,0xFF,0xB2,0xD6,0xFF,0xB2,0xD6,0xFF,
    0xB2,0xD6,0xFF,0xB2,0xD6,0xFF,0xB2,0xD6,0xFF,0xB2,0xD6,0xFF,0xB2,0xD6,0xFF,0xB2,
    0xD6,0xFF,0xB2,0xD6,0xFF,0xB2,0xD6,0xFF,0xB2,0xD6,0xFF,0xB2,0xD6,0xFF,0xB2,0xD6,
    0xFF,0xB2,0xD6,0xFF,0xB2,0xD6,0xFF,0xB2,0xD6,0xFF,0xB2,0xD6,0xFF,0xB2,0xD6,0xFF,
    0xB2,0xD6,0xFF,0xB2,0xD6,0xFF,0xB2,0xD6,0xFF,0xB2,0xD6,0xFF,0xB2,0xD6,0xFF,0xB2,
    0xD6,0xFF,0xB2,0xD6,0xFF,0xB2,0xD6,0xFF,0xB2,0xD6,0xFF,0xB2,0xD6,0xFF,0xB2,0xD6,
    0xFF,0xB2,0xD6,0xFF,0xB2,0xD6,0xFF,0xB2,0xD6,0xFF,0xB2,0xD6,0xFF,0xB2,0xD6,0xFF,
    0xB2,0xD6,0xFF,0xB2,0xD6,0xFF,0xB2,0xD6,0xFF,0xB2,0xD6,0xFF,0xB2,0xD6,0xFF,0xB2,
    0xD6,0xFF,0xB2,0xD6,0xFF,0xB2,0xD6,0xFF,0xB2,0xD6,0xFF,0xB2,0xD6,0xFF,0xB2,0xD6,
    0xFF,0xB2,0xD6,0xFF,0xB2,0xD6,0xFF,0xB2,0xD6,0xFF,0xB2,0xD6,0xFF,0xB2,0xD6,0xFF,
    0xB2,0xD6,0xFF,0xB2,0xD6,0xFF,0xB2,0xD6,0xFF,0xB2,0xD6,0xFF,0xB2,0xD6,0xFF,0xB2,
    0xD6,0xFF,0xB2,0xD6,0xFF,0xB2,0xD6,0xFF,0xB2,0xD6,0xFF,0xB2,0xD6,0xFF,0xB2,0xD6,
    0xFF,0xB2,0xD6,0xFF,0xB2,0xD6,0xFF,0xB2,0xD6,0xFF,0xB2,0xD6,0xFF,0xB2,0xD6,0xFF,
    0xB2,0xD6,0xFF,0xB2,0xD6,0xFF,0xB2,0xD6,0xFF,0xB2,0xD6,0xFF,0xB2,0xD6,0xFF,0xB2,
    0xD6,0xFF,0xB2,0xD6,0xFF,0xB2,0xD6,0xFF,0xB2,0xD6,0xFF,0xB2,0xD6,0xFF,0xB2,0xD6,
    0xFF,0xB2,0xD6,0xFF,0xB2,0xD6,0xFF,0xB2,0xD6,0xFF,0xB2,0xD6,0xFF,0xB2,0xD6,0xFF,
    0xB2,0xD6,0xFF,0xB2,0xD6,0xFF,0xB2,0xD6,0xFF,0xB2,0xD6,0xFF,0xB2,0xD6,0xFF,0xB2,
    0xD6,0xFF,0xB2,0xD6,0xFF,0xB2,0xD6,0xFF,0xB2,0xD6,0xFF,0xB2,0xD6,0xFF,0xB2,0xD6,
    0xFF,0xB2,0xD6,0xFF,0xB2,0xD6,0xFF,0xB2,0xD6,0xFF,0xB2,0xD6,0xFF,0xB2,0xD6,0xFF,
    0xB2,0xD6,0xFF,0xB2,0xD6,0xFF,0xB2,0xD6,0xFF,0xB2,0xD6,0xFF,0xB2,0xD6,0xFF,0xB2,
    0xD6,0xFF,0xB2,0xD6,0xFF,0xB2,0xD6,0xFF,0xB2,0xD6,0xFF,0xB2,0xD6,0xFF,0xB2,0xD6,
    0xFF,0xB2,0xD6,0xFF,0xB2,0xD6,0xFF,0xB2,0xD6,0xFF,0xB2,0xD6,0xFF,0xB2,0xD6,0xFF,
    0xB2,0xD6,0xFF,0xB2,0xD6,0xFF,0xB2,0xD6,0xFF,0xB2,0xD6,0xFF,0xB2,0xD6,0xFF,0xB2,
    0xD6,0xFF,0xB2,0xD6,0xFF,0xB2,0xD6,0xFF,0xB2,0xD6,0xFF,0xB2,0xD6,0xFF,0xB2,0xD6,
    0xFF,0xB2,0xD6,0xFF,0xB2,0xD6,0xFF,0xB2,0xD6,0xFF,0xB2,0xD6,0xFF,0xB2,0xD6,0xFF,
    0xB2,0xD6,0xFF,0xB2,0xD6,0xFF,0xB2,0xD6,0xFF,0xB2,0xD6,0xFF,0xB2,0xD6,0xFF,0xB2,
    0xD6,0xFF,0xB2,0xD6,0xFF,0xB2,0xD6,0xFF,0xB2,0xD6,0xFF,0xB2,0xD6,0xFF,0xB2,0xD6,
    0xFF,0xB2,0xD6,0xFF,0xB2,0xD6,0xFF,0xB2,0xD6,0xFF,0xB2,0xD6,0xFF,0xB2,0xD6,0xFF,
    0xB2,0xD6,0xFF,0xB2,0xD6,0xFF,0xB2,0xD6,0xFF,0xB2,0xD6,0xFF,0xB2,0xD6,0xFF,0xB2,
    0xD6,0xFF,0xB2,0xD6,0xFF,0xB2,0xD6,0xFF,0xB2,0xD6,0xFF,0xB2,0xD6,0xFF,0xB2,0xD6,
    0xFF,0xB2,0xD6,0xFF,0xB2,0xD6,0xFF,0xB2,0xD6,0xFF,0xB2,0xD6,0xFF,0xB2,0xD6,0xFF,
    0xB2,0xD6,0xFF,0xB2,0xD6,0xFF,0xB2,0xD6,0xFF,0xB2,0xD6,0xFF,0xB2,0xD6,0xFF,0xB2,
    0xD6,0xFF,0xB2,0xD6,0xFF,0xB2,0xD6,0xFF,0xB2,0xD6,0xFF,0xB2,0xD6,0xFF,0xB2,0xD6,
    0xFF,0xB2,0xD6,0xFF,0xB2,0xD6,0xFF,0xB2,0xD6,0xFF,0xB2,0xD6,0xFF,0xB2,0xD6,0xFF,
    0xB2,0xD6,0xFF,0xB2,0xD6,0xFF,0xB2,0xD6,0xFF,0xB2,0xD6,0xFF,0xB2,0xD6,0xFF,0xB2,
    0xD6,0xFF,0xB2,0xD6,0xFF,0xB2,0xD6,0xFF,0xB2,0xD6,0xFF,0xB2,0xD6,0xFF,0xB2,0xD6,
    0xFF,0xB2,0xD6,0xFF,0xB2,0xD6,0xFF,0xB2,0xD6,0xFF,0xB2,0xD6,0xFF,0xB2,0xD6,0xFF,
    0xB2,0xD6,0xFF,0xB2,0xD6,0xFF,0xB2,0xD6,0xFF,0xB2,0xD6,0xFF,0xB2,0xD6,0xFF,0xB2,
    0xD6,0xFF,0xB2,0xD6,0xFF,0xB2,0xD6,0xFF,0xB2,0xD6,0xFF,0xB2,0xD6,0xFF,0xB2,0xD6,
    0xFF,0xB2,0xD6,0xFF,0xB2,0xD6,0xFF,0xB2,0xD6,0xFF,0xB2,0xD6,0xFF,0xB2,0xD6,0xFF,
    0xB2,0xD6,0xFF,0xB2,0xD6,0xFF,0xB2,0xD6,0xFF,0xB2,0xD6,0xFF,0xB2,0xD6,0xFF,0xB2,
    0xD6,0xFF,0xB2,0xD6,0xFF,0xB2,0xD6,0xFF,0xB2,0xD6,0xFF,0xB2,0xD6,0xFF,0xB2,0xD6,
    0xFF,0xB2,0xD6,0xFF,0xB2,0xD6,0xFF,0xB2,0xD6,0xFF,0xB2,0xD6,0xFF,0xB2,0xD6,0xFF,
    0xB2,0xD6,0xFF,0xB2,0xD6,0xFF,0xB2,0xD6,0xFF,0xB2,0xD6,0xFF,0xB2,0xD6,0xFF,0xB2,
    0xD6,0xFF,0xB2,0xD6,0xFF,0xB2,0xD6,0xFF,0xB2,0xD6,0xFF,0xB2,0xD6,0xFF,0xB2,0xD6,
    0xFF,0xB2,0xD6,0xFF,0xB2,0xD6,0xFF,0xB2,0xD6,0xFF,0xB2,0xD6,0xFF,0xB2,0xD6,0xFF,
    0xB2,0xD6,0xFF,0xB2,0xD6,0xFF,0xB2,0xD6,0xFF,0xB2,0xD6,0xFF,0xB2,0xD6,0xFF,0xB2,
    0xD6,0xFF,0xB2,0xD6,0xFF,0xB2,0xD6,0xFF,0xB2,0xD6,0xFF,0xB2,0xD6,0xFF,0xB2,0xD6,
    0xFF,0xB2,0xD6,0xFF,0xB2,0xD6,0xFF,0xB2,0xD6,0xFF,0xB2,0xD6,0xFF,0xB2,0xD6,0xFF,
    0xB2,0xD6,0xFF,0xB2,0xD6,0xFF,0xB2,0xD6,0xFF,0xB2,0xD6,0xFF,0xB2,0xD6,0xFF,0xB2,
    0xD6,0xFF,0xB2,0xD6,0xFF,0xB2,0xD6,0xFF,0xB2,0xD6,0xFF,0xB2,0xD6,0xFF,0xB2,0xD6,
    0xFF,0xB2,0xD6,0xFF,0xB2,0xD6,0xFF,0xB2,0xD6,0xFF,0xB2,0xD6,0xFF,0xB2,0xD6,0xFF,
    0xB2,0xD6,0xFF,0xB2,0xD6,0xFF,0xB2,0xD6,0xFF,0xB2,0xD6,0xFF,0xB2,0xD6,0xFF,0xB2,
    0xD6,0xFF,0xB2,0xD6,0xFF,0xB2,0xD6,0xFF,0xB2,0xD6,0xFF,0xB2,0xD6,0xFF,0xB2,0xD6,
    0xFF,0xB2,0xD6,0xFF,0xB2,0xD6,0xFF,0xB2,0xD6,0xFF,0xB2,0xD6,0xFF,0xB2,0xD6,0xFF,
    0xB2,0xD6,0xFF,0xB2,0xD6,0xFF,0xB2,0xD6,0xFF,0xB2,0xD6,0xFF,0xB2,0xD6,0xFF,0xB2,
    0xD6,0xFF,0xB2,0xD6,0xFF,0xB2,0xD6,0xFF,0xB2,0xD6,0xFF,0xB2,0xD6,0xFF,0xB2,0xD6,
    0xFF,0xB2,0xD6,0xFF,0xB2,0xD6,0xFF,0xB2,0xD6,0xFF,0xB2,0xD6,0xFF,0xB2,0xD6,0xFF,
    0xB2,0xD6,0xFF,0xB2,0xD6,0xFF,0xB2,0xD6,0xFF,0xB2,0xD6,0xFF,0xB2,0xD6,0xFF,0xB2,
    0xD6,0xFF,0xB2,0xD6,0xFF,0xB2,0xD6,0xFF,0xB2,0xD6,0xFF,0xB2,0xD6,0xFF,0xB2,0xD6,
    0xFF,0xB2,0xD6,0xFF,0xB2,0xD6,0xFF,0xB2,0xD6,0xFF,0xB2,0xD6,0xFF,0xB2,0xD6,0xFF,
    0xB2,0xD6,0xFF,0xB2,0xD6,0xFF,0xB2,0xD6,0xFF,0xB2,0xD6,0xFF,0xB2,0xD6,0xFF,0xB2,
    0xD6,0xFF,0xB2,0xD6,0xFF,0xB2,0xD6,0xFF,0xB2,0xD6,0xFF,0xB2,0xD6,0xFF,0xB2,0xD6,
    0xFF,0xB2,0xD6,0xFF,0xB2,0xD6,0xFF,0xB2,0xD6,0xFF,0xB2,0xD6,0xFF,0xB2,0xD6,0xFF,
    0xB2,0xD6,0xFF,0xB2,0xD6,0xFF,0xB2,0xD6,0xFF,0xB2,0xD6,0xFF,0xB2,0xD6,0xFF,0xB2,
    0xD6,0xFF,0xB2,0xD6,0xFF,0xB2,0xD6,0xFF,0xB2,0xD6,0xFF,0xB2,0xD6,0xFF,0xB2,0xD6,
    0xFF,0xB2,0xD6,0xFF,0xB2,0xD6,0xFF,0xB2,0xD6,0xFF,0xB2,0xD6,0xFF,0xB2,0xD6,0xFF,
    0xB2,0xD6,0xFF,0xB2,0xD6,0xFF,0xB2,0xD6,0xFF,0xB2,0xD6,0xFF,0xB2,0xD6,0xFF,0xB2,
    0xD6,0xFF,0xB2,0xD6,0xFF,0xB2,0xD6,0xFF,0xB2,0xD6,0xFF,0xB2,0xD6,0xFF,0xB2,0xD6,
    0xFF,0xB2,0xD6,0xFF,0xB2,0xD6,0xFF,0xB2,0xD6,0xFF,0xB2,0xD6,0xFF,0xB2,0xD6,0xFF,
    0xB2,0xD6,0xFF,0xB2,0xD6,0xFF,0xB2,0xD6,0xFF,0xB2,0xD6,0xFF,0xB2,0xD6,0xFF,0xB2,
    0xD6,0xFF,0xB2,0xD6,0xFF,0xB2,0xD6,0xFF,0xB2,0xD6,0xFF,0xB2,0xD6,0xFF,0xB2,0xD6,
    0xFF,0xB2,0xD6,0xFF,0xB2,0xD6,0xFF,0xB2,0xD6,0xFF,0xB2,0xD6,0xFF,0xB2,0xD6,0xFF,
    0xB2,0xD6,0xFF,0xB2,0xD6,0xFF,0xB2,0xD6,0xFF,0xB2,0xD6,0xFF,0xB2,0xD6,0xFF,0xB2,
    0xD6,0xFF,0xB2,0xD6,0xFF,0xB2,0xD6,0xFF,0xB2,0xD6,0xFF,0xB2,0xD6,0xFF,0xB2,0xD6,
    0xFF,0xB2,0xD6,0xFF,0xB2,0xD6,0xFF,0xB2,0xD6,0xFF,0xB2,0xD6,0xFF,0xB2,0xD6,0xFF,
    0xB2,0xD6,0xFF,0xB2,0xD6,0xFF,0xB2,0xD6,0xFF,0xB2,0xD6,0xFF,0xB2,0xD6,0xFF,0xB2,
    0xD6,0xFF,0xB2,0xD6,0xFF,0xB2,0xD6,0xFF,0xB2,0xD6,0xFF,0xB2,0xD6,0xFF,0xB2,0xD6,
    0xFF,0xB2,0xD6,0xFF,0xB2,0xD6,0xFF,0xB2,0xD6,0xFF,0xB2,0xD6,0xFF,0xB2,0xD6,0xFF,
    0xB2,0xD6,0xFF,0xB2,0xD6,0xFF,0xB2,0xD6,0xFF,0xB2,0xD6,0xFF,0xB2,0xD6,0xFF,0xB2,
    0xD6,0xFF,0xB2,0xD6,0xFF,0xB2,0xD6,0xFF,0xB2,0xD6,0xFF,0xB2,0xD6,0xFF,0xB2,0xD6,
    0xFF,0xB2,0xD6,0xFF,0xB2,0xD6,0xFF,0xB2,0xD6,0xFF,0xB2,0xD6,0xFF,0xB2,0xD6,0xFF,
    0xB2,0xD6,0xFF,0xB2,0xD6,0xFF,0xB2,0xD6,0xFF,0xB2,0xD6,0xFF,0xB2,0xD6,0xFF,0xB2,
    0xD6,0xFF,0xB2,0xD6,0xFF,0xB2,0xD6,0xFF,0xB2,0xD6,0xFF,0xB2,0xD6,0xFF,0xB2,0xD6,
    0xFF,0xB2,0xD6,0xFF,0xB2,0xD6,0xFF,0xB2,0xD6,0xFF,0xB2,0xD6,0xFF,0xB2,0xD6,0xFF,
    0xB2,0xD6,0xFF,0xB2,0xD6,0xFF,0xB2,0xD6,0xFF,0xB2,0xD6,0xFF,0xB2,0xD6,0xFF,0xB2,
    0xD6,0xFF,0xB2,0xD6,0xFF,0xB2,0xD6,0xFF,0xB2,0xD6,0xFF,0xB2,0xD6,0xFF,0xB2,0xD6,
    0xFF,0xB2,0xD6,0xFF,0xB2,0xD6,0xFF,0xB2,0xD6,0xFF,0xB2,0xD6,0xFF,0xB2,0xD6,0xFF,
    0xB2,0xD6,0xFF,0xB2,0xD6,0xFF,0xB2,0xD6,0xFF,0xB2,0xD6,0xFF,0xB2,0xD6,0xFF,0xB2,
    0xD6,0xFF,0xB2,0xD6,0xFF,0xB2,0xD6,0xFF,0xB2,0xD6,0xFF,0xB2,0xD6,0xFF,0xB2,0xD6,
    0xFF,0xB2,0xD6,0xFF,0xB2,0xD6,0xFF,0xB2,0xD6,0xFF,0xB2,0xD6,0xFF,0xB2,0xD6,0xFF,
    0xB2,0xD6,0xFF,0xB2,0xD6,0xFF,0xB2,0xD6,0xFF,0xB2,0xD6,0xFF,0xB2,0xD6,0xFF,0xB2,
    0xD6,0xFF,0xB2,0xD6,0xFF,0xB2,0xD6,0xFF,0xB2,0xD6,0xFF,0xB2,0xD6,0xFF,0xB2,0xD6,
    0xFF,0xB2,0xD6,0xFF,0xB2,0xD6,0xFF,0xB2,0xD6,0xFF,0xB2,0xD6,0xFF,0xB2,0xD6,0xFF,
    0xB2,0xD6,0xFF,0xB2,0xD6,0xFF,0xB2,0xD6,0xFF,0xB2,0xD6,0xFF,0xB2,0xD6,0xFF,0xB2,
    0xD6,0xFF,0xB2,0xD6,0xFF,0xB2,0xD6,0xFF,0xB2,0xD6,0xFF,0xB2,0xD6,0xFF,0xB2,0xD6,
    0xFF,0xB2,0xD6,0xFF,0xB2,0xD6,0xFF,0xB2,0xD6,0xFF,0xB2,0xD6,0xFF,0xB2,0xD6,0xFF,
    0xB2,0xD6,0xFF,0xB2,0xD6,0xFF,0xB2,0xD6,0xFF,0xB2,0xD6,0xFF,0xB2,0xD6,0xFF,0xB2,
    0xD6,0xFF,0xB2,0xD6,0xFF,0xB2,0xD6,0xFF,0xB2,0xD6,0xFF,0xB2,0xD6,0xFF,0xB2,0xD6,
    0xFF,0xB2,0xD6,0xFF,0xB2,0xD6,0xFF,0xB2,0xD6,0xFF,0xB2,0xD6,0xFF,0xB2,0xD6,0xFF,
    0xB2,0xD6,0xFF,0xB2,0xD6,0xFF,0xB2,0xD6,0xFF,0xB2,0xD6,0xFF,0xB2,0xD6,0xFF,0xB2,
    0xD6,0xFF,0xB2,0xD6,0xFF,0xB2,0xD6,0xFF,0xB2,0xD6,0xFF,0xB2,0xD6,0xFF,0xB2,0xD6,
    0xFF,0xB2,0xD6,0xFF,0xB2,0xD6,0xFF,0xB2,0xD6,0xFF,0xB2,0xD6,0xFF,0xB2,0xD6,0xFF,
    0xB2,0xD6,0xFF,0xB2,0xD6,0xFF,0xB2,0xD6,0xFF,0xB2,0xD6,0xFF,0xB2,0xD6,0xFF,0xB2,
    0xD6,0xFF,0xB2,0xD6,0xFF,0xB2,0xD6,0xFF,0xB2,0xD6,0xFF,0xB2,0xD6,0xFF,0xB2,0xD6,
    0xFF,0xB2,0xD6,0xFF,0xB2,0xD6,0xFF,0xB2,0xD6,0xFF,0xB2,0xD6,0xFF,0xB2,0xD6,0xFF,
    0xB2,0xD6,0xFF,0xB2,0xD6,0xFF,0xB2,0xD6,0xFF,0xB2,0xD6,0xFF,0xB2,0xD6,0xFF,0xB2,
    0xD6,0xFF,0xB2,0xD6,0xFF,0xB2,0xD6,0xFF,0xB2,0xD6,0xFF,0xB2,0xD6,0xFF,0xB2,0xD6,
    0xFF,0xB2,0xD6,0xFF,0xB2,0xD6,0xFF,0xB2,0xD6,0xFF,0xB2,0xD6,0xFF,0xB2,0xD6,0xFF,
    0xB2,0xD6,0xFF,0xB2,0xD6,0xFF,0xB2,0xD6,0xFF,0xB2,0xD6,0xFF,0xB2,0xD6,0xFF,0xB2,
    0xD6,0xFF,0xB2,0xD6,0xFF,0xB2,0xD6,0xFF,0xB2,0xD6,0xFF,0xB2,0xD6,0xFF,0xB2,0xD6,
    0xFF,0xB2,0xD6,0xFF,0xB2,0xD6,0xFF,0xB2,0xD6,0xFF,0xB2,0xD6,0xFF,0xB2,0xD6,0xFF,
    0xB2,0xD6,0xFF,0xB2,0xD6,0xFF,0xB2,0xD6,0xFF,0xB2,0xD6,0xFF,0xB2,0xD6,0xFF,0xB2,
    0xD6,0xFF,0xB2,0xD6,0xFF,0xB2,0xD6,0xFF,0xB2,0xD6,0xFF,0xB2,0xD6,0xFF,0xB2,0xD6,
    0xFF,0xB2,0xD6,0xFF,0xB2,0xD6,0xFF,0xB2,0xD6,0xFF,0xB2,0xD6,0xFF,0xB2,0xD6,0xFF,
    0xB2,0xD6,0xFF,0xB2,0xD6,0xFF,0xB2,0xD6,0xFF,0xB2,0xD6,0xFF,0xB2,0xD6,0xFF,0xB2,
    0xD6,0xFF,0xB2,0xD6,0xFF,0xB2,0xD6,0xFF,0xB2,0xD6,0xFF,0xB2,0xD6,0xFF,0xB2,0xD6,
    0xFF,0xB2,0xD6,0xFF,0xB2,0xD6,0xFF,0xB2,0xD6,0xFF,0xB2,0xD6,0xFF,0xB2,0xD6,0xFF,
    0xB2,0xD6,0xFF,0xB2,0xD6,0xFF,0xB2,0xD6,0xFF,0xB2,0xD6,0xFF,0xB2,0xD6,0xFF,0xB2,
    0xD6,0xFF,0xB2,0xD6,0xFF,0xB2,0xD6,0xFF,0xB2,0xD6,0xFF,0xB2,0xD6,0xFF,0xB2,0xD6,
    0xFF,0xB2,0xD6,0xFF,0xB2,0xD6,0xFF,0xB2,0xD6,0xFF,0xB2,0xD6,0xFF,0xB2,0xD6,0xFF,
    0xB2,0xD6,0xFF,0xB2,0xD6,0xFF,0xB2,0xD6,0xFF,0xB2,0xD6,0xFF,0xB2,0xD6,0xFF,0xB2,
    0xD6,0xFF,0xB2,0xD6,0xFF,0xB2,0xD6,0xFF,0xB2,0xD6,0xFF,0xB2,0xD6,0xFF,0xB2,0xD6,
    0xFF,0xB2,0xD6,0xFF,0xB2,0xD6,0xFF,0xB2,0xD6,0xFF,0xB2,0xD6,0xFF,0xB2,0xD6,0xFF,
    0xB2,0xD6,0xFF,0xB2,0xD6,0xFF,0xB2,0xD6,0xFF,0xB2,0xD6,0xFF,0xB2,0xD6,0xFF,0xB2,
    0xD6,0xFF,0xB2,0xD6,0xFF,0xB2,0xD6,0xFF,0xB2,0xD6,0xFF,0xB2,0xD6,0xFF,0xB2,0xD6,
    0xFF,0xB2,0xD6,0xFF,0xB2,0xD6,0xFF,0xB2,0xD6,0xFF,0xB2,0xD6,0xFF,0xB2,0xD6,0xFF,
    0xB2,0xD6,0xFF,0xB2,0xD6,0xFF,0xB2,0xD6,0xFF,0xB2,0xD6,0xFF,0xB2,0xD6,0xFF,0xB2,
    0xD6,0xFF,0xB2,0xD6,0xFF,0xB2,0xD6,0xFF,0xB2,0xD6,0xFF,0xB2,0xD6,0xFF,0xB2,0xD6,
    0xFF,0xB2,0xD6,0xFF,0xB2,0xD6,0xFF,0xB2,0xD6,0xFF,0xB2,0xD6,0xFF,0xB2,0xD6,0xFF,
    0xB2,0xD6,0xFF,0xB2,0xD6,0xFF,0xB2,0xD6,0xFF,0xB2,0xD6,0xFF,0xB2,0xD6,0xFF,0xB2,
    0xD6,0xFF,0xB2,0xD6,0xFF,0xB2,0xD6,0xFF,0xB2,0xD6,0xFF,0xB2,0xD6,0xFF,0xB2,0xD6,
    0xFF,0xB2,0xD6,0xFF,0xB2,0xD6,0xFF,0xB2,0xD6,0xFF,0xB2,0xD6,0xFF,0xB2,0xD6,0xFF,
    0xB2,0xD6,0xFF,0xB2,0xD6,0xFF,0xB2,0xD6,0xFF,0xB2,0xD6,0xFF,0xB2,0xD6,0xFF,0xB2,
    0xD6,0xFF,0xB2,0xD6,0xFF,0xB2,0xD6,0xFF,0xB2,0xD6,0xFF,0xB2,0xD6,0xFF,0xB2,0xD6,
    0xFF,0xB2,0xD6,0xFF,0xB2,0xD6,0xFF,0xB2,0xD6,0xFF,0xB2,0xD6,0xFF,0xB2,0xD6,0xFF,
    0xB2,0xD6,0xFF,0xB2,0xD6,0xFF,0xB2,0xD6,0xFF,0xB2,0xD6,0xFF,0xB2,0xD6,0xFF,0xB2,
    0xD6,0xFF,0xB2,0xD6,0xFF,0xB2,0xD6,0xFF,0xB2,0xD6,0xFF,0xB2,0xD6,0xFF,0xB2,0xD6,
    0xFF,0xB2,0xD6,0xFF,0xB2,0xD6,0xFF,0xB2,0xD6,0xFF,0xB2,0xD6,0xFF,0xB2,0xD6,0xFF,
    0xB2,0xD6,0xFF,0xB2,0xD6,0xFF,0xB2,0xD6,0xFF,0xB2,0xD6,0xFF,0xB2,0xD6,0xFF,0xB2,
    0xD6,0xFF,0xB2,0xD6,0xFF,0xB2,0xD6,0xFF,0xB2,0xD6,0xFF,0xB2,0xD6,0xFF,0xB2,0xD6,
    0xFF,0xB2,0xD6,0xFF,0xB2,0xD6,0xFF,0xB2,0xD6,0xFF,0xB2,0xD6,0xFF,0xB2,0xD6,0xFF,
    0xB2,0xD6,0xFF,0xB2,0xD6,0xFF,0xB2,0xD6,0xFF,0xB2,0xD6,0xFF,0xB2,0xD6,0xFF,0xB2,
    0xD6,0xFF,0xB2,0xD6,0xFF,0xB2,0xD6,0xFF,0xB2,0xD6,0xFF,0xB2,0xD6,0xFF,0xB2,0xD6,
    0xFF,0xB2,0xD6,0xFF,0xB2,0xD6,0xFF,0xB2,0xD6,0xFF,0xB2,0xD6,0xFF,0xB2,0xD6,0xFF,
    0xB2,0xD6,0xFF,0xB2,0xD6,0xFF,0xB2,0xD6,0xFF,0xB2,0xD6,0xFF,0xB2,0xD6,0xFF,0xB2,
    0xD6,0xFF,0xB2,0xD6,0xFF,0xB2,0xD6,0xFF,0xB2,0xD6,0xFF,0xB2,0xD6,0xFF,0xB2,0xD6,
    0xFF,0xB2,0xD6,0xFF,0xB2,0xD6,0xFF,0xB2,0xD6,0xFF,0xB2,0xD6,0xFF,0xB2,0xD6,0xFF,
    0xB2,0xD6,0xFF,0xB2,0xD6,0xFF,0xB2,0xD6,0xFF,0xB2,0xD6,0xFF,0xB2,0xD6,0xFF,0xB2,
    0xD6,0xFF,0xB2,0xD6,0xFF,0xB2,0xD6,0xFF,0xB2,0xD6,0xFF,0xB2,0xD6,0xFF,0xB2,0xD6,
    0xFF,0xB2,0xD6,0xFF,0xB2,0xD6,0xFF,0xB2,0xD6,0xFF,0xB2,0xD6,0xFF,0xB2,0xD6,0xFF,
    0xB2,0xD6,0xFF,0xB2,0xD6,0xFF,0xB2,0xD6,0xFF,0xB2,0xD6,0xFF,0xB2,0xD6,0xFF,0xB2,
    0xD6,0xFF,0xB2,0xD6,0xFF,0xB2,0xD6,0xFF,0xB2,0xD6,0xFF,0xB2,0xD6,0xFF,0xB2,0xD6,
    0xFF,0xB2,0xD6,0xFF,0xB2,0xD6,0xFF,0xB2,0xD6,0xFF,0xB2,0xD6,0xFF,0xB2,0xD6,0xFF,
    0xB2,0xD6,0xFF,0xB2,0xD6,0xFF,0xB2,0xD6,0xFF,0xB2,0xD6,0xFF,0xB2,0xD6,0xFF,0xB2,
    0xD6,0xFF,0xB2,0xD6,0xFF,0xB2,0xD6,0xFF,0xB2,0xD6,0xFF,0xB2,0xD6,0xFF,0xB2,0xD6,
    0xFF,0xB2,0xD6,0xFF,0xB2,0xD6,0xFF,0xB2,0xD6,0xFF,0xB2,0xD6,0xFF,0xB2,0xD6,0xFF,
    0xB2,0xD6,0xFF,0xB2,0xD6,0xFF,0xB2,0xD6,0xFF,0xB2,0xD6,0xFF,0xB2,0xD6,0xFF,0xB2,
    0xD6,0xFF,0xB2,0xD6,0xFF,0xB2,0xD6,0xFF,0xB2,0xD6,0xFF,0xB2,0xD6,0xFF,0xB2,0xD6,
    0xFF,0xB2,0xD6,0xFF,0xB2,0xD6,0xFF,0xB2,0xD6,0xFF,0xB2,0xD6,0xFF,0xB2,0xD6,0xFF,
    0xB2,0xD6,0xFF,0xB2,0xD6,0xFF,0xB2,0xD6,0xFF,0xB2,0xD6,0xFF,0xB2,0xD6,0xFF,0xB2,
    0xD6,0xFF,0xB2,0xD6,0xFF,0xB2,0xD6,0xFF,0xB2,0xD6,0xFF,0xB2,0xD6,0xFF,0xB2,0xD6,
    0xFF,0xB2,0xD6,0xFF,0xB2,0xD6,0xFF,0xB2,0xD6,0xFF,0xB2,0xD6,0xFF,0xB2,0xD6,0xFF,
    0xB2,0xD6,0xFF,0xB2,0xD6,0xFF,0xB2,0xD6,0xFF,0xB2,0xD6,0xFF,0xB2,0xD6,0xFF,0xB2,
    0xD6,0xFF,0xB2,0xD6,0xFF,0xB2,0xD6,0xFF,0xB2,0xD6,0xFF,0xB2,0xD6,0xFF,0xB2,0xD6,
    0xFF,0xB2,0xD6,0xFF,0xB2,0xD6,0xFF,0xB2,0xD6,0xFF,0xB2,0xD6,0xFF,0xB2,0xD6,0xFF,
    0xB2,0xD6,0xFF,0xB2,0xD6,0xFF,0xB2,0xD6,0xFF,0xB2,0xD6,0xFF,0xB2,0xD6,0xFF,0xB2,
    0xD6,0xFF,0xB2,0xD6,0xFF,0xB2,0xD6,0xFF,0xB2,0xD6,0xFF,0xB2,0xD6,0xFF,0xB2,0xD6,
    0xFF,0xB2,0xD6,0xFF,0xB2,0xD6,0xFF,0xB2,0xD6,0xFF,0xB2,0xD6,0xFF,0xB2,0xD6,0xFF,
    0xB2,0xD6,0xFF,0xB2,0xD6,0xFF,0xB2,0xD6,0xFF,0xB2,0xD6,0xFF,0xB2,0xD6,0xFF,0xB2,
    0xD6,0xFF,0xB2,0xD6,0xFF,0xB2,0xD6,0xFF,0xB2,0xD6,0xFF,0xB2,0xD6,0xFF,0xB2,0xD6,
    0xFF,0xB2,0xD6,0xFF,0xB2,0xD6,0xFF,0xB2,0xD6,0xFF,0xB2,0xD6,0xFF,0xB2,0xD6,0xFF,
    0xB2,0xD6,0xFF,0xB2,0xD6,0xFF,0xB2,0xD6,0xFF,0xB2,0xD6,0xFF,0xB2,0xD6,0xFF,0xB2,
    0xD6,0xFF,0xB2,0xD6,0xFF,0xB2,0xD6,0xFF,0xB2,0xD6,0xFF,0xB2,0xD6,0xFF,0xB2,0xD6,
    0xFF,0xB2,0xD6,0xFF,0xB2,0xD6,0xFF,0xB2,0xD6,0xFF,0xB2,0xD6,0xFF,0xB2,0xD6,0xFF,
    0xB2,0xD6,0xFF,0xB2,0xD6,0xFF,0xB2,0xD6,0xFF,0xB2,0xD6,0xFF,0xB2,0xD6,0xFF,0xB2,
    0xD6,0xFF,0xB2,0xD6,0xFF,0xB2,0xD6,0xFF,0xB2,0xD6,0xFF,0xB2,0xD6,0xFF,0xB2,0xD6,
    0xFF,0xB2,0xD6,0xFF,0xB2,0xD6,0xFF,0xB2,0xD6,0xFF,0xB2,0xD6,0xFF,0xB2,0xD6,0xFF,
    0xB2,0xD6,0xFF,0xB2,0xD6,0xFF,0xB2,0xD6,0xFF,0xB2,0xD6,0xFF,0xB2,0xD6,0xFF,0xB2,
    0xD6,0xFF,0xB2,0xD6,0xFF,0xB2,0xD6,0xFF,0xB2,0xD6,0xFF,0xB2,0xD6,0xFF,0xB2,0xD6,
    0xFF,0xB2,0xD6,0xFF,0xB2,0xD6,0xFF,0xB2,0xD6,0xFF,0xB2,0xD6,0xFF,0xB2,0xD6,0xFF,
    0xB2,0xD6,0xFF,0xB2,0xD6,0xFF,0xB2,0xD6,0xFF,0xB2,0xD6,0xFF,0xB2,0xD6,0xFF,0xB2,
    0xD6,0xFF,0xB2,0xD6,0xFF,0xB2,0xD6,0xFF,0xB2,0xD6,0xFF,0xB2,0xD6,0xFF,0xB2,0xD6,
    0xFF,0xB2,0xD6,0xFF,0xB2,0xD6,0xFF,0xB2,0xD6,0xFF,0xB2,0xD6,0xFF,0xB2,0xD6,0xFF,
    0xB2,0xD6,0xFF,0xB2,0xD6,0xFF,0xB2,0xD6,0xFF,0xB2,0xD6,0xFF,0xB2,0xD6,0xFF,0xB2,
    0xD6,0xFF,0xB2,0xD6,0xFF,0xB2,0xD6,0xFF,0xB2,0xD6,0xFF,0xB2,0xD6,0xFF,0xB2,0xD6,
    0xFF,0xB2,0xD6,0xFF,0xB2,0xD6,0xFF,0xB2,0xD6,0xFF,0xB2,0xD6,0xFF,0xB2,0xD6,0xFF,
    0xB2,0xD6,0xFF,0xB2,0xD6,0xFF,0xB2,0xD6,0xFF,0xB2,0xD6,0xFF,0xB2,0xD6,0xFF,0xB2,
    0xD6,0xFF,0xB2,0xD6,0xFF,0xB2,0xD6,0xFF,0xB2,0xD6,0xFF,0xB2,0xD6,0xFF,0xB2,0xD6,
    0xFF,0xB2,0xD6,0xFF,0xB2,0xD6,0xFF,0xB2,0xD6,0xFF,0xB2,0xD6,0xFF,0xB2,0xD6,0xFF,
    0xB2,0xD6,0xFF,0xB2,0xD6,0xFF,0xB2,0xD6,0xFF,0xB2,0xD6,0xFF,0xB2,0xD6,0xFF,0xB2,
    0xD6,0xFF,0xB2,0xD6,0xFF,0xB2,0xD6,0xFF,0xB2,0xD6,0xFF,0xB2,0xD6,0xFF,0xB2,0xD6,
    0xFF,0xB2,0xD6,0xFF,0xB2,0xD6,0xFF,0xB2,0xD6,0xFF,0xB2,0xD6,0xFF,0xB2,0xD6,0xFF,
    0xB2,0xD6,0xFF,0xB2,0xD6,0xFF,0xB2,0xD6,0xFF,0xB2,0xD6,0xFF,0xB2,0xD6,0xFF,0xB2,
    0xD6,0xFF,0xB2,0xD6,0xFF,0xB2,0xD6,0xFF,0xB2,0xD6,0xFF,0xB2,0xD6,0xFF,0xB2,0xD6,
    0xFF,0xB2,0xD6,0xFF,0xB2,0xD6,0xFF,0xB2,0xD6,0xFF,0xB2,0xD6,0xFF,0xB2,0xD6,0xFF,
    0xB2,0xD6,0xFF,0xB2,0xD6,0xFF,0xB2,0xD6,0xFF,0xB2,0xD6,0xFF,0xB2,0xD6,0xFF,0xB2,
    0xD6,0xFF,0xB2,0xD6,0xFF,0xB2,0xD6,0xFF,0xB2,0xD6,0xFF,0xB2,0xD6,0xFF,0xB2,0xD6,
    0xFF,0xB2,0xD6,0xFF,0xB2,0xD6,0xFF,0xB2,0xD6,0xFF,0xB2,0xD6,0xFF,0xB2,0xD6,0xFF,
    0xB2,0xD6,0xFF,0xB2,0xD6,0xFF,0xB2,0xD6,0xFF,0xB2,0xD6,0xFF,0xB2,0xD6,0xFF,0xB2,
    0xD6,0xFF,0xB2,0xD6,0xFF,0xB2,0xD6,0xFF,0xB2,0xD6,0xFF,0xB2,0xD6,0xFF,0xB2,0xD6,
    0xFF,0xB2,0xD6,0xFF,0xB2,0xD6,0xFF,0xB2,0xD6,0xFF,0xB2,0xD6,0xFF,0xB2,0xD6,0xFF,
    0xB2,0xD6,0xFF,0xB2,0xD6,0xFF,0xB2,0xD6,0xFF,0xB2,0xD6,0xFF,0xB2,0xD6,0xFF,0xB2,
    0xD6,0xFF,0x91,0xD6,0xFF,0x91,0xD6,0xFF,0x91,0xD6,0xFF,0x91,0xD6,0xFF,0x91,0xD6,
    0xFF,0x91,0xD6,0xFF,0x91,0xD6,0xFF,0x91,0xD6,0xFF,0x91,0xD6,0xFF,0x91,0xD6,0xFF,
    0x91,0xD6,0xFF,0x91,0xD6,0xFF,0x91,0xD6,0xFF,0x91,0xD6,0xFF,0x91,0xD6,0xFF,0x91,
    0xD6,0xFF,0x91,0xD6,0xFF,0x91,0xD6,0xFF,0x91,0xD6,0xFF,0x91,0xD6,0xFF,0x91,0xD6,
    0xFF,0x91,0xD6,0xFF,0x91,0xD6,0xFF,0x91,0xD6,0xFF,0x91,0xD6,0xFF,0x91,0xD6,0xFF,
    0x91,0xD6,0xFF,0x91,0xD6,0xFF,0x91,0xD6,0xFF,0x91,0xD6,0xFF,0x91,0xD6,0xFF,0x91,
    0xD6,0xFF,0x91,0xD6,0xFF,0x91,0xD6,0xFF,0x91,0xD6,0xFF,0x91,0xD6,0xFF,0x91,0xD6,
    0xFF,0x91,0xD6,0xFF,0x91,0xD6,0xFF,0x91,0xD6,0xFF,0x91,0xD6,0xFF,0x91,0xD6,0xFF,
    0x91,0xD6,0xFF,0x91,0xD6,0xFF,0x91,0xD6,0xFF,0x91,0xD6,0xFF,0x91,0xD6,0xFF,0x91,
    0xD6,0xFF,0x91,0xD6,0xFF,0x91,0xD6,0xFF,0x91,0xD6,0xFF,0x91,0xD6,0xFF,0x91,0xD6,
    0xFF,0x91,0xD6,0xFF,0x91,0xD6,0xFF,0x91,0xD6,0xFF,0x91,0xD6,0xFF,0x91,0xD6,0xFF,
    0x91,0xD6,0xFF,0x91,0xD6,0xFF,0x91,0xD6,0xFF,0x91,0xD6,0xFF,0x91,0xD6,0xFF,0x91,
    0xD6,0xFF,0xB1,0xD6,0xFF,0xB2,0xD6,0xFF,0xB2,0xD6,0xFF,0xB2,0xD6,0xFF,0xB2,0xD6,
    0xFF,0xB2,0xD6,0xFF,0xB2,0xD6,0xFF,0xB2,0xD6,0xFF,0xB2,0xD6,0xFF,0xB2,0xD6,0xFF,
    0xB2,0xD6,0xFF,0xB2,0xD6,0xFF,0xB2,0xD6,0xFF,0xB2,0xD6,0xFF,0xB2,0xD6,0xFF,0xB2,
    0xD6,0xFF,0xB2,0xD6,0xFF,0xB2,0xD6,0xFF,0xB2,0xD6,0xFF,0xB2,0xD6,0xFF,0xB2,0xD6,
    0xFF,0xB2,0xD6,0xFF,0xB2,0xD6,0xFF,0xB2,0xD6,0xFF,0xB2,0xD6,0xFF,0xB2,0xD6,0xFF,
    0xB2,0xD6,0xFF,0xB2,0xD6,0xFF,0xB2,0xD6,0xFF,0xB2,0xD6,0xFF,0xB2,0xD6,0xFF,0xB2,
    0xD6,0xFF,0xB2,0xD6,0xFF,0xB2,0xD6,0xFF,0xB2,0xD6,0xFF,0xB2,0xDE,0xFF,0xB2,0xDE,
    0xFF,0xB2,0xDE,0xFF,0xB2,0xDE,0xFF,0xB2,0xDE,0xFF,0xB2,0xDE,0xFF,0xB2,0xD6,0xFF,
    0xB2,0xD6,0xFF,0xB2,0xDE,0xFF,0xB2,0xDE,0xFF,0xB2,0xDE,0xFF,0xB2,0xD6,0xFF,0xB2,
    0xD6,0xFF,0xB2,0xDE,0xFF,0xB2,0xDE,0xFF,0xB2,0xD6,0xFF,0xB2,0xDE,0xFF,0xB2,0xDE,
    0xFF,0xB2,0xDE,0xFF,0xB2,0xDE,0xFF,0xB2,0xD6,0xFF,0xB2,0xD6,0xFF,0xB2,0xD6,0xFF,
    0xB2,0xD6,0xFF,0xB2,0xD6,0xFF,0xB2,0xD6,0xFF,0xB2,0xD6,0xFF,0xB2,0xD6,0xFF,0xB2,
    0xD6,0xFF,0xB2,0xD6,0xFF,0xB2,0xD6,0xFF,0xB2,0xD6,0xFF,0xB2,0xD6,0xFF,0xB2,0xD6,
    0xFF,0xB2,0xD6,0xFF,0xB2,0xD6,0xFF,0xB2,0xD6,0xFF,0xB2,0xD6,0xFF,0xB2,0xD6,0xFF,
    0xB2,0xD6,0xFF,0xB2,0xD6,0xFF,0xB2,0xD6,0xFF,0xB2,0xD6,0xFF,0xB2,0xD6,0xFF,0xB2,
    0xD6,0xFF,0xB2,0xD6,0xFF,0xB2,0xD6,0xFF,0xB2,0xD6,0xFF,0xB2,0xD6,0xFF,0xB2,0xD6,
    0xFF,0xB2,0xD6,0xFF,0xB2,0xD6,0xFF,0xB2,0xD6,0xFF,0xB2,0xD6,0xFF,0xB2,0xD6,0xFF,
    0xB2,0xD6,0xFF,0xB2,0xD6,0xFF,0xB2,0xD6,0xFF,0xB2,0xD6,0xFF,0xB2,0xD6,0xFF,0xB2,
    0xD6,0xFF,0xB2,0xD6,0xFF,0xB2,0xD6,0xFF,0xB2,0xD6,0xFF,0xB2,0xD6,0xFF,0xB2,0xD6,
    0xFF,0xB2,0xD6,0xFF,0xB2,0xD6,0xFF,0xB2,0xD6,0xFF,0xB2,0xD6,0xFF,0xB2,0xD6,0xFF,
    0xB2,0xD6,0xFF,0xB2,0xD6,0xFF,0xB2,0xD6,0xFF,0xB2,0xD6,0xFF,0xB2,0xD6,0xFF,0xB2,
    0xD6,0xFF,0xB2,0xD6,0xFF,0xB2,0xD6,0xFF,0xB2,0xD6,0xFF,0xB2,0xDE,0xFF,0x33,0xEF,
    0xFF,0x53,0xEF,0xFF,0x53,0xEF,0xFF,0x53,0xEF,0xFF,0x53,0xEF,0xFF,0x53,0xEF,0xFF,
    0x53,0xEF,0xFF,0x53,0xEF,0xFF,0x53,0xEF,0xFF,0x53,0xEF,0xFF,0x53,0xEF,0xFF,0x53,
    0xEF,0xFF,0x53,0xEF,0xFF,0x53,0xEF,0xFF,0x53,0xEF,0xFF,0x53,0xEF,0xFF,0x53,0xEF,
    0xFF,0x53,0xEF,0xFF,0x53,0xEF,0xFF,0x53,0xEF,0xFF,0x53,0xEF,0xFF,0x53,0xEF,0xFF,
    0x53,0xEF,0xFF,0x53,0xEF,0xFF,0x53,0xEF,0xFF,0x53,0xEF,0xFF,0x53,0xEF,0xFF,0x53,
    0xEF,0xFF,0x53,0xEF,0xFF,0x53,0xEF,0xFF,0x53,0xEF,0xFF,0x53,0xEF,0xFF,0x53,0xEF,
    0xFF,0x53,0xEF,0xFF,0x53,0xEF,0xFF,0x53,0xEF,0xFF,0x53,0xEF,0xFF,0x53,0xEF,0xFF,
    0x53,0xEF,0xFF,0x53,0xEF,0xFF,0x53,0xEF,0xFF,0x53,0xEF,0xFF,0x53,0xEF,0xFF,0x53,
    0xEF,0xFF,0x53,0xEF,0xFF,0x53,0xEF,0xFF,0x53,0xEF,0xFF,0x53,0xEF,0xFF,0x53,0xEF,
    0xFF,0x53,0xEF,0xFF,0x53,0xEF,0xFF,0x53,0xEF,0xFF,0x53,0xEF,0xFF,0x53,0xEF,0xFF,
    0x53,0xEF,0xFF,0x53,0xEF,0xFF,0x53,0xEF,0xFF,0x53,0xEF,0xFF,0x53,0xEF,0xFF,0x53,
    0xEF,0xFF,0x53,0xEF,0xFF,0x53,0xEF,0xFF,0x53,0xEF,0xFF,0x33,0xEF,0xFF,0xD2,0xDE,
    0xFF,0xB1,0xD6,0xFF,0xB2,0xD6,0xFF,0xB2,0xD6,0xFF,0xB2,0xD6,0xFF,0xB2,0xD6,0xFF,
    0xB2,0xD6,0xFF,0xB2,0xD6,0xFF,0xB2,0xD6,0xFF,0xB2,0xD6,0xFF,0xB2,0xD6,0xFF,0xB2,
    0xD6,0xFF,0xB2,0xD6,0xFF,0xB2,0xD6,0xFF,0xB2,0xD6,0xFF,0xB2,0xD6,0xFF,0xB2,0xD6,
    0xFF,0xB2,0xD6,0xFF,0xB2,0xD6,0xFF,0xB2,0xD6,0xFF,0xB2,0xD6,0xFF,0xB2,0xD6,0xFF,
    0xB2,0xD6,0xFF,0xB2,0xD6,0xFF,0xB2,0xD6,0xFF,0xB2,0xD6,0xFF,0xB2,0xD6,0xFF,0xB2,
    0xD6,0xFF,0xB2,0xD6,0xFF,0xB2,0xD6,0xFF,0xB2,0xD6,0xFF,0xB2,0xD6,0xFF,0xB2,0xD6,
    0xFF,0xB2,0xD6,0xFF,0xB2,0xD6,0xFF,0x91,0xD6,0xFF,0x91,0xD6,0xFF,0x91,0xD6,0xFF,
    0x91,0xD6,0xFF,0x91,0xD6,0xFF,0x91,0xD6,0xFF,0xB2,0xD6,0xFF,0xB1,0xD6,0xFF,0x91,
    0xD6,0xFF,0x91,0xD6,0xFF,0x91,0xD6,0xFF,0xB2,0xD6,0xFF,0xB2,0xD6,0xFF,0x91,0xD6,
    0xFF,0x91,0xD6,0xFF,0x91,0xD6,0xFF,0x91,0xD6,0xFF,0x91,0xD6,0xFF,0x91,0xD6,0xFF,
    0x91,0xD6,0xFF,0xB1,0xD6,0xFF,0xB2,0xD6,0xFF,0xB2,0xD6,0xFF,0xB2,0xD6,0xFF,0xB2,
    0xD6,0xFF,0xB2,0xD6,0xFF,0xB2,0xD6,0xFF,0xB2,0xD6,0xFF,0xB2,0xD6,0xFF,0xB2,0xD6,
    0xFF,0xB2,0xD6,0xFF,0xB2,0xD6,0xFF,0xB2,0xD6,0xFF,0xB2,0xD6,0xFF,0xB2,0xD6,0xFF,
    0xB2,0xD6,0xFF,0xB2,0xD6,0xFF,0xB2,0xD6,0xFF,0xB2,0xD6,0xFF,0xB2,0xD6,0xFF,0xB2,
    0xD6,0xFF,0xB2,0xD6,0xFF,0xB2,0xD6,0xFF,0xB2,0xD6,0xFF,0xB2,0xD6,0xFF,0xB2,0xD6,
    0xFF,0xB2,0xD6,0xFF,0xB2,0xD6,0xFF,0xB2,0xD6,0xFF,0xB2,0xD6,0xFF,0xB2,0xD6,0xFF,
    0xB2,0xD6,0xFF,0xB2,0xD6,0xFF,0xB2,0xD6,0xFF,0xB2,0xD6,0xFF,0xB2,0xD6,0xFF,0xB2,
    0xD6,0xFF,0xB2,0xD6,0xFF,0xB2,0xD6,0xFF,0xB2,0xD6,0xFF,0xB2,0xD6,0xFF,0xB2,0xD6,
    0xFF,0xB2,0xD6,0xFF,0xB2,0xD6,0xFF,0xB2,0xD6,0xFF,0xB2,0xD6,0xFF,0xB2,0xD6,0xFF,
    0xB2,0xD6,0xFF,0xB2,0xD6,0xFF,0xB2,0xD6,0xFF,0xB2,0xD6,0xFF,0xB2,0xD6,0xFF,0xB2,
    0xD6,0xFF,0xB2,0xD6,0xFF,0xB2,0xD6,0xFF,0xB2,0xD6,0xFF,0xB2,0xD6,0xFF,0xB2,0xD6,
    0xFF,0xB2,0xD6,0xFF,0xB2,0xDE,0xFF,0x51,0xCE,0xFF,0x69,0x6B,0xFF,0xA7,0x52,0xFF,
    0xA7,0x52,0xFF,0xA7,0x52,0xFF,0xA7,0x52,0xFF,0xA7,0x52,0xFF,0xA7,0x52,0xFF,0xA7,
    0x52,0xFF,0xA7,0x52,0xFF,0xA7,0x52,0xFF,0xA7,0x52,0xFF,0xA7,0x52,0xFF,0xA7,0x52,
    0xFF,0xA7,0x52,0xFF,0xA7,0x52,0xFF,0xA7,0x52,0xFF,0xA7,0x52,0xFF,0xA7,0x52,0xFF,
    0xA7,0x52,0xFF,0xA7,0x52,0xFF,0xA7,0x52,0xFF,0xA7,0x52,0xFF,0xA7,0x52,0xFF,0xA7,
    0x52,0xFF,0xA7,0x52,0xFF,0xA7,0x52,0xFF,0xA7,0x52,0xFF,0xA7,0x52,0xFF,0xA7,0x52,
    0xFF,0xA7,0x52,0xFF,0xA7,0x52,0xFF,0xA7,0x52,0xFF,0xA7,0x52,0xFF,0xA7,0x52,0xFF,
    0xA7,0x52,0xFF,0xA7,0x52,0xFF,0xA7,0x52,0xFF,0xA7,0x52,0xFF,0xA7,0x52,0xFF,0xA7,
    0x52,0xFF,0xA7,0x52,0xFF,0xA7,0x52,0xFF,0xA7,0x52,0xFF,0xA7,0x52,0xFF,0xA7,0x52,
    0xFF,0xA7,0x52,0xFF,0xA7,0x52,0xFF,0xA7,0x52,0xFF,0xA7,0x52,0xFF,0xA7,0x52,0xFF,
    0xA7,0x52,0xFF,0xA7,0x52,0xFF,0xA7,0x52,0xFF,0xA7,0x52,0xFF,0xA7,0x52,0xFF,0xA7,
    0x52,0xFF,0xA7,0x52,0xFF,0xA7,0x52,0xFF,0xA7,0x52,0xFF,0xA7,0x52,0xFF,0xA7,0x52,
    0xFF,0xA7,0x52,0xFF,0xA7,0x52,0xFF,0x08,0x63,0xFF,0xF0,0xC5,0xFF,0xD2,0xDE,0xFF,
    0xB1,0xD6,0xFF,0xB2,0xD6,0xFF,0xB2,0xD6,0xFF,0xB2,0xD6,0xFF,0xB2,0xD6,0xFF,0xB2,
    0xD6,0xFF,0xB2,0xD6,0xFF,0xB2,0xD6,0xFF,0xB2,0xD6,0xFF,0xB2,0xD6,0xFF,0xB2,0xD6,
    0xFF,0xB2,0xD6,0xFF,0xB2,0xD6,0xFF,0xB2,0xD6,0xFF,0xB2,0xD6,0xFF,0xB2,0xD6,0xFF,
    0xB2,0xD6,0xFF,0xB2,0xD6,0xFF,0xB2,0xD6,0xFF,0xB2,0xD6,0xFF,0xB2,0xD6,0xFF,0xB2,
    0xD6,0xFF,0xB2,0xD6,0xFF,0xB2,0xD6,0xFF,0xB2,0xD6,0xFF,0xB2,0xD6,0xFF,0xB2,0xD6,
    0xFF,0xB2,0xD6,0xFF,0xB2,0xD6,0xFF,0xB2,0xD6,0xFF,0xB2,0xD6,0xFF,0xB2,0xDE,0xFF,
    0x91,0xD6,0xFF,0x6F,0xB5,0xFF,0xF3,0xBD,0xFF,0x70,0xAD,0xFF,0xB1,0xB5,0xFF,0x34,
    0xC6,0xFF,0x4F,0xAD,0xFF,0xCC,0x9C,0xFF,0xED,0x9C,0xFF,0x91,0xB5,0xFF,0x13,0xC6,
    0xFF,0x70,0xAD,0xFF,0xED,0x9C,0xFF,0xED,0x9C,0xFF,0x2E,0xA5,0xFF,0x13,0xC6,0xFF,
    0x4F,0xAD,0xFF,0x4F,0xAD,0xFF,0x4F,0xAD,0xFF,0x2E,0xAD,0xFF,0x4F,0xAD,0xFF,0x0D,
    0xA5,0xFF,0x71,0xD6,0xFF,0xB2,0xDE,0xFF,0xB2,0xD6,0xFF,0xB2,0xD6,0xFF,0xB2,0xD6,
    0xFF,0xB2,0xD6,0xFF,0xB2,0xD6,0xFF,0xB2,0xD6,0xFF,0xB2,0xD6,0xFF,0xB2,0xD6,0xFF,
    0xB2,0xD6,0xFF,0xB2,0xD6,0xFF,0xB2,0xD6,0xFF,0xB2,0xD6,0xFF,0xB2,0xD6,0xFF,0xB2,
    0xD6,0xFF,0xB2,0xD6,0xFF,0xB2,0xD6,0xFF,0xB2,0xD6,0xFF,0xB2,0xD6,0xFF,0xB2,0xD6,
    0xFF,0xB2,0xD6,0xFF,0xB2,0xD6,0xFF,0xB2,0xD6,0xFF,0xB2,0xD6,0xFF,0xB2,0xD6,0xFF,
    0xB2,0xD6,0xFF,0xB2,0xD6,0xFF,0xB2,0xD6,0xFF,0xB2,0xD6,0xFF,0xB2,0xD6,0xFF,0xB2,
    0xD6,0xFF,0xB2,0xD6,0xFF,0xB2,0xD6,0xFF,0xB2,0xD6,0xFF,0xB2,0xD6,0xFF,0xB2,0xD6,
    0xFF,0xB2,0xD6,0xFF,0xB2,0xD6,0xFF,0xB2,0xD6,0xFF,0xB2,0xD6,0xFF,0xB2,0xD6,0xFF,
    0xB2,0xD6,0xFF,0xB2,0xD6,0xFF,0xB2,0xD6,0xFF,0xB2,0xD6,0xFF,0xB2,0xD6,0xFF,0xB2,
    0xD6,0xFF,0xB2,0xD6,0xFF,0xB2,0xD6,0xFF,0xB2,0xD6,0xFF,0xB2,0xD6,0xFF,0xB2,0xD6,
    0xFF,0xB2,0xD6,0xFF,0xB2,0xD6,0xFF,0xB2,0xD6,0xFF,0xB2,0xD6,0xFF,0xB2,0xD6,0xFF,
    0xB2,0xDE,0xFF,0x51,0xCE,0xFF,0xCA,0x7B,0xFF,0x49,0x6B,0xFF,0x49,0x6B,0xFF,0x49,
    0x6B,0xFF,0x49,0x6B,0xFF,0x49,0x6B,0xFF,0x49,0x6B,0xFF,0x49,0x6B,0xFF,0x49,0x6B,
    0xFF,0x49,0x6B,0xFF,0x49,0x6B,0xFF,0x49,0x6B,0xFF,0x49,0x6B,0xFF,0x49,0x6B,0xFF,
    0x49,0x6B,0xFF,0x49,0x6B,0xFF,0x49,0x6B,0xFF,0x49,0x6B,0xFF,0x49,0x6B,0xFF,0x49,
    0x6B,0xFF,0x49,0x6B,0xFF,0x49,0x6B,0xFF,0x49,0x6B,0xFF,0x49,0x6B,0xFF,0x49,0x6B,
    0xFF,0x49,0x6B,0xFF,0x49,0x6B,0xFF,0x49,0x6B,0xFF,0x49,0x6B,0xFF,0x49,0x6B,0xFF,
    0x49,0x6B,0xFF,0x49,0x6B,0xFF,0x49,0x6B,0xFF,0x49,0x6B,0xFF,0x49,0x6B,0xFF,0x49,
    0x6B,0xFF,0x49,0x6B,0xFF,0x49,0x6B,0xFF,0x49,0x6B,0xFF,0x49,0x6B,0xFF,0x49,0x6B,
    0xFF,0x49,0x6B,0xFF,0x49,0x6B,0xFF,0x49,0x6B,0xFF,0x49,0x6B,0xFF,0x49,0x6B,0xFF,
    0x49,0x6B,0xFF,0x49,0x6B,0xFF,0x49,0x6B,0xFF,0x49,0x6B,0xFF,0x49,0x6B,0xFF,0x49,
    0x6B,0xFF,0x49,0x6B,0xFF,0x49,0x6B,0xFF,0x49,0x6B,0xFF,0x49,0x6B,0xFF,0x49,0x6B,
    0xFF,0x49,0x6B,0xFF,0x49,0x6B,0xFF,0x49,0x6B,0xFF,0x49,0x6B,0xFF,0x49,0x6B,0xFF,
    0x49,0x6B,0xFF,0xA9,0x73,0xFF,0xF0,0xC5,0xFF,0xD2,0xDE,0xFF,0xB1,0xD6,0xFF,0xB2,
    0xD6,0xFF,0xB2,0xD6,0xFF,0xB2,0xD6,0xFF,0xB2,0xD6,0xFF,0xB2,0xD6,0xFF,0xB2,0xD6,
    0xFF,0xB2,0xD6,0xFF,0xB2,0xD6,0xFF,0xB2,0xD6,0xFF,0xB2,0xD6,0xFF,0xB2,0xD6,0xFF,
    0xB2,0xD6,0xFF,0xB2,0xD6,0xFF,0xB2,0xD6,0xFF,0xB2,0xD6,0xFF,0xB2,0xD6,0xFF,0xB2,
    0xD6,0xFF,0xB2,0xD6,0xFF,0xB2,0xD6,0xFF,0xB2,0xD6,0xFF,0xB2,0xD6,0xFF,0xB2,0xD6,
    0xFF,0xB2,0xD6,0xFF,0xB2,0xD6,0xFF,0xB2,0xD6,0xFF,0xB2,0xD6,0xFF,0xB2,0xD6,0xFF,
    0xB2,0xD6,0xFF,0xB2,0xD6,0xFF,0xB2,0xD6,0xFF,0xB2,0xDE,0xFF,0x91,0xD6,0xFF,0x4F,
    0xAD,0xFF,0xB3,0xB5,0xFF,0x71,0xAD,0xFF,0xB2,0xB5,0xFF,0xF4,0xBD,0xFF,0x0F,0xA5,
    0xFF,0x0F,0xA5,0xFF,0xAD,0x94,0xFF,0x71,0xAD,0xFF,0xF4,0xBD,0xFF,0x2F,0xA5,0xFF,
    0x6B,0x8C,0xFF,0x6C,0x8C,0xFF,0xCD,0x9C,0xFF,0x91,0xB5,0xFF,0xEE,0x9C,0xFF,0x15,
    0xC6,0xFF,0x51,0xAD,0xFF,0x2F,0xA5,0xFF,0xB2,0xB5,0xFF,0xEE,0x9C,0xFF,0x51,0xCE,
    0xFF,0xB2,0xDE,0xFF,0xB2,0xD6,0xFF,0xB2,0xD6,0xFF,0xB2,0xD6,0xFF,0xB2,0xD6,0xFF,
    0xB2,0xD6,0xFF,0xB2,0xD6,0xFF,0xB2,0xD6,0xFF,0xB2,0xD6,0xFF,0xB2,0xD6,0xFF,0xB2,
    0xD6,0xFF,0xB2,0xD6,0xFF,0xB2,0xD6,0xFF,0xB2,0xD6,0xFF,0xB2,0xD6,0xFF,0xB2,0xD6,
    0xFF,0xB2,0xD6,0xFF,0xB2,0xD6,0xFF,0xB2,0xD6,0xFF,0xB2,0xD6,0xFF,0xB2,0xD6,0xFF,
    0xB2,0xD6,0xFF,0xB2,0xD6,0xFF,0xB2,0xD6,0xFF,0xB2,0xD6,0xFF,0xB2,0xD6,0xFF,0xB2,
    0xD6,0xFF,0xB2,0xD6,0xFF,0xB2,0xD6,0xFF,0xB2,0xD6,0xFF,0xB2,0xD6,0xFF,0xB2,0xD6,
    0xFF,0xB2,0xD6,0xFF,0xB2,0xD6,0xFF,0xB2,0xD6,0xFF,0xB2,0xD6,0xFF,0xB2,0xD6,0xFF,
    0xB2,0xD6,0xFF,0xB2,0xD6,0xFF,0xB2,0xD6,0xFF,0xB2,0xD6,0xFF,0xB2,0xD6,0xFF,0xB2,
    0xD6,0xFF,0xB2,0xD6,0xFF,0xB2,0xD6,0xFF,0xB2,0xD6,0xFF,0xB2,0xD6,0xFF,0xB2,0xD6,
    0xFF,0xB2,0xD6,0xFF,0xB2,0xD6,0xFF,0xB2,0xD6,0xFF,0xB2,0xD6,0xFF,0xB2,0xD6,0xFF,
    0xB2,0xD6,0xFF,0xB2,0xD6,0xFF,0xB2,0xD6,0xFF,0xB2,0xD6,0xFF,0xB2,0xD6,0xFF,0xB2,
    0xDE,0xFF,0x33,0xEF,0xFF,0x53,0xEF,0xFF,0x53,0xEF,0xFF,0x53,0xEF,0xFF,0x53,0xEF,
    0xFF,0x53,0xEF,0xFF,0x53,0xEF,0xFF,0x53,0xEF,0xFF,0x53,0xEF,0xFF,0x53,0xEF,0xFF,
    0x53,0xEF,0xFF,0x53,0xEF,0xFF,0x53,0xEF,0xFF,0x53,0xEF,0xFF,0x53,0xEF,0xFF,0x53,
    0xEF,0xFF,0x53,0xEF,0xFF,0x53,0xEF,0xFF,0x53,0xEF,0xFF,0x53,0xEF,0xFF,0x53,0xEF,
    0xFF,0x53,0xEF,0xFF,0x53,0xEF,0xFF,0x53,0xEF,0xFF,0x53,0xEF,0xFF,0x53,0xEF,0xFF,
    0x53,0xEF,0xFF,0x53,0xEF,0xFF,0x53,0xEF,0xFF,0x53,0xEF,0xFF,0x53,0xEF,0xFF,0x53,
    0xEF,0xFF,0x53,0xEF,0xFF,0x53,0xEF,0xFF,0x53,0xEF,0xFF,0x53,0xEF,0xFF,0x53,0xEF,
    0xFF,0x53,0xEF,0xFF,0x53,0xEF,0xFF,0x53,0xEF,0xFF,0x53,0xEF,0xFF,0x53,0xEF,0xFF,
    0x53,0xEF,0xFF,0x53,0xEF,0xFF,0x53,0xEF,0xFF,0x53,0xEF,0xFF,0x53,0xEF,0xFF,0x53,
    0xEF,0xFF,0x53,0xEF,0xFF,0x53,0xEF,0xFF,0x53,0xEF,0xFF,0x53,0xEF,0xFF,0x53,0xEF,
    0xFF,0x53,0xEF,0xFF,0x53,0xEF,0xFF,0x53,0xEF,0xFF,0x53,0xEF,0xFF,0x53,0xEF,0xFF,
    0x53,0xEF,0xFF,0x53,0xEF,0xFF,0x53,0xEF,0xFF,0x53,0xEF,0xFF,0x53,0xEF,0xFF,0x53,
    0xEF,0xFF,0xD2,0xDE,0xFF,0xB1,0xD6,0xFF,0xB2,0xD6,0xFF,0xB2,0xD6,0xFF,0xB2,0xD6,
    0xFF,0xB2,0xD6,0xFF,0xB2,0xD6,0xFF,0xB2,0xD6,0xFF,0xB2,0xD6,0xFF,0xB2,0xD6,0xFF,
    0xB2,0xD6,0xFF,0xB2,0xD6,0xFF,0xB2,0xD6,0xFF,0xB2,0xD6,0xFF,0xB2,0xD6,0xFF,0xB2,
    0xD6,0xFF,0xB2,0xD6,0xFF,0xB2,0xD6,0xFF,0xB2,0xD6,0xFF,0xB2,0xD6,0xFF,0xB2,0xD6,
    0xFF,0xB2,0xD6,0xFF,0xB2,0xD6,0xFF,0xB2,0xD6,0xFF,0xB2,0xD6,0xFF,0xB2,0xD6,0xFF,
    0xB2,0xD6,0xFF,0xB2,0xD6,0xFF,0xB2,0xD6,0xFF,0xB2,0xD6,0xFF,0xB2,0xD6,0xFF,0xB2,
    0xD6,0xFF,0xB2,0xD6,0xFF,0xB2,0xD6,0xFF,0xB2,0xD6,0xFF,0x6E,0xB5,0xFF,0x4E,0xAD,
    0xFF,0x4E,0xAD,0xFF,0x4E,0xAD,0xFF,0x4E,0xAD,0xFF,0x4E,0xAD,0xFF,0x6F,0xB5,0xFF,
    0x4E,0xAD,0xFF,0x4E,0xAD,0xFF,0x4E,0xAD,0xFF,0x4E,0xAD,0xFF,0x4E,0xAD,0xFF,0x4E,
    0xAD,0xFF,0x4E,0xAD,0xFF,0x4D,0xAD,0xFF,0x6F,0xB5,0xFF,0xB0,0xB5,0xFF,0x4E,0xAD,
    0xFF,0x4E,0xAD,0xFF,0x4E,0xAD,0xFF,0x6E,0xAD,0xFF,0x71,0xD6,0xFF,0xB2,0xDE,0xFF,
};

const lv_img_dsc_t ui_img_godzilla = {
    .header.always_zero = 0,
    .header.w = 180,
    .header.h = 180,
    .data_size = sizeof(ui_img_godzilla_data),
    .header.cf = LV_IMG_CF_TRUE_COLOR_ALPHA,
    .data = ui_img_godzilla_data
};
